ResponseId,actual_target,predicted_target,predicted_probability,actual_label,predicted_label,correct
26166,1,1,0.8925268380136917,향후 AI 사용 예정자,향후 AI 사용 예정자,True
12720,1,1,0.8787928768530109,향후 AI 사용 예정자,향후 AI 사용 예정자,True
40330,0,1,0.6570398935978539,현재 AI 사용자,향후 AI 사용 예정자,False
35563,1,1,0.9810224381337705,향후 AI 사용 예정자,향후 AI 사용 예정자,True
23503,0,0,0.3864745473222659,현재 AI 사용자,현재 AI 사용자,True
20284,0,0,0.1484027727201289,현재 AI 사용자,현재 AI 사용자,True
8885,0,1,0.9514407695759453,현재 AI 사용자,향후 AI 사용 예정자,False
28130,0,0,0.24135520771965802,현재 AI 사용자,현재 AI 사용자,True
25505,1,1,0.9302065071009256,향후 AI 사용 예정자,향후 AI 사용 예정자,True
51245,1,1,0.8189179131344998,향후 AI 사용 예정자,향후 AI 사용 예정자,True
38830,1,1,0.9068829975329116,향후 AI 사용 예정자,향후 AI 사용 예정자,True
31258,1,1,0.9929820167955877,향후 AI 사용 예정자,향후 AI 사용 예정자,True
54138,1,1,0.7901705349013968,향후 AI 사용 예정자,향후 AI 사용 예정자,True
38853,1,1,0.9439348958899653,향후 AI 사용 예정자,향후 AI 사용 예정자,True
43115,0,0,0.41343943959298296,현재 AI 사용자,현재 AI 사용자,True
31340,1,1,0.6026933294872263,향후 AI 사용 예정자,향후 AI 사용 예정자,True
34266,0,0,0.4846410172284279,현재 AI 사용자,현재 AI 사용자,True
19231,1,1,0.9170168322447017,향후 AI 사용 예정자,향후 AI 사용 예정자,True
28769,0,1,0.5647474748752869,현재 AI 사용자,향후 AI 사용 예정자,False
60341,0,0,0.26482392769293644,현재 AI 사용자,현재 AI 사용자,True
47812,0,1,0.763228726888316,현재 AI 사용자,향후 AI 사용 예정자,False
11581,0,0,0.27813981161401813,현재 AI 사용자,현재 AI 사용자,True
486,1,1,0.5969196542189532,향후 AI 사용 예정자,향후 AI 사용 예정자,True
17896,1,1,0.510223009584938,향후 AI 사용 예정자,향후 AI 사용 예정자,True
25890,1,0,0.42832017332531974,향후 AI 사용 예정자,현재 AI 사용자,False
20473,1,1,0.9884247083108659,향후 AI 사용 예정자,향후 AI 사용 예정자,True
16365,0,1,0.5771797814557393,현재 AI 사용자,향후 AI 사용 예정자,False
27559,1,1,0.5873960793737796,향후 AI 사용 예정자,향후 AI 사용 예정자,True
9398,1,0,0.27084490161888947,향후 AI 사용 예정자,현재 AI 사용자,False
16888,1,1,0.6872398573980177,향후 AI 사용 예정자,향후 AI 사용 예정자,True
33711,0,0,0.24462234028193028,현재 AI 사용자,현재 AI 사용자,True
25173,1,1,0.8568791621096984,향후 AI 사용 예정자,향후 AI 사용 예정자,True
14321,0,1,0.7221170329001425,현재 AI 사용자,향후 AI 사용 예정자,False
7014,1,1,0.7279356125047326,향후 AI 사용 예정자,향후 AI 사용 예정자,True
35908,1,1,0.5655836521040932,향후 AI 사용 예정자,향후 AI 사용 예정자,True
45342,1,1,0.7279909841168792,향후 AI 사용 예정자,향후 AI 사용 예정자,True
47662,1,1,0.560593336946267,향후 AI 사용 예정자,향후 AI 사용 예정자,True
24504,0,1,0.5536872934484135,현재 AI 사용자,향후 AI 사용 예정자,False
29215,1,1,0.9741095713703622,향후 AI 사용 예정자,향후 AI 사용 예정자,True
49134,0,1,0.7873014304710815,현재 AI 사용자,향후 AI 사용 예정자,False
39013,1,1,0.5657631779176062,향후 AI 사용 예정자,향후 AI 사용 예정자,True
52404,1,1,0.8184435747857799,향후 AI 사용 예정자,향후 AI 사용 예정자,True
36541,0,0,0.18211398551502475,현재 AI 사용자,현재 AI 사용자,True
50965,0,0,0.15951031461914994,현재 AI 사용자,현재 AI 사용자,True
64034,0,1,0.6121985343171966,현재 AI 사용자,향후 AI 사용 예정자,False
21643,0,0,0.49055132610514607,현재 AI 사용자,현재 AI 사용자,True
42578,0,1,0.7124711411121074,현재 AI 사용자,향후 AI 사용 예정자,False
55123,1,1,0.5645805795337904,향후 AI 사용 예정자,향후 AI 사용 예정자,True
15033,1,1,0.8452278625054265,향후 AI 사용 예정자,향후 AI 사용 예정자,True
51779,1,1,0.6764502858783846,향후 AI 사용 예정자,향후 AI 사용 예정자,True
34877,1,1,0.9627558964941421,향후 AI 사용 예정자,향후 AI 사용 예정자,True
20848,0,0,0.4112828075809948,현재 AI 사용자,현재 AI 사용자,True
9040,1,1,0.8487821814895542,향후 AI 사용 예정자,향후 AI 사용 예정자,True
3185,1,1,0.9957509496172909,향후 AI 사용 예정자,향후 AI 사용 예정자,True
56054,1,1,0.9661403426995193,향후 AI 사용 예정자,향후 AI 사용 예정자,True
35290,0,1,0.8911331825948244,현재 AI 사용자,향후 AI 사용 예정자,False
21958,1,0,0.3523666830823856,향후 AI 사용 예정자,현재 AI 사용자,False
48843,0,0,0.19046987241998875,현재 AI 사용자,현재 AI 사용자,True
10036,1,1,0.8956704571835492,향후 AI 사용 예정자,향후 AI 사용 예정자,True
31184,0,1,0.6933473767631049,현재 AI 사용자,향후 AI 사용 예정자,False
14999,1,1,0.7344719781896553,향후 AI 사용 예정자,향후 AI 사용 예정자,True
34742,1,1,0.5180810986179211,향후 AI 사용 예정자,향후 AI 사용 예정자,True
55974,0,1,0.8653349855541675,현재 AI 사용자,향후 AI 사용 예정자,False
12076,1,1,0.989860599332032,향후 AI 사용 예정자,향후 AI 사용 예정자,True
46763,0,0,0.1749412808301273,현재 AI 사용자,현재 AI 사용자,True
52963,0,0,0.1935746186386372,현재 AI 사용자,현재 AI 사용자,True
23034,1,1,0.707966708225214,향후 AI 사용 예정자,향후 AI 사용 예정자,True
30680,1,1,0.8792420863370424,향후 AI 사용 예정자,향후 AI 사용 예정자,True
9618,0,0,0.4306691873753037,현재 AI 사용자,현재 AI 사용자,True
4658,0,0,0.440669623352764,현재 AI 사용자,현재 AI 사용자,True
6946,1,1,0.7984371525788596,향후 AI 사용 예정자,향후 AI 사용 예정자,True
24921,1,1,0.9295043226038068,향후 AI 사용 예정자,향후 AI 사용 예정자,True
19186,1,1,0.7015390065087037,향후 AI 사용 예정자,향후 AI 사용 예정자,True
18363,1,1,0.9225984031064484,향후 AI 사용 예정자,향후 AI 사용 예정자,True
11035,1,0,0.1232097651337903,향후 AI 사용 예정자,현재 AI 사용자,False
14332,1,1,0.8763117092526381,향후 AI 사용 예정자,향후 AI 사용 예정자,True
56568,1,1,0.5549549661274998,향후 AI 사용 예정자,향후 AI 사용 예정자,True
4988,1,1,0.9519227292728691,향후 AI 사용 예정자,향후 AI 사용 예정자,True
58231,1,1,0.9059124788689301,향후 AI 사용 예정자,향후 AI 사용 예정자,True
48773,1,0,0.13082627857610257,향후 AI 사용 예정자,현재 AI 사용자,False
36985,1,1,0.912621678142865,향후 AI 사용 예정자,향후 AI 사용 예정자,True
59818,1,0,0.3579313083337366,향후 AI 사용 예정자,현재 AI 사용자,False
29450,1,1,0.8496993952672887,향후 AI 사용 예정자,향후 AI 사용 예정자,True
57839,1,1,0.9920105889672638,향후 AI 사용 예정자,향후 AI 사용 예정자,True
50283,0,0,0.13328638268391405,현재 AI 사용자,현재 AI 사용자,True
55518,0,0,0.29661781612659366,현재 AI 사용자,현재 AI 사용자,True
32282,1,1,0.9819968244876198,향후 AI 사용 예정자,향후 AI 사용 예정자,True
29928,1,1,0.7249751455360192,향후 AI 사용 예정자,향후 AI 사용 예정자,True
22923,1,1,0.5008782208676918,향후 AI 사용 예정자,향후 AI 사용 예정자,True
23205,1,0,0.495062713970184,향후 AI 사용 예정자,현재 AI 사용자,False
51075,1,1,0.5395364261891032,향후 AI 사용 예정자,향후 AI 사용 예정자,True
35434,1,1,0.9239826046789504,향후 AI 사용 예정자,향후 AI 사용 예정자,True
51621,1,1,0.9864016731477806,향후 AI 사용 예정자,향후 AI 사용 예정자,True
18277,0,0,0.16825319198452823,현재 AI 사용자,현재 AI 사용자,True
46091,0,0,0.35025662886077197,현재 AI 사용자,현재 AI 사용자,True
23569,0,0,0.146584336158061,현재 AI 사용자,현재 AI 사용자,True
61525,0,0,0.42309775721118426,현재 AI 사용자,현재 AI 사용자,True
5032,0,1,0.6847594939168192,현재 AI 사용자,향후 AI 사용 예정자,False
20966,0,0,0.2177128007731129,현재 AI 사용자,현재 AI 사용자,True
24764,1,1,0.8657696091070983,향후 AI 사용 예정자,향후 AI 사용 예정자,True
34277,1,1,0.606932702385997,향후 AI 사용 예정자,향후 AI 사용 예정자,True
46819,0,1,0.6412256162928421,현재 AI 사용자,향후 AI 사용 예정자,False
47217,0,0,0.19082185780718103,현재 AI 사용자,현재 AI 사용자,True
46577,1,1,0.7648305928493775,향후 AI 사용 예정자,향후 AI 사용 예정자,True
20259,0,0,0.2985378475461976,현재 AI 사용자,현재 AI 사용자,True
15832,0,1,0.9640017311989879,현재 AI 사용자,향후 AI 사용 예정자,False
58827,1,1,0.7965466232159708,향후 AI 사용 예정자,향후 AI 사용 예정자,True
52873,1,1,0.7623633018377394,향후 AI 사용 예정자,향후 AI 사용 예정자,True
53828,0,0,0.3831642045630058,현재 AI 사용자,현재 AI 사용자,True
3330,1,0,0.38657116282117204,향후 AI 사용 예정자,현재 AI 사용자,False
8908,1,0,0.44856798770497835,향후 AI 사용 예정자,현재 AI 사용자,False
8167,0,1,0.6409884300446742,현재 AI 사용자,향후 AI 사용 예정자,False
4445,0,0,0.27622998466848003,현재 AI 사용자,현재 AI 사용자,True
10488,1,1,0.8233461117230862,향후 AI 사용 예정자,향후 AI 사용 예정자,True
38974,0,0,0.34769884436817056,현재 AI 사용자,현재 AI 사용자,True
54585,1,1,0.9251801833354009,향후 AI 사용 예정자,향후 AI 사용 예정자,True
18300,1,1,0.9476229137848946,향후 AI 사용 예정자,향후 AI 사용 예정자,True
62966,1,1,0.5735666673299907,향후 AI 사용 예정자,향후 AI 사용 예정자,True
45884,1,1,0.790916283094393,향후 AI 사용 예정자,향후 AI 사용 예정자,True
45565,1,1,0.6868174684550985,향후 AI 사용 예정자,향후 AI 사용 예정자,True
43276,1,1,0.6379154561127396,향후 AI 사용 예정자,향후 AI 사용 예정자,True
41013,1,0,0.4093862364307758,향후 AI 사용 예정자,현재 AI 사용자,False
37922,1,1,0.983136593249589,향후 AI 사용 예정자,향후 AI 사용 예정자,True
51258,1,1,0.58832680234929,향후 AI 사용 예정자,향후 AI 사용 예정자,True
10535,1,0,0.4234368127132739,향후 AI 사용 예정자,현재 AI 사용자,False
22920,1,1,0.9874643612919349,향후 AI 사용 예정자,향후 AI 사용 예정자,True
54311,1,1,0.9298865743660943,향후 AI 사용 예정자,향후 AI 사용 예정자,True
48736,1,1,0.8177655568915263,향후 AI 사용 예정자,향후 AI 사용 예정자,True
44975,0,0,0.4734506080956564,현재 AI 사용자,현재 AI 사용자,True
5932,1,1,0.5912095880498762,향후 AI 사용 예정자,향후 AI 사용 예정자,True
51593,0,0,0.18490540233237246,현재 AI 사용자,현재 AI 사용자,True
16459,0,0,0.24383413909103718,현재 AI 사용자,현재 AI 사용자,True
6224,1,1,0.88754302671705,향후 AI 사용 예정자,향후 AI 사용 예정자,True
7848,1,1,0.9041310779992703,향후 AI 사용 예정자,향후 AI 사용 예정자,True
41682,1,1,0.9773639487799896,향후 AI 사용 예정자,향후 AI 사용 예정자,True
2237,0,0,0.41399378173355744,현재 AI 사용자,현재 AI 사용자,True
55104,1,1,0.5343766330510282,향후 AI 사용 예정자,향후 AI 사용 예정자,True
19481,1,1,0.7791497104743504,향후 AI 사용 예정자,향후 AI 사용 예정자,True
32539,0,0,0.3247771018570455,현재 AI 사용자,현재 AI 사용자,True
55504,1,0,0.49283972523903585,향후 AI 사용 예정자,현재 AI 사용자,False
13695,0,0,0.37198407338064576,현재 AI 사용자,현재 AI 사용자,True
8297,0,0,0.3422123604836304,현재 AI 사용자,현재 AI 사용자,True
9143,1,0,0.43195367007948327,향후 AI 사용 예정자,현재 AI 사용자,False
61185,1,1,0.8336077291854167,향후 AI 사용 예정자,향후 AI 사용 예정자,True
62105,1,1,0.8759372076596249,향후 AI 사용 예정자,향후 AI 사용 예정자,True
7134,0,0,0.27187352077773264,현재 AI 사용자,현재 AI 사용자,True
6077,1,1,0.8806370954057976,향후 AI 사용 예정자,향후 AI 사용 예정자,True
35392,1,1,0.90227691577156,향후 AI 사용 예정자,향후 AI 사용 예정자,True
27598,0,0,0.11421178321053284,현재 AI 사용자,현재 AI 사용자,True
57649,1,1,0.6599040011534307,향후 AI 사용 예정자,향후 AI 사용 예정자,True
57134,1,1,0.9118601154126759,향후 AI 사용 예정자,향후 AI 사용 예정자,True
60194,0,1,0.9001733510870991,현재 AI 사용자,향후 AI 사용 예정자,False
589,1,1,0.5556159278185254,향후 AI 사용 예정자,향후 AI 사용 예정자,True
3017,1,1,0.6827244929331181,향후 AI 사용 예정자,향후 AI 사용 예정자,True
41650,1,1,0.765047165394296,향후 AI 사용 예정자,향후 AI 사용 예정자,True
45091,1,1,0.8953942371173258,향후 AI 사용 예정자,향후 AI 사용 예정자,True
24268,1,1,0.9302716702444982,향후 AI 사용 예정자,향후 AI 사용 예정자,True
42838,0,0,0.3900984359446247,현재 AI 사용자,현재 AI 사용자,True
58543,1,1,0.5175438809162775,향후 AI 사용 예정자,향후 AI 사용 예정자,True
7345,1,1,0.9828400239003751,향후 AI 사용 예정자,향후 AI 사용 예정자,True
52638,0,1,0.6524157115679067,현재 AI 사용자,향후 AI 사용 예정자,False
39753,0,0,0.20056729973791473,현재 AI 사용자,현재 AI 사용자,True
16380,1,1,0.7229192986465719,향후 AI 사용 예정자,향후 AI 사용 예정자,True
18988,1,1,0.8797198330477177,향후 AI 사용 예정자,향후 AI 사용 예정자,True
30158,0,1,0.8166782722740983,현재 AI 사용자,향후 AI 사용 예정자,False
6815,1,0,0.20215120640476145,향후 AI 사용 예정자,현재 AI 사용자,False
64174,1,1,0.6398377261414334,향후 AI 사용 예정자,향후 AI 사용 예정자,True
1400,1,1,0.5569322886550917,향후 AI 사용 예정자,향후 AI 사용 예정자,True
52714,0,0,0.09010755664253327,현재 AI 사용자,현재 AI 사용자,True
32154,1,1,0.9923065598186044,향후 AI 사용 예정자,향후 AI 사용 예정자,True
6898,0,0,0.2874878292675201,현재 AI 사용자,현재 AI 사용자,True
55729,0,0,0.13446386054033765,현재 AI 사용자,현재 AI 사용자,True
22079,1,1,0.8492960191815244,향후 AI 사용 예정자,향후 AI 사용 예정자,True
41077,1,1,0.9273461887008964,향후 AI 사용 예정자,향후 AI 사용 예정자,True
8613,0,1,0.9752987853670388,현재 AI 사용자,향후 AI 사용 예정자,False
28334,0,1,0.7724010537008673,현재 AI 사용자,향후 AI 사용 예정자,False
60225,1,1,0.9127668812076619,향후 AI 사용 예정자,향후 AI 사용 예정자,True
51434,1,1,0.7259209864870636,향후 AI 사용 예정자,향후 AI 사용 예정자,True
54724,1,1,0.919774291206295,향후 AI 사용 예정자,향후 AI 사용 예정자,True
14618,1,0,0.36921423407902937,향후 AI 사용 예정자,현재 AI 사용자,False
54693,1,1,0.8538406428393628,향후 AI 사용 예정자,향후 AI 사용 예정자,True
18459,0,0,0.49751241033354415,현재 AI 사용자,현재 AI 사용자,True
34807,0,1,0.8737286406499505,현재 AI 사용자,향후 AI 사용 예정자,False
54500,1,1,0.8223368068748822,향후 AI 사용 예정자,향후 AI 사용 예정자,True
3879,1,1,0.9274036663708525,향후 AI 사용 예정자,향후 AI 사용 예정자,True
53329,0,0,0.24565991325518782,현재 AI 사용자,현재 AI 사용자,True
7430,1,1,0.7885462288915274,향후 AI 사용 예정자,향후 AI 사용 예정자,True
12075,0,0,0.40856302030492675,현재 AI 사용자,현재 AI 사용자,True
65069,0,0,0.13706620295659547,현재 AI 사용자,현재 AI 사용자,True
1629,1,1,0.7018714890357545,향후 AI 사용 예정자,향후 AI 사용 예정자,True
17755,0,0,0.18645994783171782,현재 AI 사용자,현재 AI 사용자,True
50096,1,1,0.9594175061383725,향후 AI 사용 예정자,향후 AI 사용 예정자,True
51914,1,1,0.822020319368967,향후 AI 사용 예정자,향후 AI 사용 예정자,True
23920,0,0,0.25034315430698,현재 AI 사용자,현재 AI 사용자,True
12490,1,1,0.521032412682295,향후 AI 사용 예정자,향후 AI 사용 예정자,True
13255,1,1,0.8500613471659504,향후 AI 사용 예정자,향후 AI 사용 예정자,True
7180,0,0,0.4623804202613075,현재 AI 사용자,현재 AI 사용자,True
56530,1,1,0.840088500390344,향후 AI 사용 예정자,향후 AI 사용 예정자,True
1809,1,1,0.7156041157820707,향후 AI 사용 예정자,향후 AI 사용 예정자,True
28750,1,1,0.7806209024104753,향후 AI 사용 예정자,향후 AI 사용 예정자,True
36427,1,0,0.44762222262940976,향후 AI 사용 예정자,현재 AI 사용자,False
35059,0,1,0.6251479696260297,현재 AI 사용자,향후 AI 사용 예정자,False
23373,1,1,0.9887443593387361,향후 AI 사용 예정자,향후 AI 사용 예정자,True
19796,0,0,0.3581563334904024,현재 AI 사용자,현재 AI 사용자,True
49957,1,1,0.9475280161353528,향후 AI 사용 예정자,향후 AI 사용 예정자,True
33845,1,1,0.9937871590366602,향후 AI 사용 예정자,향후 AI 사용 예정자,True
41876,1,1,0.8478570841501423,향후 AI 사용 예정자,향후 AI 사용 예정자,True
13829,0,1,0.5767153462840798,현재 AI 사용자,향후 AI 사용 예정자,False
59966,1,1,0.885627074409847,향후 AI 사용 예정자,향후 AI 사용 예정자,True
45001,1,1,0.9841976892454424,향후 AI 사용 예정자,향후 AI 사용 예정자,True
60188,1,1,0.7762213650684201,향후 AI 사용 예정자,향후 AI 사용 예정자,True
36000,1,0,0.3176066817867803,향후 AI 사용 예정자,현재 AI 사용자,False
53012,0,0,0.23508794268443378,현재 AI 사용자,현재 AI 사용자,True
11715,1,1,0.9724349394392332,향후 AI 사용 예정자,향후 AI 사용 예정자,True
4633,1,1,0.9344339693038043,향후 AI 사용 예정자,향후 AI 사용 예정자,True
7465,0,0,0.4535177716447469,현재 AI 사용자,현재 AI 사용자,True
23565,0,0,0.19955185293503405,현재 AI 사용자,현재 AI 사용자,True
36446,1,1,0.5897964843064919,향후 AI 사용 예정자,향후 AI 사용 예정자,True
16352,1,1,0.9560680688933614,향후 AI 사용 예정자,향후 AI 사용 예정자,True
51632,0,0,0.43277457570984507,현재 AI 사용자,현재 AI 사용자,True
48568,0,1,0.6865268959177573,현재 AI 사용자,향후 AI 사용 예정자,False
6277,0,0,0.3804392359257811,현재 AI 사용자,현재 AI 사용자,True
49999,1,1,0.9715646580667151,향후 AI 사용 예정자,향후 AI 사용 예정자,True
1801,0,0,0.27733353753735573,현재 AI 사용자,현재 AI 사용자,True
58972,0,0,0.21673349164387873,현재 AI 사용자,현재 AI 사용자,True
15582,0,0,0.24923210138882487,현재 AI 사용자,현재 AI 사용자,True
23145,1,0,0.4808549413676568,향후 AI 사용 예정자,현재 AI 사용자,False
2786,1,1,0.7803861707901121,향후 AI 사용 예정자,향후 AI 사용 예정자,True
44236,0,0,0.42637908749083986,현재 AI 사용자,현재 AI 사용자,True
36282,1,1,0.5459706469716943,향후 AI 사용 예정자,향후 AI 사용 예정자,True
24809,0,1,0.9654874156423164,현재 AI 사용자,향후 AI 사용 예정자,False
6628,0,0,0.19862091220918332,현재 AI 사용자,현재 AI 사용자,True
3251,1,1,0.7067797245927137,향후 AI 사용 예정자,향후 AI 사용 예정자,True
4194,0,0,0.1875835745634536,현재 AI 사용자,현재 AI 사용자,True
17150,1,1,0.9432013843465045,향후 AI 사용 예정자,향후 AI 사용 예정자,True
18355,1,1,0.6358525057350078,향후 AI 사용 예정자,향후 AI 사용 예정자,True
19047,1,1,0.904308322301541,향후 AI 사용 예정자,향후 AI 사용 예정자,True
32674,0,0,0.19769705278183927,현재 AI 사용자,현재 AI 사용자,True
4668,0,1,0.6568597992530847,현재 AI 사용자,향후 AI 사용 예정자,False
30369,1,1,0.9174832450302693,향후 AI 사용 예정자,향후 AI 사용 예정자,True
8394,0,0,0.3527271032795364,현재 AI 사용자,현재 AI 사용자,True
43377,0,0,0.0973675432249168,현재 AI 사용자,현재 AI 사용자,True
57854,0,0,0.28990305524979054,현재 AI 사용자,현재 AI 사용자,True
17054,0,0,0.39843672859092205,현재 AI 사용자,현재 AI 사용자,True
26990,1,1,0.9084314010895608,향후 AI 사용 예정자,향후 AI 사용 예정자,True
17792,1,1,0.9466834387954518,향후 AI 사용 예정자,향후 AI 사용 예정자,True
50349,0,0,0.47900899604512187,현재 AI 사용자,현재 AI 사용자,True
24741,1,1,0.7240026027536952,향후 AI 사용 예정자,향후 AI 사용 예정자,True
53121,1,1,0.9727707552820553,향후 AI 사용 예정자,향후 AI 사용 예정자,True
6197,0,1,0.7329689023492088,현재 AI 사용자,향후 AI 사용 예정자,False
35108,1,1,0.743208182115157,향후 AI 사용 예정자,향후 AI 사용 예정자,True
14607,0,0,0.2784196289969308,현재 AI 사용자,현재 AI 사용자,True
1571,1,1,0.989760414367767,향후 AI 사용 예정자,향후 AI 사용 예정자,True
48472,1,1,0.951567589255779,향후 AI 사용 예정자,향후 AI 사용 예정자,True
28917,1,1,0.8145631638263429,향후 AI 사용 예정자,향후 AI 사용 예정자,True
39787,1,0,0.40480392835716683,향후 AI 사용 예정자,현재 AI 사용자,False
28251,0,0,0.22526942099488706,현재 AI 사용자,현재 AI 사용자,True
29636,1,0,0.43009333948276546,향후 AI 사용 예정자,현재 AI 사용자,False
54961,1,1,0.9948782645898361,향후 AI 사용 예정자,향후 AI 사용 예정자,True
29332,0,1,0.8554758233134465,현재 AI 사용자,향후 AI 사용 예정자,False
2673,0,0,0.4406381186162599,현재 AI 사용자,현재 AI 사용자,True
5974,1,1,0.9765755004802749,향후 AI 사용 예정자,향후 AI 사용 예정자,True
41313,1,1,0.6755409946353809,향후 AI 사용 예정자,향후 AI 사용 예정자,True
48212,1,1,0.6084066007963476,향후 AI 사용 예정자,향후 AI 사용 예정자,True
39803,1,1,0.853190654275718,향후 AI 사용 예정자,향후 AI 사용 예정자,True
16927,1,1,0.8651749014218921,향후 AI 사용 예정자,향후 AI 사용 예정자,True
27490,0,1,0.6929602740862341,현재 AI 사용자,향후 AI 사용 예정자,False
39085,0,1,0.5424414246544014,현재 AI 사용자,향후 AI 사용 예정자,False
17312,1,1,0.9724430824914786,향후 AI 사용 예정자,향후 AI 사용 예정자,True
2451,1,1,0.6276341257625716,향후 AI 사용 예정자,향후 AI 사용 예정자,True
43140,1,1,0.967077697374691,향후 AI 사용 예정자,향후 AI 사용 예정자,True
21461,1,1,0.9095366951585716,향후 AI 사용 예정자,향후 AI 사용 예정자,True
52642,0,1,0.8610499075163429,현재 AI 사용자,향후 AI 사용 예정자,False
54376,0,1,0.9368237309914478,현재 AI 사용자,향후 AI 사용 예정자,False
52834,1,1,0.864430245706167,향후 AI 사용 예정자,향후 AI 사용 예정자,True
13187,1,0,0.41630610666292767,향후 AI 사용 예정자,현재 AI 사용자,False
17152,1,0,0.47347711026403105,향후 AI 사용 예정자,현재 AI 사용자,False
26686,1,1,0.9127725203183877,향후 AI 사용 예정자,향후 AI 사용 예정자,True
28496,1,1,0.8943986375034415,향후 AI 사용 예정자,향후 AI 사용 예정자,True
46337,0,0,0.15029085048818464,현재 AI 사용자,현재 AI 사용자,True
42447,1,1,0.9546741080747719,향후 AI 사용 예정자,향후 AI 사용 예정자,True
7436,1,1,0.8101590185371286,향후 AI 사용 예정자,향후 AI 사용 예정자,True
14250,1,1,0.9201212637255319,향후 AI 사용 예정자,향후 AI 사용 예정자,True
13238,1,1,0.8813539222553984,향후 AI 사용 예정자,향후 AI 사용 예정자,True
45271,0,0,0.19234188039658698,현재 AI 사용자,현재 AI 사용자,True
21452,1,1,0.9307470857260001,향후 AI 사용 예정자,향후 AI 사용 예정자,True
38742,1,0,0.4408312577447452,향후 AI 사용 예정자,현재 AI 사용자,False
31677,1,1,0.9774488476003452,향후 AI 사용 예정자,향후 AI 사용 예정자,True
27041,0,0,0.434014735287285,현재 AI 사용자,현재 AI 사용자,True
24552,1,1,0.9819249410918822,향후 AI 사용 예정자,향후 AI 사용 예정자,True
56001,1,1,0.8107973482004461,향후 AI 사용 예정자,향후 AI 사용 예정자,True
54181,0,0,0.2780499973377585,현재 AI 사용자,현재 AI 사용자,True
33637,0,1,0.7913621108582788,현재 AI 사용자,향후 AI 사용 예정자,False
5063,1,1,0.7144159439620456,향후 AI 사용 예정자,향후 AI 사용 예정자,True
47676,1,1,0.9402044192053662,향후 AI 사용 예정자,향후 AI 사용 예정자,True
671,0,0,0.12088860244452398,현재 AI 사용자,현재 AI 사용자,True
63645,0,0,0.3181893283599137,현재 AI 사용자,현재 AI 사용자,True
2003,1,1,0.8857881100304034,향후 AI 사용 예정자,향후 AI 사용 예정자,True
11122,1,1,0.9201111617045731,향후 AI 사용 예정자,향후 AI 사용 예정자,True
48368,0,0,0.20983059085581385,현재 AI 사용자,현재 AI 사용자,True
26158,1,1,0.9208056119443558,향후 AI 사용 예정자,향후 AI 사용 예정자,True
13614,1,1,0.9117317855231841,향후 AI 사용 예정자,향후 AI 사용 예정자,True
58954,1,1,0.7344910514056827,향후 AI 사용 예정자,향후 AI 사용 예정자,True
35429,0,1,0.5240385118208183,현재 AI 사용자,향후 AI 사용 예정자,False
49048,1,1,0.8180622898230973,향후 AI 사용 예정자,향후 AI 사용 예정자,True
13933,1,0,0.4332336533639051,향후 AI 사용 예정자,현재 AI 사용자,False
58785,0,0,0.44119133440867947,현재 AI 사용자,현재 AI 사용자,True
16517,1,0,0.4726418748602859,향후 AI 사용 예정자,현재 AI 사용자,False
14711,1,1,0.863338855458271,향후 AI 사용 예정자,향후 AI 사용 예정자,True
9110,1,0,0.4988315252934511,향후 AI 사용 예정자,현재 AI 사용자,False
59609,1,0,0.41208000714422965,향후 AI 사용 예정자,현재 AI 사용자,False
21946,1,1,0.5441687843775308,향후 AI 사용 예정자,향후 AI 사용 예정자,True
13844,0,0,0.19814562144255687,현재 AI 사용자,현재 AI 사용자,True
6843,0,0,0.44182753493308463,현재 AI 사용자,현재 AI 사용자,True
6131,0,0,0.32644824805950556,현재 AI 사용자,현재 AI 사용자,True
35277,1,1,0.958379846519066,향후 AI 사용 예정자,향후 AI 사용 예정자,True
38807,1,1,0.9975260216129254,향후 AI 사용 예정자,향후 AI 사용 예정자,True
13226,1,1,0.975709459279639,향후 AI 사용 예정자,향후 AI 사용 예정자,True
62403,1,1,0.867081098941322,향후 AI 사용 예정자,향후 AI 사용 예정자,True
41386,0,0,0.2669835371121069,현재 AI 사용자,현재 AI 사용자,True
26129,1,1,0.8257407145986798,향후 AI 사용 예정자,향후 AI 사용 예정자,True
6626,1,1,0.9650708283169563,향후 AI 사용 예정자,향후 AI 사용 예정자,True
15489,0,1,0.5469493512943706,현재 AI 사용자,향후 AI 사용 예정자,False
62657,1,1,0.8777705478575419,향후 AI 사용 예정자,향후 AI 사용 예정자,True
27902,1,1,0.7163306800459598,향후 AI 사용 예정자,향후 AI 사용 예정자,True
18401,0,1,0.6822125397509646,현재 AI 사용자,향후 AI 사용 예정자,False
48603,1,1,0.9791537056813987,향후 AI 사용 예정자,향후 AI 사용 예정자,True
43989,1,1,0.8232252881811386,향후 AI 사용 예정자,향후 AI 사용 예정자,True
4498,1,1,0.9489574395667293,향후 AI 사용 예정자,향후 AI 사용 예정자,True
1868,0,0,0.36265858106238125,현재 AI 사용자,현재 AI 사용자,True
13201,1,1,0.9346511140153302,향후 AI 사용 예정자,향후 AI 사용 예정자,True
5970,0,0,0.1594966810103745,현재 AI 사용자,현재 AI 사용자,True
35236,0,0,0.35573142915988115,현재 AI 사용자,현재 AI 사용자,True
51149,0,0,0.20572795082774123,현재 AI 사용자,현재 AI 사용자,True
40897,1,1,0.5198212552128669,향후 AI 사용 예정자,향후 AI 사용 예정자,True
36738,0,0,0.2207291704680005,현재 AI 사용자,현재 AI 사용자,True
31723,0,0,0.11823497678506277,현재 AI 사용자,현재 AI 사용자,True
14033,1,1,0.9106633751553131,향후 AI 사용 예정자,향후 AI 사용 예정자,True
64854,1,1,0.9347694859568345,향후 AI 사용 예정자,향후 AI 사용 예정자,True
46021,1,0,0.3902495521533856,향후 AI 사용 예정자,현재 AI 사용자,False
41110,1,1,0.6703887099419609,향후 AI 사용 예정자,향후 AI 사용 예정자,True
51748,0,0,0.2616360831097071,현재 AI 사용자,현재 AI 사용자,True
3999,1,0,0.33831921408625476,향후 AI 사용 예정자,현재 AI 사용자,False
1904,1,1,0.9599580228360863,향후 AI 사용 예정자,향후 AI 사용 예정자,True
14846,1,1,0.93459744684657,향후 AI 사용 예정자,향후 AI 사용 예정자,True
48286,1,0,0.23082472327905657,향후 AI 사용 예정자,현재 AI 사용자,False
54368,1,1,0.7646628981030414,향후 AI 사용 예정자,향후 AI 사용 예정자,True
53582,1,0,0.4427991297994568,향후 AI 사용 예정자,현재 AI 사용자,False
21830,1,0,0.2019115384359235,향후 AI 사용 예정자,현재 AI 사용자,False
43645,1,0,0.2921791800119174,향후 AI 사용 예정자,현재 AI 사용자,False
21071,1,1,0.7569079862119554,향후 AI 사용 예정자,향후 AI 사용 예정자,True
41363,1,0,0.3838963155243907,향후 AI 사용 예정자,현재 AI 사용자,False
37947,1,1,0.7289922852341995,향후 AI 사용 예정자,향후 AI 사용 예정자,True
43124,1,0,0.3579954117910057,향후 AI 사용 예정자,현재 AI 사용자,False
32122,0,0,0.08992467345636575,현재 AI 사용자,현재 AI 사용자,True
53464,0,0,0.3246903808208258,현재 AI 사용자,현재 AI 사용자,True
18575,0,0,0.29141956342393555,현재 AI 사용자,현재 AI 사용자,True
25513,1,1,0.6635252678352457,향후 AI 사용 예정자,향후 AI 사용 예정자,True
39893,1,1,0.9427191191253514,향후 AI 사용 예정자,향후 AI 사용 예정자,True
4517,1,1,0.9146549858365003,향후 AI 사용 예정자,향후 AI 사용 예정자,True
19878,0,0,0.20343792550913203,현재 AI 사용자,현재 AI 사용자,True
43231,1,1,0.9650588451387964,향후 AI 사용 예정자,향후 AI 사용 예정자,True
24175,1,1,0.7522932068170992,향후 AI 사용 예정자,향후 AI 사용 예정자,True
326,0,1,0.876219028336113,현재 AI 사용자,향후 AI 사용 예정자,False
33976,1,1,0.9730759147484449,향후 AI 사용 예정자,향후 AI 사용 예정자,True
7604,1,0,0.4493311865867238,향후 AI 사용 예정자,현재 AI 사용자,False
22302,1,1,0.882343553279027,향후 AI 사용 예정자,향후 AI 사용 예정자,True
12217,1,1,0.5273886300164962,향후 AI 사용 예정자,향후 AI 사용 예정자,True
33108,1,0,0.3880526107508851,향후 AI 사용 예정자,현재 AI 사용자,False
62805,1,1,0.6489626475939031,향후 AI 사용 예정자,향후 AI 사용 예정자,True
40720,1,1,0.9289711315013564,향후 AI 사용 예정자,향후 AI 사용 예정자,True
17313,1,0,0.4054832122946705,향후 AI 사용 예정자,현재 AI 사용자,False
32352,1,1,0.9715938074471209,향후 AI 사용 예정자,향후 AI 사용 예정자,True
27054,1,1,0.6906035971724348,향후 AI 사용 예정자,향후 AI 사용 예정자,True
38948,1,1,0.6630702383459236,향후 AI 사용 예정자,향후 AI 사용 예정자,True
26494,1,1,0.8568495188649494,향후 AI 사용 예정자,향후 AI 사용 예정자,True
32542,0,0,0.4686290121689928,현재 AI 사용자,현재 AI 사용자,True
13991,1,1,0.9102159929977521,향후 AI 사용 예정자,향후 AI 사용 예정자,True
52936,1,1,0.9949494803772254,향후 AI 사용 예정자,향후 AI 사용 예정자,True
64555,1,1,0.8596489431320129,향후 AI 사용 예정자,향후 AI 사용 예정자,True
3306,1,1,0.8115343254196435,향후 AI 사용 예정자,향후 AI 사용 예정자,True
28833,0,0,0.15948873438038685,현재 AI 사용자,현재 AI 사용자,True
10678,1,1,0.9500720580093516,향후 AI 사용 예정자,향후 AI 사용 예정자,True
14926,1,1,0.9476752942098179,향후 AI 사용 예정자,향후 AI 사용 예정자,True
20617,1,1,0.8940429169187231,향후 AI 사용 예정자,향후 AI 사용 예정자,True
44067,1,1,0.5952931279945897,향후 AI 사용 예정자,향후 AI 사용 예정자,True
33936,1,1,0.7381126936872004,향후 AI 사용 예정자,향후 AI 사용 예정자,True
10816,0,0,0.3496785386667243,현재 AI 사용자,현재 AI 사용자,True
39574,0,1,0.6409342721507987,현재 AI 사용자,향후 AI 사용 예정자,False
62946,1,1,0.9559241922686785,향후 AI 사용 예정자,향후 AI 사용 예정자,True
17985,1,0,0.41668915002788026,향후 AI 사용 예정자,현재 AI 사용자,False
40369,1,1,0.8166775282539289,향후 AI 사용 예정자,향후 AI 사용 예정자,True
30388,0,0,0.4137235942410523,현재 AI 사용자,현재 AI 사용자,True
45310,1,1,0.9542993295961083,향후 AI 사용 예정자,향후 AI 사용 예정자,True
51940,1,1,0.9174219834689785,향후 AI 사용 예정자,향후 AI 사용 예정자,True
18322,1,1,0.5656222898387003,향후 AI 사용 예정자,향후 AI 사용 예정자,True
42585,1,1,0.8064584671781763,향후 AI 사용 예정자,향후 AI 사용 예정자,True
14192,1,1,0.8038990318892669,향후 AI 사용 예정자,향후 AI 사용 예정자,True
37006,1,1,0.7564423803167846,향후 AI 사용 예정자,향후 AI 사용 예정자,True
16766,1,1,0.5658391654361278,향후 AI 사용 예정자,향후 AI 사용 예정자,True
12940,0,0,0.3142947580933632,현재 AI 사용자,현재 AI 사용자,True
17718,1,0,0.2630030913056879,향후 AI 사용 예정자,현재 AI 사용자,False
24493,0,0,0.17881125870776854,현재 AI 사용자,현재 AI 사용자,True
37547,1,1,0.7927297425077453,향후 AI 사용 예정자,향후 AI 사용 예정자,True
49938,1,1,0.8580213099023069,향후 AI 사용 예정자,향후 AI 사용 예정자,True
19525,1,1,0.9244209086281593,향후 AI 사용 예정자,향후 AI 사용 예정자,True
58994,0,1,0.8921748531618466,현재 AI 사용자,향후 AI 사용 예정자,False
8922,1,1,0.7699562167305325,향후 AI 사용 예정자,향후 AI 사용 예정자,True
53552,1,1,0.7987910045797294,향후 AI 사용 예정자,향후 AI 사용 예정자,True
48400,1,1,0.5807659641334307,향후 AI 사용 예정자,향후 AI 사용 예정자,True
23111,1,1,0.9532521293043944,향후 AI 사용 예정자,향후 AI 사용 예정자,True
42848,1,0,0.35098330157758817,향후 AI 사용 예정자,현재 AI 사용자,False
14275,0,0,0.21980570253817994,현재 AI 사용자,현재 AI 사용자,True
24259,0,1,0.6103102529412404,현재 AI 사용자,향후 AI 사용 예정자,False
14185,0,0,0.08903735401078075,현재 AI 사용자,현재 AI 사용자,True
21969,0,0,0.15906587197527505,현재 AI 사용자,현재 AI 사용자,True
32856,0,1,0.8941114547397471,현재 AI 사용자,향후 AI 사용 예정자,False
59095,0,1,0.6322672794342439,현재 AI 사용자,향후 AI 사용 예정자,False
23335,0,0,0.3292857040191003,현재 AI 사용자,현재 AI 사용자,True
43157,0,1,0.8909646934531524,현재 AI 사용자,향후 AI 사용 예정자,False
46606,0,1,0.5875087379262985,현재 AI 사용자,향후 AI 사용 예정자,False
33424,0,0,0.2338629710415601,현재 AI 사용자,현재 AI 사용자,True
17940,1,0,0.2060170784313754,향후 AI 사용 예정자,현재 AI 사용자,False
4632,1,1,0.9026529630204936,향후 AI 사용 예정자,향후 AI 사용 예정자,True
8171,1,1,0.9888758887768675,향후 AI 사용 예정자,향후 AI 사용 예정자,True
52342,1,1,0.9961788205179128,향후 AI 사용 예정자,향후 AI 사용 예정자,True
12090,1,0,0.4999266669386496,향후 AI 사용 예정자,현재 AI 사용자,False
36682,0,0,0.19885582516956654,현재 AI 사용자,현재 AI 사용자,True
53440,0,0,0.07930448831782119,현재 AI 사용자,현재 AI 사용자,True
7741,1,1,0.9399331271090129,향후 AI 사용 예정자,향후 AI 사용 예정자,True
57119,0,1,0.6670889498856866,현재 AI 사용자,향후 AI 사용 예정자,False
13454,1,1,0.9055748446373275,향후 AI 사용 예정자,향후 AI 사용 예정자,True
27509,0,0,0.4690337185109513,현재 AI 사용자,현재 AI 사용자,True
25711,1,0,0.47070204816565586,향후 AI 사용 예정자,현재 AI 사용자,False
5679,1,0,0.4312713388632773,향후 AI 사용 예정자,현재 AI 사용자,False
5606,0,1,0.5121639531594615,현재 AI 사용자,향후 AI 사용 예정자,False
29974,1,0,0.25459285097257484,향후 AI 사용 예정자,현재 AI 사용자,False
11327,1,1,0.6950007152518217,향후 AI 사용 예정자,향후 AI 사용 예정자,True
3592,1,1,0.9892617851895411,향후 AI 사용 예정자,향후 AI 사용 예정자,True
51698,1,0,0.4836525415845768,향후 AI 사용 예정자,현재 AI 사용자,False
58144,0,0,0.16134610439302358,현재 AI 사용자,현재 AI 사용자,True
37898,0,0,0.12858363817120283,현재 AI 사용자,현재 AI 사용자,True
60661,1,1,0.6088115863879403,향후 AI 사용 예정자,향후 AI 사용 예정자,True
57707,0,0,0.22925037944586982,현재 AI 사용자,현재 AI 사용자,True
38516,1,1,0.5039603796459213,향후 AI 사용 예정자,향후 AI 사용 예정자,True
51090,1,1,0.6200645334141123,향후 AI 사용 예정자,향후 AI 사용 예정자,True
27384,1,1,0.9667580200708901,향후 AI 사용 예정자,향후 AI 사용 예정자,True
4887,0,0,0.4462414570472108,현재 AI 사용자,현재 AI 사용자,True
43877,0,0,0.19693653763149194,현재 AI 사용자,현재 AI 사용자,True
59460,0,1,0.8416361587686051,현재 AI 사용자,향후 AI 사용 예정자,False
26277,0,0,0.11787724692684406,현재 AI 사용자,현재 AI 사용자,True
63020,1,0,0.33393940761587176,향후 AI 사용 예정자,현재 AI 사용자,False
38770,1,1,0.8458491071177049,향후 AI 사용 예정자,향후 AI 사용 예정자,True
6624,0,0,0.43022338430523616,현재 AI 사용자,현재 AI 사용자,True
38293,1,0,0.4038701442172309,향후 AI 사용 예정자,현재 AI 사용자,False
57278,1,1,0.5690893841215345,향후 AI 사용 예정자,향후 AI 사용 예정자,True
5676,0,0,0.3108826744489611,현재 AI 사용자,현재 AI 사용자,True
58155,1,1,0.9814848107535065,향후 AI 사용 예정자,향후 AI 사용 예정자,True
31526,1,0,0.42239384886695625,향후 AI 사용 예정자,현재 AI 사용자,False
25757,0,0,0.3234308432744386,현재 AI 사용자,현재 AI 사용자,True
20151,1,1,0.8478392546746494,향후 AI 사용 예정자,향후 AI 사용 예정자,True
9804,0,0,0.4228001371487191,현재 AI 사용자,현재 AI 사용자,True
19621,1,1,0.884867071254539,향후 AI 사용 예정자,향후 AI 사용 예정자,True
46307,1,1,0.507190556365181,향후 AI 사용 예정자,향후 AI 사용 예정자,True
65429,0,1,0.5913697054574207,현재 AI 사용자,향후 AI 사용 예정자,False
35254,0,0,0.22868822596882654,현재 AI 사용자,현재 AI 사용자,True
30641,1,0,0.20384607308188932,향후 AI 사용 예정자,현재 AI 사용자,False
33880,0,0,0.21826814770453243,현재 AI 사용자,현재 AI 사용자,True
1018,0,0,0.1739101835348501,현재 AI 사용자,현재 AI 사용자,True
62744,1,1,0.8129570350424344,향후 AI 사용 예정자,향후 AI 사용 예정자,True
33631,0,1,0.8354724703595016,현재 AI 사용자,향후 AI 사용 예정자,False
45147,1,0,0.4783863623033488,향후 AI 사용 예정자,현재 AI 사용자,False
36848,1,1,0.8005325378017386,향후 AI 사용 예정자,향후 AI 사용 예정자,True
44248,1,0,0.17663426024754553,향후 AI 사용 예정자,현재 AI 사용자,False
41970,1,1,0.90820542726431,향후 AI 사용 예정자,향후 AI 사용 예정자,True
1389,1,0,0.34531434263243727,향후 AI 사용 예정자,현재 AI 사용자,False
32229,0,1,0.7392316644621079,현재 AI 사용자,향후 AI 사용 예정자,False
33478,1,1,0.7600618053842257,향후 AI 사용 예정자,향후 AI 사용 예정자,True
59623,0,0,0.4736324044749985,현재 AI 사용자,현재 AI 사용자,True
16419,1,1,0.9086440897818071,향후 AI 사용 예정자,향후 AI 사용 예정자,True
61144,1,0,0.1300824914095893,향후 AI 사용 예정자,현재 AI 사용자,False
61317,1,1,0.650080430023732,향후 AI 사용 예정자,향후 AI 사용 예정자,True
24146,0,0,0.22340804363759056,현재 AI 사용자,현재 AI 사용자,True
36092,0,0,0.06706043581214546,현재 AI 사용자,현재 AI 사용자,True
43821,1,1,0.8202115985204703,향후 AI 사용 예정자,향후 AI 사용 예정자,True
37822,1,1,0.6516901817384351,향후 AI 사용 예정자,향후 AI 사용 예정자,True
5138,1,1,0.9200424960717278,향후 AI 사용 예정자,향후 AI 사용 예정자,True
40093,1,1,0.5958452799928121,향후 AI 사용 예정자,향후 AI 사용 예정자,True
51072,0,1,0.5492319331789502,현재 AI 사용자,향후 AI 사용 예정자,False
15326,0,1,0.8600569352386552,현재 AI 사용자,향후 AI 사용 예정자,False
38636,0,0,0.16880267366972787,현재 AI 사용자,현재 AI 사용자,True
56973,0,0,0.16131741728667826,현재 AI 사용자,현재 AI 사용자,True
26161,0,0,0.31373240591801,현재 AI 사용자,현재 AI 사용자,True
32342,0,1,0.7337084510513423,현재 AI 사용자,향후 AI 사용 예정자,False
25034,0,0,0.0684783646748584,현재 AI 사용자,현재 AI 사용자,True
33303,0,1,0.6162946433115952,현재 AI 사용자,향후 AI 사용 예정자,False
44110,1,1,0.8851205891782277,향후 AI 사용 예정자,향후 AI 사용 예정자,True
18110,1,1,0.846690426036534,향후 AI 사용 예정자,향후 AI 사용 예정자,True
39307,1,1,0.71622639217272,향후 AI 사용 예정자,향후 AI 사용 예정자,True
2357,0,0,0.17690896616942317,현재 AI 사용자,현재 AI 사용자,True
29992,1,1,0.9383096727483109,향후 AI 사용 예정자,향후 AI 사용 예정자,True
2734,1,1,0.993423605686412,향후 AI 사용 예정자,향후 AI 사용 예정자,True
46214,0,0,0.18873835762923777,현재 AI 사용자,현재 AI 사용자,True
25772,1,1,0.8265278202742246,향후 AI 사용 예정자,향후 AI 사용 예정자,True
3132,1,0,0.23793619342130676,향후 AI 사용 예정자,현재 AI 사용자,False
32329,1,1,0.9702551914494083,향후 AI 사용 예정자,향후 AI 사용 예정자,True
23793,1,1,0.9322458697360682,향후 AI 사용 예정자,향후 AI 사용 예정자,True
59701,1,0,0.42351979708022963,향후 AI 사용 예정자,현재 AI 사용자,False
39649,1,1,0.9622776096108389,향후 AI 사용 예정자,향후 AI 사용 예정자,True
60769,1,1,0.7415652792306912,향후 AI 사용 예정자,향후 AI 사용 예정자,True
53739,1,0,0.4556815161229444,향후 AI 사용 예정자,현재 AI 사용자,False
64599,1,1,0.9372463600317288,향후 AI 사용 예정자,향후 AI 사용 예정자,True
52042,0,0,0.1642778374972799,현재 AI 사용자,현재 AI 사용자,True
10784,0,0,0.11697012393955436,현재 AI 사용자,현재 AI 사용자,True
9634,1,0,0.4486338257529539,향후 AI 사용 예정자,현재 AI 사용자,False
54121,1,1,0.7612640322457611,향후 AI 사용 예정자,향후 AI 사용 예정자,True
23820,1,1,0.7122027558362913,향후 AI 사용 예정자,향후 AI 사용 예정자,True
47724,0,0,0.3240487356204979,현재 AI 사용자,현재 AI 사용자,True
5066,0,0,0.2823209490950838,현재 AI 사용자,현재 AI 사용자,True
20824,0,0,0.11086290022072007,현재 AI 사용자,현재 AI 사용자,True
38500,1,1,0.8947627585281762,향후 AI 사용 예정자,향후 AI 사용 예정자,True
14853,0,1,0.6534286010112402,현재 AI 사용자,향후 AI 사용 예정자,False
1871,0,1,0.5179687873999171,현재 AI 사용자,향후 AI 사용 예정자,False
5013,0,1,0.9004432714695264,현재 AI 사용자,향후 AI 사용 예정자,False
21306,1,1,0.8326779822164991,향후 AI 사용 예정자,향후 AI 사용 예정자,True
42965,1,1,0.987906491959623,향후 AI 사용 예정자,향후 AI 사용 예정자,True
64924,1,1,0.7860648991394646,향후 AI 사용 예정자,향후 AI 사용 예정자,True
64623,1,1,0.8798269187998258,향후 AI 사용 예정자,향후 AI 사용 예정자,True
3050,1,1,0.9775551317158305,향후 AI 사용 예정자,향후 AI 사용 예정자,True
51446,1,1,0.9312855470038739,향후 AI 사용 예정자,향후 AI 사용 예정자,True
62473,1,1,0.8401824984560088,향후 AI 사용 예정자,향후 AI 사용 예정자,True
27079,1,1,0.9079589094154857,향후 AI 사용 예정자,향후 AI 사용 예정자,True
12167,0,0,0.27017452958760657,현재 AI 사용자,현재 AI 사용자,True
22324,1,0,0.3645174806725048,향후 AI 사용 예정자,현재 AI 사용자,False
9165,1,1,0.8457592169220054,향후 AI 사용 예정자,향후 AI 사용 예정자,True
40550,1,1,0.7775153049892862,향후 AI 사용 예정자,향후 AI 사용 예정자,True
41532,0,0,0.4360966795481417,현재 AI 사용자,현재 AI 사용자,True
11254,0,0,0.41794234763494453,현재 AI 사용자,현재 AI 사용자,True
60941,1,1,0.8506807879172904,향후 AI 사용 예정자,향후 AI 사용 예정자,True
23544,0,1,0.8551357225006025,현재 AI 사용자,향후 AI 사용 예정자,False
27713,0,0,0.09699437700662146,현재 AI 사용자,현재 AI 사용자,True
24697,1,0,0.3378414461616815,향후 AI 사용 예정자,현재 AI 사용자,False
58377,0,1,0.8560774451972261,현재 AI 사용자,향후 AI 사용 예정자,False
18134,0,1,0.8599988113304603,현재 AI 사용자,향후 AI 사용 예정자,False
26609,1,1,0.8113529401354937,향후 AI 사용 예정자,향후 AI 사용 예정자,True
8044,1,0,0.40106183591118766,향후 AI 사용 예정자,현재 AI 사용자,False
13807,0,1,0.6437143550096399,현재 AI 사용자,향후 AI 사용 예정자,False
10734,1,1,0.9629370747128839,향후 AI 사용 예정자,향후 AI 사용 예정자,True
16552,0,1,0.5034267957236821,현재 AI 사용자,향후 AI 사용 예정자,False
42579,1,1,0.7193664000398726,향후 AI 사용 예정자,향후 AI 사용 예정자,True
24797,1,1,0.9086539017190594,향후 AI 사용 예정자,향후 AI 사용 예정자,True
19919,1,1,0.7880297136210311,향후 AI 사용 예정자,향후 AI 사용 예정자,True
50138,0,0,0.15476658677245989,현재 AI 사용자,현재 AI 사용자,True
63422,1,1,0.8185207645014724,향후 AI 사용 예정자,향후 AI 사용 예정자,True
10701,1,1,0.6495137491927259,향후 AI 사용 예정자,향후 AI 사용 예정자,True
54912,0,0,0.14082818838868105,현재 AI 사용자,현재 AI 사용자,True
30472,0,0,0.3494396751576382,현재 AI 사용자,현재 AI 사용자,True
9845,0,0,0.38098013123054114,현재 AI 사용자,현재 AI 사용자,True
64505,0,1,0.7161427428023359,현재 AI 사용자,향후 AI 사용 예정자,False
1149,1,1,0.9604326375713782,향후 AI 사용 예정자,향후 AI 사용 예정자,True
17977,1,0,0.38284228078578136,향후 AI 사용 예정자,현재 AI 사용자,False
65209,1,1,0.5734777186657768,향후 AI 사용 예정자,향후 AI 사용 예정자,True
41705,1,1,0.7696539733209539,향후 AI 사용 예정자,향후 AI 사용 예정자,True
27783,1,1,0.8205919414209805,향후 AI 사용 예정자,향후 AI 사용 예정자,True
53649,0,1,0.9339046108140133,현재 AI 사용자,향후 AI 사용 예정자,False
13679,0,0,0.16945956477791682,현재 AI 사용자,현재 AI 사용자,True
40828,1,1,0.8974817921184544,향후 AI 사용 예정자,향후 AI 사용 예정자,True
33475,1,1,0.9706357104064731,향후 AI 사용 예정자,향후 AI 사용 예정자,True
52062,0,1,0.6299184793970343,현재 AI 사용자,향후 AI 사용 예정자,False
26186,1,0,0.4788986036743591,향후 AI 사용 예정자,현재 AI 사용자,False
1225,1,1,0.9586065155290162,향후 AI 사용 예정자,향후 AI 사용 예정자,True
56782,1,1,0.7968740877486025,향후 AI 사용 예정자,향후 AI 사용 예정자,True
42054,1,1,0.6380270037488276,향후 AI 사용 예정자,향후 AI 사용 예정자,True
26688,0,0,0.12782113507257667,현재 AI 사용자,현재 AI 사용자,True
11125,1,1,0.9827631699257192,향후 AI 사용 예정자,향후 AI 사용 예정자,True
8596,1,0,0.4523416054797468,향후 AI 사용 예정자,현재 AI 사용자,False
20715,1,1,0.9953987896827897,향후 AI 사용 예정자,향후 AI 사용 예정자,True
62252,1,1,0.7360003241693052,향후 AI 사용 예정자,향후 AI 사용 예정자,True
55793,1,0,0.3364081916742325,향후 AI 사용 예정자,현재 AI 사용자,False
48284,1,0,0.2185576553466513,향후 AI 사용 예정자,현재 AI 사용자,False
591,0,0,0.4010509147049826,현재 AI 사용자,현재 AI 사용자,True
41943,0,0,0.11750221804424636,현재 AI 사용자,현재 AI 사용자,True
5181,1,1,0.9709552817193872,향후 AI 사용 예정자,향후 AI 사용 예정자,True
18150,1,1,0.9685804850083163,향후 AI 사용 예정자,향후 AI 사용 예정자,True
54198,0,0,0.3243022290075308,현재 AI 사용자,현재 AI 사용자,True
44035,0,0,0.05214182642462993,현재 AI 사용자,현재 AI 사용자,True
7847,1,1,0.8640686537534513,향후 AI 사용 예정자,향후 AI 사용 예정자,True
10004,1,0,0.3883474393602239,향후 AI 사용 예정자,현재 AI 사용자,False
47518,1,1,0.7543143438611235,향후 AI 사용 예정자,향후 AI 사용 예정자,True
64082,1,1,0.7561738921764022,향후 AI 사용 예정자,향후 AI 사용 예정자,True
57232,1,1,0.8563990825021709,향후 AI 사용 예정자,향후 AI 사용 예정자,True
43225,0,0,0.4074747273726585,현재 AI 사용자,현재 AI 사용자,True
39824,0,0,0.2555818482729123,현재 AI 사용자,현재 AI 사용자,True
11073,1,1,0.9607176403249774,향후 AI 사용 예정자,향후 AI 사용 예정자,True
38127,1,1,0.6956726197993149,향후 AI 사용 예정자,향후 AI 사용 예정자,True
16861,0,0,0.12468806992197154,현재 AI 사용자,현재 AI 사용자,True
24350,1,0,0.25473001567497655,향후 AI 사용 예정자,현재 AI 사용자,False
59035,1,1,0.9612188904091137,향후 AI 사용 예정자,향후 AI 사용 예정자,True
41000,0,0,0.425024636475898,현재 AI 사용자,현재 AI 사용자,True
44224,0,0,0.46600413500256066,현재 AI 사용자,현재 AI 사용자,True
8790,0,0,0.29411288846712785,현재 AI 사용자,현재 AI 사용자,True
58782,0,1,0.7650902487726529,현재 AI 사용자,향후 AI 사용 예정자,False
37265,1,0,0.3492122513085727,향후 AI 사용 예정자,현재 AI 사용자,False
51151,1,1,0.9640628746673416,향후 AI 사용 예정자,향후 AI 사용 예정자,True
23559,1,1,0.8486552265680639,향후 AI 사용 예정자,향후 AI 사용 예정자,True
62119,0,0,0.09582363880464327,현재 AI 사용자,현재 AI 사용자,True
8027,0,1,0.7477596338963851,현재 AI 사용자,향후 AI 사용 예정자,False
49385,1,1,0.5304673864723123,향후 AI 사용 예정자,향후 AI 사용 예정자,True
4448,1,1,0.9124086231745643,향후 AI 사용 예정자,향후 AI 사용 예정자,True
29764,1,1,0.9825647960591259,향후 AI 사용 예정자,향후 AI 사용 예정자,True
8604,1,0,0.11541505402609185,향후 AI 사용 예정자,현재 AI 사용자,False
14842,1,1,0.9024760552160843,향후 AI 사용 예정자,향후 AI 사용 예정자,True
56815,1,1,0.8949966998941917,향후 AI 사용 예정자,향후 AI 사용 예정자,True
28364,1,1,0.9435802881495112,향후 AI 사용 예정자,향후 AI 사용 예정자,True
50342,1,0,0.3610625649032215,향후 AI 사용 예정자,현재 AI 사용자,False
39528,1,1,0.9589777181554379,향후 AI 사용 예정자,향후 AI 사용 예정자,True
34690,1,1,0.842251048442297,향후 AI 사용 예정자,향후 AI 사용 예정자,True
64449,1,1,0.8610499075163429,향후 AI 사용 예정자,향후 AI 사용 예정자,True
35163,1,1,0.6935672044573122,향후 AI 사용 예정자,향후 AI 사용 예정자,True
31222,1,1,0.9097206666598158,향후 AI 사용 예정자,향후 AI 사용 예정자,True
17635,1,1,0.9855658881547271,향후 AI 사용 예정자,향후 AI 사용 예정자,True
55581,0,0,0.3855422481034302,현재 AI 사용자,현재 AI 사용자,True
47479,1,1,0.8113269673554517,향후 AI 사용 예정자,향후 AI 사용 예정자,True
20950,0,0,0.26009743525795725,현재 AI 사용자,현재 AI 사용자,True
41432,0,0,0.13479853003092157,현재 AI 사용자,현재 AI 사용자,True
36597,0,1,0.7456644455638919,현재 AI 사용자,향후 AI 사용 예정자,False
38512,1,1,0.746496478829815,향후 AI 사용 예정자,향후 AI 사용 예정자,True
53369,1,1,0.9683905562785029,향후 AI 사용 예정자,향후 AI 사용 예정자,True
54615,1,0,0.196347649050244,향후 AI 사용 예정자,현재 AI 사용자,False
28269,1,1,0.9208537337664674,향후 AI 사용 예정자,향후 AI 사용 예정자,True
47762,1,1,0.6944103331103293,향후 AI 사용 예정자,향후 AI 사용 예정자,True
39601,1,1,0.9649444703705465,향후 AI 사용 예정자,향후 AI 사용 예정자,True
7705,0,0,0.4080619588512371,현재 AI 사용자,현재 AI 사용자,True
12828,1,1,0.9541945500200175,향후 AI 사용 예정자,향후 AI 사용 예정자,True
43426,0,1,0.5271331479174002,현재 AI 사용자,향후 AI 사용 예정자,False
45999,0,0,0.38146920510825494,현재 AI 사용자,현재 AI 사용자,True
9857,0,0,0.39635008237717917,현재 AI 사용자,현재 AI 사용자,True
42795,0,0,0.4978874670593739,현재 AI 사용자,현재 AI 사용자,True
16025,0,0,0.11555422208142505,현재 AI 사용자,현재 AI 사용자,True
28860,0,0,0.2796685499708821,현재 AI 사용자,현재 AI 사용자,True
18623,1,0,0.45769793954968224,향후 AI 사용 예정자,현재 AI 사용자,False
7319,0,1,0.6636593522996758,현재 AI 사용자,향후 AI 사용 예정자,False
40072,1,1,0.7037609387572704,향후 AI 사용 예정자,향후 AI 사용 예정자,True
58662,0,0,0.2961906855859847,현재 AI 사용자,현재 AI 사용자,True
54270,1,1,0.6250883681799311,향후 AI 사용 예정자,향후 AI 사용 예정자,True
39226,1,1,0.901481364375293,향후 AI 사용 예정자,향후 AI 사용 예정자,True
35664,0,0,0.14207708390502316,현재 AI 사용자,현재 AI 사용자,True
7674,0,0,0.42504422676715464,현재 AI 사용자,현재 AI 사용자,True
45190,0,1,0.6035968226722198,현재 AI 사용자,향후 AI 사용 예정자,False
61591,1,1,0.948286983289702,향후 AI 사용 예정자,향후 AI 사용 예정자,True
43073,0,0,0.14947980063839322,현재 AI 사용자,현재 AI 사용자,True
30744,1,0,0.27927046662510624,향후 AI 사용 예정자,현재 AI 사용자,False
36760,1,0,0.3618549636266792,향후 AI 사용 예정자,현재 AI 사용자,False
49577,0,0,0.29481802160642523,현재 AI 사용자,현재 AI 사용자,True
10147,0,0,0.11545698716584418,현재 AI 사용자,현재 AI 사용자,True
17854,1,1,0.8896252171788134,향후 AI 사용 예정자,향후 AI 사용 예정자,True
27215,1,1,0.9778944709596632,향후 AI 사용 예정자,향후 AI 사용 예정자,True
46742,0,0,0.1503777822231516,현재 AI 사용자,현재 AI 사용자,True
4628,1,1,0.8822933925252605,향후 AI 사용 예정자,향후 AI 사용 예정자,True
29329,0,1,0.5869562570931314,현재 AI 사용자,향후 AI 사용 예정자,False
18793,0,0,0.334265104655594,현재 AI 사용자,현재 AI 사용자,True
49887,1,1,0.8880880033535214,향후 AI 사용 예정자,향후 AI 사용 예정자,True
29014,1,1,0.6173766487739161,향후 AI 사용 예정자,향후 AI 사용 예정자,True
47150,1,0,0.38185975720430493,향후 AI 사용 예정자,현재 AI 사용자,False
18161,0,1,0.6934691549265822,현재 AI 사용자,향후 AI 사용 예정자,False
45131,1,1,0.9871454922061986,향후 AI 사용 예정자,향후 AI 사용 예정자,True
17545,1,1,0.9911075643776542,향후 AI 사용 예정자,향후 AI 사용 예정자,True
18916,0,0,0.14534703889000355,현재 AI 사용자,현재 AI 사용자,True
5735,1,0,0.37578959016435637,향후 AI 사용 예정자,현재 AI 사용자,False
34488,1,1,0.9694841924274633,향후 AI 사용 예정자,향후 AI 사용 예정자,True
30709,0,1,0.5712074439793962,현재 AI 사용자,향후 AI 사용 예정자,False
37090,0,0,0.12932377397351402,현재 AI 사용자,현재 AI 사용자,True
20258,0,0,0.3153942642524637,현재 AI 사용자,현재 AI 사용자,True
56556,0,0,0.36217340026214856,현재 AI 사용자,현재 AI 사용자,True
58919,0,0,0.36611876496632234,현재 AI 사용자,현재 AI 사용자,True
22014,1,1,0.7125517193825153,향후 AI 사용 예정자,향후 AI 사용 예정자,True
19849,1,1,0.8609483422684543,향후 AI 사용 예정자,향후 AI 사용 예정자,True
45535,1,1,0.9815974093335679,향후 AI 사용 예정자,향후 AI 사용 예정자,True
16623,1,1,0.5778833887962604,향후 AI 사용 예정자,향후 AI 사용 예정자,True
31362,0,1,0.8998289751294026,현재 AI 사용자,향후 AI 사용 예정자,False
50951,1,1,0.9305727992646657,향후 AI 사용 예정자,향후 AI 사용 예정자,True
13117,1,1,0.9172525779717946,향후 AI 사용 예정자,향후 AI 사용 예정자,True
23663,0,0,0.30947701934916305,현재 AI 사용자,현재 AI 사용자,True
13418,0,0,0.21198826882415325,현재 AI 사용자,현재 AI 사용자,True
15955,0,0,0.15904356885132084,현재 AI 사용자,현재 AI 사용자,True
32074,1,1,0.7530704765569756,향후 AI 사용 예정자,향후 AI 사용 예정자,True
15482,1,1,0.7732583031402732,향후 AI 사용 예정자,향후 AI 사용 예정자,True
35495,1,0,0.32180547634611706,향후 AI 사용 예정자,현재 AI 사용자,False
24341,0,1,0.6319971307725635,현재 AI 사용자,향후 AI 사용 예정자,False
22626,1,0,0.15926214114509113,향후 AI 사용 예정자,현재 AI 사용자,False
44212,1,1,0.8329930097867522,향후 AI 사용 예정자,향후 AI 사용 예정자,True
47160,1,1,0.6993003772711262,향후 AI 사용 예정자,향후 AI 사용 예정자,True
61992,1,1,0.8351186457884804,향후 AI 사용 예정자,향후 AI 사용 예정자,True
9609,0,0,0.40903416401123727,현재 AI 사용자,현재 AI 사용자,True
35938,0,0,0.26330523963038,현재 AI 사용자,현재 AI 사용자,True
12967,0,0,0.30530896767566074,현재 AI 사용자,현재 AI 사용자,True
57895,0,0,0.19668918107161804,현재 AI 사용자,현재 AI 사용자,True
64480,1,1,0.7703984722234172,향후 AI 사용 예정자,향후 AI 사용 예정자,True
18138,0,1,0.5078436714402395,현재 AI 사용자,향후 AI 사용 예정자,False
4359,1,1,0.8721233965164203,향후 AI 사용 예정자,향후 AI 사용 예정자,True
13581,1,1,0.8852510912194361,향후 AI 사용 예정자,향후 AI 사용 예정자,True
45098,0,0,0.48502364685719423,현재 AI 사용자,현재 AI 사용자,True
1624,1,0,0.15505691946714206,향후 AI 사용 예정자,현재 AI 사용자,False
48855,1,0,0.47961802940461573,향후 AI 사용 예정자,현재 AI 사용자,False
30554,0,1,0.581368429651,현재 AI 사용자,향후 AI 사용 예정자,False
9630,1,1,0.7712044161781759,향후 AI 사용 예정자,향후 AI 사용 예정자,True
28042,0,1,0.8900385437160858,현재 AI 사용자,향후 AI 사용 예정자,False
36452,1,1,0.8013025007733331,향후 AI 사용 예정자,향후 AI 사용 예정자,True
35581,1,1,0.8560584613036513,향후 AI 사용 예정자,향후 AI 사용 예정자,True
52120,1,1,0.6601419896760968,향후 AI 사용 예정자,향후 AI 사용 예정자,True
35243,1,0,0.09813170944695168,향후 AI 사용 예정자,현재 AI 사용자,False
33289,1,1,0.6466329141348833,향후 AI 사용 예정자,향후 AI 사용 예정자,True
24120,1,1,0.9436143455331191,향후 AI 사용 예정자,향후 AI 사용 예정자,True
42431,1,0,0.33674990017144707,향후 AI 사용 예정자,현재 AI 사용자,False
27698,1,1,0.5431900079550621,향후 AI 사용 예정자,향후 AI 사용 예정자,True
64115,1,1,0.7938690989180894,향후 AI 사용 예정자,향후 AI 사용 예정자,True
1679,1,1,0.895163985110968,향후 AI 사용 예정자,향후 AI 사용 예정자,True
15963,0,1,0.5089638691807656,현재 AI 사용자,향후 AI 사용 예정자,False
946,1,1,0.9876649234614518,향후 AI 사용 예정자,향후 AI 사용 예정자,True
19283,0,1,0.7203432684041766,현재 AI 사용자,향후 AI 사용 예정자,False
33358,0,0,0.2747957921872692,현재 AI 사용자,현재 AI 사용자,True
36288,1,1,0.6717167791104371,향후 AI 사용 예정자,향후 AI 사용 예정자,True
62173,0,1,0.6991818445719815,현재 AI 사용자,향후 AI 사용 예정자,False
340,0,0,0.09882026794169615,현재 AI 사용자,현재 AI 사용자,True
53193,1,1,0.9945369219609101,향후 AI 사용 예정자,향후 AI 사용 예정자,True
9563,1,1,0.8310424310874105,향후 AI 사용 예정자,향후 AI 사용 예정자,True
33825,1,1,0.9778794337590037,향후 AI 사용 예정자,향후 AI 사용 예정자,True
55180,0,1,0.6839211346181053,현재 AI 사용자,향후 AI 사용 예정자,False
26943,0,1,0.5150869183635904,현재 AI 사용자,향후 AI 사용 예정자,False
8101,1,0,0.38837404226010547,향후 AI 사용 예정자,현재 AI 사용자,False
1534,0,0,0.2656042155048289,현재 AI 사용자,현재 AI 사용자,True
24684,0,0,0.22880120187768416,현재 AI 사용자,현재 AI 사용자,True
51715,0,0,0.11516857005544576,현재 AI 사용자,현재 AI 사용자,True
33053,1,1,0.7232634194197767,향후 AI 사용 예정자,향후 AI 사용 예정자,True
13801,0,1,0.5011238077070062,현재 AI 사용자,향후 AI 사용 예정자,False
39597,1,1,0.888660125004647,향후 AI 사용 예정자,향후 AI 사용 예정자,True
4636,1,1,0.8568278420983032,향후 AI 사용 예정자,향후 AI 사용 예정자,True
43934,0,0,0.13695029599570366,현재 AI 사용자,현재 AI 사용자,True
63320,1,1,0.6760117302754989,향후 AI 사용 예정자,향후 AI 사용 예정자,True
30876,1,1,0.9033600038281155,향후 AI 사용 예정자,향후 AI 사용 예정자,True
37026,1,0,0.36768791138709944,향후 AI 사용 예정자,현재 AI 사용자,False
6758,1,0,0.48798827436588604,향후 AI 사용 예정자,현재 AI 사용자,False
49860,1,1,0.8509036475434976,향후 AI 사용 예정자,향후 AI 사용 예정자,True
49775,1,1,0.7851347884919639,향후 AI 사용 예정자,향후 AI 사용 예정자,True
55118,1,1,0.9446840104090071,향후 AI 사용 예정자,향후 AI 사용 예정자,True
52349,1,0,0.39132761768944535,향후 AI 사용 예정자,현재 AI 사용자,False
45498,1,1,0.8307857680161279,향후 AI 사용 예정자,향후 AI 사용 예정자,True
37583,1,1,0.9797309343489298,향후 AI 사용 예정자,향후 AI 사용 예정자,True
3146,1,1,0.9645447999076984,향후 AI 사용 예정자,향후 AI 사용 예정자,True
56876,1,1,0.6614189744564154,향후 AI 사용 예정자,향후 AI 사용 예정자,True
36928,1,1,0.6889482703053839,향후 AI 사용 예정자,향후 AI 사용 예정자,True
8643,1,1,0.8700597515655123,향후 AI 사용 예정자,향후 AI 사용 예정자,True
47117,1,1,0.912113625434081,향후 AI 사용 예정자,향후 AI 사용 예정자,True
23520,1,1,0.9967065182325211,향후 AI 사용 예정자,향후 AI 사용 예정자,True
11162,1,0,0.19707504518968494,향후 AI 사용 예정자,현재 AI 사용자,False
22673,0,0,0.36574665860828875,현재 AI 사용자,현재 AI 사용자,True
21635,1,1,0.8587784697200433,향후 AI 사용 예정자,향후 AI 사용 예정자,True
5885,0,1,0.6004445013800107,현재 AI 사용자,향후 AI 사용 예정자,False
18310,1,1,0.8890204601117536,향후 AI 사용 예정자,향후 AI 사용 예정자,True
26526,1,0,0.36062819451535516,향후 AI 사용 예정자,현재 AI 사용자,False
7362,0,0,0.10545060401841322,현재 AI 사용자,현재 AI 사용자,True
16939,1,1,0.651928832653192,향후 AI 사용 예정자,향후 AI 사용 예정자,True
28468,0,0,0.39237552386874947,현재 AI 사용자,현재 AI 사용자,True
14085,1,1,0.8506454910124889,향후 AI 사용 예정자,향후 AI 사용 예정자,True
26324,1,1,0.9566436604096399,향후 AI 사용 예정자,향후 AI 사용 예정자,True
25329,1,1,0.8969262713864652,향후 AI 사용 예정자,향후 AI 사용 예정자,True
16622,1,1,0.6816408205276763,향후 AI 사용 예정자,향후 AI 사용 예정자,True
6867,1,1,0.9197713402962168,향후 AI 사용 예정자,향후 AI 사용 예정자,True
50116,1,1,0.9846692548747585,향후 AI 사용 예정자,향후 AI 사용 예정자,True
55825,1,1,0.9766021413203982,향후 AI 사용 예정자,향후 AI 사용 예정자,True
47140,1,1,0.8878494663236741,향후 AI 사용 예정자,향후 AI 사용 예정자,True
62523,1,1,0.9142689930743395,향후 AI 사용 예정자,향후 AI 사용 예정자,True
63142,0,1,0.5222310900124348,현재 AI 사용자,향후 AI 사용 예정자,False
38513,0,0,0.24289698574655005,현재 AI 사용자,현재 AI 사용자,True
13599,1,1,0.8254637048984232,향후 AI 사용 예정자,향후 AI 사용 예정자,True
26371,0,0,0.33740106724786134,현재 AI 사용자,현재 AI 사용자,True
29661,0,0,0.3938917232466282,현재 AI 사용자,현재 AI 사용자,True
15766,1,1,0.6100296738587557,향후 AI 사용 예정자,향후 AI 사용 예정자,True
14530,0,0,0.371432465373887,현재 AI 사용자,현재 AI 사용자,True
40146,1,0,0.2379960140133839,향후 AI 사용 예정자,현재 AI 사용자,False
10222,0,0,0.07084832920712338,현재 AI 사용자,현재 AI 사용자,True
39579,1,1,0.7709787019727752,향후 AI 사용 예정자,향후 AI 사용 예정자,True
8134,1,1,0.7406255555156279,향후 AI 사용 예정자,향후 AI 사용 예정자,True
3928,0,1,0.5451492614784778,현재 AI 사용자,향후 AI 사용 예정자,False
34757,1,1,0.7370405243911974,향후 AI 사용 예정자,향후 AI 사용 예정자,True
61523,1,1,0.784205610235146,향후 AI 사용 예정자,향후 AI 사용 예정자,True
57647,0,0,0.041891057811242194,현재 AI 사용자,현재 AI 사용자,True
41201,0,1,0.5642712610708231,현재 AI 사용자,향후 AI 사용 예정자,False
40590,1,1,0.9724863379614039,향후 AI 사용 예정자,향후 AI 사용 예정자,True
28770,0,0,0.31388706444252473,현재 AI 사용자,현재 AI 사용자,True
4643,0,0,0.31313697108797217,현재 AI 사용자,현재 AI 사용자,True
44907,1,1,0.9779478623665268,향후 AI 사용 예정자,향후 AI 사용 예정자,True
9467,1,1,0.7264584282489278,향후 AI 사용 예정자,향후 AI 사용 예정자,True
63147,1,1,0.8066783171742133,향후 AI 사용 예정자,향후 AI 사용 예정자,True
25185,1,1,0.8071769098259898,향후 AI 사용 예정자,향후 AI 사용 예정자,True
34,0,0,0.3070500627815819,현재 AI 사용자,현재 AI 사용자,True
57160,0,1,0.5090906911488838,현재 AI 사용자,향후 AI 사용 예정자,False
30621,0,1,0.5157219627779668,현재 AI 사용자,향후 AI 사용 예정자,False
41316,1,1,0.9392949284606731,향후 AI 사용 예정자,향후 AI 사용 예정자,True
18243,1,1,0.9513190504015915,향후 AI 사용 예정자,향후 AI 사용 예정자,True
42545,1,1,0.9309545447506375,향후 AI 사용 예정자,향후 AI 사용 예정자,True
19281,1,1,0.901979837785232,향후 AI 사용 예정자,향후 AI 사용 예정자,True
56297,1,1,0.8778124054751295,향후 AI 사용 예정자,향후 AI 사용 예정자,True
62106,1,0,0.12396781899005041,향후 AI 사용 예정자,현재 AI 사용자,False
4045,1,1,0.8481176980342388,향후 AI 사용 예정자,향후 AI 사용 예정자,True
47635,0,0,0.21087337556740407,현재 AI 사용자,현재 AI 사용자,True
7160,1,1,0.6567704064782525,향후 AI 사용 예정자,향후 AI 사용 예정자,True
33370,0,0,0.1571774803601403,현재 AI 사용자,현재 AI 사용자,True
22686,1,1,0.9270339244422586,향후 AI 사용 예정자,향후 AI 사용 예정자,True
17707,0,0,0.27124443434426004,현재 AI 사용자,현재 AI 사용자,True
31886,1,1,0.8254459362827382,향후 AI 사용 예정자,향후 AI 사용 예정자,True
20219,1,1,0.7145635830723842,향후 AI 사용 예정자,향후 AI 사용 예정자,True
13785,1,1,0.7479181305095891,향후 AI 사용 예정자,향후 AI 사용 예정자,True
8334,1,1,0.9467852591341357,향후 AI 사용 예정자,향후 AI 사용 예정자,True
57952,0,0,0.10806454427854613,현재 AI 사용자,현재 AI 사용자,True
58625,0,0,0.2670069728386123,현재 AI 사용자,현재 AI 사용자,True
64743,1,1,0.8656781783059673,향후 AI 사용 예정자,향후 AI 사용 예정자,True
41702,1,0,0.3096225694562075,향후 AI 사용 예정자,현재 AI 사용자,False
6143,0,0,0.060803559413817196,현재 AI 사용자,현재 AI 사용자,True
4644,0,1,0.939746336698883,현재 AI 사용자,향후 AI 사용 예정자,False
37587,0,0,0.3693269703314548,현재 AI 사용자,현재 AI 사용자,True
56265,1,1,0.7288710010564212,향후 AI 사용 예정자,향후 AI 사용 예정자,True
56069,0,0,0.08604581078352709,현재 AI 사용자,현재 AI 사용자,True
54537,1,1,0.8047503241530308,향후 AI 사용 예정자,향후 AI 사용 예정자,True
3800,1,1,0.9631131640426267,향후 AI 사용 예정자,향후 AI 사용 예정자,True
24301,0,1,0.7774482001074744,현재 AI 사용자,향후 AI 사용 예정자,False
1859,1,1,0.8377525699560773,향후 AI 사용 예정자,향후 AI 사용 예정자,True
6694,1,1,0.6754144890625134,향후 AI 사용 예정자,향후 AI 사용 예정자,True
57003,1,1,0.904314456565892,향후 AI 사용 예정자,향후 AI 사용 예정자,True
13854,1,1,0.9662785199736499,향후 AI 사용 예정자,향후 AI 사용 예정자,True
38359,1,1,0.8496039452522545,향후 AI 사용 예정자,향후 AI 사용 예정자,True
56477,1,1,0.6749553804744451,향후 AI 사용 예정자,향후 AI 사용 예정자,True
58743,1,1,0.9954827946189171,향후 AI 사용 예정자,향후 AI 사용 예정자,True
16863,1,1,0.9367935816173989,향후 AI 사용 예정자,향후 AI 사용 예정자,True
60295,1,1,0.8343581935158887,향후 AI 사용 예정자,향후 AI 사용 예정자,True
8821,1,1,0.8679910643622282,향후 AI 사용 예정자,향후 AI 사용 예정자,True
59427,1,1,0.8894286516132164,향후 AI 사용 예정자,향후 AI 사용 예정자,True
29573,1,1,0.7948099836548795,향후 AI 사용 예정자,향후 AI 사용 예정자,True
52132,0,0,0.49759671953503803,현재 AI 사용자,현재 AI 사용자,True
43246,1,1,0.7514444690885144,향후 AI 사용 예정자,향후 AI 사용 예정자,True
16687,0,1,0.6070727058010359,현재 AI 사용자,향후 AI 사용 예정자,False
12348,1,1,0.9743333499903328,향후 AI 사용 예정자,향후 AI 사용 예정자,True
11150,0,0,0.112965061744137,현재 AI 사용자,현재 AI 사용자,True
38426,1,1,0.7936676817482158,향후 AI 사용 예정자,향후 AI 사용 예정자,True
63584,1,0,0.2806237457921957,향후 AI 사용 예정자,현재 AI 사용자,False
528,1,1,0.7795777744902694,향후 AI 사용 예정자,향후 AI 사용 예정자,True
54045,1,1,0.7338229669104535,향후 AI 사용 예정자,향후 AI 사용 예정자,True
9391,0,0,0.2335955213062605,현재 AI 사용자,현재 AI 사용자,True
32851,1,0,0.2221194355142351,향후 AI 사용 예정자,현재 AI 사용자,False
41699,0,1,0.8177054029974345,현재 AI 사용자,향후 AI 사용 예정자,False
50952,0,0,0.26452463596249814,현재 AI 사용자,현재 AI 사용자,True
2906,1,1,0.5132634339241728,향후 AI 사용 예정자,향후 AI 사용 예정자,True
35863,0,0,0.1383848391573216,현재 AI 사용자,현재 AI 사용자,True
16867,0,0,0.2767119172547254,현재 AI 사용자,현재 AI 사용자,True
18153,0,1,0.685788004196708,현재 AI 사용자,향후 AI 사용 예정자,False
14224,0,1,0.9095233768105114,현재 AI 사용자,향후 AI 사용 예정자,False
16180,0,0,0.3309817079061361,현재 AI 사용자,현재 AI 사용자,True
33141,0,0,0.4321905402976892,현재 AI 사용자,현재 AI 사용자,True
22124,1,1,0.8630778424725865,향후 AI 사용 예정자,향후 AI 사용 예정자,True
6010,0,0,0.40652155983390026,현재 AI 사용자,현재 AI 사용자,True
14916,0,1,0.8100549806583219,현재 AI 사용자,향후 AI 사용 예정자,False
6376,1,1,0.9921396077272235,향후 AI 사용 예정자,향후 AI 사용 예정자,True
42715,1,1,0.7083371166897111,향후 AI 사용 예정자,향후 AI 사용 예정자,True
16877,1,1,0.9177077213726009,향후 AI 사용 예정자,향후 AI 사용 예정자,True
6151,0,0,0.2951148940721334,현재 AI 사용자,현재 AI 사용자,True
5187,1,1,0.9930350284562485,향후 AI 사용 예정자,향후 AI 사용 예정자,True
2371,0,0,0.48385465464975447,현재 AI 사용자,현재 AI 사용자,True
8146,1,1,0.9854964851558604,향후 AI 사용 예정자,향후 AI 사용 예정자,True
38317,1,1,0.9509529712283387,향후 AI 사용 예정자,향후 AI 사용 예정자,True
28096,0,0,0.22328779295220175,현재 AI 사용자,현재 AI 사용자,True
60756,1,1,0.9051033994034733,향후 AI 사용 예정자,향후 AI 사용 예정자,True
6323,1,1,0.8863270648969033,향후 AI 사용 예정자,향후 AI 사용 예정자,True
14587,1,1,0.9063271841081868,향후 AI 사용 예정자,향후 AI 사용 예정자,True
33754,1,1,0.943507921359366,향후 AI 사용 예정자,향후 AI 사용 예정자,True
33025,0,0,0.3945668049960772,현재 AI 사용자,현재 AI 사용자,True
9472,0,0,0.23246015846648357,현재 AI 사용자,현재 AI 사용자,True
39563,1,1,0.6314240506214922,향후 AI 사용 예정자,향후 AI 사용 예정자,True
48046,0,0,0.2850354005764339,현재 AI 사용자,현재 AI 사용자,True
59556,0,0,0.2862022482239446,현재 AI 사용자,현재 AI 사용자,True
57475,1,1,0.9460918292589346,향후 AI 사용 예정자,향후 AI 사용 예정자,True
42143,1,1,0.9277864645246915,향후 AI 사용 예정자,향후 AI 사용 예정자,True
54733,1,1,0.7782822400760024,향후 AI 사용 예정자,향후 AI 사용 예정자,True
28231,1,1,0.939391693969563,향후 AI 사용 예정자,향후 AI 사용 예정자,True
17077,0,0,0.18829406739427693,현재 AI 사용자,현재 AI 사용자,True
58382,1,1,0.7503812165705672,향후 AI 사용 예정자,향후 AI 사용 예정자,True
8685,1,1,0.9725415376126882,향후 AI 사용 예정자,향후 AI 사용 예정자,True
22825,1,1,0.9879597617600284,향후 AI 사용 예정자,향후 AI 사용 예정자,True
24025,1,0,0.39054214087241595,향후 AI 사용 예정자,현재 AI 사용자,False
41002,0,0,0.24908430575569554,현재 AI 사용자,현재 AI 사용자,True
64717,1,1,0.955522811284081,향후 AI 사용 예정자,향후 AI 사용 예정자,True
58657,1,1,0.9850540512592626,향후 AI 사용 예정자,향후 AI 사용 예정자,True
62952,1,1,0.9973787795161558,향후 AI 사용 예정자,향후 AI 사용 예정자,True
40879,1,1,0.6325199185719385,향후 AI 사용 예정자,향후 AI 사용 예정자,True
30613,1,1,0.8913076326574962,향후 AI 사용 예정자,향후 AI 사용 예정자,True
4171,1,1,0.5374394110786745,향후 AI 사용 예정자,향후 AI 사용 예정자,True
11437,0,0,0.2525472671973733,현재 AI 사용자,현재 AI 사용자,True
45051,1,1,0.9318463425783515,향후 AI 사용 예정자,향후 AI 사용 예정자,True
287,0,0,0.2094910207763461,현재 AI 사용자,현재 AI 사용자,True
41395,1,1,0.794306894858004,향후 AI 사용 예정자,향후 AI 사용 예정자,True
32172,0,1,0.7011440113135317,현재 AI 사용자,향후 AI 사용 예정자,False
27985,1,1,0.7721010368912311,향후 AI 사용 예정자,향후 AI 사용 예정자,True
35201,0,0,0.3585676221198562,현재 AI 사용자,현재 AI 사용자,True
37108,0,0,0.37424159961753295,현재 AI 사용자,현재 AI 사용자,True
21768,1,1,0.9279860198282216,향후 AI 사용 예정자,향후 AI 사용 예정자,True
20938,0,0,0.283411583878103,현재 AI 사용자,현재 AI 사용자,True
26935,1,1,0.6877600966048348,향후 AI 사용 예정자,향후 AI 사용 예정자,True
44461,0,1,0.5202917617402456,현재 AI 사용자,향후 AI 사용 예정자,False
9124,1,1,0.8247053976935369,향후 AI 사용 예정자,향후 AI 사용 예정자,True
38840,1,1,0.9122482095376502,향후 AI 사용 예정자,향후 AI 사용 예정자,True
37471,1,1,0.587059777610216,향후 AI 사용 예정자,향후 AI 사용 예정자,True
32451,0,0,0.4357578395847785,현재 AI 사용자,현재 AI 사용자,True
13345,1,1,0.8000338712531643,향후 AI 사용 예정자,향후 AI 사용 예정자,True
38712,0,0,0.19034178188679457,현재 AI 사용자,현재 AI 사용자,True
10105,1,1,0.8819298897331247,향후 AI 사용 예정자,향후 AI 사용 예정자,True
46197,1,1,0.8961028269797449,향후 AI 사용 예정자,향후 AI 사용 예정자,True
25150,0,0,0.18991925654390002,현재 AI 사용자,현재 AI 사용자,True
10114,1,1,0.9060522182210211,향후 AI 사용 예정자,향후 AI 사용 예정자,True
16346,1,1,0.7992893562755954,향후 AI 사용 예정자,향후 AI 사용 예정자,True
15905,1,1,0.5488752641387986,향후 AI 사용 예정자,향후 AI 사용 예정자,True
54156,1,0,0.49859445571446265,향후 AI 사용 예정자,현재 AI 사용자,False
48485,1,1,0.866190583965406,향후 AI 사용 예정자,향후 AI 사용 예정자,True
41134,1,0,0.48115630475504295,향후 AI 사용 예정자,현재 AI 사용자,False
29710,1,1,0.7634544536091613,향후 AI 사용 예정자,향후 AI 사용 예정자,True
14504,0,1,0.7001194632443488,현재 AI 사용자,향후 AI 사용 예정자,False
49904,1,0,0.457457039116393,향후 AI 사용 예정자,현재 AI 사용자,False
49843,0,1,0.5153980602951368,현재 AI 사용자,향후 AI 사용 예정자,False
48612,0,0,0.08592293442189142,현재 AI 사용자,현재 AI 사용자,True
17780,0,0,0.2861729705717182,현재 AI 사용자,현재 AI 사용자,True
9350,1,1,0.8087691732085067,향후 AI 사용 예정자,향후 AI 사용 예정자,True
4222,0,1,0.7320833573106433,현재 AI 사용자,향후 AI 사용 예정자,False
59591,1,1,0.7832181018713208,향후 AI 사용 예정자,향후 AI 사용 예정자,True
29322,0,0,0.16168338945060762,현재 AI 사용자,현재 AI 사용자,True
55747,0,1,0.5611406037930587,현재 AI 사용자,향후 AI 사용 예정자,False
12188,0,0,0.24050589920342955,현재 AI 사용자,현재 AI 사용자,True
12672,1,1,0.9729617174799704,향후 AI 사용 예정자,향후 AI 사용 예정자,True
4735,1,0,0.416967362924403,향후 AI 사용 예정자,현재 AI 사용자,False
18870,1,1,0.670969895555946,향후 AI 사용 예정자,향후 AI 사용 예정자,True
53306,0,1,0.5297052907932933,현재 AI 사용자,향후 AI 사용 예정자,False
14471,0,1,0.8008622157429776,현재 AI 사용자,향후 AI 사용 예정자,False
55067,1,1,0.9692551519100685,향후 AI 사용 예정자,향후 AI 사용 예정자,True
43024,1,0,0.25589017433754724,향후 AI 사용 예정자,현재 AI 사용자,False
14757,1,1,0.6291144354288994,향후 AI 사용 예정자,향후 AI 사용 예정자,True
63121,1,1,0.8055281695028552,향후 AI 사용 예정자,향후 AI 사용 예정자,True
34154,1,1,0.9377255276361288,향후 AI 사용 예정자,향후 AI 사용 예정자,True
42347,1,1,0.8341288457019007,향후 AI 사용 예정자,향후 AI 사용 예정자,True
52192,0,1,0.5316855332238685,현재 AI 사용자,향후 AI 사용 예정자,False
5842,1,1,0.9238187356574671,향후 AI 사용 예정자,향후 AI 사용 예정자,True
56147,1,1,0.9347040492615789,향후 AI 사용 예정자,향후 AI 사용 예정자,True
62996,1,1,0.8708269368627027,향후 AI 사용 예정자,향후 AI 사용 예정자,True
45680,0,0,0.30021018830672436,현재 AI 사용자,현재 AI 사용자,True
40727,1,1,0.8462815973015695,향후 AI 사용 예정자,향후 AI 사용 예정자,True
40726,1,1,0.877600214120977,향후 AI 사용 예정자,향후 AI 사용 예정자,True
1870,1,1,0.6358762381178455,향후 AI 사용 예정자,향후 AI 사용 예정자,True
58841,1,1,0.6703135186021882,향후 AI 사용 예정자,향후 AI 사용 예정자,True
24199,1,1,0.9398383610785677,향후 AI 사용 예정자,향후 AI 사용 예정자,True
44454,0,0,0.2656293268373315,현재 AI 사용자,현재 AI 사용자,True
19596,0,0,0.484757173756304,현재 AI 사용자,현재 AI 사용자,True
30087,1,0,0.20086559294276032,향후 AI 사용 예정자,현재 AI 사용자,False
46061,1,0,0.3945985248092272,향후 AI 사용 예정자,현재 AI 사용자,False
47520,0,0,0.28817513954954893,현재 AI 사용자,현재 AI 사용자,True
19844,1,1,0.9861671524612374,향후 AI 사용 예정자,향후 AI 사용 예정자,True
6026,1,1,0.5224116790296599,향후 AI 사용 예정자,향후 AI 사용 예정자,True
22425,1,1,0.9325891478106128,향후 AI 사용 예정자,향후 AI 사용 예정자,True
31767,1,1,0.9480197998568617,향후 AI 사용 예정자,향후 AI 사용 예정자,True
23249,1,1,0.8278334974348608,향후 AI 사용 예정자,향후 AI 사용 예정자,True
48771,1,1,0.8238474878796707,향후 AI 사용 예정자,향후 AI 사용 예정자,True
28976,1,0,0.49779744074577237,향후 AI 사용 예정자,현재 AI 사용자,False
21655,1,1,0.5484215903690415,향후 AI 사용 예정자,향후 AI 사용 예정자,True
39594,0,0,0.3091836450641883,현재 AI 사용자,현재 AI 사용자,True
31853,0,1,0.651972536557184,현재 AI 사용자,향후 AI 사용 예정자,False
44883,1,1,0.8997635140676316,향후 AI 사용 예정자,향후 AI 사용 예정자,True
61683,0,0,0.41661914971192937,현재 AI 사용자,현재 AI 사용자,True
11280,1,1,0.627136297562486,향후 AI 사용 예정자,향후 AI 사용 예정자,True
11287,0,1,0.9414365072250747,현재 AI 사용자,향후 AI 사용 예정자,False
31608,1,1,0.7594693166861606,향후 AI 사용 예정자,향후 AI 사용 예정자,True
37820,1,1,0.8344229079053146,향후 AI 사용 예정자,향후 AI 사용 예정자,True
33633,0,1,0.7359497170506252,현재 AI 사용자,향후 AI 사용 예정자,False
45371,1,0,0.3916212029986671,향후 AI 사용 예정자,현재 AI 사용자,False
22049,1,1,0.782938010618844,향후 AI 사용 예정자,향후 AI 사용 예정자,True
22286,1,1,0.9897581018893499,향후 AI 사용 예정자,향후 AI 사용 예정자,True
13173,1,1,0.6980168608172054,향후 AI 사용 예정자,향후 AI 사용 예정자,True
53723,1,1,0.862646445641921,향후 AI 사용 예정자,향후 AI 사용 예정자,True
7612,1,1,0.8849810803539073,향후 AI 사용 예정자,향후 AI 사용 예정자,True
53134,1,0,0.28064193314372626,향후 AI 사용 예정자,현재 AI 사용자,False
13057,1,1,0.8659365993622422,향후 AI 사용 예정자,향후 AI 사용 예정자,True
60249,1,1,0.5997003971823356,향후 AI 사용 예정자,향후 AI 사용 예정자,True
58671,1,1,0.9470496814723074,향후 AI 사용 예정자,향후 AI 사용 예정자,True
31968,0,0,0.19457425551241134,현재 AI 사용자,현재 AI 사용자,True
13094,0,0,0.4381945216050153,현재 AI 사용자,현재 AI 사용자,True
49369,0,1,0.7861259028690621,현재 AI 사용자,향후 AI 사용 예정자,False
21100,1,1,0.6507464350558638,향후 AI 사용 예정자,향후 AI 사용 예정자,True
51966,1,1,0.9614527941392748,향후 AI 사용 예정자,향후 AI 사용 예정자,True
26000,1,1,0.9586458725828026,향후 AI 사용 예정자,향후 AI 사용 예정자,True
1957,1,1,0.9963709256170196,향후 AI 사용 예정자,향후 AI 사용 예정자,True
27408,0,0,0.26648831914889903,현재 AI 사용자,현재 AI 사용자,True
9042,1,1,0.8209123642323719,향후 AI 사용 예정자,향후 AI 사용 예정자,True
30363,1,0,0.40490573601264507,향후 AI 사용 예정자,현재 AI 사용자,False
41423,1,1,0.53133872586656,향후 AI 사용 예정자,향후 AI 사용 예정자,True
62628,1,1,0.7761186935169774,향후 AI 사용 예정자,향후 AI 사용 예정자,True
19526,1,0,0.4523969965316711,향후 AI 사용 예정자,현재 AI 사용자,False
24264,1,1,0.9792617042877997,향후 AI 사용 예정자,향후 AI 사용 예정자,True
19733,1,1,0.6922611628944894,향후 AI 사용 예정자,향후 AI 사용 예정자,True
41572,0,0,0.24534403857246326,현재 AI 사용자,현재 AI 사용자,True
65393,1,1,0.8693269072333762,향후 AI 사용 예정자,향후 AI 사용 예정자,True
22762,0,0,0.1136935660723025,현재 AI 사용자,현재 AI 사용자,True
23346,0,1,0.6371020785390644,현재 AI 사용자,향후 AI 사용 예정자,False
19988,1,0,0.41643648802520145,향후 AI 사용 예정자,현재 AI 사용자,False
2114,1,1,0.8019223064995554,향후 AI 사용 예정자,향후 AI 사용 예정자,True
49915,1,1,0.65513428063723,향후 AI 사용 예정자,향후 AI 사용 예정자,True
45816,1,1,0.7748540522301672,향후 AI 사용 예정자,향후 AI 사용 예정자,True
57814,0,0,0.4136089541169095,현재 AI 사용자,현재 AI 사용자,True
734,1,1,0.9930389774912622,향후 AI 사용 예정자,향후 AI 사용 예정자,True
39650,0,0,0.10407911327981742,현재 AI 사용자,현재 AI 사용자,True
42512,0,0,0.17286194873334068,현재 AI 사용자,현재 AI 사용자,True
44824,1,1,0.9845023633448052,향후 AI 사용 예정자,향후 AI 사용 예정자,True
21133,1,0,0.2732233648052288,향후 AI 사용 예정자,현재 AI 사용자,False
17928,0,0,0.4326055688894942,현재 AI 사용자,현재 AI 사용자,True
6559,0,0,0.4161083127396871,현재 AI 사용자,현재 AI 사용자,True
1585,0,0,0.425504806869368,현재 AI 사용자,현재 AI 사용자,True
979,1,1,0.5493968796328511,향후 AI 사용 예정자,향후 AI 사용 예정자,True
23477,1,1,0.74293309824984,향후 AI 사용 예정자,향후 AI 사용 예정자,True
17933,0,1,0.832205646745139,현재 AI 사용자,향후 AI 사용 예정자,False
46951,0,0,0.3748044124283831,현재 AI 사용자,현재 AI 사용자,True
28409,1,1,0.8213516166155037,향후 AI 사용 예정자,향후 AI 사용 예정자,True
14860,0,0,0.4856662600351031,현재 AI 사용자,현재 AI 사용자,True
50014,1,1,0.8019149866973126,향후 AI 사용 예정자,향후 AI 사용 예정자,True
59535,1,1,0.8783905505301252,향후 AI 사용 예정자,향후 AI 사용 예정자,True
29323,0,0,0.23348074534781843,현재 AI 사용자,현재 AI 사용자,True
34355,0,0,0.3579710266046285,현재 AI 사용자,현재 AI 사용자,True
41127,1,0,0.35930298582456444,향후 AI 사용 예정자,현재 AI 사용자,False
30193,1,1,0.7517736749179118,향후 AI 사용 예정자,향후 AI 사용 예정자,True
37124,0,0,0.357271812300091,현재 AI 사용자,현재 AI 사용자,True
21347,1,1,0.5184388668934047,향후 AI 사용 예정자,향후 AI 사용 예정자,True
15050,0,0,0.41542038884263516,현재 AI 사용자,현재 AI 사용자,True
6995,1,1,0.698041492718337,향후 AI 사용 예정자,향후 AI 사용 예정자,True
44450,1,1,0.8993703751071865,향후 AI 사용 예정자,향후 AI 사용 예정자,True
53576,1,1,0.9507819183291855,향후 AI 사용 예정자,향후 AI 사용 예정자,True
2127,1,1,0.5919276207627007,향후 AI 사용 예정자,향후 AI 사용 예정자,True
14188,1,1,0.9216898752042256,향후 AI 사용 예정자,향후 AI 사용 예정자,True
46460,1,1,0.9309505029175301,향후 AI 사용 예정자,향후 AI 사용 예정자,True
14120,0,0,0.08046910387813948,현재 AI 사용자,현재 AI 사용자,True
32125,0,0,0.3986308768316877,현재 AI 사용자,현재 AI 사용자,True
46126,0,1,0.5803386374414105,현재 AI 사용자,향후 AI 사용 예정자,False
27247,1,1,0.9794314849616085,향후 AI 사용 예정자,향후 AI 사용 예정자,True
49551,1,1,0.7465956907023041,향후 AI 사용 예정자,향후 AI 사용 예정자,True
51658,1,1,0.6362481791967891,향후 AI 사용 예정자,향후 AI 사용 예정자,True
26867,1,1,0.9702093984437319,향후 AI 사용 예정자,향후 AI 사용 예정자,True
39333,1,0,0.29974115858340367,향후 AI 사용 예정자,현재 AI 사용자,False
4909,0,0,0.25692540165602484,현재 AI 사용자,현재 AI 사용자,True
34538,0,1,0.6680571068427006,현재 AI 사용자,향후 AI 사용 예정자,False
30298,1,1,0.871729189396093,향후 AI 사용 예정자,향후 AI 사용 예정자,True
18838,1,1,0.9114789474299321,향후 AI 사용 예정자,향후 AI 사용 예정자,True
29929,1,1,0.7669361283460471,향후 AI 사용 예정자,향후 AI 사용 예정자,True
55189,1,1,0.7943069505830029,향후 AI 사용 예정자,향후 AI 사용 예정자,True
28353,0,0,0.3234917907397069,현재 AI 사용자,현재 AI 사용자,True
28647,0,0,0.36634146520273214,현재 AI 사용자,현재 AI 사용자,True
21971,1,0,0.21544725345716584,향후 AI 사용 예정자,현재 AI 사용자,False
10138,0,0,0.11410342134205233,현재 AI 사용자,현재 AI 사용자,True
6014,0,1,0.5621596936427213,현재 AI 사용자,향후 AI 사용 예정자,False
50046,0,0,0.20427202797410085,현재 AI 사용자,현재 AI 사용자,True
5709,1,1,0.9016937961256073,향후 AI 사용 예정자,향후 AI 사용 예정자,True
10890,0,0,0.18433408661779102,현재 AI 사용자,현재 AI 사용자,True
31074,0,0,0.3187654915979014,현재 AI 사용자,현재 AI 사용자,True
35457,1,0,0.49391094547268244,향후 AI 사용 예정자,현재 AI 사용자,False
4132,1,0,0.3522713433519393,향후 AI 사용 예정자,현재 AI 사용자,False
60897,1,1,0.5072154972210614,향후 AI 사용 예정자,향후 AI 사용 예정자,True
39774,0,0,0.39794580138992375,현재 AI 사용자,현재 AI 사용자,True
19696,1,1,0.9899725752309394,향후 AI 사용 예정자,향후 AI 사용 예정자,True
60014,1,1,0.5287507384614564,향후 AI 사용 예정자,향후 AI 사용 예정자,True
8848,1,0,0.2138829428639787,향후 AI 사용 예정자,현재 AI 사용자,False
57976,1,0,0.3149821923549884,향후 AI 사용 예정자,현재 AI 사용자,False
304,1,1,0.9893972116825247,향후 AI 사용 예정자,향후 AI 사용 예정자,True
4365,1,1,0.6034633735841092,향후 AI 사용 예정자,향후 AI 사용 예정자,True
21120,1,1,0.9512995681620758,향후 AI 사용 예정자,향후 AI 사용 예정자,True
8129,1,1,0.9934233700328468,향후 AI 사용 예정자,향후 AI 사용 예정자,True
24272,0,0,0.2250758718366409,현재 AI 사용자,현재 AI 사용자,True
24923,1,0,0.13065538945642077,향후 AI 사용 예정자,현재 AI 사용자,False
30228,1,1,0.7653495964463917,향후 AI 사용 예정자,향후 AI 사용 예정자,True
36516,1,1,0.906278288092911,향후 AI 사용 예정자,향후 AI 사용 예정자,True
7111,1,1,0.9694569929702807,향후 AI 사용 예정자,향후 AI 사용 예정자,True
63344,1,1,0.8343581935158887,향후 AI 사용 예정자,향후 AI 사용 예정자,True
9171,0,0,0.3204178365240338,현재 AI 사용자,현재 AI 사용자,True
45906,1,1,0.5522395372955682,향후 AI 사용 예정자,향후 AI 사용 예정자,True
30043,1,1,0.9130828556095182,향후 AI 사용 예정자,향후 AI 사용 예정자,True
27754,0,1,0.8981274123800455,현재 AI 사용자,향후 AI 사용 예정자,False
32189,1,1,0.8467754111177678,향후 AI 사용 예정자,향후 AI 사용 예정자,True
24848,1,1,0.7946155544875985,향후 AI 사용 예정자,향후 AI 사용 예정자,True
12684,0,0,0.2785339994399118,현재 AI 사용자,현재 AI 사용자,True
6017,0,0,0.35570320732297833,현재 AI 사용자,현재 AI 사용자,True
26912,0,0,0.09924700451236143,현재 AI 사용자,현재 AI 사용자,True
8382,0,1,0.5055513684163496,현재 AI 사용자,향후 AI 사용 예정자,False
28542,1,1,0.9422091746034161,향후 AI 사용 예정자,향후 AI 사용 예정자,True
29803,0,1,0.5903418088918514,현재 AI 사용자,향후 AI 사용 예정자,False
64516,1,1,0.9716485787187973,향후 AI 사용 예정자,향후 AI 사용 예정자,True
47378,1,1,0.9903139666321943,향후 AI 사용 예정자,향후 AI 사용 예정자,True
49650,0,0,0.18971047808406113,현재 AI 사용자,현재 AI 사용자,True
43465,0,0,0.34598208284156295,현재 AI 사용자,현재 AI 사용자,True
49506,1,1,0.9490727403346128,향후 AI 사용 예정자,향후 AI 사용 예정자,True
6583,1,1,0.754462851799418,향후 AI 사용 예정자,향후 AI 사용 예정자,True
26890,1,1,0.9893522224892202,향후 AI 사용 예정자,향후 AI 사용 예정자,True
20076,0,0,0.1868884002745351,현재 AI 사용자,현재 AI 사용자,True
10505,1,1,0.9662427539389637,향후 AI 사용 예정자,향후 AI 사용 예정자,True
43322,1,1,0.9030440224634285,향후 AI 사용 예정자,향후 AI 사용 예정자,True
51356,0,1,0.5112850293315847,현재 AI 사용자,향후 AI 사용 예정자,False
28104,0,1,0.8067996965880083,현재 AI 사용자,향후 AI 사용 예정자,False
37335,1,1,0.836222814630376,향후 AI 사용 예정자,향후 AI 사용 예정자,True
15662,1,1,0.5190292834415966,향후 AI 사용 예정자,향후 AI 사용 예정자,True
25993,1,1,0.8426324422622659,향후 AI 사용 예정자,향후 AI 사용 예정자,True
19317,1,1,0.9647763638294122,향후 AI 사용 예정자,향후 AI 사용 예정자,True
49391,0,0,0.1511984689244698,현재 AI 사용자,현재 AI 사용자,True
48116,0,0,0.2990932331864794,현재 AI 사용자,현재 AI 사용자,True
52663,0,1,0.7150932287359844,현재 AI 사용자,향후 AI 사용 예정자,False
17026,0,0,0.2502264629690291,현재 AI 사용자,현재 AI 사용자,True
38401,0,1,0.8184167471813738,현재 AI 사용자,향후 AI 사용 예정자,False
10582,1,1,0.7944457755306521,향후 AI 사용 예정자,향후 AI 사용 예정자,True
5712,1,1,0.8756320427557643,향후 AI 사용 예정자,향후 AI 사용 예정자,True
57165,0,0,0.4348493849326061,현재 AI 사용자,현재 AI 사용자,True
10782,0,1,0.8190297268655218,현재 AI 사용자,향후 AI 사용 예정자,False
18261,1,1,0.7790929925550875,향후 AI 사용 예정자,향후 AI 사용 예정자,True
60262,1,1,0.7192039325957955,향후 AI 사용 예정자,향후 AI 사용 예정자,True
35753,1,1,0.875444412550881,향후 AI 사용 예정자,향후 AI 사용 예정자,True
8706,0,0,0.15732667684443397,현재 AI 사용자,현재 AI 사용자,True
40832,0,1,0.8754917397176262,현재 AI 사용자,향후 AI 사용 예정자,False
19620,1,1,0.9630459941637516,향후 AI 사용 예정자,향후 AI 사용 예정자,True
27313,1,0,0.1873827693037442,향후 AI 사용 예정자,현재 AI 사용자,False
26100,0,0,0.3376451983251065,현재 AI 사용자,현재 AI 사용자,True
27195,1,1,0.6824841778087948,향후 AI 사용 예정자,향후 AI 사용 예정자,True
17278,0,0,0.49002151122423454,현재 AI 사용자,현재 AI 사용자,True
33588,1,1,0.9765839924155271,향후 AI 사용 예정자,향후 AI 사용 예정자,True
11082,1,1,0.9893267547207973,향후 AI 사용 예정자,향후 AI 사용 예정자,True
19612,1,0,0.2314277755443249,향후 AI 사용 예정자,현재 AI 사용자,False
1536,0,0,0.23675658557780685,현재 AI 사용자,현재 AI 사용자,True
41906,1,1,0.6264161333477277,향후 AI 사용 예정자,향후 AI 사용 예정자,True
183,1,1,0.8311187532011408,향후 AI 사용 예정자,향후 AI 사용 예정자,True
47501,1,1,0.8590903491292257,향후 AI 사용 예정자,향후 AI 사용 예정자,True
14353,1,0,0.34684535642580455,향후 AI 사용 예정자,현재 AI 사용자,False
33144,0,1,0.842421820658953,현재 AI 사용자,향후 AI 사용 예정자,False
16824,1,1,0.6436142847784573,향후 AI 사용 예정자,향후 AI 사용 예정자,True
13955,0,1,0.7665838450602475,현재 AI 사용자,향후 AI 사용 예정자,False
32688,0,0,0.3018417125308469,현재 AI 사용자,현재 AI 사용자,True
29602,1,0,0.48518470624349214,향후 AI 사용 예정자,현재 AI 사용자,False
38096,1,1,0.9864207993686096,향후 AI 사용 예정자,향후 AI 사용 예정자,True
47625,0,1,0.6866804676526957,현재 AI 사용자,향후 AI 사용 예정자,False
12421,1,1,0.9954537434036613,향후 AI 사용 예정자,향후 AI 사용 예정자,True
40003,0,0,0.30822672837923737,현재 AI 사용자,현재 AI 사용자,True
33908,0,1,0.6502125724810166,현재 AI 사용자,향후 AI 사용 예정자,False
39165,1,1,0.8287634053723331,향후 AI 사용 예정자,향후 AI 사용 예정자,True
18183,1,1,0.9535986577228679,향후 AI 사용 예정자,향후 AI 사용 예정자,True
20412,1,0,0.3881599085032606,향후 AI 사용 예정자,현재 AI 사용자,False
22448,1,1,0.6130020290249607,향후 AI 사용 예정자,향후 AI 사용 예정자,True
7251,0,0,0.16504341630202957,현재 AI 사용자,현재 AI 사용자,True
50808,0,0,0.4924196874726014,현재 AI 사용자,현재 AI 사용자,True
51885,1,1,0.9907307843016848,향후 AI 사용 예정자,향후 AI 사용 예정자,True
11624,1,1,0.9855416505839746,향후 AI 사용 예정자,향후 AI 사용 예정자,True
65271,0,0,0.34401376248309734,현재 AI 사용자,현재 AI 사용자,True
2037,0,1,0.5850265787566443,현재 AI 사용자,향후 AI 사용 예정자,False
7394,0,0,0.23865562024577455,현재 AI 사용자,현재 AI 사용자,True
10585,1,1,0.8821825895070998,향후 AI 사용 예정자,향후 AI 사용 예정자,True
14526,0,0,0.30667642013451907,현재 AI 사용자,현재 AI 사용자,True
37359,1,1,0.9371634852456701,향후 AI 사용 예정자,향후 AI 사용 예정자,True
45875,1,1,0.5308375332935121,향후 AI 사용 예정자,향후 AI 사용 예정자,True
5667,1,1,0.8970901601837781,향후 AI 사용 예정자,향후 AI 사용 예정자,True
17936,0,0,0.29954250346044303,현재 AI 사용자,현재 AI 사용자,True
9385,1,1,0.5960846361395806,향후 AI 사용 예정자,향후 AI 사용 예정자,True
60613,1,1,0.620351990198864,향후 AI 사용 예정자,향후 AI 사용 예정자,True
29162,1,1,0.9938811961667586,향후 AI 사용 예정자,향후 AI 사용 예정자,True
55194,1,0,0.3718396915281651,향후 AI 사용 예정자,현재 AI 사용자,False
6025,1,0,0.4266865627984535,향후 AI 사용 예정자,현재 AI 사용자,False
54750,1,1,0.84992448203708,향후 AI 사용 예정자,향후 AI 사용 예정자,True
55433,1,1,0.8262620840466476,향후 AI 사용 예정자,향후 AI 사용 예정자,True
44294,0,0,0.4490142667874265,현재 AI 사용자,현재 AI 사용자,True
34403,1,1,0.9581659227386503,향후 AI 사용 예정자,향후 AI 사용 예정자,True
46369,0,0,0.32449429454688555,현재 AI 사용자,현재 AI 사용자,True
22796,0,0,0.09693677479326125,현재 AI 사용자,현재 AI 사용자,True
26958,1,1,0.8462889245202606,향후 AI 사용 예정자,향후 AI 사용 예정자,True
56689,0,0,0.28420005871830767,현재 AI 사용자,현재 AI 사용자,True
22108,1,1,0.957019727242106,향후 AI 사용 예정자,향후 AI 사용 예정자,True
13696,0,0,0.2321472359185372,현재 AI 사용자,현재 AI 사용자,True
35625,1,0,0.3156231634009877,향후 AI 사용 예정자,현재 AI 사용자,False
21017,1,1,0.9599703493966055,향후 AI 사용 예정자,향후 AI 사용 예정자,True
14468,0,0,0.15546881273140647,현재 AI 사용자,현재 AI 사용자,True
53202,1,1,0.986130095989542,향후 AI 사용 예정자,향후 AI 사용 예정자,True
10343,0,0,0.3875804623917181,현재 AI 사용자,현재 AI 사용자,True
40209,1,1,0.9604163689182523,향후 AI 사용 예정자,향후 AI 사용 예정자,True
7422,1,1,0.6222709071378758,향후 AI 사용 예정자,향후 AI 사용 예정자,True
2109,1,1,0.9553128297978604,향후 AI 사용 예정자,향후 AI 사용 예정자,True
18907,0,1,0.8543141576550487,현재 AI 사용자,향후 AI 사용 예정자,False
36708,0,0,0.4378518431491332,현재 AI 사용자,현재 AI 사용자,True
49918,1,1,0.9907515642014948,향후 AI 사용 예정자,향후 AI 사용 예정자,True
23439,1,1,0.9896887060043421,향후 AI 사용 예정자,향후 AI 사용 예정자,True
15476,1,1,0.9676075720723194,향후 AI 사용 예정자,향후 AI 사용 예정자,True
64649,1,1,0.5687877721094459,향후 AI 사용 예정자,향후 AI 사용 예정자,True
61347,1,1,0.8817863910727052,향후 AI 사용 예정자,향후 AI 사용 예정자,True
2483,1,1,0.8936452427949318,향후 AI 사용 예정자,향후 AI 사용 예정자,True
39836,0,0,0.11111134670021126,현재 AI 사용자,현재 AI 사용자,True
51046,0,0,0.05473299923201808,현재 AI 사용자,현재 AI 사용자,True
36816,0,0,0.1602138929511639,현재 AI 사용자,현재 AI 사용자,True
4491,0,0,0.2850865508212501,현재 AI 사용자,현재 AI 사용자,True
32796,1,1,0.9759317170640246,향후 AI 사용 예정자,향후 AI 사용 예정자,True
51252,1,1,0.7672250945727987,향후 AI 사용 예정자,향후 AI 사용 예정자,True
63006,1,1,0.8240821404443548,향후 AI 사용 예정자,향후 AI 사용 예정자,True
11812,0,0,0.1348345524633181,현재 AI 사용자,현재 AI 사용자,True
16059,1,1,0.7396091511001085,향후 AI 사용 예정자,향후 AI 사용 예정자,True
45750,0,0,0.36114954977306674,현재 AI 사용자,현재 AI 사용자,True
41566,1,0,0.49101694468028145,향후 AI 사용 예정자,현재 AI 사용자,False
15197,1,1,0.7456712243557236,향후 AI 사용 예정자,향후 AI 사용 예정자,True
26299,1,0,0.19899746616844677,향후 AI 사용 예정자,현재 AI 사용자,False
30651,1,1,0.9908011281026285,향후 AI 사용 예정자,향후 AI 사용 예정자,True
32518,1,0,0.3462134611691699,향후 AI 사용 예정자,현재 AI 사용자,False
49571,1,1,0.5901835563633916,향후 AI 사용 예정자,향후 AI 사용 예정자,True
36070,0,0,0.24601171395207755,현재 AI 사용자,현재 AI 사용자,True
1051,0,0,0.2539875640027291,현재 AI 사용자,현재 AI 사용자,True
25359,0,1,0.8273284892100761,현재 AI 사용자,향후 AI 사용 예정자,False
34551,0,1,0.6023173012002323,현재 AI 사용자,향후 AI 사용 예정자,False
54264,1,1,0.835891950211167,향후 AI 사용 예정자,향후 AI 사용 예정자,True
9113,0,1,0.5278290514393351,현재 AI 사용자,향후 AI 사용 예정자,False
24266,1,1,0.860937768423605,향후 AI 사용 예정자,향후 AI 사용 예정자,True
37916,1,1,0.6417904456158183,향후 AI 사용 예정자,향후 AI 사용 예정자,True
61556,1,1,0.8906141192136343,향후 AI 사용 예정자,향후 AI 사용 예정자,True
63239,1,1,0.7526208338049721,향후 AI 사용 예정자,향후 AI 사용 예정자,True
49364,0,1,0.7332235525106287,현재 AI 사용자,향후 AI 사용 예정자,False
49223,0,0,0.4506174469591133,현재 AI 사용자,현재 AI 사용자,True
9258,1,1,0.8008218676803294,향후 AI 사용 예정자,향후 AI 사용 예정자,True
50466,0,0,0.11284651035889147,현재 AI 사용자,현재 AI 사용자,True
19617,1,1,0.9858644533842427,향후 AI 사용 예정자,향후 AI 사용 예정자,True
35311,1,1,0.9874594803903677,향후 AI 사용 예정자,향후 AI 사용 예정자,True
31107,1,0,0.4995908368945983,향후 AI 사용 예정자,현재 AI 사용자,False
45907,1,1,0.6090669914199277,향후 AI 사용 예정자,향후 AI 사용 예정자,True
6438,1,1,0.9232461096916568,향후 AI 사용 예정자,향후 AI 사용 예정자,True
51393,1,1,0.7270178644927772,향후 AI 사용 예정자,향후 AI 사용 예정자,True
5666,1,1,0.977459358878856,향후 AI 사용 예정자,향후 AI 사용 예정자,True
44139,0,0,0.13651569144233908,현재 AI 사용자,현재 AI 사용자,True
27884,1,1,0.8618239060118219,향후 AI 사용 예정자,향후 AI 사용 예정자,True
20443,1,1,0.7222433954795977,향후 AI 사용 예정자,향후 AI 사용 예정자,True
50418,1,1,0.8929698432267924,향후 AI 사용 예정자,향후 AI 사용 예정자,True
50714,0,0,0.059969799395453764,현재 AI 사용자,현재 AI 사용자,True
32274,0,0,0.4074568295998751,현재 AI 사용자,현재 AI 사용자,True
24360,1,1,0.9333544271894372,향후 AI 사용 예정자,향후 AI 사용 예정자,True
20382,1,1,0.8234464949567694,향후 AI 사용 예정자,향후 AI 사용 예정자,True
19554,1,1,0.9442401854427445,향후 AI 사용 예정자,향후 AI 사용 예정자,True
29675,1,1,0.8982640425813284,향후 AI 사용 예정자,향후 AI 사용 예정자,True
12388,1,1,0.9950464843507644,향후 AI 사용 예정자,향후 AI 사용 예정자,True
22830,1,1,0.7804499046901032,향후 AI 사용 예정자,향후 AI 사용 예정자,True
62938,1,1,0.7728575600652241,향후 AI 사용 예정자,향후 AI 사용 예정자,True
1775,0,0,0.23188882216545526,현재 AI 사용자,현재 AI 사용자,True
41565,1,1,0.8310624277804646,향후 AI 사용 예정자,향후 AI 사용 예정자,True
21519,1,1,0.9742647449700762,향후 AI 사용 예정자,향후 AI 사용 예정자,True
19755,0,0,0.45729000732854036,현재 AI 사용자,현재 AI 사용자,True
27872,1,1,0.758425676833686,향후 AI 사용 예정자,향후 AI 사용 예정자,True
35430,1,0,0.45995502850379344,향후 AI 사용 예정자,현재 AI 사용자,False
45679,0,0,0.18162500669161416,현재 AI 사용자,현재 AI 사용자,True
1100,0,0,0.4506316780508231,현재 AI 사용자,현재 AI 사용자,True
17098,1,1,0.5288367881164868,향후 AI 사용 예정자,향후 AI 사용 예정자,True
26749,0,0,0.2626999257801644,현재 AI 사용자,현재 AI 사용자,True
55623,1,1,0.6723866168216328,향후 AI 사용 예정자,향후 AI 사용 예정자,True
37634,1,1,0.5369352952897434,향후 AI 사용 예정자,향후 AI 사용 예정자,True
64425,1,1,0.9502748922862859,향후 AI 사용 예정자,향후 AI 사용 예정자,True
55662,0,1,0.8667339426927706,현재 AI 사용자,향후 AI 사용 예정자,False
17490,1,1,0.7677751180078944,향후 AI 사용 예정자,향후 AI 사용 예정자,True
2246,0,0,0.24998547367181373,현재 AI 사용자,현재 AI 사용자,True
31190,0,0,0.11115823374622111,현재 AI 사용자,현재 AI 사용자,True
38113,1,1,0.9164416075508806,향후 AI 사용 예정자,향후 AI 사용 예정자,True
40513,0,0,0.2810450957028834,현재 AI 사용자,현재 AI 사용자,True
18713,0,1,0.9438473786238619,현재 AI 사용자,향후 AI 사용 예정자,False
32403,1,0,0.34803967744266623,향후 AI 사용 예정자,현재 AI 사용자,False
34934,0,1,0.6959699357740933,현재 AI 사용자,향후 AI 사용 예정자,False
52756,1,1,0.6852670697259895,향후 AI 사용 예정자,향후 AI 사용 예정자,True
58405,1,1,0.7460476697235041,향후 AI 사용 예정자,향후 AI 사용 예정자,True
3851,0,1,0.7793831774299476,현재 AI 사용자,향후 AI 사용 예정자,False
5823,1,1,0.5010029008594231,향후 AI 사용 예정자,향후 AI 사용 예정자,True
1648,0,1,0.54913786399269,현재 AI 사용자,향후 AI 사용 예정자,False
47710,0,0,0.30260850937348266,현재 AI 사용자,현재 AI 사용자,True
39508,1,0,0.4817237636129172,향후 AI 사용 예정자,현재 AI 사용자,False
5045,0,0,0.434867869099722,현재 AI 사용자,현재 AI 사용자,True
47802,0,1,0.8082380727953443,현재 AI 사용자,향후 AI 사용 예정자,False
32988,1,1,0.8054761413483055,향후 AI 사용 예정자,향후 AI 사용 예정자,True
21549,0,0,0.3315051722158445,현재 AI 사용자,현재 AI 사용자,True
7618,0,0,0.49180311335791743,현재 AI 사용자,현재 AI 사용자,True
7892,1,0,0.4168036475201416,향후 AI 사용 예정자,현재 AI 사용자,False
64579,1,1,0.9407448912866924,향후 AI 사용 예정자,향후 AI 사용 예정자,True
23539,1,1,0.9399718866885889,향후 AI 사용 예정자,향후 AI 사용 예정자,True
13194,1,1,0.896295453274027,향후 AI 사용 예정자,향후 AI 사용 예정자,True
158,1,0,0.498999717749651,향후 AI 사용 예정자,현재 AI 사용자,False
64570,1,1,0.99073534181795,향후 AI 사용 예정자,향후 AI 사용 예정자,True
44310,0,0,0.11436600876346163,현재 AI 사용자,현재 AI 사용자,True
34207,1,1,0.9638131559287232,향후 AI 사용 예정자,향후 AI 사용 예정자,True
30932,0,1,0.6135577445761001,현재 AI 사용자,향후 AI 사용 예정자,False
12033,1,0,0.4783549844966406,향후 AI 사용 예정자,현재 AI 사용자,False
38087,1,0,0.4030556722253225,향후 AI 사용 예정자,현재 AI 사용자,False
31516,0,0,0.32788135412114416,현재 AI 사용자,현재 AI 사용자,True
47912,1,1,0.9276854156680735,향후 AI 사용 예정자,향후 AI 사용 예정자,True
21029,1,1,0.9598669102121415,향후 AI 사용 예정자,향후 AI 사용 예정자,True
51432,0,0,0.29556190881722344,현재 AI 사용자,현재 AI 사용자,True
31218,0,1,0.9534956864826106,현재 AI 사용자,향후 AI 사용 예정자,False
23772,0,0,0.2899380677494872,현재 AI 사용자,현재 AI 사용자,True
32231,0,0,0.20982930106024622,현재 AI 사용자,현재 AI 사용자,True
1140,1,1,0.8029603146697842,향후 AI 사용 예정자,향후 AI 사용 예정자,True
15077,1,1,0.5489883005867043,향후 AI 사용 예정자,향후 AI 사용 예정자,True
57622,1,1,0.5789317368977089,향후 AI 사용 예정자,향후 AI 사용 예정자,True
53954,1,0,0.4544863474873392,향후 AI 사용 예정자,현재 AI 사용자,False
42926,1,1,0.6411461731249417,향후 AI 사용 예정자,향후 AI 사용 예정자,True
6524,1,1,0.9366597293693895,향후 AI 사용 예정자,향후 AI 사용 예정자,True
1668,0,0,0.3552917770113926,현재 AI 사용자,현재 AI 사용자,True
33537,0,1,0.6993368784466848,현재 AI 사용자,향후 AI 사용 예정자,False
22167,0,0,0.28215556631547545,현재 AI 사용자,현재 AI 사용자,True
31195,1,1,0.7751296065253519,향후 AI 사용 예정자,향후 AI 사용 예정자,True
34446,0,1,0.5739219196928114,현재 AI 사용자,향후 AI 사용 예정자,False
42755,1,0,0.23181163789275053,향후 AI 사용 예정자,현재 AI 사용자,False
8759,0,0,0.44331368713710606,현재 AI 사용자,현재 AI 사용자,True
30335,0,0,0.13381766086373226,현재 AI 사용자,현재 AI 사용자,True
40961,0,0,0.3340288951681182,현재 AI 사용자,현재 AI 사용자,True
43429,1,1,0.9826426646749308,향후 AI 사용 예정자,향후 AI 사용 예정자,True
39229,1,0,0.3745757190856196,향후 AI 사용 예정자,현재 AI 사용자,False
30225,1,1,0.65587925992785,향후 AI 사용 예정자,향후 AI 사용 예정자,True
57476,1,1,0.9051612441982125,향후 AI 사용 예정자,향후 AI 사용 예정자,True
59250,1,1,0.862328760182424,향후 AI 사용 예정자,향후 AI 사용 예정자,True
52757,1,1,0.6424419411193144,향후 AI 사용 예정자,향후 AI 사용 예정자,True
9531,0,0,0.48906616829207566,현재 AI 사용자,현재 AI 사용자,True
48098,0,0,0.33007339069715025,현재 AI 사용자,현재 AI 사용자,True
40204,0,1,0.5870563278458826,현재 AI 사용자,향후 AI 사용 예정자,False
59787,0,0,0.44737617078467645,현재 AI 사용자,현재 AI 사용자,True
5382,1,0,0.19276995125406537,향후 AI 사용 예정자,현재 AI 사용자,False
55344,1,1,0.8104065571412342,향후 AI 사용 예정자,향후 AI 사용 예정자,True
52447,1,0,0.2197150233888213,향후 AI 사용 예정자,현재 AI 사용자,False
4629,1,1,0.9864922947006127,향후 AI 사용 예정자,향후 AI 사용 예정자,True
18428,1,1,0.8353923118966035,향후 AI 사용 예정자,향후 AI 사용 예정자,True
50675,1,1,0.7302160211346092,향후 AI 사용 예정자,향후 AI 사용 예정자,True
39404,1,1,0.9515199225697868,향후 AI 사용 예정자,향후 AI 사용 예정자,True
61402,0,1,0.8708269368627027,현재 AI 사용자,향후 AI 사용 예정자,False
27679,1,1,0.9947017612704044,향후 AI 사용 예정자,향후 AI 사용 예정자,True
53211,1,0,0.3516982318428578,향후 AI 사용 예정자,현재 AI 사용자,False
25386,1,1,0.9030082400133576,향후 AI 사용 예정자,향후 AI 사용 예정자,True
28701,1,1,0.5512928610338272,향후 AI 사용 예정자,향후 AI 사용 예정자,True
35490,1,1,0.8423704753802842,향후 AI 사용 예정자,향후 AI 사용 예정자,True
33463,1,1,0.9766735006579164,향후 AI 사용 예정자,향후 AI 사용 예정자,True
4876,0,0,0.430159540628411,현재 AI 사용자,현재 AI 사용자,True
18613,0,1,0.8302914345894193,현재 AI 사용자,향후 AI 사용 예정자,False
10949,0,1,0.7629200973097302,현재 AI 사용자,향후 AI 사용 예정자,False
17925,1,1,0.8227827190181166,향후 AI 사용 예정자,향후 AI 사용 예정자,True
42107,0,0,0.23958128651555394,현재 AI 사용자,현재 AI 사용자,True
37357,1,0,0.23448833705165337,향후 AI 사용 예정자,현재 AI 사용자,False
33407,1,1,0.895225257078003,향후 AI 사용 예정자,향후 AI 사용 예정자,True
37189,1,1,0.5647781175537682,향후 AI 사용 예정자,향후 AI 사용 예정자,True
53963,1,1,0.9735478609790441,향후 AI 사용 예정자,향후 AI 사용 예정자,True
45068,1,0,0.18787812642345217,향후 AI 사용 예정자,현재 AI 사용자,False
55679,0,0,0.28888152136229966,현재 AI 사용자,현재 AI 사용자,True
17456,1,1,0.8372126370809665,향후 AI 사용 예정자,향후 AI 사용 예정자,True
36640,0,0,0.42020186709780755,현재 AI 사용자,현재 AI 사용자,True
33089,1,1,0.8423976127239388,향후 AI 사용 예정자,향후 AI 사용 예정자,True
45575,1,1,0.7955373156408072,향후 AI 사용 예정자,향후 AI 사용 예정자,True
60775,1,1,0.9967838152721379,향후 AI 사용 예정자,향후 AI 사용 예정자,True
32515,1,0,0.3470740467954425,향후 AI 사용 예정자,현재 AI 사용자,False
30746,0,0,0.058239877067600525,현재 AI 사용자,현재 AI 사용자,True
20285,0,0,0.2914288574033055,현재 AI 사용자,현재 AI 사용자,True
24938,1,0,0.3448807664089121,향후 AI 사용 예정자,현재 AI 사용자,False
33005,1,1,0.5005045049354045,향후 AI 사용 예정자,향후 AI 사용 예정자,True
15346,1,1,0.7457215569090673,향후 AI 사용 예정자,향후 AI 사용 예정자,True
35507,1,1,0.9182429959786859,향후 AI 사용 예정자,향후 AI 사용 예정자,True
58916,0,0,0.20867178506876172,현재 AI 사용자,현재 AI 사용자,True
38996,0,0,0.28291018122291567,현재 AI 사용자,현재 AI 사용자,True
15629,1,0,0.3672670083034968,향후 AI 사용 예정자,현재 AI 사용자,False
13627,0,0,0.13229424925090408,현재 AI 사용자,현재 AI 사용자,True
40893,1,1,0.9491135720967477,향후 AI 사용 예정자,향후 AI 사용 예정자,True
21767,1,1,0.5798657365644422,향후 AI 사용 예정자,향후 AI 사용 예정자,True
2460,1,1,0.7730159963638771,향후 AI 사용 예정자,향후 AI 사용 예정자,True
48165,1,1,0.8082894489701392,향후 AI 사용 예정자,향후 AI 사용 예정자,True
31302,1,1,0.624266725038998,향후 AI 사용 예정자,향후 AI 사용 예정자,True
30324,1,1,0.8379448948241909,향후 AI 사용 예정자,향후 AI 사용 예정자,True
28381,1,1,0.8242289262534532,향후 AI 사용 예정자,향후 AI 사용 예정자,True
6570,1,1,0.7644556870146377,향후 AI 사용 예정자,향후 AI 사용 예정자,True
61904,0,1,0.5419610542335287,현재 AI 사용자,향후 AI 사용 예정자,False
52561,1,1,0.8596805065161036,향후 AI 사용 예정자,향후 AI 사용 예정자,True
60310,1,0,0.4373838395899597,향후 AI 사용 예정자,현재 AI 사용자,False
33266,1,1,0.9491842262753764,향후 AI 사용 예정자,향후 AI 사용 예정자,True
44573,1,0,0.36178294946701184,향후 AI 사용 예정자,현재 AI 사용자,False
51853,1,1,0.93013950289899,향후 AI 사용 예정자,향후 AI 사용 예정자,True
19010,1,1,0.8779004961706067,향후 AI 사용 예정자,향후 AI 사용 예정자,True
40326,1,1,0.6399935187936378,향후 AI 사용 예정자,향후 AI 사용 예정자,True
53478,0,0,0.14127471100510205,현재 AI 사용자,현재 AI 사용자,True
37646,0,0,0.1595730926299318,현재 AI 사용자,현재 AI 사용자,True
55539,0,0,0.2075351556699735,현재 AI 사용자,현재 AI 사용자,True
3332,1,1,0.8505928695028124,향후 AI 사용 예정자,향후 AI 사용 예정자,True
18244,1,1,0.9243241897627014,향후 AI 사용 예정자,향후 AI 사용 예정자,True
3374,0,0,0.13523033815336716,현재 AI 사용자,현재 AI 사용자,True
11373,1,1,0.9556858155561977,향후 AI 사용 예정자,향후 AI 사용 예정자,True
31629,0,1,0.5053822083843339,현재 AI 사용자,향후 AI 사용 예정자,False
21036,1,0,0.2769009551680529,향후 AI 사용 예정자,현재 AI 사용자,False
40437,0,0,0.29847555353693933,현재 AI 사용자,현재 AI 사용자,True
24887,1,1,0.8875346352547197,향후 AI 사용 예정자,향후 AI 사용 예정자,True
17400,1,0,0.14600304130595412,향후 AI 사용 예정자,현재 AI 사용자,False
25028,1,1,0.7062156728023544,향후 AI 사용 예정자,향후 AI 사용 예정자,True
40500,1,1,0.905061841998725,향후 AI 사용 예정자,향후 AI 사용 예정자,True
27127,1,1,0.631310886806637,향후 AI 사용 예정자,향후 AI 사용 예정자,True
12386,0,1,0.9162741356575089,현재 AI 사용자,향후 AI 사용 예정자,False
37832,0,0,0.1397365545422821,현재 AI 사용자,현재 AI 사용자,True
10898,1,1,0.9787142582000679,향후 AI 사용 예정자,향후 AI 사용 예정자,True
13168,1,1,0.8480590964368645,향후 AI 사용 예정자,향후 AI 사용 예정자,True
11399,1,1,0.8813359116907769,향후 AI 사용 예정자,향후 AI 사용 예정자,True
51299,0,0,0.3168264039123893,현재 AI 사용자,현재 AI 사용자,True
61180,1,1,0.6578712696645701,향후 AI 사용 예정자,향후 AI 사용 예정자,True
22174,1,1,0.9753332061377323,향후 AI 사용 예정자,향후 AI 사용 예정자,True
13410,1,0,0.3339734152284941,향후 AI 사용 예정자,현재 AI 사용자,False
21751,0,0,0.16273446861282512,현재 AI 사용자,현재 AI 사용자,True
31355,1,1,0.5341353816285747,향후 AI 사용 예정자,향후 AI 사용 예정자,True
16437,0,0,0.38396335729682246,현재 AI 사용자,현재 AI 사용자,True
24084,1,1,0.9323061546386743,향후 AI 사용 예정자,향후 AI 사용 예정자,True
27104,1,1,0.8068806221661339,향후 AI 사용 예정자,향후 AI 사용 예정자,True
8473,0,0,0.06796337268442616,현재 AI 사용자,현재 AI 사용자,True
39880,0,0,0.22284806933603313,현재 AI 사용자,현재 AI 사용자,True
16920,1,0,0.42503980563870924,향후 AI 사용 예정자,현재 AI 사용자,False
23505,1,1,0.8606910437929491,향후 AI 사용 예정자,향후 AI 사용 예정자,True
50950,1,1,0.6755217290784382,향후 AI 사용 예정자,향후 AI 사용 예정자,True
51464,0,0,0.46413810114487236,현재 AI 사용자,현재 AI 사용자,True
61986,1,1,0.8612135003805109,향후 AI 사용 예정자,향후 AI 사용 예정자,True
43956,1,1,0.9451516536359087,향후 AI 사용 예정자,향후 AI 사용 예정자,True
42252,0,0,0.2630166852559581,현재 AI 사용자,현재 AI 사용자,True
28230,0,0,0.4998144363686862,현재 AI 사용자,현재 AI 사용자,True
41100,1,1,0.8864253069448704,향후 AI 사용 예정자,향후 AI 사용 예정자,True
46330,1,1,0.7460530804542578,향후 AI 사용 예정자,향후 AI 사용 예정자,True
33552,0,0,0.1582943435919734,현재 AI 사용자,현재 AI 사용자,True
36108,0,0,0.37626300877652996,현재 AI 사용자,현재 AI 사용자,True
32455,1,1,0.9947147401632009,향후 AI 사용 예정자,향후 AI 사용 예정자,True
54746,1,1,0.666024700124419,향후 AI 사용 예정자,향후 AI 사용 예정자,True
24840,1,1,0.665147410633647,향후 AI 사용 예정자,향후 AI 사용 예정자,True
34082,0,0,0.23474543644788193,현재 AI 사용자,현재 AI 사용자,True
58834,1,1,0.9132119426816379,향후 AI 사용 예정자,향후 AI 사용 예정자,True
60494,0,0,0.2662684831134236,현재 AI 사용자,현재 AI 사용자,True
29716,0,0,0.2740700613103572,현재 AI 사용자,현재 AI 사용자,True
46149,0,0,0.12253505042564534,현재 AI 사용자,현재 AI 사용자,True
26877,0,1,0.8592044770406103,현재 AI 사용자,향후 AI 사용 예정자,False
1110,0,0,0.05543370290475955,현재 AI 사용자,현재 AI 사용자,True
6812,1,1,0.580062303208006,향후 AI 사용 예정자,향후 AI 사용 예정자,True
31165,1,1,0.5252228834154452,향후 AI 사용 예정자,향후 AI 사용 예정자,True
29421,0,0,0.3626167642651644,현재 AI 사용자,현재 AI 사용자,True
30653,0,0,0.2565047841531978,현재 AI 사용자,현재 AI 사용자,True
48480,0,0,0.3766492458106155,현재 AI 사용자,현재 AI 사용자,True
27595,0,0,0.3830793874929419,현재 AI 사용자,현재 AI 사용자,True
3410,0,0,0.42287498661350975,현재 AI 사용자,현재 AI 사용자,True
16097,0,1,0.591673007279208,현재 AI 사용자,향후 AI 사용 예정자,False
28899,1,1,0.5737214058216916,향후 AI 사용 예정자,향후 AI 사용 예정자,True
18192,1,1,0.904103334847233,향후 AI 사용 예정자,향후 AI 사용 예정자,True
7165,1,1,0.7819835470898702,향후 AI 사용 예정자,향후 AI 사용 예정자,True
2676,0,0,0.3954579624393097,현재 AI 사용자,현재 AI 사용자,True
44007,1,1,0.9164126500630613,향후 AI 사용 예정자,향후 AI 사용 예정자,True
9705,1,1,0.7929558277305137,향후 AI 사용 예정자,향후 AI 사용 예정자,True
9456,1,1,0.9679870365539007,향후 AI 사용 예정자,향후 AI 사용 예정자,True
25324,1,1,0.8648640413065831,향후 AI 사용 예정자,향후 AI 사용 예정자,True
18193,0,0,0.16614703347865128,현재 AI 사용자,현재 AI 사용자,True
13869,0,1,0.8320297663345648,현재 AI 사용자,향후 AI 사용 예정자,False
5792,0,0,0.4444771702816436,현재 AI 사용자,현재 AI 사용자,True
55334,1,0,0.3703548065384897,향후 AI 사용 예정자,현재 AI 사용자,False
12492,1,1,0.892703709967207,향후 AI 사용 예정자,향후 AI 사용 예정자,True
27459,0,0,0.171572383610049,현재 AI 사용자,현재 AI 사용자,True
11022,0,0,0.3181915490026785,현재 AI 사용자,현재 AI 사용자,True
62407,1,1,0.9799043888449884,향후 AI 사용 예정자,향후 AI 사용 예정자,True
7281,1,1,0.5760851599970175,향후 AI 사용 예정자,향후 AI 사용 예정자,True
19152,1,1,0.9484300263841898,향후 AI 사용 예정자,향후 AI 사용 예정자,True
16041,1,1,0.7825537096144461,향후 AI 사용 예정자,향후 AI 사용 예정자,True
60826,1,1,0.9473898747693807,향후 AI 사용 예정자,향후 AI 사용 예정자,True
17253,1,1,0.9868570377284358,향후 AI 사용 예정자,향후 AI 사용 예정자,True
38888,0,0,0.26110198304208215,현재 AI 사용자,현재 AI 사용자,True
54911,0,0,0.46639336043278734,현재 AI 사용자,현재 AI 사용자,True
49298,0,0,0.24914952600991183,현재 AI 사용자,현재 AI 사용자,True
16978,1,1,0.9451259465264883,향후 AI 사용 예정자,향후 AI 사용 예정자,True
26126,0,0,0.366012752155269,현재 AI 사용자,현재 AI 사용자,True
22211,1,1,0.7021224181943719,향후 AI 사용 예정자,향후 AI 사용 예정자,True
61438,1,1,0.7942807240021222,향후 AI 사용 예정자,향후 AI 사용 예정자,True
62219,1,1,0.9516951699298567,향후 AI 사용 예정자,향후 AI 사용 예정자,True
27156,0,0,0.3012098092903441,현재 AI 사용자,현재 AI 사용자,True
22247,0,0,0.47744357505200574,현재 AI 사용자,현재 AI 사용자,True
61333,0,0,0.4609150846035305,현재 AI 사용자,현재 AI 사용자,True
35066,1,1,0.8214391831479687,향후 AI 사용 예정자,향후 AI 사용 예정자,True
31261,0,0,0.11174903789284481,현재 AI 사용자,현재 AI 사용자,True
25908,0,1,0.5273893416830407,현재 AI 사용자,향후 AI 사용 예정자,False
31831,1,1,0.9127195656954415,향후 AI 사용 예정자,향후 AI 사용 예정자,True
43869,1,1,0.9530134675608599,향후 AI 사용 예정자,향후 AI 사용 예정자,True
52352,0,0,0.3136583573159778,현재 AI 사용자,현재 AI 사용자,True
25011,1,1,0.9585524020356375,향후 AI 사용 예정자,향후 AI 사용 예정자,True
42138,1,1,0.9494465397623736,향후 AI 사용 예정자,향후 AI 사용 예정자,True
26696,1,1,0.8601988703893022,향후 AI 사용 예정자,향후 AI 사용 예정자,True
13116,1,1,0.566345671316075,향후 AI 사용 예정자,향후 AI 사용 예정자,True
8136,1,1,0.9713584397236373,향후 AI 사용 예정자,향후 AI 사용 예정자,True
20809,0,1,0.6300702190609498,현재 AI 사용자,향후 AI 사용 예정자,False
15188,1,1,0.6625972796339552,향후 AI 사용 예정자,향후 AI 사용 예정자,True
20023,1,1,0.9014479748811801,향후 AI 사용 예정자,향후 AI 사용 예정자,True
46608,0,0,0.15792287076975034,현재 AI 사용자,현재 AI 사용자,True
23098,1,1,0.6564674718929779,향후 AI 사용 예정자,향후 AI 사용 예정자,True
29336,1,1,0.8705786985174491,향후 AI 사용 예정자,향후 AI 사용 예정자,True
60345,0,1,0.5204812651201722,현재 AI 사용자,향후 AI 사용 예정자,False
26922,1,1,0.7768474242924592,향후 AI 사용 예정자,향후 AI 사용 예정자,True
30748,0,0,0.24858402622545353,현재 AI 사용자,현재 AI 사용자,True
26197,1,1,0.7189948396174006,향후 AI 사용 예정자,향후 AI 사용 예정자,True
21447,1,0,0.2137938370884579,향후 AI 사용 예정자,현재 AI 사용자,False
63666,1,1,0.8529836022292818,향후 AI 사용 예정자,향후 AI 사용 예정자,True
26461,0,0,0.21503640479807148,현재 AI 사용자,현재 AI 사용자,True
30100,1,0,0.1836544023139606,향후 AI 사용 예정자,현재 AI 사용자,False
34972,0,1,0.643598150054335,현재 AI 사용자,향후 AI 사용 예정자,False
48417,0,0,0.46847038274827574,현재 AI 사용자,현재 AI 사용자,True
28870,0,1,0.6732528445401446,현재 AI 사용자,향후 AI 사용 예정자,False
30083,1,1,0.9230301370822577,향후 AI 사용 예정자,향후 AI 사용 예정자,True
26481,0,0,0.41050051890553313,현재 AI 사용자,현재 AI 사용자,True
60193,0,1,0.5895451118469613,현재 AI 사용자,향후 AI 사용 예정자,False
21019,1,1,0.9794799849032264,향후 AI 사용 예정자,향후 AI 사용 예정자,True
15455,1,1,0.9047523418597351,향후 AI 사용 예정자,향후 AI 사용 예정자,True
44953,0,0,0.32600120258715004,현재 AI 사용자,현재 AI 사용자,True
1450,0,0,0.08865563206529997,현재 AI 사용자,현재 AI 사용자,True
24911,1,1,0.6870757770996766,향후 AI 사용 예정자,향후 AI 사용 예정자,True
13646,0,0,0.3128954139670034,현재 AI 사용자,현재 AI 사용자,True
11210,0,0,0.21839592345228073,현재 AI 사용자,현재 AI 사용자,True
46466,0,0,0.1605980466848052,현재 AI 사용자,현재 AI 사용자,True
52389,0,0,0.18373080986669035,현재 AI 사용자,현재 AI 사용자,True
61145,1,1,0.8708269368627027,향후 AI 사용 예정자,향후 AI 사용 예정자,True
19428,0,1,0.5094720778209306,현재 AI 사용자,향후 AI 사용 예정자,False
4367,0,1,0.5109501950916783,현재 AI 사용자,향후 AI 사용 예정자,False
11238,0,0,0.3032614188557159,현재 AI 사용자,현재 AI 사용자,True
54939,0,0,0.22065552191141627,현재 AI 사용자,현재 AI 사용자,True
13327,0,1,0.785629907728681,현재 AI 사용자,향후 AI 사용 예정자,False
17858,1,1,0.8090104726117293,향후 AI 사용 예정자,향후 AI 사용 예정자,True
485,1,1,0.9667133531636549,향후 AI 사용 예정자,향후 AI 사용 예정자,True
3789,0,0,0.09908874866887427,현재 AI 사용자,현재 AI 사용자,True
16270,1,1,0.9944852447650164,향후 AI 사용 예정자,향후 AI 사용 예정자,True
28479,0,1,0.5273412522560057,현재 AI 사용자,향후 AI 사용 예정자,False
28262,1,0,0.2507626969288361,향후 AI 사용 예정자,현재 AI 사용자,False
32656,1,1,0.9012903407821025,향후 AI 사용 예정자,향후 AI 사용 예정자,True
37520,1,1,0.7681848367248281,향후 AI 사용 예정자,향후 AI 사용 예정자,True
17521,0,1,0.9093071887550366,현재 AI 사용자,향후 AI 사용 예정자,False
10379,1,1,0.9236181846026036,향후 AI 사용 예정자,향후 AI 사용 예정자,True
39461,1,1,0.9516286416445521,향후 AI 사용 예정자,향후 AI 사용 예정자,True
10415,1,1,0.6738870465803722,향후 AI 사용 예정자,향후 AI 사용 예정자,True
46456,0,0,0.3170596224189368,현재 AI 사용자,현재 AI 사용자,True
25670,1,1,0.9281072648964604,향후 AI 사용 예정자,향후 AI 사용 예정자,True
13029,1,1,0.9302611769672396,향후 AI 사용 예정자,향후 AI 사용 예정자,True
37655,1,0,0.3639553266765812,향후 AI 사용 예정자,현재 AI 사용자,False
29741,1,1,0.9313957188146798,향후 AI 사용 예정자,향후 AI 사용 예정자,True
3786,1,1,0.8616651897311364,향후 AI 사용 예정자,향후 AI 사용 예정자,True
48966,1,0,0.34858696941642137,향후 AI 사용 예정자,현재 AI 사용자,False
2284,0,0,0.11872152613877389,현재 AI 사용자,현재 AI 사용자,True
47055,0,0,0.29489027326518624,현재 AI 사용자,현재 AI 사용자,True
9601,1,0,0.4846917430741157,향후 AI 사용 예정자,현재 AI 사용자,False
14213,1,1,0.9352400109819161,향후 AI 사용 예정자,향후 AI 사용 예정자,True
49808,0,0,0.30940371189124677,현재 AI 사용자,현재 AI 사용자,True
27735,0,1,0.7360707096522565,현재 AI 사용자,향후 AI 사용 예정자,False
49852,0,0,0.1946556751536408,현재 AI 사용자,현재 AI 사용자,True
3060,0,0,0.11379090578566545,현재 AI 사용자,현재 AI 사용자,True
20090,1,1,0.9650185853866602,향후 AI 사용 예정자,향후 AI 사용 예정자,True
39526,1,1,0.9117498520388264,향후 AI 사용 예정자,향후 AI 사용 예정자,True
26991,1,0,0.382843667480422,향후 AI 사용 예정자,현재 AI 사용자,False
24642,0,1,0.5614805029276175,현재 AI 사용자,향후 AI 사용 예정자,False
14114,1,0,0.40309810447578015,향후 AI 사용 예정자,현재 AI 사용자,False
17315,1,1,0.8647087819106075,향후 AI 사용 예정자,향후 AI 사용 예정자,True
24679,1,1,0.8604658828383036,향후 AI 사용 예정자,향후 AI 사용 예정자,True
25794,1,1,0.9725680582315127,향후 AI 사용 예정자,향후 AI 사용 예정자,True
27784,0,1,0.5468857151350991,현재 AI 사용자,향후 AI 사용 예정자,False
23609,0,0,0.2591787019311738,현재 AI 사용자,현재 AI 사용자,True
19246,1,1,0.8880300865264235,향후 AI 사용 예정자,향후 AI 사용 예정자,True
59617,0,1,0.505066710263281,현재 AI 사용자,향후 AI 사용 예정자,False
50426,1,1,0.9483797377051643,향후 AI 사용 예정자,향후 AI 사용 예정자,True
62103,0,1,0.910573213197575,현재 AI 사용자,향후 AI 사용 예정자,False
33401,1,1,0.833242902266649,향후 AI 사용 예정자,향후 AI 사용 예정자,True
3508,1,1,0.9717004927448518,향후 AI 사용 예정자,향후 AI 사용 예정자,True
38794,1,1,0.879837546497882,향후 AI 사용 예정자,향후 AI 사용 예정자,True
4225,0,0,0.12997460618672055,현재 AI 사용자,현재 AI 사용자,True
65421,1,1,0.6700958971215873,향후 AI 사용 예정자,향후 AI 사용 예정자,True
49089,1,1,0.7165805011909692,향후 AI 사용 예정자,향후 AI 사용 예정자,True
33838,0,1,0.7278795830841209,현재 AI 사용자,향후 AI 사용 예정자,False
39890,1,1,0.7360811609630525,향후 AI 사용 예정자,향후 AI 사용 예정자,True
7376,1,1,0.9598563030132947,향후 AI 사용 예정자,향후 AI 사용 예정자,True
63540,0,1,0.6864395278979732,현재 AI 사용자,향후 AI 사용 예정자,False
617,0,0,0.18754223136583462,현재 AI 사용자,현재 AI 사용자,True
7344,0,0,0.07591759731443959,현재 AI 사용자,현재 AI 사용자,True
50273,1,1,0.6712634560753876,향후 AI 사용 예정자,향후 AI 사용 예정자,True
4352,1,1,0.7333402541105223,향후 AI 사용 예정자,향후 AI 사용 예정자,True
28896,1,1,0.9407282409224249,향후 AI 사용 예정자,향후 AI 사용 예정자,True
52436,0,0,0.3452067183416866,현재 AI 사용자,현재 AI 사용자,True
26916,0,0,0.3307265850034964,현재 AI 사용자,현재 AI 사용자,True
43139,1,1,0.9311589735516321,향후 AI 사용 예정자,향후 AI 사용 예정자,True
25988,0,0,0.1948983783028938,현재 AI 사용자,현재 AI 사용자,True
36031,1,1,0.5084543489753957,향후 AI 사용 예정자,향후 AI 사용 예정자,True
2638,1,1,0.6352907806352281,향후 AI 사용 예정자,향후 AI 사용 예정자,True
20935,1,1,0.8826079803676953,향후 AI 사용 예정자,향후 AI 사용 예정자,True
26087,1,1,0.57902236652689,향후 AI 사용 예정자,향후 AI 사용 예정자,True
41958,1,1,0.8869052742595397,향후 AI 사용 예정자,향후 AI 사용 예정자,True
46923,0,1,0.6886588897579183,현재 AI 사용자,향후 AI 사용 예정자,False
16228,0,0,0.30154875294048145,현재 AI 사용자,현재 AI 사용자,True
2297,1,1,0.5590246953795694,향후 AI 사용 예정자,향후 AI 사용 예정자,True
12325,1,1,0.9903092466967562,향후 AI 사용 예정자,향후 AI 사용 예정자,True
57368,1,1,0.8682944084806792,향후 AI 사용 예정자,향후 AI 사용 예정자,True
1877,1,0,0.4986455759958298,향후 AI 사용 예정자,현재 AI 사용자,False
39809,1,1,0.994763946200681,향후 AI 사용 예정자,향후 AI 사용 예정자,True
64638,1,1,0.9529222544001517,향후 AI 사용 예정자,향후 AI 사용 예정자,True
11896,1,1,0.7202365369740767,향후 AI 사용 예정자,향후 AI 사용 예정자,True
57014,1,1,0.8708269368627027,향후 AI 사용 예정자,향후 AI 사용 예정자,True
59352,1,1,0.6330348062322991,향후 AI 사용 예정자,향후 AI 사용 예정자,True
16941,1,1,0.7597540973532148,향후 AI 사용 예정자,향후 AI 사용 예정자,True
5303,0,0,0.27361057724647203,현재 AI 사용자,현재 AI 사용자,True
11777,0,1,0.749195738398475,현재 AI 사용자,향후 AI 사용 예정자,False
64011,1,1,0.8781789406083571,향후 AI 사용 예정자,향후 AI 사용 예정자,True
392,1,1,0.6892559572659087,향후 AI 사용 예정자,향후 AI 사용 예정자,True
62863,1,1,0.8679383513164581,향후 AI 사용 예정자,향후 AI 사용 예정자,True
261,0,1,0.5613920582987763,현재 AI 사용자,향후 AI 사용 예정자,False
35535,0,0,0.40130818599847395,현재 AI 사용자,현재 AI 사용자,True
34164,1,1,0.8725075504563082,향후 AI 사용 예정자,향후 AI 사용 예정자,True
50614,0,0,0.20319352548760392,현재 AI 사용자,현재 AI 사용자,True
19314,1,1,0.8904708776571897,향후 AI 사용 예정자,향후 AI 사용 예정자,True
26136,1,1,0.7078218797505881,향후 AI 사용 예정자,향후 AI 사용 예정자,True
50397,1,1,0.5200826701340278,향후 AI 사용 예정자,향후 AI 사용 예정자,True
16811,0,0,0.17716875947546495,현재 AI 사용자,현재 AI 사용자,True
18003,0,1,0.5107194074936972,현재 AI 사용자,향후 AI 사용 예정자,False
40142,1,1,0.6917727988698403,향후 AI 사용 예정자,향후 AI 사용 예정자,True
6999,0,0,0.10226251550873834,현재 AI 사용자,현재 AI 사용자,True
25846,1,1,0.9966795099408969,향후 AI 사용 예정자,향후 AI 사용 예정자,True
56572,1,1,0.7575169449369089,향후 AI 사용 예정자,향후 AI 사용 예정자,True
2055,1,1,0.5550853639841071,향후 AI 사용 예정자,향후 AI 사용 예정자,True
36094,0,0,0.46589611323914837,현재 AI 사용자,현재 AI 사용자,True
36334,0,0,0.2601749257643327,현재 AI 사용자,현재 AI 사용자,True
43012,0,0,0.297249770503157,현재 AI 사용자,현재 AI 사용자,True
17548,0,0,0.35539114865245325,현재 AI 사용자,현재 AI 사용자,True
27232,0,1,0.771030485608091,현재 AI 사용자,향후 AI 사용 예정자,False
28855,1,1,0.7756793754896825,향후 AI 사용 예정자,향후 AI 사용 예정자,True
24296,0,0,0.16305535675286126,현재 AI 사용자,현재 AI 사용자,True
43240,0,1,0.5724471317508066,현재 AI 사용자,향후 AI 사용 예정자,False
30914,1,1,0.9080737495273692,향후 AI 사용 예정자,향후 AI 사용 예정자,True
36780,1,1,0.8974335914790961,향후 AI 사용 예정자,향후 AI 사용 예정자,True
53315,1,1,0.894571641975854,향후 AI 사용 예정자,향후 AI 사용 예정자,True
13722,1,1,0.9767669722996779,향후 AI 사용 예정자,향후 AI 사용 예정자,True
55959,1,1,0.8385418520977167,향후 AI 사용 예정자,향후 AI 사용 예정자,True
20242,1,1,0.838712649921265,향후 AI 사용 예정자,향후 AI 사용 예정자,True
36222,1,1,0.9664252146497114,향후 AI 사용 예정자,향후 AI 사용 예정자,True
22479,0,1,0.8096094930087974,현재 AI 사용자,향후 AI 사용 예정자,False
45189,0,1,0.5444107949527717,현재 AI 사용자,향후 AI 사용 예정자,False
961,1,1,0.9351679131628383,향후 AI 사용 예정자,향후 AI 사용 예정자,True
44324,1,1,0.5676859382311047,향후 AI 사용 예정자,향후 AI 사용 예정자,True
54608,1,1,0.9931247608605736,향후 AI 사용 예정자,향후 AI 사용 예정자,True
17692,0,0,0.33813251118317905,현재 AI 사용자,현재 AI 사용자,True
26863,1,1,0.7458124817179718,향후 AI 사용 예정자,향후 AI 사용 예정자,True
44801,0,0,0.26913010579358804,현재 AI 사용자,현재 AI 사용자,True
49441,0,0,0.4058951884905853,현재 AI 사용자,현재 AI 사용자,True
3272,1,0,0.44442145435399366,향후 AI 사용 예정자,현재 AI 사용자,False
44463,1,1,0.6108391155481402,향후 AI 사용 예정자,향후 AI 사용 예정자,True
18200,0,0,0.26072683937353475,현재 AI 사용자,현재 AI 사용자,True
42452,0,0,0.3896222447627612,현재 AI 사용자,현재 AI 사용자,True
18724,0,0,0.16169552215314634,현재 AI 사용자,현재 AI 사용자,True
39431,1,1,0.5281339689298495,향후 AI 사용 예정자,향후 AI 사용 예정자,True
15558,0,0,0.3540954172467436,현재 AI 사용자,현재 AI 사용자,True
28993,1,1,0.5839565064541467,향후 AI 사용 예정자,향후 AI 사용 예정자,True
3492,1,1,0.9288894021945743,향후 AI 사용 예정자,향후 AI 사용 예정자,True
4116,1,1,0.9439665487006355,향후 AI 사용 예정자,향후 AI 사용 예정자,True
14424,1,1,0.9918237891770119,향후 AI 사용 예정자,향후 AI 사용 예정자,True
43148,0,0,0.38506836924466825,현재 AI 사용자,현재 AI 사용자,True
29430,1,1,0.8141459950500431,향후 AI 사용 예정자,향후 AI 사용 예정자,True
48557,1,1,0.9762164236338317,향후 AI 사용 예정자,향후 AI 사용 예정자,True
7625,1,1,0.6296144789335303,향후 AI 사용 예정자,향후 AI 사용 예정자,True
2458,1,0,0.28600452742311006,향후 AI 사용 예정자,현재 AI 사용자,False
36651,0,0,0.2708485420336194,현재 AI 사용자,현재 AI 사용자,True
56203,1,0,0.1742854775792058,향후 AI 사용 예정자,현재 AI 사용자,False
25877,1,1,0.9333550253619238,향후 AI 사용 예정자,향후 AI 사용 예정자,True
65135,1,1,0.8718017892063614,향후 AI 사용 예정자,향후 AI 사용 예정자,True
11119,0,0,0.1089706510904113,현재 AI 사용자,현재 AI 사용자,True
53734,1,1,0.7934101221872562,향후 AI 사용 예정자,향후 AI 사용 예정자,True
24477,1,1,0.8889302053487854,향후 AI 사용 예정자,향후 AI 사용 예정자,True
41032,0,0,0.3363586588340252,현재 AI 사용자,현재 AI 사용자,True
29400,1,1,0.8316142876767515,향후 AI 사용 예정자,향후 AI 사용 예정자,True
4510,0,1,0.8346911700802073,현재 AI 사용자,향후 AI 사용 예정자,False
27719,1,1,0.9026907931244147,향후 AI 사용 예정자,향후 AI 사용 예정자,True
8243,0,0,0.2634885805114736,현재 AI 사용자,현재 AI 사용자,True
22477,1,1,0.736483639046358,향후 AI 사용 예정자,향후 AI 사용 예정자,True
9331,0,1,0.6182446934724571,현재 AI 사용자,향후 AI 사용 예정자,False
1008,1,1,0.8181259539638126,향후 AI 사용 예정자,향후 AI 사용 예정자,True
104,1,0,0.1882417417007369,향후 AI 사용 예정자,현재 AI 사용자,False
37318,1,1,0.9200136013281448,향후 AI 사용 예정자,향후 AI 사용 예정자,True
16865,1,1,0.7413217814391851,향후 AI 사용 예정자,향후 AI 사용 예정자,True
47438,1,0,0.4029840661395864,향후 AI 사용 예정자,현재 AI 사용자,False
2571,0,1,0.8036315683422653,현재 AI 사용자,향후 AI 사용 예정자,False
34647,0,0,0.36274005833358747,현재 AI 사용자,현재 AI 사용자,True
40966,0,0,0.2832687116920884,현재 AI 사용자,현재 AI 사용자,True
16719,1,0,0.24606712263647804,향후 AI 사용 예정자,현재 AI 사용자,False
18340,0,0,0.19502098747105,현재 AI 사용자,현재 AI 사용자,True
29526,1,1,0.8221840210971844,향후 AI 사용 예정자,향후 AI 사용 예정자,True
5990,1,0,0.20023378227433375,향후 AI 사용 예정자,현재 AI 사용자,False
37642,1,1,0.9125484902034572,향후 AI 사용 예정자,향후 AI 사용 예정자,True
54559,1,0,0.4734042417249691,향후 AI 사용 예정자,현재 AI 사용자,False
60832,0,0,0.34891012536473526,현재 AI 사용자,현재 AI 사용자,True
12921,1,0,0.39826320754984884,향후 AI 사용 예정자,현재 AI 사용자,False
35002,1,1,0.9602369360219445,향후 AI 사용 예정자,향후 AI 사용 예정자,True
9449,1,1,0.8921928698652778,향후 AI 사용 예정자,향후 AI 사용 예정자,True
29482,1,1,0.5977953123233561,향후 AI 사용 예정자,향후 AI 사용 예정자,True
12339,0,1,0.7006190609933026,현재 AI 사용자,향후 AI 사용 예정자,False
7277,1,1,0.9217399784269552,향후 AI 사용 예정자,향후 AI 사용 예정자,True
1601,1,0,0.4961287472623402,향후 AI 사용 예정자,현재 AI 사용자,False
14414,1,1,0.8666218839244788,향후 AI 사용 예정자,향후 AI 사용 예정자,True
5305,0,1,0.5942420782770734,현재 AI 사용자,향후 AI 사용 예정자,False
43091,0,1,0.6534724774878627,현재 AI 사용자,향후 AI 사용 예정자,False
2563,0,1,0.501646337591655,현재 AI 사용자,향후 AI 사용 예정자,False
38266,1,1,0.6264861421878549,향후 AI 사용 예정자,향후 AI 사용 예정자,True
36872,1,0,0.48286293557831306,향후 AI 사용 예정자,현재 AI 사용자,False
41365,1,1,0.9363927135683281,향후 AI 사용 예정자,향후 AI 사용 예정자,True
38023,1,1,0.9353932442809939,향후 AI 사용 예정자,향후 AI 사용 예정자,True
801,1,1,0.9263895800951223,향후 AI 사용 예정자,향후 AI 사용 예정자,True
56966,1,1,0.9917919238259109,향후 AI 사용 예정자,향후 AI 사용 예정자,True
16555,1,1,0.7501703534430847,향후 AI 사용 예정자,향후 AI 사용 예정자,True
60649,1,1,0.7540212559360041,향후 AI 사용 예정자,향후 AI 사용 예정자,True
42423,1,0,0.2197629842539431,향후 AI 사용 예정자,현재 AI 사용자,False
33762,0,1,0.818735220971056,현재 AI 사용자,향후 AI 사용 예정자,False
709,0,0,0.26866576860701874,현재 AI 사용자,현재 AI 사용자,True
20414,0,0,0.3142885849110172,현재 AI 사용자,현재 AI 사용자,True
38558,1,1,0.6290397288950398,향후 AI 사용 예정자,향후 AI 사용 예정자,True
50497,0,0,0.3942502106707947,현재 AI 사용자,현재 AI 사용자,True
9879,1,1,0.9897315619478949,향후 AI 사용 예정자,향후 AI 사용 예정자,True
22138,0,1,0.5987977293282808,현재 AI 사용자,향후 AI 사용 예정자,False
19528,1,1,0.8868406369518762,향후 AI 사용 예정자,향후 AI 사용 예정자,True
44941,1,1,0.9758232283285674,향후 AI 사용 예정자,향후 AI 사용 예정자,True
30332,1,1,0.9606306278726549,향후 AI 사용 예정자,향후 AI 사용 예정자,True
12411,0,1,0.6744817449191636,현재 AI 사용자,향후 AI 사용 예정자,False
58678,1,0,0.37594356151909797,향후 AI 사용 예정자,현재 AI 사용자,False
301,0,0,0.1758136688173192,현재 AI 사용자,현재 AI 사용자,True
50490,0,1,0.656390750284642,현재 AI 사용자,향후 AI 사용 예정자,False
3507,1,1,0.8443954540894961,향후 AI 사용 예정자,향후 AI 사용 예정자,True
48902,1,1,0.7074290371644192,향후 AI 사용 예정자,향후 AI 사용 예정자,True
58137,1,1,0.7612384147262994,향후 AI 사용 예정자,향후 AI 사용 예정자,True
56202,1,1,0.7546739750203229,향후 AI 사용 예정자,향후 AI 사용 예정자,True
10032,1,1,0.9596089823902818,향후 AI 사용 예정자,향후 AI 사용 예정자,True
17454,0,0,0.2991612459974052,현재 AI 사용자,현재 AI 사용자,True
22067,0,0,0.2119977373829791,현재 AI 사용자,현재 AI 사용자,True
14935,1,0,0.45273008520329944,향후 AI 사용 예정자,현재 AI 사용자,False
42797,0,0,0.321762593075019,현재 AI 사용자,현재 AI 사용자,True
36919,1,0,0.4635966806991592,향후 AI 사용 예정자,현재 AI 사용자,False
48930,0,0,0.24196438255560737,현재 AI 사용자,현재 AI 사용자,True
46304,1,1,0.8178526323479219,향후 AI 사용 예정자,향후 AI 사용 예정자,True
4056,0,0,0.2374572721831401,현재 AI 사용자,현재 AI 사용자,True
16816,0,0,0.24450221368446695,현재 AI 사용자,현재 AI 사용자,True
46727,1,1,0.9463463520313217,향후 AI 사용 예정자,향후 AI 사용 예정자,True
33575,1,1,0.9054529723990997,향후 AI 사용 예정자,향후 AI 사용 예정자,True
35402,0,0,0.46418470283750035,현재 AI 사용자,현재 AI 사용자,True
6797,0,0,0.3034536342300673,현재 AI 사용자,현재 AI 사용자,True
12648,1,1,0.9689179354183003,향후 AI 사용 예정자,향후 AI 사용 예정자,True
45608,1,1,0.9632772019189392,향후 AI 사용 예정자,향후 AI 사용 예정자,True
34946,1,1,0.8601367342415338,향후 AI 사용 예정자,향후 AI 사용 예정자,True
5878,1,1,0.8391276543655042,향후 AI 사용 예정자,향후 AI 사용 예정자,True
14401,0,0,0.3236806140134333,현재 AI 사용자,현재 AI 사용자,True
32345,0,0,0.2876224545806178,현재 AI 사용자,현재 AI 사용자,True
28205,1,0,0.36819587834246864,향후 AI 사용 예정자,현재 AI 사용자,False
11611,0,0,0.38524595032085046,현재 AI 사용자,현재 AI 사용자,True
60663,0,0,0.1965137625400526,현재 AI 사용자,현재 AI 사용자,True
48820,1,0,0.29638343193556727,향후 AI 사용 예정자,현재 AI 사용자,False
54306,1,1,0.7867467861625224,향후 AI 사용 예정자,향후 AI 사용 예정자,True
43938,0,0,0.23277279644359544,현재 AI 사용자,현재 AI 사용자,True
53975,1,1,0.5973971869699943,향후 AI 사용 예정자,향후 AI 사용 예정자,True
30595,1,1,0.9435025315842696,향후 AI 사용 예정자,향후 AI 사용 예정자,True
25921,1,0,0.18249685981462857,향후 AI 사용 예정자,현재 AI 사용자,False
5513,1,1,0.8430369356161739,향후 AI 사용 예정자,향후 AI 사용 예정자,True
3413,1,1,0.8124041635205038,향후 AI 사용 예정자,향후 AI 사용 예정자,True
25776,0,1,0.8003026761884264,현재 AI 사용자,향후 AI 사용 예정자,False
30916,0,0,0.45577877814961126,현재 AI 사용자,현재 AI 사용자,True
52417,1,1,0.8294174794344789,향후 AI 사용 예정자,향후 AI 사용 예정자,True
39273,1,1,0.6380509703195598,향후 AI 사용 예정자,향후 AI 사용 예정자,True
25339,1,1,0.94364759077789,향후 AI 사용 예정자,향후 AI 사용 예정자,True
7870,0,0,0.3063971476751696,현재 AI 사용자,현재 AI 사용자,True
22736,1,1,0.884678334295869,향후 AI 사용 예정자,향후 AI 사용 예정자,True
25501,1,1,0.9281698842529936,향후 AI 사용 예정자,향후 AI 사용 예정자,True
58300,1,1,0.8566738069442628,향후 AI 사용 예정자,향후 AI 사용 예정자,True
53461,0,1,0.9271512142132732,현재 AI 사용자,향후 AI 사용 예정자,False
37439,1,1,0.8208532648125841,향후 AI 사용 예정자,향후 AI 사용 예정자,True
22914,0,0,0.4984993058426774,현재 AI 사용자,현재 AI 사용자,True
54567,1,1,0.8568187417315234,향후 AI 사용 예정자,향후 AI 사용 예정자,True
14997,0,0,0.3715872733892743,현재 AI 사용자,현재 AI 사용자,True
43776,1,1,0.6621081512711358,향후 AI 사용 예정자,향후 AI 사용 예정자,True
46017,1,1,0.8868011810253794,향후 AI 사용 예정자,향후 AI 사용 예정자,True
24349,0,0,0.19686414861173362,현재 AI 사용자,현재 AI 사용자,True
16770,1,1,0.7704087818977902,향후 AI 사용 예정자,향후 AI 사용 예정자,True
56191,1,1,0.788379136001616,향후 AI 사용 예정자,향후 AI 사용 예정자,True
20891,1,1,0.7795902066034661,향후 AI 사용 예정자,향후 AI 사용 예정자,True
6584,1,1,0.9699002239511122,향후 AI 사용 예정자,향후 AI 사용 예정자,True
38577,1,1,0.9811921748627971,향후 AI 사용 예정자,향후 AI 사용 예정자,True
36381,0,1,0.5055652785911853,현재 AI 사용자,향후 AI 사용 예정자,False
13998,1,1,0.751696181237754,향후 AI 사용 예정자,향후 AI 사용 예정자,True
40022,0,0,0.2255389346443417,현재 AI 사용자,현재 AI 사용자,True
23847,1,1,0.5907069373340788,향후 AI 사용 예정자,향후 AI 사용 예정자,True
23069,0,0,0.45134458353283013,현재 AI 사용자,현재 AI 사용자,True
21826,0,0,0.21838827489703902,현재 AI 사용자,현재 AI 사용자,True
7978,1,1,0.555773695595385,향후 AI 사용 예정자,향후 AI 사용 예정자,True
6906,1,1,0.8760413018187138,향후 AI 사용 예정자,향후 AI 사용 예정자,True
50883,1,1,0.7456718649810963,향후 AI 사용 예정자,향후 AI 사용 예정자,True
23381,1,0,0.4349160979657579,향후 AI 사용 예정자,현재 AI 사용자,False
17493,1,1,0.9091163126922095,향후 AI 사용 예정자,향후 AI 사용 예정자,True
34536,1,1,0.8692460906720137,향후 AI 사용 예정자,향후 AI 사용 예정자,True
19179,1,0,0.29037798799108533,향후 AI 사용 예정자,현재 AI 사용자,False
18745,1,1,0.873601239401868,향후 AI 사용 예정자,향후 AI 사용 예정자,True
1593,1,1,0.9764596879041577,향후 AI 사용 예정자,향후 AI 사용 예정자,True
4465,0,0,0.2835860723235372,현재 AI 사용자,현재 AI 사용자,True
4485,1,1,0.9363745734359689,향후 AI 사용 예정자,향후 AI 사용 예정자,True
19938,0,1,0.6139003510996516,현재 AI 사용자,향후 AI 사용 예정자,False
38335,1,1,0.899875434337608,향후 AI 사용 예정자,향후 AI 사용 예정자,True
53690,1,1,0.9241720821133738,향후 AI 사용 예정자,향후 AI 사용 예정자,True
7433,0,1,0.6942803489952837,현재 AI 사용자,향후 AI 사용 예정자,False
36958,1,1,0.9739977177517977,향후 AI 사용 예정자,향후 AI 사용 예정자,True
49252,0,1,0.8573624538355541,현재 AI 사용자,향후 AI 사용 예정자,False
49415,0,1,0.709719929811411,현재 AI 사용자,향후 AI 사용 예정자,False
63621,1,1,0.89735691068484,향후 AI 사용 예정자,향후 AI 사용 예정자,True
18425,0,0,0.38557473462756886,현재 AI 사용자,현재 AI 사용자,True
40599,1,1,0.8799771711028949,향후 AI 사용 예정자,향후 AI 사용 예정자,True
20422,0,1,0.8525928392628207,현재 AI 사용자,향후 AI 사용 예정자,False
40194,1,1,0.9735735718836003,향후 AI 사용 예정자,향후 AI 사용 예정자,True
13546,1,1,0.5412251228341548,향후 AI 사용 예정자,향후 AI 사용 예정자,True
34467,1,0,0.23344861874416395,향후 AI 사용 예정자,현재 AI 사용자,False
25445,1,1,0.706375729900825,향후 AI 사용 예정자,향후 AI 사용 예정자,True
15692,0,0,0.04955991467782395,현재 AI 사용자,현재 AI 사용자,True
48807,1,1,0.9378815647480907,향후 AI 사용 예정자,향후 AI 사용 예정자,True
13361,1,1,0.8330443277215781,향후 AI 사용 예정자,향후 AI 사용 예정자,True
23522,0,0,0.35431606570270635,현재 AI 사용자,현재 AI 사용자,True
27398,1,1,0.9154543630550078,향후 AI 사용 예정자,향후 AI 사용 예정자,True
24358,0,0,0.20684114802062933,현재 AI 사용자,현재 AI 사용자,True
42455,1,0,0.27717809770439683,향후 AI 사용 예정자,현재 AI 사용자,False
44757,1,1,0.9904821196723169,향후 AI 사용 예정자,향후 AI 사용 예정자,True
18584,0,1,0.5021960903570324,현재 AI 사용자,향후 AI 사용 예정자,False
27467,1,1,0.9480526522325171,향후 AI 사용 예정자,향후 AI 사용 예정자,True
28237,1,1,0.5720332253150653,향후 AI 사용 예정자,향후 AI 사용 예정자,True
43737,1,1,0.8817419823921853,향후 AI 사용 예정자,향후 AI 사용 예정자,True
41706,0,0,0.4245574447393071,현재 AI 사용자,현재 AI 사용자,True
45145,0,0,0.07770622829093539,현재 AI 사용자,현재 AI 사용자,True
2384,1,0,0.43352823014892755,향후 AI 사용 예정자,현재 AI 사용자,False
46207,0,0,0.2594082522198573,현재 AI 사용자,현재 AI 사용자,True
60415,0,0,0.4048082927041693,현재 AI 사용자,현재 AI 사용자,True
25839,1,1,0.7982517923807468,향후 AI 사용 예정자,향후 AI 사용 예정자,True
45986,0,0,0.2723819266314554,현재 AI 사용자,현재 AI 사용자,True
54984,1,1,0.7942824029136022,향후 AI 사용 예정자,향후 AI 사용 예정자,True
26847,1,1,0.9326041091186499,향후 AI 사용 예정자,향후 AI 사용 예정자,True
5163,1,0,0.4334099613854971,향후 AI 사용 예정자,현재 AI 사용자,False
32593,1,1,0.9501157397335503,향후 AI 사용 예정자,향후 AI 사용 예정자,True
43972,1,1,0.7122712262230035,향후 AI 사용 예정자,향후 AI 사용 예정자,True
16338,1,1,0.9786330816264187,향후 AI 사용 예정자,향후 AI 사용 예정자,True
63368,1,1,0.8847255087315719,향후 AI 사용 예정자,향후 AI 사용 예정자,True
40451,1,1,0.6431510087029768,향후 AI 사용 예정자,향후 AI 사용 예정자,True
30462,0,0,0.27842257526164865,현재 AI 사용자,현재 AI 사용자,True
47747,1,0,0.3872341675113295,향후 AI 사용 예정자,현재 AI 사용자,False
7924,1,1,0.5872974606499861,향후 AI 사용 예정자,향후 AI 사용 예정자,True
49453,0,0,0.34514495783135934,현재 AI 사용자,현재 AI 사용자,True
5231,1,1,0.6342043636825163,향후 AI 사용 예정자,향후 AI 사용 예정자,True
6714,0,0,0.3943023771188877,현재 AI 사용자,현재 AI 사용자,True
43112,1,1,0.9391856379159953,향후 AI 사용 예정자,향후 AI 사용 예정자,True
17820,1,1,0.7296121028570375,향후 AI 사용 예정자,향후 AI 사용 예정자,True
44607,1,1,0.5618834783949718,향후 AI 사용 예정자,향후 AI 사용 예정자,True
30688,1,1,0.5963191259088046,향후 AI 사용 예정자,향후 AI 사용 예정자,True
24610,1,1,0.7783520500865014,향후 AI 사용 예정자,향후 AI 사용 예정자,True
35494,0,0,0.21683498101682105,현재 AI 사용자,현재 AI 사용자,True
28741,1,1,0.96614926748575,향후 AI 사용 예정자,향후 AI 사용 예정자,True
34611,1,0,0.4537351568522867,향후 AI 사용 예정자,현재 AI 사용자,False
17625,0,0,0.276183725627428,현재 AI 사용자,현재 AI 사용자,True
4429,0,0,0.15148044091873605,현재 AI 사용자,현재 AI 사용자,True
29730,0,0,0.14950354947504393,현재 AI 사용자,현재 AI 사용자,True
29102,0,0,0.25574455372504673,현재 AI 사용자,현재 AI 사용자,True
59246,0,0,0.1861778018028118,현재 AI 사용자,현재 AI 사용자,True
36182,1,1,0.8438632323826749,향후 AI 사용 예정자,향후 AI 사용 예정자,True
65404,1,1,0.8583190321646005,향후 AI 사용 예정자,향후 AI 사용 예정자,True
6942,1,1,0.9639765197509539,향후 AI 사용 예정자,향후 AI 사용 예정자,True
21319,1,1,0.7854702083352855,향후 AI 사용 예정자,향후 AI 사용 예정자,True
22738,1,1,0.9707806250426165,향후 AI 사용 예정자,향후 AI 사용 예정자,True
36613,0,0,0.35155772081954123,현재 AI 사용자,현재 AI 사용자,True
43334,1,1,0.9657559166446581,향후 AI 사용 예정자,향후 AI 사용 예정자,True
41781,1,1,0.9182416394365492,향후 AI 사용 예정자,향후 AI 사용 예정자,True
41635,1,1,0.9326444368016328,향후 AI 사용 예정자,향후 AI 사용 예정자,True
12833,0,0,0.13945792551632527,현재 AI 사용자,현재 AI 사용자,True
6561,1,1,0.7128642106928744,향후 AI 사용 예정자,향후 AI 사용 예정자,True
914,1,1,0.7109051747832185,향후 AI 사용 예정자,향후 AI 사용 예정자,True
31290,0,0,0.22161209310277177,현재 AI 사용자,현재 AI 사용자,True
8359,0,1,0.5649384748210539,현재 AI 사용자,향후 AI 사용 예정자,False
25942,1,1,0.598669316550234,향후 AI 사용 예정자,향후 AI 사용 예정자,True
47939,1,1,0.856097309295953,향후 AI 사용 예정자,향후 AI 사용 예정자,True
34853,1,1,0.8421271194642665,향후 AI 사용 예정자,향후 AI 사용 예정자,True
59011,1,1,0.9083534998601711,향후 AI 사용 예정자,향후 AI 사용 예정자,True
40201,1,1,0.6023466769381153,향후 AI 사용 예정자,향후 AI 사용 예정자,True
44958,1,0,0.45429918553859167,향후 AI 사용 예정자,현재 AI 사용자,False
25023,0,0,0.04086000767876273,현재 AI 사용자,현재 AI 사용자,True
26220,0,0,0.25456259424818123,현재 AI 사용자,현재 AI 사용자,True
20570,1,1,0.9858989732656047,향후 AI 사용 예정자,향후 AI 사용 예정자,True
20222,1,0,0.3363050801901111,향후 AI 사용 예정자,현재 AI 사용자,False
1662,0,1,0.7157647011030198,현재 AI 사용자,향후 AI 사용 예정자,False
35167,1,0,0.4109218610214865,향후 AI 사용 예정자,현재 AI 사용자,False
29779,0,0,0.30563395574815244,현재 AI 사용자,현재 AI 사용자,True
62406,1,1,0.867403383716031,향후 AI 사용 예정자,향후 AI 사용 예정자,True
43219,1,0,0.4505759573776814,향후 AI 사용 예정자,현재 AI 사용자,False
46527,1,0,0.14546066379762465,향후 AI 사용 예정자,현재 AI 사용자,False
53741,0,0,0.3177563714167243,현재 AI 사용자,현재 AI 사용자,True
35639,1,0,0.4237533326690626,향후 AI 사용 예정자,현재 AI 사용자,False
41092,1,1,0.7377417178316298,향후 AI 사용 예정자,향후 AI 사용 예정자,True
10064,0,1,0.5743422308661877,현재 AI 사용자,향후 AI 사용 예정자,False
52370,1,1,0.6505791503182483,향후 AI 사용 예정자,향후 AI 사용 예정자,True
30480,1,1,0.8327501140009955,향후 AI 사용 예정자,향후 AI 사용 예정자,True
57780,1,1,0.5662290615202761,향후 AI 사용 예정자,향후 AI 사용 예정자,True
58047,0,0,0.3255002623107576,현재 AI 사용자,현재 AI 사용자,True
38979,1,0,0.24461695751304396,향후 AI 사용 예정자,현재 AI 사용자,False
9066,1,0,0.3611226275434656,향후 AI 사용 예정자,현재 AI 사용자,False
57489,1,1,0.6289554108581964,향후 AI 사용 예정자,향후 AI 사용 예정자,True
37243,1,1,0.8035193779512698,향후 AI 사용 예정자,향후 AI 사용 예정자,True
2342,1,0,0.28623602298101264,향후 AI 사용 예정자,현재 AI 사용자,False
56532,1,1,0.9070604275465434,향후 AI 사용 예정자,향후 AI 사용 예정자,True
2155,0,1,0.507683810435542,현재 AI 사용자,향후 AI 사용 예정자,False
59491,1,1,0.9390895010269145,향후 AI 사용 예정자,향후 AI 사용 예정자,True
14734,0,0,0.45748142844657413,현재 AI 사용자,현재 AI 사용자,True
5071,0,1,0.6184814551640306,현재 AI 사용자,향후 AI 사용 예정자,False
44927,1,1,0.9666477074615324,향후 AI 사용 예정자,향후 AI 사용 예정자,True
35244,0,0,0.4913736954241363,현재 AI 사용자,현재 AI 사용자,True
36668,1,1,0.9177413035029337,향후 AI 사용 예정자,향후 AI 사용 예정자,True
56828,1,1,0.5467813882848169,향후 AI 사용 예정자,향후 AI 사용 예정자,True
38915,1,1,0.6057570892257041,향후 AI 사용 예정자,향후 AI 사용 예정자,True
21386,1,1,0.9104663076215129,향후 AI 사용 예정자,향후 AI 사용 예정자,True
1009,1,1,0.5964497376835304,향후 AI 사용 예정자,향후 AI 사용 예정자,True
16695,1,1,0.983637223462649,향후 AI 사용 예정자,향후 AI 사용 예정자,True
48710,0,0,0.47854197690281275,현재 AI 사용자,현재 AI 사용자,True
51115,1,1,0.9800208339078725,향후 AI 사용 예정자,향후 AI 사용 예정자,True
25273,1,1,0.6434548242059389,향후 AI 사용 예정자,향후 AI 사용 예정자,True
46269,0,0,0.3217258395670561,현재 AI 사용자,현재 AI 사용자,True
12546,1,0,0.11182814687193628,향후 AI 사용 예정자,현재 AI 사용자,False
43117,1,1,0.7324106695723139,향후 AI 사용 예정자,향후 AI 사용 예정자,True
14857,1,1,0.9493266147099548,향후 AI 사용 예정자,향후 AI 사용 예정자,True
3110,1,1,0.8439583788496339,향후 AI 사용 예정자,향후 AI 사용 예정자,True
65365,1,1,0.853306417679747,향후 AI 사용 예정자,향후 AI 사용 예정자,True
13319,1,1,0.9069410707246622,향후 AI 사용 예정자,향후 AI 사용 예정자,True
53658,1,1,0.55939450512741,향후 AI 사용 예정자,향후 AI 사용 예정자,True
40788,0,0,0.1649787073015524,현재 AI 사용자,현재 AI 사용자,True
65139,1,1,0.8249525420426143,향후 AI 사용 예정자,향후 AI 사용 예정자,True
45414,0,0,0.11001475631894495,현재 AI 사용자,현재 AI 사용자,True
51465,1,0,0.23135441828860026,향후 AI 사용 예정자,현재 AI 사용자,False
36654,1,0,0.49991576855916153,향후 AI 사용 예정자,현재 AI 사용자,False
51000,1,1,0.9261473783407924,향후 AI 사용 예정자,향후 AI 사용 예정자,True
22103,1,0,0.41682831197929515,향후 AI 사용 예정자,현재 AI 사용자,False
45532,0,0,0.24334157586196847,현재 AI 사용자,현재 AI 사용자,True
43727,1,1,0.9840904090077557,향후 AI 사용 예정자,향후 AI 사용 예정자,True
22569,1,1,0.7564877264719143,향후 AI 사용 예정자,향후 AI 사용 예정자,True
24870,0,1,0.5033720134543699,현재 AI 사용자,향후 AI 사용 예정자,False
11121,1,1,0.6175651609149525,향후 AI 사용 예정자,향후 AI 사용 예정자,True
54316,1,1,0.6975659398023968,향후 AI 사용 예정자,향후 AI 사용 예정자,True
44614,1,0,0.17200994430479202,향후 AI 사용 예정자,현재 AI 사용자,False
56761,1,1,0.5669114089273545,향후 AI 사용 예정자,향후 AI 사용 예정자,True
50168,0,0,0.29979095003813233,현재 AI 사용자,현재 AI 사용자,True
2887,1,1,0.9968419382828698,향후 AI 사용 예정자,향후 AI 사용 예정자,True
61929,1,1,0.5961141321359655,향후 AI 사용 예정자,향후 AI 사용 예정자,True
41923,0,1,0.5747556093134105,현재 AI 사용자,향후 AI 사용 예정자,False
44957,1,0,0.2471165495394823,향후 AI 사용 예정자,현재 AI 사용자,False
32972,0,1,0.7006280326949693,현재 AI 사용자,향후 AI 사용 예정자,False
22642,1,1,0.7868507266070471,향후 AI 사용 예정자,향후 AI 사용 예정자,True
44896,0,0,0.448176734963876,현재 AI 사용자,현재 AI 사용자,True
61366,1,1,0.8197805020437078,향후 AI 사용 예정자,향후 AI 사용 예정자,True
29630,1,0,0.4214946639024534,향후 AI 사용 예정자,현재 AI 사용자,False
51511,0,0,0.15933201359039428,현재 AI 사용자,현재 AI 사용자,True
22395,0,0,0.2052442215122737,현재 AI 사용자,현재 AI 사용자,True
46653,1,1,0.6404415266309834,향후 AI 사용 예정자,향후 AI 사용 예정자,True
3295,1,1,0.8345576377428896,향후 AI 사용 예정자,향후 AI 사용 예정자,True
48398,1,1,0.9124315306532528,향후 AI 사용 예정자,향후 AI 사용 예정자,True
32595,1,0,0.37539694145961383,향후 AI 사용 예정자,현재 AI 사용자,False
32488,0,0,0.2019458104654349,현재 AI 사용자,현재 AI 사용자,True
43252,1,0,0.11988876636805056,향후 AI 사용 예정자,현재 AI 사용자,False
45218,1,0,0.433115540910423,향후 AI 사용 예정자,현재 AI 사용자,False
31741,0,0,0.4085145656879213,현재 AI 사용자,현재 AI 사용자,True
37592,1,1,0.9186936748018144,향후 AI 사용 예정자,향후 AI 사용 예정자,True
56366,0,0,0.1220875846910006,현재 AI 사용자,현재 AI 사용자,True
17482,1,1,0.8781153453534798,향후 AI 사용 예정자,향후 AI 사용 예정자,True
2314,0,0,0.05877654168375572,현재 AI 사용자,현재 AI 사용자,True
48763,0,0,0.2834974206215233,현재 AI 사용자,현재 AI 사용자,True
57104,1,1,0.9106859628073459,향후 AI 사용 예정자,향후 AI 사용 예정자,True
11748,1,1,0.8030993080878287,향후 AI 사용 예정자,향후 AI 사용 예정자,True
48514,0,0,0.1412196469195804,현재 AI 사용자,현재 AI 사용자,True
511,0,0,0.37608200749211346,현재 AI 사용자,현재 AI 사용자,True
7435,1,1,0.9636284602723547,향후 AI 사용 예정자,향후 AI 사용 예정자,True
8059,0,0,0.38768300500555514,현재 AI 사용자,현재 AI 사용자,True
11492,1,0,0.17287519744079105,향후 AI 사용 예정자,현재 AI 사용자,False
1882,1,1,0.8785359971928597,향후 AI 사용 예정자,향후 AI 사용 예정자,True
60525,1,1,0.8798269187998258,향후 AI 사용 예정자,향후 AI 사용 예정자,True
7133,1,1,0.6575687544705345,향후 AI 사용 예정자,향후 AI 사용 예정자,True
17291,1,0,0.26874655634510936,향후 AI 사용 예정자,현재 AI 사용자,False
15738,0,0,0.40385678599865216,현재 AI 사용자,현재 AI 사용자,True
28748,0,0,0.09483876199631279,현재 AI 사용자,현재 AI 사용자,True
7158,1,1,0.6182832272882879,향후 AI 사용 예정자,향후 AI 사용 예정자,True
1263,1,1,0.9902195675473932,향후 AI 사용 예정자,향후 AI 사용 예정자,True
52440,1,1,0.8477806725718309,향후 AI 사용 예정자,향후 AI 사용 예정자,True
3279,1,1,0.9674484180148339,향후 AI 사용 예정자,향후 AI 사용 예정자,True
21445,1,0,0.3536773264063072,향후 AI 사용 예정자,현재 AI 사용자,False
14583,0,1,0.6813779050873253,현재 AI 사용자,향후 AI 사용 예정자,False
31447,1,1,0.8039151012052359,향후 AI 사용 예정자,향후 AI 사용 예정자,True
28603,1,1,0.7061900416121171,향후 AI 사용 예정자,향후 AI 사용 예정자,True
14141,1,0,0.4420294732153609,향후 AI 사용 예정자,현재 AI 사용자,False
8003,1,0,0.247716335570625,향후 AI 사용 예정자,현재 AI 사용자,False
50071,1,1,0.6461373841583169,향후 AI 사용 예정자,향후 AI 사용 예정자,True
10972,0,0,0.26275277542503067,현재 AI 사용자,현재 AI 사용자,True
50666,0,0,0.08701584729317063,현재 AI 사용자,현재 AI 사용자,True
18005,0,0,0.31395185128975767,현재 AI 사용자,현재 AI 사용자,True
35456,0,0,0.15098340828036932,현재 AI 사용자,현재 AI 사용자,True
5491,0,0,0.3994412729677655,현재 AI 사용자,현재 AI 사용자,True
23961,0,1,0.8595887714980426,현재 AI 사용자,향후 AI 사용 예정자,False
404,0,0,0.25557571882695496,현재 AI 사용자,현재 AI 사용자,True
19783,1,1,0.8938162072246564,향후 AI 사용 예정자,향후 AI 사용 예정자,True
14694,1,0,0.25843894214000446,향후 AI 사용 예정자,현재 AI 사용자,False
4623,0,0,0.3301034855566474,현재 AI 사용자,현재 AI 사용자,True
49596,0,0,0.3233280200857875,현재 AI 사용자,현재 AI 사용자,True
31524,1,0,0.33184563274566387,향후 AI 사용 예정자,현재 AI 사용자,False
15166,1,0,0.41364036665289416,향후 AI 사용 예정자,현재 AI 사용자,False
37111,0,0,0.4695360728958552,현재 AI 사용자,현재 AI 사용자,True
330,0,0,0.46434160085295184,현재 AI 사용자,현재 AI 사용자,True
24249,1,1,0.9592434252474035,향후 AI 사용 예정자,향후 AI 사용 예정자,True
3927,0,0,0.4117203907954666,현재 AI 사용자,현재 AI 사용자,True
62578,1,1,0.8740223938747219,향후 AI 사용 예정자,향후 AI 사용 예정자,True
1373,1,1,0.6956616921468319,향후 AI 사용 예정자,향후 AI 사용 예정자,True
15979,0,0,0.3767349744926838,현재 AI 사용자,현재 AI 사용자,True
11898,1,1,0.5592602422544763,향후 AI 사용 예정자,향후 AI 사용 예정자,True
2402,1,1,0.9796351045322831,향후 AI 사용 예정자,향후 AI 사용 예정자,True
15683,1,1,0.9707241869612255,향후 AI 사용 예정자,향후 AI 사용 예정자,True
24486,1,0,0.11369216909163485,향후 AI 사용 예정자,현재 AI 사용자,False
36882,1,1,0.7067735005590172,향후 AI 사용 예정자,향후 AI 사용 예정자,True
50075,0,1,0.5869197747060596,현재 AI 사용자,향후 AI 사용 예정자,False
60969,1,1,0.9184575178273656,향후 AI 사용 예정자,향후 AI 사용 예정자,True
22222,0,0,0.41238713645206876,현재 AI 사용자,현재 AI 사용자,True
9176,1,1,0.8394546045384669,향후 AI 사용 예정자,향후 AI 사용 예정자,True
61581,0,1,0.8455465743017968,현재 AI 사용자,향후 AI 사용 예정자,False
6822,1,0,0.4467773721706321,향후 AI 사용 예정자,현재 AI 사용자,False
27214,1,1,0.9833720801679342,향후 AI 사용 예정자,향후 AI 사용 예정자,True
45883,0,1,0.8426426230733898,현재 AI 사용자,향후 AI 사용 예정자,False
24087,0,1,0.5087439013956082,현재 AI 사용자,향후 AI 사용 예정자,False
53333,1,1,0.8764327237780183,향후 AI 사용 예정자,향후 AI 사용 예정자,True
43186,1,1,0.5815298971169786,향후 AI 사용 예정자,향후 AI 사용 예정자,True
51248,0,1,0.6243075467022591,현재 AI 사용자,향후 AI 사용 예정자,False
49812,0,0,0.30380351020069973,현재 AI 사용자,현재 AI 사용자,True
1395,1,1,0.9422719869586791,향후 AI 사용 예정자,향후 AI 사용 예정자,True
60375,0,1,0.6464474393866906,현재 AI 사용자,향후 AI 사용 예정자,False
6375,1,1,0.8430843985238693,향후 AI 사용 예정자,향후 AI 사용 예정자,True
56298,1,1,0.7292078229581551,향후 AI 사용 예정자,향후 AI 사용 예정자,True
64731,0,0,0.12585246741160186,현재 AI 사용자,현재 AI 사용자,True
25086,1,0,0.47769611921203664,향후 AI 사용 예정자,현재 AI 사용자,False
3929,0,0,0.45049143677052916,현재 AI 사용자,현재 AI 사용자,True
56244,0,1,0.577944754147817,현재 AI 사용자,향후 AI 사용 예정자,False
58803,1,1,0.7933785790172067,향후 AI 사용 예정자,향후 AI 사용 예정자,True
9185,1,1,0.8827437299527329,향후 AI 사용 예정자,향후 AI 사용 예정자,True
27494,1,0,0.1770089561220331,향후 AI 사용 예정자,현재 AI 사용자,False
59058,1,1,0.5701339057176599,향후 AI 사용 예정자,향후 AI 사용 예정자,True
10470,0,1,0.9073880409084547,현재 AI 사용자,향후 AI 사용 예정자,False
54412,0,0,0.4200693562981476,현재 AI 사용자,현재 AI 사용자,True
34689,1,1,0.9362025283639682,향후 AI 사용 예정자,향후 AI 사용 예정자,True
28646,0,0,0.14562710635736784,현재 AI 사용자,현재 AI 사용자,True
31537,1,0,0.4988317941820041,향후 AI 사용 예정자,현재 AI 사용자,False
27676,0,1,0.5800270255817552,현재 AI 사용자,향후 AI 사용 예정자,False
2768,1,1,0.9486646148873203,향후 AI 사용 예정자,향후 AI 사용 예정자,True
51851,1,1,0.8536045177151028,향후 AI 사용 예정자,향후 AI 사용 예정자,True
8518,1,1,0.790039030725955,향후 AI 사용 예정자,향후 AI 사용 예정자,True
42255,0,0,0.3379323751459775,현재 AI 사용자,현재 AI 사용자,True
3463,1,0,0.33262846188916767,향후 AI 사용 예정자,현재 AI 사용자,False
20597,1,1,0.8070046896163628,향후 AI 사용 예정자,향후 AI 사용 예정자,True
52025,1,1,0.9889209457014468,향후 AI 사용 예정자,향후 AI 사용 예정자,True
54213,1,1,0.7616703539366954,향후 AI 사용 예정자,향후 AI 사용 예정자,True
48016,0,0,0.3477150774473367,현재 AI 사용자,현재 AI 사용자,True
3566,0,0,0.1519797811632074,현재 AI 사용자,현재 AI 사용자,True
29711,1,1,0.9315246075930919,향후 AI 사용 예정자,향후 AI 사용 예정자,True
44768,1,1,0.9265692260330242,향후 AI 사용 예정자,향후 AI 사용 예정자,True
34581,0,0,0.11966467888033677,현재 AI 사용자,현재 AI 사용자,True
22571,1,1,0.7486940323330563,향후 AI 사용 예정자,향후 AI 사용 예정자,True
50977,1,1,0.8753643270468902,향후 AI 사용 예정자,향후 AI 사용 예정자,True
46416,1,1,0.8465158529681907,향후 AI 사용 예정자,향후 AI 사용 예정자,True
7953,0,0,0.23028441353712378,현재 AI 사용자,현재 AI 사용자,True
47083,0,0,0.05376877493243612,현재 AI 사용자,현재 AI 사용자,True
57532,0,0,0.24377337661821472,현재 AI 사용자,현재 AI 사용자,True
49881,1,1,0.9405474717297156,향후 AI 사용 예정자,향후 AI 사용 예정자,True
22931,0,1,0.6051121623552594,현재 AI 사용자,향후 AI 사용 예정자,False
35398,1,1,0.641707830132095,향후 AI 사용 예정자,향후 AI 사용 예정자,True
30247,0,0,0.36663298660857774,현재 AI 사용자,현재 AI 사용자,True
15044,1,1,0.938581301809975,향후 AI 사용 예정자,향후 AI 사용 예정자,True
31925,0,0,0.3787755227883168,현재 AI 사용자,현재 AI 사용자,True
37556,1,1,0.8973483873661597,향후 AI 사용 예정자,향후 AI 사용 예정자,True
21797,1,1,0.9205444540385564,향후 AI 사용 예정자,향후 AI 사용 예정자,True
64972,1,1,0.8781789406083571,향후 AI 사용 예정자,향후 AI 사용 예정자,True
5821,1,1,0.5891591713201412,향후 AI 사용 예정자,향후 AI 사용 예정자,True
45208,0,0,0.13032243614692254,현재 AI 사용자,현재 AI 사용자,True
18884,1,1,0.6259986318949999,향후 AI 사용 예정자,향후 AI 사용 예정자,True
43072,1,1,0.9631334748254938,향후 AI 사용 예정자,향후 AI 사용 예정자,True
42060,0,0,0.48321448144772955,현재 AI 사용자,현재 AI 사용자,True
61184,0,1,0.595371181473273,현재 AI 사용자,향후 AI 사용 예정자,False
48808,1,0,0.24757781218850944,향후 AI 사용 예정자,현재 AI 사용자,False
12742,1,1,0.9414358812844801,향후 AI 사용 예정자,향후 AI 사용 예정자,True
11929,0,1,0.764683475522842,현재 AI 사용자,향후 AI 사용 예정자,False
39821,1,1,0.9575171714076203,향후 AI 사용 예정자,향후 AI 사용 예정자,True
55782,0,0,0.1064333231722918,현재 AI 사용자,현재 AI 사용자,True
36745,0,0,0.3288293291548879,현재 AI 사용자,현재 AI 사용자,True
42528,1,1,0.8365940139678922,향후 AI 사용 예정자,향후 AI 사용 예정자,True
28666,0,1,0.8928913123761515,현재 AI 사용자,향후 AI 사용 예정자,False
4943,0,0,0.3026838634303302,현재 AI 사용자,현재 AI 사용자,True
8165,1,1,0.750552650043215,향후 AI 사용 예정자,향후 AI 사용 예정자,True
27320,1,1,0.9804778533430788,향후 AI 사용 예정자,향후 AI 사용 예정자,True
45849,1,1,0.9030093890876384,향후 AI 사용 예정자,향후 AI 사용 예정자,True
1200,1,1,0.8832443042355863,향후 AI 사용 예정자,향후 AI 사용 예정자,True
33194,1,1,0.5761955771653643,향후 AI 사용 예정자,향후 AI 사용 예정자,True
55921,1,1,0.5584500532265424,향후 AI 사용 예정자,향후 AI 사용 예정자,True
33278,1,1,0.7065122166446783,향후 AI 사용 예정자,향후 AI 사용 예정자,True
50313,1,1,0.5130001406478074,향후 AI 사용 예정자,향후 AI 사용 예정자,True
43996,1,0,0.40596693972756615,향후 AI 사용 예정자,현재 AI 사용자,False
14154,1,0,0.20327283315464678,향후 AI 사용 예정자,현재 AI 사용자,False
59928,1,1,0.8278790577556858,향후 AI 사용 예정자,향후 AI 사용 예정자,True
25274,1,1,0.8333195962719357,향후 AI 사용 예정자,향후 AI 사용 예정자,True
2245,0,0,0.3950303972940652,현재 AI 사용자,현재 AI 사용자,True
18524,1,0,0.4977849749372154,향후 AI 사용 예정자,현재 AI 사용자,False
26071,0,0,0.26255174587526864,현재 AI 사용자,현재 AI 사용자,True
13885,1,1,0.7976556542742268,향후 AI 사용 예정자,향후 AI 사용 예정자,True
39904,0,0,0.2773450396810714,현재 AI 사용자,현재 AI 사용자,True
26982,0,0,0.3849225587165573,현재 AI 사용자,현재 AI 사용자,True
15813,1,1,0.9088754735416064,향후 AI 사용 예정자,향후 AI 사용 예정자,True
42996,0,0,0.2488789546657177,현재 AI 사용자,현재 AI 사용자,True
3221,1,1,0.6878880921799179,향후 AI 사용 예정자,향후 AI 사용 예정자,True
20991,1,0,0.24684496901471334,향후 AI 사용 예정자,현재 AI 사용자,False
50406,0,0,0.4568135253899352,현재 AI 사용자,현재 AI 사용자,True
42333,1,1,0.8567279670138352,향후 AI 사용 예정자,향후 AI 사용 예정자,True
26989,0,0,0.16024164653634354,현재 AI 사용자,현재 AI 사용자,True
50800,0,0,0.4802125673253499,현재 AI 사용자,현재 AI 사용자,True
31171,0,0,0.1308368641974551,현재 AI 사용자,현재 AI 사용자,True
38665,0,0,0.20637545388829318,현재 AI 사용자,현재 AI 사용자,True
47128,0,0,0.34178255848153,현재 AI 사용자,현재 AI 사용자,True
23252,1,1,0.9645798461435053,향후 AI 사용 예정자,향후 AI 사용 예정자,True
23288,1,1,0.6582670177502343,향후 AI 사용 예정자,향후 AI 사용 예정자,True
63777,1,1,0.8849691881757428,향후 AI 사용 예정자,향후 AI 사용 예정자,True
54805,1,1,0.9382826757629181,향후 AI 사용 예정자,향후 AI 사용 예정자,True
9579,1,1,0.8344461100698587,향후 AI 사용 예정자,향후 AI 사용 예정자,True
32980,1,1,0.9062892617174665,향후 AI 사용 예정자,향후 AI 사용 예정자,True
37761,1,1,0.6418349908406832,향후 AI 사용 예정자,향후 AI 사용 예정자,True
32099,1,1,0.8490441681023931,향후 AI 사용 예정자,향후 AI 사용 예정자,True
53643,1,1,0.8678395548855863,향후 AI 사용 예정자,향후 AI 사용 예정자,True
50225,1,1,0.7931412829051515,향후 AI 사용 예정자,향후 AI 사용 예정자,True
45447,1,1,0.8444079225981398,향후 AI 사용 예정자,향후 AI 사용 예정자,True
62828,0,1,0.8798485473066513,현재 AI 사용자,향후 AI 사용 예정자,False
10713,1,1,0.5659511194466604,향후 AI 사용 예정자,향후 AI 사용 예정자,True
50665,0,0,0.07307704165138527,현재 AI 사용자,현재 AI 사용자,True
21639,1,1,0.6580327517735274,향후 AI 사용 예정자,향후 AI 사용 예정자,True
61427,1,1,0.6891491640940067,향후 AI 사용 예정자,향후 AI 사용 예정자,True
5818,1,1,0.8198156993249195,향후 AI 사용 예정자,향후 AI 사용 예정자,True
24184,0,0,0.3685792176482708,현재 AI 사용자,현재 AI 사용자,True
6048,1,1,0.9501176261700797,향후 AI 사용 예정자,향후 AI 사용 예정자,True
57732,1,1,0.9011476191863413,향후 AI 사용 예정자,향후 AI 사용 예정자,True
31011,1,1,0.843277345819553,향후 AI 사용 예정자,향후 AI 사용 예정자,True
33225,0,0,0.16856161372457754,현재 AI 사용자,현재 AI 사용자,True
29300,1,1,0.9393688503385675,향후 AI 사용 예정자,향후 AI 사용 예정자,True
47570,0,0,0.08425087462254964,현재 AI 사용자,현재 AI 사용자,True
18131,1,1,0.544208047726872,향후 AI 사용 예정자,향후 AI 사용 예정자,True
31291,1,1,0.6674597071612746,향후 AI 사용 예정자,향후 AI 사용 예정자,True
38171,1,1,0.973154020927334,향후 AI 사용 예정자,향후 AI 사용 예정자,True
40431,1,1,0.9355473171754859,향후 AI 사용 예정자,향후 AI 사용 예정자,True
38661,0,0,0.2086503636405255,현재 AI 사용자,현재 AI 사용자,True
58376,0,0,0.06187925698491159,현재 AI 사용자,현재 AI 사용자,True
884,0,0,0.16630360937817426,현재 AI 사용자,현재 AI 사용자,True
39943,1,0,0.20889801787149578,향후 AI 사용 예정자,현재 AI 사용자,False
27369,1,1,0.9536817544608241,향후 AI 사용 예정자,향후 AI 사용 예정자,True
63618,0,0,0.31887110364449545,현재 AI 사용자,현재 AI 사용자,True
31369,0,0,0.425177868105058,현재 AI 사용자,현재 AI 사용자,True
46610,1,1,0.8591800031411956,향후 AI 사용 예정자,향후 AI 사용 예정자,True
31274,1,1,0.9094480449215119,향후 AI 사용 예정자,향후 AI 사용 예정자,True
38924,1,1,0.6302219163492381,향후 AI 사용 예정자,향후 AI 사용 예정자,True
56131,0,0,0.2524386426655316,현재 AI 사용자,현재 AI 사용자,True
50747,1,0,0.35880541243167396,향후 AI 사용 예정자,현재 AI 사용자,False
57592,0,0,0.4421999541536776,현재 AI 사용자,현재 AI 사용자,True
40735,0,0,0.30537545132794003,현재 AI 사용자,현재 AI 사용자,True
41591,0,0,0.39733426559503077,현재 AI 사용자,현재 AI 사용자,True
240,0,1,0.664920427369462,현재 AI 사용자,향후 AI 사용 예정자,False
29707,1,1,0.9712594413298898,향후 AI 사용 예정자,향후 AI 사용 예정자,True
13232,0,0,0.48518179414160023,현재 AI 사용자,현재 AI 사용자,True
13204,1,1,0.5207800627316983,향후 AI 사용 예정자,향후 AI 사용 예정자,True
25400,1,1,0.8993352872634169,향후 AI 사용 예정자,향후 AI 사용 예정자,True
10079,0,0,0.31809144582836213,현재 AI 사용자,현재 AI 사용자,True
64536,0,1,0.6276399628983634,현재 AI 사용자,향후 AI 사용 예정자,False
14538,1,0,0.44335980567931793,향후 AI 사용 예정자,현재 AI 사용자,False
9364,0,0,0.28631604931079757,현재 AI 사용자,현재 AI 사용자,True
7783,1,1,0.9624871693731707,향후 AI 사용 예정자,향후 AI 사용 예정자,True
32506,1,1,0.5846637614137125,향후 AI 사용 예정자,향후 AI 사용 예정자,True
33903,1,0,0.12944548513613663,향후 AI 사용 예정자,현재 AI 사용자,False
37288,1,1,0.821273971827724,향후 AI 사용 예정자,향후 AI 사용 예정자,True
35559,1,1,0.9453697487174119,향후 AI 사용 예정자,향후 AI 사용 예정자,True
59836,0,0,0.19458530662097243,현재 AI 사용자,현재 AI 사용자,True
22423,1,0,0.3904420795022981,향후 AI 사용 예정자,현재 AI 사용자,False
22945,1,0,0.14712176705253563,향후 AI 사용 예정자,현재 AI 사용자,False
14692,0,1,0.7048574272104765,현재 AI 사용자,향후 AI 사용 예정자,False
60915,1,1,0.8653842410924222,향후 AI 사용 예정자,향후 AI 사용 예정자,True
35799,1,0,0.36355172756710114,향후 AI 사용 예정자,현재 AI 사용자,False
53083,0,0,0.2629932519943204,현재 AI 사용자,현재 AI 사용자,True
38334,1,1,0.7861804346422903,향후 AI 사용 예정자,향후 AI 사용 예정자,True
21078,1,1,0.9536055680010996,향후 AI 사용 예정자,향후 AI 사용 예정자,True
38003,0,0,0.21227939740305432,현재 AI 사용자,현재 AI 사용자,True
36800,1,1,0.8478382918093562,향후 AI 사용 예정자,향후 AI 사용 예정자,True
51869,1,0,0.3532302729283587,향후 AI 사용 예정자,현재 AI 사용자,False
44791,0,0,0.14943781262046874,현재 AI 사용자,현재 AI 사용자,True
32079,1,1,0.9355898176620812,향후 AI 사용 예정자,향후 AI 사용 예정자,True
49625,1,1,0.8794117916527913,향후 AI 사용 예정자,향후 AI 사용 예정자,True
13780,1,1,0.8704998772411336,향후 AI 사용 예정자,향후 AI 사용 예정자,True
26640,0,0,0.2674703126305984,현재 AI 사용자,현재 AI 사용자,True
45077,1,0,0.30272458453123646,향후 AI 사용 예정자,현재 AI 사용자,False
53710,1,1,0.5511117006758404,향후 AI 사용 예정자,향후 AI 사용 예정자,True
2588,0,0,0.3204340931667885,현재 AI 사용자,현재 AI 사용자,True
39084,0,0,0.4012289010592831,현재 AI 사용자,현재 AI 사용자,True
17203,1,1,0.9041542930441228,향후 AI 사용 예정자,향후 AI 사용 예정자,True
16389,1,1,0.8824057857332707,향후 AI 사용 예정자,향후 AI 사용 예정자,True
4235,1,1,0.983858344063275,향후 AI 사용 예정자,향후 AI 사용 예정자,True
18063,0,0,0.4267696565314065,현재 AI 사용자,현재 AI 사용자,True
17629,1,1,0.9517350553745448,향후 AI 사용 예정자,향후 AI 사용 예정자,True
53758,0,0,0.22516357665359724,현재 AI 사용자,현재 AI 사용자,True
15579,1,1,0.94166165254434,향후 AI 사용 예정자,향후 AI 사용 예정자,True
23795,1,1,0.8814627339571776,향후 AI 사용 예정자,향후 AI 사용 예정자,True
19103,0,1,0.5617758247830581,현재 AI 사용자,향후 AI 사용 예정자,False
5858,1,0,0.41855364545576884,향후 AI 사용 예정자,현재 AI 사용자,False
62461,0,1,0.5594203432078702,현재 AI 사용자,향후 AI 사용 예정자,False
34294,0,0,0.12820662555531853,현재 AI 사용자,현재 AI 사용자,True
39939,1,1,0.8418901860438386,향후 AI 사용 예정자,향후 AI 사용 예정자,True
28550,1,1,0.7638015802380451,향후 AI 사용 예정자,향후 AI 사용 예정자,True
37541,1,1,0.7177828262913984,향후 AI 사용 예정자,향후 AI 사용 예정자,True
51310,1,1,0.9464363404225059,향후 AI 사용 예정자,향후 AI 사용 예정자,True
33938,0,0,0.36338267175992756,현재 AI 사용자,현재 AI 사용자,True
10368,1,0,0.20122281001728415,향후 AI 사용 예정자,현재 AI 사용자,False
32603,1,1,0.9166325277108909,향후 AI 사용 예정자,향후 AI 사용 예정자,True
44003,0,0,0.315824009192787,현재 AI 사용자,현재 AI 사용자,True
43525,1,1,0.9287590192890045,향후 AI 사용 예정자,향후 AI 사용 예정자,True
31569,1,1,0.9410719732770473,향후 AI 사용 예정자,향후 AI 사용 예정자,True
17509,1,0,0.4579579991683,향후 AI 사용 예정자,현재 AI 사용자,False
63493,0,0,0.20486923654766595,현재 AI 사용자,현재 AI 사용자,True
9578,0,1,0.8825545056765367,현재 AI 사용자,향후 AI 사용 예정자,False
22416,0,1,0.8850007843415724,현재 AI 사용자,향후 AI 사용 예정자,False
23110,1,1,0.904642589621083,향후 AI 사용 예정자,향후 AI 사용 예정자,True
34023,0,0,0.3369029568723422,현재 AI 사용자,현재 AI 사용자,True
27546,0,1,0.6555394651469092,현재 AI 사용자,향후 AI 사용 예정자,False
56390,0,1,0.7025367732035113,현재 AI 사용자,향후 AI 사용 예정자,False
40389,0,0,0.18624847860062674,현재 AI 사용자,현재 AI 사용자,True
13789,0,1,0.7505036165276971,현재 AI 사용자,향후 AI 사용 예정자,False
27906,1,1,0.8272350367668985,향후 AI 사용 예정자,향후 AI 사용 예정자,True
40746,1,1,0.6786923362661905,향후 AI 사용 예정자,향후 AI 사용 예정자,True
16240,1,1,0.9294023535547837,향후 AI 사용 예정자,향후 AI 사용 예정자,True
6087,1,1,0.8903750034704858,향후 AI 사용 예정자,향후 AI 사용 예정자,True
17420,0,0,0.4937697078038792,현재 AI 사용자,현재 AI 사용자,True
20251,1,1,0.9806064734697562,향후 AI 사용 예정자,향후 AI 사용 예정자,True
11991,1,1,0.8403230913799035,향후 AI 사용 예정자,향후 AI 사용 예정자,True
16138,0,1,0.807244600476267,현재 AI 사용자,향후 AI 사용 예정자,False
24551,0,0,0.11401838335053362,현재 AI 사용자,현재 AI 사용자,True
7835,1,0,0.46462778451640874,향후 AI 사용 예정자,현재 AI 사용자,False
25878,0,1,0.526210467567669,현재 AI 사용자,향후 AI 사용 예정자,False
24624,0,0,0.18321754833471224,현재 AI 사용자,현재 AI 사용자,True
17503,1,1,0.9227887160636056,향후 AI 사용 예정자,향후 AI 사용 예정자,True
21705,0,0,0.49127133728015787,현재 AI 사용자,현재 AI 사용자,True
10978,0,0,0.1993784269579869,현재 AI 사용자,현재 AI 사용자,True
23051,0,1,0.5035082258018428,현재 AI 사용자,향후 AI 사용 예정자,False
65288,1,1,0.8708269368627027,향후 AI 사용 예정자,향후 AI 사용 예정자,True
41583,1,1,0.9835778455245888,향후 AI 사용 예정자,향후 AI 사용 예정자,True
39436,0,0,0.4295873132940741,현재 AI 사용자,현재 AI 사용자,True
31565,1,1,0.8149797666716806,향후 AI 사용 예정자,향후 AI 사용 예정자,True
5403,0,1,0.6914862560267278,현재 AI 사용자,향후 AI 사용 예정자,False
46451,0,1,0.6873947835121337,현재 AI 사용자,향후 AI 사용 예정자,False
14403,1,1,0.8559094712685864,향후 AI 사용 예정자,향후 AI 사용 예정자,True
39732,1,1,0.8333772431058935,향후 AI 사용 예정자,향후 AI 사용 예정자,True
41836,1,0,0.36372872737101514,향후 AI 사용 예정자,현재 AI 사용자,False
26764,1,1,0.9282354206592137,향후 AI 사용 예정자,향후 AI 사용 예정자,True
32256,1,1,0.98493889323905,향후 AI 사용 예정자,향후 AI 사용 예정자,True
22846,1,1,0.7582578695579063,향후 AI 사용 예정자,향후 AI 사용 예정자,True
33785,0,1,0.9685414233756879,현재 AI 사용자,향후 AI 사용 예정자,False
11050,1,1,0.8874432927039244,향후 AI 사용 예정자,향후 AI 사용 예정자,True
25101,1,0,0.2398451360774113,향후 AI 사용 예정자,현재 AI 사용자,False
70,1,0,0.364070719609051,향후 AI 사용 예정자,현재 AI 사용자,False
39987,0,1,0.9355993489206504,현재 AI 사용자,향후 AI 사용 예정자,False
38229,0,1,0.7714950369631337,현재 AI 사용자,향후 AI 사용 예정자,False
25606,1,1,0.8101859142893468,향후 AI 사용 예정자,향후 AI 사용 예정자,True
35106,1,1,0.8334302854541016,향후 AI 사용 예정자,향후 AI 사용 예정자,True
13604,1,1,0.5711894737253972,향후 AI 사용 예정자,향후 AI 사용 예정자,True
48726,1,1,0.6495150806005858,향후 AI 사용 예정자,향후 AI 사용 예정자,True
48408,0,0,0.37007341062570437,현재 AI 사용자,현재 AI 사용자,True
8620,1,1,0.551609048505068,향후 AI 사용 예정자,향후 AI 사용 예정자,True
3238,1,1,0.9120494040640368,향후 AI 사용 예정자,향후 AI 사용 예정자,True
25927,1,0,0.36543312942669137,향후 AI 사용 예정자,현재 AI 사용자,False
54948,1,1,0.69730943809192,향후 AI 사용 예정자,향후 AI 사용 예정자,True
56796,1,1,0.8343581935158887,향후 AI 사용 예정자,향후 AI 사용 예정자,True
61024,0,0,0.12743569725707402,현재 AI 사용자,현재 AI 사용자,True
39438,0,0,0.23095845194742112,현재 AI 사용자,현재 AI 사용자,True
13297,1,1,0.9127841164342638,향후 AI 사용 예정자,향후 AI 사용 예정자,True
50100,0,0,0.30793094115977093,현재 AI 사용자,현재 AI 사용자,True
41249,1,1,0.9563290188467408,향후 AI 사용 예정자,향후 AI 사용 예정자,True
17272,1,1,0.9665146130756564,향후 AI 사용 예정자,향후 AI 사용 예정자,True
35046,0,0,0.3508434259746826,현재 AI 사용자,현재 AI 사용자,True
48698,0,0,0.1174886768703839,현재 AI 사용자,현재 AI 사용자,True
16137,1,1,0.9729545000344544,향후 AI 사용 예정자,향후 AI 사용 예정자,True
32159,1,1,0.5887378369001617,향후 AI 사용 예정자,향후 AI 사용 예정자,True
38911,0,1,0.5166790671286191,현재 AI 사용자,향후 AI 사용 예정자,False
26472,1,1,0.7037387071001204,향후 AI 사용 예정자,향후 AI 사용 예정자,True
26994,1,1,0.9337785929863754,향후 AI 사용 예정자,향후 AI 사용 예정자,True
8422,0,1,0.6470130937673778,현재 AI 사용자,향후 AI 사용 예정자,False
63771,1,1,0.8708269368627027,향후 AI 사용 예정자,향후 AI 사용 예정자,True
18013,0,0,0.2611063829997685,현재 AI 사용자,현재 AI 사용자,True
4020,0,0,0.21692352909831564,현재 AI 사용자,현재 AI 사용자,True
456,1,0,0.3922018811510119,향후 AI 사용 예정자,현재 AI 사용자,False
21440,1,1,0.6925954834697053,향후 AI 사용 예정자,향후 AI 사용 예정자,True
17863,0,1,0.7030620537179292,현재 AI 사용자,향후 AI 사용 예정자,False
38523,0,1,0.897306493425334,현재 AI 사용자,향후 AI 사용 예정자,False
11794,0,0,0.36717223553270667,현재 AI 사용자,현재 AI 사용자,True
58654,1,1,0.7714121236233246,향후 AI 사용 예정자,향후 AI 사용 예정자,True
21772,0,0,0.4347940006429141,현재 AI 사용자,현재 AI 사용자,True
1211,0,1,0.6267161651021901,현재 AI 사용자,향후 AI 사용 예정자,False
36109,0,1,0.5415701230662223,현재 AI 사용자,향후 AI 사용 예정자,False
52807,0,0,0.23985437846564042,현재 AI 사용자,현재 AI 사용자,True
21168,1,1,0.7331945133631674,향후 AI 사용 예정자,향후 AI 사용 예정자,True
399,0,0,0.19219741711587096,현재 AI 사용자,현재 AI 사용자,True
43310,1,0,0.35912950630164553,향후 AI 사용 예정자,현재 AI 사용자,False
23100,0,0,0.47475467524850845,현재 AI 사용자,현재 AI 사용자,True
62564,1,1,0.7648027681314681,향후 AI 사용 예정자,향후 AI 사용 예정자,True
27634,1,1,0.7926174798794026,향후 AI 사용 예정자,향후 AI 사용 예정자,True
45920,0,0,0.27059166502415993,현재 AI 사용자,현재 AI 사용자,True
28643,1,1,0.5002782320490722,향후 AI 사용 예정자,향후 AI 사용 예정자,True
15499,1,1,0.5246237382654331,향후 AI 사용 예정자,향후 AI 사용 예정자,True
51428,1,0,0.23009723304464655,향후 AI 사용 예정자,현재 AI 사용자,False
4157,1,1,0.9008687157849488,향후 AI 사용 예정자,향후 AI 사용 예정자,True
40838,0,0,0.09634976397494563,현재 AI 사용자,현재 AI 사용자,True
13924,1,1,0.886333833181373,향후 AI 사용 예정자,향후 AI 사용 예정자,True
5368,0,1,0.9341167179373637,현재 AI 사용자,향후 AI 사용 예정자,False
50008,0,1,0.8882629360849431,현재 AI 사용자,향후 AI 사용 예정자,False
15918,0,0,0.25240293014661325,현재 AI 사용자,현재 AI 사용자,True
42012,0,1,0.7654027913890042,현재 AI 사용자,향후 AI 사용 예정자,False
19042,1,1,0.9580006510409979,향후 AI 사용 예정자,향후 AI 사용 예정자,True
11104,1,1,0.8848014259754271,향후 AI 사용 예정자,향후 AI 사용 예정자,True
55568,0,0,0.17753716907090664,현재 AI 사용자,현재 AI 사용자,True
28596,1,1,0.5259849376960746,향후 AI 사용 예정자,향후 AI 사용 예정자,True
12952,1,1,0.5867819082621698,향후 AI 사용 예정자,향후 AI 사용 예정자,True
48199,0,0,0.3319895311565776,현재 AI 사용자,현재 AI 사용자,True
52519,1,1,0.7089552583806673,향후 AI 사용 예정자,향후 AI 사용 예정자,True
56192,1,1,0.6119803153476056,향후 AI 사용 예정자,향후 AI 사용 예정자,True
63499,0,0,0.30925416568110675,현재 AI 사용자,현재 AI 사용자,True
10217,1,1,0.95256166236745,향후 AI 사용 예정자,향후 AI 사용 예정자,True
289,1,0,0.3667957049621174,향후 AI 사용 예정자,현재 AI 사용자,False
16638,0,0,0.38227356820210046,현재 AI 사용자,현재 AI 사용자,True
63117,1,1,0.7964855694820926,향후 AI 사용 예정자,향후 AI 사용 예정자,True
4520,1,1,0.6023217916626804,향후 AI 사용 예정자,향후 AI 사용 예정자,True
57161,0,0,0.31271460607575563,현재 AI 사용자,현재 AI 사용자,True
31006,1,1,0.7601735560130052,향후 AI 사용 예정자,향후 AI 사용 예정자,True
62045,1,1,0.9201349276927026,향후 AI 사용 예정자,향후 AI 사용 예정자,True
32557,1,0,0.3572497969843502,향후 AI 사용 예정자,현재 AI 사용자,False
3587,1,0,0.29267454037311674,향후 AI 사용 예정자,현재 AI 사용자,False
41515,0,0,0.20974582270052633,현재 AI 사용자,현재 AI 사용자,True
40277,1,1,0.572008754846871,향후 AI 사용 예정자,향후 AI 사용 예정자,True
42507,0,0,0.12597908083243675,현재 AI 사용자,현재 AI 사용자,True
52,1,1,0.6432295464747441,향후 AI 사용 예정자,향후 AI 사용 예정자,True
11143,0,0,0.3546028226109751,현재 AI 사용자,현재 AI 사용자,True
9422,1,1,0.7261221448885959,향후 AI 사용 예정자,향후 AI 사용 예정자,True
35725,0,0,0.20501668223183314,현재 AI 사용자,현재 AI 사용자,True
47123,0,0,0.38520017034276055,현재 AI 사용자,현재 AI 사용자,True
6445,0,0,0.28209795991975434,현재 AI 사용자,현재 AI 사용자,True
3293,0,1,0.9052349523500803,현재 AI 사용자,향후 AI 사용 예정자,False
62454,0,1,0.6255257779936241,현재 AI 사용자,향후 AI 사용 예정자,False
29147,0,0,0.3575301173681234,현재 AI 사용자,현재 AI 사용자,True
25108,1,1,0.652141300233601,향후 AI 사용 예정자,향후 AI 사용 예정자,True
9584,0,0,0.28748280411223437,현재 AI 사용자,현재 AI 사용자,True
22253,1,1,0.9106147761470975,향후 AI 사용 예정자,향후 AI 사용 예정자,True
57848,1,0,0.46340137867289866,향후 AI 사용 예정자,현재 AI 사용자,False
2204,1,1,0.6603576577247091,향후 AI 사용 예정자,향후 AI 사용 예정자,True
6007,1,1,0.8124675593747002,향후 AI 사용 예정자,향후 AI 사용 예정자,True
22197,0,0,0.21256006356905355,현재 AI 사용자,현재 AI 사용자,True
27405,0,0,0.16454184142314057,현재 AI 사용자,현재 AI 사용자,True
13101,1,0,0.38817216836596813,향후 AI 사용 예정자,현재 AI 사용자,False
31149,1,1,0.6318644300079204,향후 AI 사용 예정자,향후 AI 사용 예정자,True
41467,1,1,0.8989380152865041,향후 AI 사용 예정자,향후 AI 사용 예정자,True
27966,1,1,0.9825772181050483,향후 AI 사용 예정자,향후 AI 사용 예정자,True
4248,0,0,0.2515430670970363,현재 AI 사용자,현재 AI 사용자,True
22935,1,1,0.6894758286737556,향후 AI 사용 예정자,향후 AI 사용 예정자,True
58651,1,1,0.9527019970458764,향후 AI 사용 예정자,향후 AI 사용 예정자,True
25862,0,0,0.3092480263236695,현재 AI 사용자,현재 AI 사용자,True
2949,1,1,0.9056986908091775,향후 AI 사용 예정자,향후 AI 사용 예정자,True
16932,1,1,0.8081582316739712,향후 AI 사용 예정자,향후 AI 사용 예정자,True
2388,1,0,0.3714035789829953,향후 AI 사용 예정자,현재 AI 사용자,False
32148,0,1,0.9038678251373412,현재 AI 사용자,향후 AI 사용 예정자,False
36506,0,0,0.3457219131195552,현재 AI 사용자,현재 AI 사용자,True
30278,1,1,0.9788865259125893,향후 AI 사용 예정자,향후 AI 사용 예정자,True
27629,1,1,0.5805054838344695,향후 AI 사용 예정자,향후 AI 사용 예정자,True
54020,1,0,0.30332109645720506,향후 AI 사용 예정자,현재 AI 사용자,False
42474,0,0,0.15313759783225223,현재 AI 사용자,현재 AI 사용자,True
45320,1,1,0.8613272379765371,향후 AI 사용 예정자,향후 AI 사용 예정자,True
14965,1,0,0.3559611979556533,향후 AI 사용 예정자,현재 AI 사용자,False
26451,1,1,0.7343775086632534,향후 AI 사용 예정자,향후 AI 사용 예정자,True
37375,1,1,0.8626084143431868,향후 AI 사용 예정자,향후 AI 사용 예정자,True
47790,1,1,0.975876215115441,향후 AI 사용 예정자,향후 AI 사용 예정자,True
51961,0,0,0.3234587969301424,현재 AI 사용자,현재 AI 사용자,True
51998,1,1,0.8409775030520672,향후 AI 사용 예정자,향후 AI 사용 예정자,True
5838,0,0,0.21640743723908468,현재 AI 사용자,현재 AI 사용자,True
27116,0,0,0.10401277837667566,현재 AI 사용자,현재 AI 사용자,True
54477,1,0,0.3743170984064204,향후 AI 사용 예정자,현재 AI 사용자,False
17352,0,1,0.611777182337195,현재 AI 사용자,향후 AI 사용 예정자,False
20844,1,1,0.8548381775798413,향후 AI 사용 예정자,향후 AI 사용 예정자,True
60401,1,1,0.851356197429455,향후 AI 사용 예정자,향후 AI 사용 예정자,True
18980,0,0,0.16665984938990905,현재 AI 사용자,현재 AI 사용자,True
21431,0,0,0.30642619318324965,현재 AI 사용자,현재 AI 사용자,True
33223,0,0,0.08810962040076292,현재 AI 사용자,현재 AI 사용자,True
29227,1,1,0.768346080750467,향후 AI 사용 예정자,향후 AI 사용 예정자,True
36666,1,0,0.47269093635059045,향후 AI 사용 예정자,현재 AI 사용자,False
16669,1,1,0.7904973108252528,향후 AI 사용 예정자,향후 AI 사용 예정자,True
8642,0,1,0.6105372053758392,현재 AI 사용자,향후 AI 사용 예정자,False
13484,1,1,0.886217276679196,향후 AI 사용 예정자,향후 AI 사용 예정자,True
21895,0,0,0.20364292735165523,현재 AI 사용자,현재 AI 사용자,True
24865,0,0,0.2414011999558933,현재 AI 사용자,현재 AI 사용자,True
63687,0,0,0.4313733005337248,현재 AI 사용자,현재 AI 사용자,True
26955,1,1,0.8618364234381635,향후 AI 사용 예정자,향후 AI 사용 예정자,True
23070,1,1,0.9778291068781825,향후 AI 사용 예정자,향후 AI 사용 예정자,True
895,0,0,0.1567645367807717,현재 AI 사용자,현재 AI 사용자,True
39879,1,1,0.9711047024377795,향후 AI 사용 예정자,향후 AI 사용 예정자,True
9593,1,1,0.5217953467054397,향후 AI 사용 예정자,향후 AI 사용 예정자,True
56494,1,1,0.5440094801567031,향후 AI 사용 예정자,향후 AI 사용 예정자,True
38480,1,1,0.9746478109504443,향후 AI 사용 예정자,향후 AI 사용 예정자,True
30306,0,0,0.38699511153296656,현재 AI 사용자,현재 AI 사용자,True
41662,1,1,0.9483104018731962,향후 AI 사용 예정자,향후 AI 사용 예정자,True
21485,1,1,0.9244622522413148,향후 AI 사용 예정자,향후 AI 사용 예정자,True
52854,0,0,0.3123814412103931,현재 AI 사용자,현재 AI 사용자,True
28463,0,1,0.6200089336068976,현재 AI 사용자,향후 AI 사용 예정자,False
17769,1,1,0.9184189935532209,향후 AI 사용 예정자,향후 AI 사용 예정자,True
54325,1,1,0.6305787652834336,향후 AI 사용 예정자,향후 AI 사용 예정자,True
11141,0,0,0.20064714281577728,현재 AI 사용자,현재 AI 사용자,True
53780,1,1,0.8510450773895722,향후 AI 사용 예정자,향후 AI 사용 예정자,True
25105,1,1,0.8316122836001564,향후 AI 사용 예정자,향후 AI 사용 예정자,True
49460,0,0,0.22430092625795656,현재 AI 사용자,현재 AI 사용자,True
18298,0,0,0.2405833437862371,현재 AI 사용자,현재 AI 사용자,True
15238,1,0,0.43744619482382624,향후 AI 사용 예정자,현재 AI 사용자,False
5129,0,1,0.6310995549203762,현재 AI 사용자,향후 AI 사용 예정자,False
51605,0,0,0.08428100669559489,현재 AI 사용자,현재 AI 사용자,True
62786,0,0,0.31942176124898347,현재 AI 사용자,현재 AI 사용자,True
45716,1,1,0.902831863356452,향후 AI 사용 예정자,향후 AI 사용 예정자,True
13183,1,1,0.7721807676047766,향후 AI 사용 예정자,향후 AI 사용 예정자,True
20448,1,1,0.9471893303036969,향후 AI 사용 예정자,향후 AI 사용 예정자,True
4002,0,1,0.5937214933632733,현재 AI 사용자,향후 AI 사용 예정자,False
44033,1,1,0.5649786639642115,향후 AI 사용 예정자,향후 AI 사용 예정자,True
12974,1,1,0.6790355779686451,향후 AI 사용 예정자,향후 AI 사용 예정자,True
27486,0,0,0.3967094314661595,현재 AI 사용자,현재 AI 사용자,True
32919,1,1,0.9887491626416849,향후 AI 사용 예정자,향후 AI 사용 예정자,True
19732,1,1,0.8335569496914943,향후 AI 사용 예정자,향후 AI 사용 예정자,True
29894,1,1,0.868914643748547,향후 AI 사용 예정자,향후 AI 사용 예정자,True
3685,0,1,0.7085382879924602,현재 AI 사용자,향후 AI 사용 예정자,False
62600,1,1,0.6245245231414053,향후 AI 사용 예정자,향후 AI 사용 예정자,True
41285,1,0,0.37388235363563116,향후 AI 사용 예정자,현재 AI 사용자,False
57272,1,1,0.7882665967834543,향후 AI 사용 예정자,향후 AI 사용 예정자,True
38739,0,1,0.5755210788851683,현재 AI 사용자,향후 AI 사용 예정자,False
15471,0,1,0.8155877717541266,현재 AI 사용자,향후 AI 사용 예정자,False
53676,1,0,0.44617757870385466,향후 AI 사용 예정자,현재 AI 사용자,False
27329,0,1,0.8253580667466472,현재 AI 사용자,향후 AI 사용 예정자,False
29152,1,1,0.7193644832758616,향후 AI 사용 예정자,향후 AI 사용 예정자,True
41409,0,0,0.41054731284087675,현재 AI 사용자,현재 AI 사용자,True
7927,1,1,0.7883088276936386,향후 AI 사용 예정자,향후 AI 사용 예정자,True
53819,1,1,0.799897985457714,향후 AI 사용 예정자,향후 AI 사용 예정자,True
58473,1,1,0.7370940361071443,향후 AI 사용 예정자,향후 AI 사용 예정자,True
41074,0,1,0.7927932171700319,현재 AI 사용자,향후 AI 사용 예정자,False
44257,1,0,0.182712417584703,향후 AI 사용 예정자,현재 AI 사용자,False
48641,1,1,0.8489622053681751,향후 AI 사용 예정자,향후 AI 사용 예정자,True
24313,1,1,0.7742286289952002,향후 AI 사용 예정자,향후 AI 사용 예정자,True
50167,0,0,0.47122828669345607,현재 AI 사용자,현재 AI 사용자,True
3668,0,0,0.26835653164784884,현재 AI 사용자,현재 AI 사용자,True
25397,0,1,0.6976246135751477,현재 AI 사용자,향후 AI 사용 예정자,False
44207,1,1,0.9144151506110906,향후 AI 사용 예정자,향후 AI 사용 예정자,True
47350,1,1,0.7878952103359569,향후 AI 사용 예정자,향후 AI 사용 예정자,True
46264,1,1,0.9269906456050288,향후 AI 사용 예정자,향후 AI 사용 예정자,True
53016,1,0,0.4054873746266191,향후 AI 사용 예정자,현재 AI 사용자,False
11776,1,1,0.5913806951267164,향후 AI 사용 예정자,향후 AI 사용 예정자,True
50605,0,0,0.22411713609232095,현재 AI 사용자,현재 AI 사용자,True
30178,0,0,0.3454860056943786,현재 AI 사용자,현재 AI 사용자,True
39199,1,1,0.9350859589515745,향후 AI 사용 예정자,향후 AI 사용 예정자,True
50967,1,1,0.9126255581023642,향후 AI 사용 예정자,향후 AI 사용 예정자,True
44604,1,0,0.2610706143460066,향후 AI 사용 예정자,현재 AI 사용자,False
32775,0,1,0.8031839781674056,현재 AI 사용자,향후 AI 사용 예정자,False
35387,1,0,0.3090333537177966,향후 AI 사용 예정자,현재 AI 사용자,False
51758,1,0,0.22147995324091269,향후 AI 사용 예정자,현재 AI 사용자,False
26536,1,1,0.9835400499368174,향후 AI 사용 예정자,향후 AI 사용 예정자,True
22433,0,0,0.3324658703639604,현재 AI 사용자,현재 AI 사용자,True
31709,0,0,0.2177302084391414,현재 AI 사용자,현재 AI 사용자,True
31338,0,1,0.5230422332528437,현재 AI 사용자,향후 AI 사용 예정자,False
8309,1,1,0.8565050024146433,향후 AI 사용 예정자,향후 AI 사용 예정자,True
6957,1,1,0.5064855724563327,향후 AI 사용 예정자,향후 AI 사용 예정자,True
2866,0,0,0.16586801876022655,현재 AI 사용자,현재 AI 사용자,True
47017,1,1,0.9735598281215885,향후 AI 사용 예정자,향후 AI 사용 예정자,True
17180,1,1,0.9530659966746637,향후 AI 사용 예정자,향후 AI 사용 예정자,True
49895,1,1,0.9590965488743194,향후 AI 사용 예정자,향후 AI 사용 예정자,True
34585,1,1,0.9277595746453514,향후 AI 사용 예정자,향후 AI 사용 예정자,True
55044,1,1,0.8855417088856671,향후 AI 사용 예정자,향후 AI 사용 예정자,True
16037,1,1,0.9213088506186728,향후 AI 사용 예정자,향후 AI 사용 예정자,True
34666,1,1,0.9926180323776306,향후 AI 사용 예정자,향후 AI 사용 예정자,True
7476,0,0,0.24577432503713229,현재 AI 사용자,현재 AI 사용자,True
14937,0,0,0.24047664334491883,현재 AI 사용자,현재 AI 사용자,True
31226,1,0,0.44841969964919076,향후 AI 사용 예정자,현재 AI 사용자,False
45216,1,1,0.890923428792773,향후 AI 사용 예정자,향후 AI 사용 예정자,True
52368,1,0,0.1889873202268299,향후 AI 사용 예정자,현재 AI 사용자,False
52266,1,1,0.9522073325105229,향후 AI 사용 예정자,향후 AI 사용 예정자,True
51590,1,1,0.5971564388409055,향후 AI 사용 예정자,향후 AI 사용 예정자,True
44990,0,0,0.26860613820199486,현재 AI 사용자,현재 AI 사용자,True
21640,0,0,0.4425615498705193,현재 AI 사용자,현재 AI 사용자,True
10932,1,1,0.9431891790005785,향후 AI 사용 예정자,향후 AI 사용 예정자,True
18604,1,1,0.9382775010917069,향후 AI 사용 예정자,향후 AI 사용 예정자,True
63935,0,1,0.7941068558054157,현재 AI 사용자,향후 AI 사용 예정자,False
59837,0,0,0.20296314139920368,현재 AI 사용자,현재 AI 사용자,True
32520,1,1,0.5839640048057018,향후 AI 사용 예정자,향후 AI 사용 예정자,True
40070,1,1,0.9972163797813192,향후 AI 사용 예정자,향후 AI 사용 예정자,True
39321,0,0,0.25723220979947453,현재 AI 사용자,현재 AI 사용자,True
34315,1,1,0.6572548796631298,향후 AI 사용 예정자,향후 AI 사용 예정자,True
59418,1,1,0.9312701430265968,향후 AI 사용 예정자,향후 AI 사용 예정자,True
20528,1,0,0.33787570281225093,향후 AI 사용 예정자,현재 AI 사용자,False
30342,0,0,0.11915322921269134,현재 AI 사용자,현재 AI 사용자,True
11762,1,1,0.779941939983305,향후 AI 사용 예정자,향후 AI 사용 예정자,True
33418,0,1,0.7789346927589351,현재 AI 사용자,향후 AI 사용 예정자,False
20879,1,1,0.6279586238185143,향후 AI 사용 예정자,향후 AI 사용 예정자,True
1542,1,1,0.8880932192853009,향후 AI 사용 예정자,향후 AI 사용 예정자,True
21324,0,0,0.3516837912092195,현재 AI 사용자,현재 AI 사용자,True
6488,1,1,0.818963099828016,향후 AI 사용 예정자,향후 AI 사용 예정자,True
40362,0,0,0.276864397734617,현재 AI 사용자,현재 AI 사용자,True
25396,1,1,0.6863721487715689,향후 AI 사용 예정자,향후 AI 사용 예정자,True
939,0,0,0.09021872543529358,현재 AI 사용자,현재 AI 사용자,True
24118,0,1,0.6395597781798459,현재 AI 사용자,향후 AI 사용 예정자,False
50347,1,1,0.6279866839634791,향후 AI 사용 예정자,향후 AI 사용 예정자,True
44692,0,0,0.43370676013233067,현재 AI 사용자,현재 AI 사용자,True
22644,1,1,0.7047832954427599,향후 AI 사용 예정자,향후 AI 사용 예정자,True
39998,0,0,0.2150602652851012,현재 AI 사용자,현재 AI 사용자,True
37008,1,1,0.9821469437383631,향후 AI 사용 예정자,향후 AI 사용 예정자,True
42683,1,0,0.34103787473410013,향후 AI 사용 예정자,현재 AI 사용자,False
4112,1,1,0.765297293949076,향후 AI 사용 예정자,향후 AI 사용 예정자,True
35029,1,1,0.9933560164139097,향후 AI 사용 예정자,향후 AI 사용 예정자,True
37282,0,1,0.6067218296453218,현재 AI 사용자,향후 AI 사용 예정자,False
3505,0,1,0.5325204121701308,현재 AI 사용자,향후 AI 사용 예정자,False
14713,1,1,0.9510428861090794,향후 AI 사용 예정자,향후 AI 사용 예정자,True
13798,0,0,0.33465010600784595,현재 AI 사용자,현재 AI 사용자,True
52605,1,1,0.9745669980759812,향후 AI 사용 예정자,향후 AI 사용 예정자,True
49737,1,1,0.8454109187626171,향후 AI 사용 예정자,향후 AI 사용 예정자,True
45008,1,1,0.9531228231167462,향후 AI 사용 예정자,향후 AI 사용 예정자,True
39418,0,0,0.10715818753213932,현재 AI 사용자,현재 AI 사용자,True
13792,1,1,0.9374042298299214,향후 AI 사용 예정자,향후 AI 사용 예정자,True
13508,1,1,0.6468282558373951,향후 AI 사용 예정자,향후 AI 사용 예정자,True
15075,1,0,0.23290356008545912,향후 AI 사용 예정자,현재 AI 사용자,False
39081,0,1,0.5317457364790803,현재 AI 사용자,향후 AI 사용 예정자,False
20861,0,0,0.1108999284587182,현재 AI 사용자,현재 AI 사용자,True
55495,0,0,0.24192136779698234,현재 AI 사용자,현재 AI 사용자,True
17747,0,0,0.1405240515344703,현재 AI 사용자,현재 AI 사용자,True
14190,0,0,0.37260011669568466,현재 AI 사용자,현재 AI 사용자,True
47395,1,1,0.975377906559789,향후 AI 사용 예정자,향후 AI 사용 예정자,True
47001,1,1,0.7980449323497999,향후 AI 사용 예정자,향후 AI 사용 예정자,True
3197,1,1,0.7110939543788114,향후 AI 사용 예정자,향후 AI 사용 예정자,True
366,0,0,0.11805292394056538,현재 AI 사용자,현재 AI 사용자,True
31576,1,1,0.8668822268700657,향후 AI 사용 예정자,향후 AI 사용 예정자,True
49963,1,1,0.6075159749919941,향후 AI 사용 예정자,향후 AI 사용 예정자,True
33110,0,1,0.5552886793719868,현재 AI 사용자,향후 AI 사용 예정자,False
21281,1,1,0.779262529306024,향후 AI 사용 예정자,향후 AI 사용 예정자,True
17959,0,0,0.18553230690036668,현재 AI 사용자,현재 AI 사용자,True
11780,1,1,0.7158563805179897,향후 AI 사용 예정자,향후 AI 사용 예정자,True
41600,1,1,0.9809596752453326,향후 AI 사용 예정자,향후 AI 사용 예정자,True
52944,1,1,0.9240168451384266,향후 AI 사용 예정자,향후 AI 사용 예정자,True
12841,0,1,0.5910419749495365,현재 AI 사용자,향후 AI 사용 예정자,False
56455,1,1,0.9692148826649314,향후 AI 사용 예정자,향후 AI 사용 예정자,True
63289,0,1,0.8261503589399279,현재 AI 사용자,향후 AI 사용 예정자,False
31607,0,1,0.5144228419491645,현재 AI 사용자,향후 AI 사용 예정자,False
31635,0,0,0.22792633235445178,현재 AI 사용자,현재 AI 사용자,True
29158,1,1,0.9741865717262976,향후 AI 사용 예정자,향후 AI 사용 예정자,True
34092,0,0,0.10150955552240287,현재 AI 사용자,현재 AI 사용자,True
42909,1,1,0.90032261755746,향후 AI 사용 예정자,향후 AI 사용 예정자,True
14245,0,0,0.11808404367832864,현재 AI 사용자,현재 AI 사용자,True
6700,1,1,0.8916887446451345,향후 AI 사용 예정자,향후 AI 사용 예정자,True
9981,0,0,0.2735289499719549,현재 AI 사용자,현재 AI 사용자,True
15104,1,1,0.9356947559599883,향후 AI 사용 예정자,향후 AI 사용 예정자,True
5529,1,1,0.8965990855396712,향후 AI 사용 예정자,향후 AI 사용 예정자,True
17284,0,1,0.5343033611757668,현재 AI 사용자,향후 AI 사용 예정자,False
59752,1,1,0.935046241982831,향후 AI 사용 예정자,향후 AI 사용 예정자,True
401,1,0,0.46419455645477575,향후 AI 사용 예정자,현재 AI 사용자,False
37061,1,1,0.9866759006566318,향후 AI 사용 예정자,향후 AI 사용 예정자,True
4223,1,1,0.920229246150861,향후 AI 사용 예정자,향후 AI 사용 예정자,True
11006,0,1,0.5303131203945869,현재 AI 사용자,향후 AI 사용 예정자,False
22203,1,1,0.9723745256880085,향후 AI 사용 예정자,향후 AI 사용 예정자,True
3030,1,1,0.8972807629233737,향후 AI 사용 예정자,향후 AI 사용 예정자,True
15641,0,0,0.13621702627209817,현재 AI 사용자,현재 AI 사용자,True
6124,1,1,0.8874905440865973,향후 AI 사용 예정자,향후 AI 사용 예정자,True
56890,1,1,0.9797634882825831,향후 AI 사용 예정자,향후 AI 사용 예정자,True
45132,1,1,0.8116664109804862,향후 AI 사용 예정자,향후 AI 사용 예정자,True
2967,1,1,0.7694800661205093,향후 AI 사용 예정자,향후 AI 사용 예정자,True
46741,1,1,0.9725294921653306,향후 AI 사용 예정자,향후 AI 사용 예정자,True
41616,0,0,0.2563148459584546,현재 AI 사용자,현재 AI 사용자,True
30693,1,1,0.5468040566186281,향후 AI 사용 예정자,향후 AI 사용 예정자,True
52273,1,0,0.3909685280941146,향후 AI 사용 예정자,현재 AI 사용자,False
49871,1,1,0.8116608463050605,향후 AI 사용 예정자,향후 AI 사용 예정자,True
14782,1,1,0.778521840060733,향후 AI 사용 예정자,향후 AI 사용 예정자,True
44372,1,0,0.47395433342953563,향후 AI 사용 예정자,현재 AI 사용자,False
10167,0,0,0.4833919359357874,현재 AI 사용자,현재 AI 사용자,True
23817,0,1,0.5076860141970174,현재 AI 사용자,향후 AI 사용 예정자,False
14756,1,0,0.37133277890311833,향후 AI 사용 예정자,현재 AI 사용자,False
22786,1,1,0.9192349717292139,향후 AI 사용 예정자,향후 AI 사용 예정자,True
41168,1,1,0.9572736437651536,향후 AI 사용 예정자,향후 AI 사용 예정자,True
15485,1,1,0.9918796028616419,향후 AI 사용 예정자,향후 AI 사용 예정자,True
39433,0,0,0.39438164290940647,현재 AI 사용자,현재 AI 사용자,True
55802,1,1,0.5327753620291651,향후 AI 사용 예정자,향후 AI 사용 예정자,True
12625,1,1,0.9242224733639876,향후 AI 사용 예정자,향후 AI 사용 예정자,True
53719,1,1,0.6905066270810021,향후 AI 사용 예정자,향후 AI 사용 예정자,True
42905,1,1,0.5526328923244654,향후 AI 사용 예정자,향후 AI 사용 예정자,True
52505,1,1,0.6827023067788685,향후 AI 사용 예정자,향후 AI 사용 예정자,True
29918,0,0,0.44451772209443235,현재 AI 사용자,현재 AI 사용자,True
26200,0,0,0.211703746033922,현재 AI 사용자,현재 AI 사용자,True
31086,1,1,0.6968753533214331,향후 AI 사용 예정자,향후 AI 사용 예정자,True
40982,1,1,0.5093975916974774,향후 AI 사용 예정자,향후 AI 사용 예정자,True
28191,1,1,0.9125201725841586,향후 AI 사용 예정자,향후 AI 사용 예정자,True
52859,1,1,0.5348622456389827,향후 AI 사용 예정자,향후 AI 사용 예정자,True
28195,1,0,0.4861618726040885,향후 AI 사용 예정자,현재 AI 사용자,False
7922,1,1,0.8423196305731713,향후 AI 사용 예정자,향후 AI 사용 예정자,True
57253,0,0,0.49169446155025015,현재 AI 사용자,현재 AI 사용자,True
6148,1,1,0.5641796616711499,향후 AI 사용 예정자,향후 AI 사용 예정자,True
2798,0,1,0.8705989521846386,현재 AI 사용자,향후 AI 사용 예정자,False
51636,1,1,0.8125910732250975,향후 AI 사용 예정자,향후 AI 사용 예정자,True
36380,0,0,0.2952611516559103,현재 AI 사용자,현재 AI 사용자,True
61011,1,1,0.5763801779789308,향후 AI 사용 예정자,향후 AI 사용 예정자,True
4353,1,1,0.9736765397741951,향후 AI 사용 예정자,향후 AI 사용 예정자,True
26374,0,0,0.22457910579464757,현재 AI 사용자,현재 AI 사용자,True
53670,0,0,0.12564653104852558,현재 AI 사용자,현재 AI 사용자,True
7425,0,0,0.2334309251551702,현재 AI 사용자,현재 AI 사용자,True
29846,1,1,0.6052770729863138,향후 AI 사용 예정자,향후 AI 사용 예정자,True
30399,1,1,0.6674084518140491,향후 AI 사용 예정자,향후 AI 사용 예정자,True
64139,0,1,0.8048875450503373,현재 AI 사용자,향후 AI 사용 예정자,False
30244,1,1,0.7306408878997477,향후 AI 사용 예정자,향후 AI 사용 예정자,True
5218,1,1,0.6994408718629384,향후 AI 사용 예정자,향후 AI 사용 예정자,True
30312,1,1,0.7336315577823939,향후 AI 사용 예정자,향후 AI 사용 예정자,True
60020,1,0,0.28426371431312747,향후 AI 사용 예정자,현재 AI 사용자,False
43497,1,1,0.9727647867288435,향후 AI 사용 예정자,향후 AI 사용 예정자,True
17467,1,1,0.6150761099752602,향후 AI 사용 예정자,향후 AI 사용 예정자,True
46688,0,0,0.1405070862286712,현재 AI 사용자,현재 AI 사용자,True
6587,0,1,0.6115145012230336,현재 AI 사용자,향후 AI 사용 예정자,False
50608,0,1,0.8627774659707296,현재 AI 사용자,향후 AI 사용 예정자,False
1622,1,1,0.6833606152315556,향후 AI 사용 예정자,향후 AI 사용 예정자,True
41026,0,1,0.6007671099771164,현재 AI 사용자,향후 AI 사용 예정자,False
23037,1,1,0.8921390226854069,향후 AI 사용 예정자,향후 AI 사용 예정자,True
53693,0,1,0.7180125899609886,현재 AI 사용자,향후 AI 사용 예정자,False
22881,0,1,0.6416106446964235,현재 AI 사용자,향후 AI 사용 예정자,False
11510,0,1,0.7725336692366453,현재 AI 사용자,향후 AI 사용 예정자,False
16385,1,1,0.9391695983091305,향후 AI 사용 예정자,향후 AI 사용 예정자,True
59142,1,1,0.693363930114648,향후 AI 사용 예정자,향후 AI 사용 예정자,True
51771,1,1,0.9040662133929571,향후 AI 사용 예정자,향후 AI 사용 예정자,True
11080,1,1,0.9685918183715647,향후 AI 사용 예정자,향후 AI 사용 예정자,True
15063,1,1,0.954400142166516,향후 AI 사용 예정자,향후 AI 사용 예정자,True
49789,1,1,0.5705562230785873,향후 AI 사용 예정자,향후 AI 사용 예정자,True
52949,1,1,0.9816995376959587,향후 AI 사용 예정자,향후 AI 사용 예정자,True
5582,1,1,0.9601946760808368,향후 AI 사용 예정자,향후 AI 사용 예정자,True
13713,0,0,0.2507239467967193,현재 AI 사용자,현재 AI 사용자,True
35763,1,1,0.5050538273191849,향후 AI 사용 예정자,향후 AI 사용 예정자,True
32375,1,1,0.6774544158461377,향후 AI 사용 예정자,향후 AI 사용 예정자,True
42983,1,1,0.7471239668831546,향후 AI 사용 예정자,향후 AI 사용 예정자,True
9264,1,1,0.8174406491890158,향후 AI 사용 예정자,향후 AI 사용 예정자,True
23557,1,0,0.4736279765650728,향후 AI 사용 예정자,현재 AI 사용자,False
34046,1,1,0.7252104109653394,향후 AI 사용 예정자,향후 AI 사용 예정자,True
39157,1,1,0.966505819608146,향후 AI 사용 예정자,향후 AI 사용 예정자,True
42652,0,0,0.4834379001044673,현재 AI 사용자,현재 AI 사용자,True
12764,0,1,0.5216654149245826,현재 AI 사용자,향후 AI 사용 예정자,False
47339,0,0,0.1742177678262143,현재 AI 사용자,현재 AI 사용자,True
1759,1,1,0.9952799312768676,향후 AI 사용 예정자,향후 AI 사용 예정자,True
2818,1,1,0.7660857450727286,향후 AI 사용 예정자,향후 AI 사용 예정자,True
14958,1,1,0.8367257860187962,향후 AI 사용 예정자,향후 AI 사용 예정자,True
18011,0,0,0.3244656979267507,현재 AI 사용자,현재 AI 사용자,True
36912,1,1,0.7516273786739425,향후 AI 사용 예정자,향후 AI 사용 예정자,True
24209,0,1,0.5992442798042248,현재 AI 사용자,향후 AI 사용 예정자,False
42770,1,1,0.7060248782005213,향후 AI 사용 예정자,향후 AI 사용 예정자,True
27502,1,1,0.7021097709738418,향후 AI 사용 예정자,향후 AI 사용 예정자,True
37152,1,1,0.8215349966425484,향후 AI 사용 예정자,향후 AI 사용 예정자,True
25646,1,1,0.9784051243350199,향후 AI 사용 예정자,향후 AI 사용 예정자,True
25271,0,0,0.272687363329781,현재 AI 사용자,현재 AI 사용자,True
33033,1,1,0.9457971089301024,향후 AI 사용 예정자,향후 AI 사용 예정자,True
54346,1,1,0.5586332342442862,향후 AI 사용 예정자,향후 AI 사용 예정자,True
21270,0,0,0.47186437438023043,현재 AI 사용자,현재 AI 사용자,True
23568,0,0,0.2902484869041623,현재 AI 사용자,현재 AI 사용자,True
10712,0,0,0.3308907380796283,현재 AI 사용자,현재 AI 사용자,True
50127,0,0,0.4042215177322206,현재 AI 사용자,현재 AI 사용자,True
1973,1,1,0.9463345858525125,향후 AI 사용 예정자,향후 AI 사용 예정자,True
55709,1,1,0.8924371043099354,향후 AI 사용 예정자,향후 AI 사용 예정자,True
51163,0,0,0.2290947001091246,현재 AI 사용자,현재 AI 사용자,True
5061,1,0,0.453579017026162,향후 AI 사용 예정자,현재 AI 사용자,False
31525,1,1,0.8198495161981609,향후 AI 사용 예정자,향후 AI 사용 예정자,True
23071,1,1,0.7058663923472365,향후 AI 사용 예정자,향후 AI 사용 예정자,True
30256,0,1,0.752980263235199,현재 AI 사용자,향후 AI 사용 예정자,False
40765,0,0,0.12599104031830777,현재 AI 사용자,현재 AI 사용자,True
9102,1,1,0.9675887482344718,향후 AI 사용 예정자,향후 AI 사용 예정자,True
43331,1,1,0.945553738497972,향후 AI 사용 예정자,향후 AI 사용 예정자,True
56620,1,1,0.947210451329677,향후 AI 사용 예정자,향후 AI 사용 예정자,True
4471,0,0,0.21741353680553632,현재 AI 사용자,현재 AI 사용자,True
14173,0,0,0.2870872105611574,현재 AI 사용자,현재 AI 사용자,True
56503,0,0,0.4758482042153073,현재 AI 사용자,현재 AI 사용자,True
14372,0,0,0.3835808708951803,현재 AI 사용자,현재 AI 사용자,True
60916,0,0,0.2397586672880257,현재 AI 사용자,현재 AI 사용자,True
45758,0,0,0.33696190033434836,현재 AI 사용자,현재 AI 사용자,True
22901,1,1,0.5147291634897826,향후 AI 사용 예정자,향후 AI 사용 예정자,True
19263,1,1,0.8670636648061474,향후 AI 사용 예정자,향후 AI 사용 예정자,True
11264,1,0,0.24225209936208753,향후 AI 사용 예정자,현재 AI 사용자,False
28169,0,0,0.1774614606095913,현재 AI 사용자,현재 AI 사용자,True
1217,0,0,0.07263776018331786,현재 AI 사용자,현재 AI 사용자,True
44313,0,1,0.7957176325348367,현재 AI 사용자,향후 AI 사용 예정자,False
25020,0,1,0.6590565615088431,현재 AI 사용자,향후 AI 사용 예정자,False
29560,0,0,0.44572544594240876,현재 AI 사용자,현재 AI 사용자,True
37996,1,1,0.9220167430203592,향후 AI 사용 예정자,향후 AI 사용 예정자,True
58194,0,0,0.2569656580721217,현재 AI 사용자,현재 AI 사용자,True
11922,0,0,0.08418579078274772,현재 AI 사용자,현재 AI 사용자,True
5789,1,0,0.23807316717084065,향후 AI 사용 예정자,현재 AI 사용자,False
63208,0,1,0.6522015156406175,현재 AI 사용자,향후 AI 사용 예정자,False
2868,0,1,0.5879919971396826,현재 AI 사용자,향후 AI 사용 예정자,False
59040,1,1,0.7178949228907514,향후 AI 사용 예정자,향후 AI 사용 예정자,True
50753,0,0,0.07670176075773114,현재 AI 사용자,현재 AI 사용자,True
56985,1,1,0.9662981187808144,향후 AI 사용 예정자,향후 AI 사용 예정자,True
55722,1,1,0.8110224189711777,향후 AI 사용 예정자,향후 AI 사용 예정자,True
55587,1,1,0.9598838867286714,향후 AI 사용 예정자,향후 AI 사용 예정자,True
10706,0,0,0.31469593863693957,현재 AI 사용자,현재 AI 사용자,True
51612,0,0,0.18651675634400117,현재 AI 사용자,현재 AI 사용자,True
26527,1,1,0.7625503403865961,향후 AI 사용 예정자,향후 AI 사용 예정자,True
1996,1,1,0.9575811333350155,향후 AI 사용 예정자,향후 AI 사용 예정자,True
4604,1,1,0.9688930555671861,향후 AI 사용 예정자,향후 AI 사용 예정자,True
54614,0,0,0.3898984250245906,현재 AI 사용자,현재 AI 사용자,True
31932,1,1,0.8027952195846154,향후 AI 사용 예정자,향후 AI 사용 예정자,True
20357,0,0,0.2078789928862038,현재 AI 사용자,현재 AI 사용자,True
19310,0,1,0.7745529619099282,현재 AI 사용자,향후 AI 사용 예정자,False
27873,0,0,0.3884163702199421,현재 AI 사용자,현재 AI 사용자,True
52034,0,0,0.3019284074977095,현재 AI 사용자,현재 AI 사용자,True
16558,0,0,0.3477501998792402,현재 AI 사용자,현재 AI 사용자,True
20691,1,1,0.919366061455607,향후 AI 사용 예정자,향후 AI 사용 예정자,True
26772,1,0,0.31057822216962383,향후 AI 사용 예정자,현재 AI 사용자,False
53590,1,1,0.9001914747281766,향후 AI 사용 예정자,향후 AI 사용 예정자,True
5480,1,1,0.7983003871813568,향후 AI 사용 예정자,향후 AI 사용 예정자,True
55358,1,1,0.7941035035993748,향후 AI 사용 예정자,향후 AI 사용 예정자,True
9371,1,1,0.9646906812605742,향후 AI 사용 예정자,향후 AI 사용 예정자,True
51592,0,0,0.4147308225289396,현재 AI 사용자,현재 AI 사용자,True
21363,1,1,0.7883919552627568,향후 AI 사용 예정자,향후 AI 사용 예정자,True
38891,0,0,0.10033313787069212,현재 AI 사용자,현재 AI 사용자,True
14487,0,0,0.11113063465281764,현재 AI 사용자,현재 AI 사용자,True
29399,1,0,0.37445726965189235,향후 AI 사용 예정자,현재 AI 사용자,False
44804,1,1,0.5530124982388792,향후 AI 사용 예정자,향후 AI 사용 예정자,True
3577,1,1,0.6900863559616488,향후 AI 사용 예정자,향후 AI 사용 예정자,True
2471,1,1,0.9807362203508677,향후 AI 사용 예정자,향후 AI 사용 예정자,True
52791,1,1,0.946696155282536,향후 AI 사용 예정자,향후 AI 사용 예정자,True
25117,1,1,0.9053284277862444,향후 AI 사용 예정자,향후 AI 사용 예정자,True
22366,1,1,0.7171125102913151,향후 AI 사용 예정자,향후 AI 사용 예정자,True
40230,1,1,0.661762622479473,향후 AI 사용 예정자,향후 AI 사용 예정자,True
51573,1,1,0.8686314299669159,향후 AI 사용 예정자,향후 AI 사용 예정자,True
33741,0,0,0.09849446453163606,현재 AI 사용자,현재 AI 사용자,True
32339,1,1,0.8795715077559304,향후 AI 사용 예정자,향후 AI 사용 예정자,True
22706,1,1,0.9140836295193265,향후 AI 사용 예정자,향후 AI 사용 예정자,True
15874,1,1,0.6229831405018141,향후 AI 사용 예정자,향후 AI 사용 예정자,True
1767,1,1,0.8587817343104732,향후 AI 사용 예정자,향후 AI 사용 예정자,True
28422,0,1,0.7977234357661157,현재 AI 사용자,향후 AI 사용 예정자,False
60549,1,1,0.6836746317594581,향후 AI 사용 예정자,향후 AI 사용 예정자,True
39242,1,0,0.3066505724515153,향후 AI 사용 예정자,현재 AI 사용자,False
25894,1,1,0.9484293819826591,향후 AI 사용 예정자,향후 AI 사용 예정자,True
32634,0,1,0.7195052183724594,현재 AI 사용자,향후 AI 사용 예정자,False
59025,0,1,0.6072071571404819,현재 AI 사용자,향후 AI 사용 예정자,False
43844,1,1,0.6813590664442434,향후 AI 사용 예정자,향후 AI 사용 예정자,True
50318,1,1,0.9814564429148099,향후 AI 사용 예정자,향후 AI 사용 예정자,True
18831,0,1,0.7254260042210959,현재 AI 사용자,향후 AI 사용 예정자,False
35685,0,0,0.32049787993985507,현재 AI 사용자,현재 AI 사용자,True
55452,0,0,0.19715112644674113,현재 AI 사용자,현재 AI 사용자,True
54595,0,0,0.1696044985253342,현재 AI 사용자,현재 AI 사용자,True
41030,1,1,0.8682638780942028,향후 AI 사용 예정자,향후 AI 사용 예정자,True
30287,1,1,0.6011001550483402,향후 AI 사용 예정자,향후 AI 사용 예정자,True
8180,1,1,0.6374272078341211,향후 AI 사용 예정자,향후 AI 사용 예정자,True
17314,0,0,0.31233768122198835,현재 AI 사용자,현재 AI 사용자,True
23766,1,1,0.8381082461514826,향후 AI 사용 예정자,향후 AI 사용 예정자,True
22516,1,1,0.6927224511447144,향후 AI 사용 예정자,향후 AI 사용 예정자,True
30735,0,0,0.0870007352155638,현재 AI 사용자,현재 AI 사용자,True
32533,1,1,0.9590789496186378,향후 AI 사용 예정자,향후 AI 사용 예정자,True
9987,1,1,0.9674629269024329,향후 AI 사용 예정자,향후 AI 사용 예정자,True
38125,0,0,0.14588444968432643,현재 AI 사용자,현재 AI 사용자,True
51054,1,1,0.8891917179935933,향후 AI 사용 예정자,향후 AI 사용 예정자,True
57526,0,0,0.12966284585960988,현재 AI 사용자,현재 AI 사용자,True
35019,1,1,0.9524085367441657,향후 AI 사용 예정자,향후 AI 사용 예정자,True
26779,1,0,0.4903634064354223,향후 AI 사용 예정자,현재 AI 사용자,False
11861,0,1,0.6141279061939149,현재 AI 사용자,향후 AI 사용 예정자,False
5416,1,0,0.3340812078836488,향후 AI 사용 예정자,현재 AI 사용자,False
23626,1,1,0.8643173815899639,향후 AI 사용 예정자,향후 AI 사용 예정자,True
15895,1,1,0.9800272870570483,향후 AI 사용 예정자,향후 AI 사용 예정자,True
40519,1,0,0.16135363689178314,향후 AI 사용 예정자,현재 AI 사용자,False
3593,0,1,0.8383753301448272,현재 AI 사용자,향후 AI 사용 예정자,False
9709,0,0,0.15366435562142652,현재 AI 사용자,현재 AI 사용자,True
32556,1,0,0.3049347744091345,향후 AI 사용 예정자,현재 AI 사용자,False
16691,1,1,0.9670788044143488,향후 AI 사용 예정자,향후 AI 사용 예정자,True
6753,1,1,0.814123812737146,향후 AI 사용 예정자,향후 AI 사용 예정자,True
52318,0,1,0.8392473706785447,현재 AI 사용자,향후 AI 사용 예정자,False
48681,1,1,0.7968506564614268,향후 AI 사용 예정자,향후 AI 사용 예정자,True
11538,1,1,0.5585352299460336,향후 AI 사용 예정자,향후 AI 사용 예정자,True
28277,1,1,0.9247531020192814,향후 AI 사용 예정자,향후 AI 사용 예정자,True
3746,1,1,0.7243807246534447,향후 AI 사용 예정자,향후 AI 사용 예정자,True
5923,1,1,0.9496524195395437,향후 AI 사용 예정자,향후 AI 사용 예정자,True
39768,1,0,0.3680441213697623,향후 AI 사용 예정자,현재 AI 사용자,False
5761,1,0,0.38479114429812544,향후 AI 사용 예정자,현재 AI 사용자,False
29907,1,1,0.5928594660170513,향후 AI 사용 예정자,향후 AI 사용 예정자,True
18385,1,1,0.8155286260936623,향후 AI 사용 예정자,향후 AI 사용 예정자,True
45596,1,0,0.472638393116845,향후 AI 사용 예정자,현재 AI 사용자,False
14672,1,0,0.4181947554097987,향후 AI 사용 예정자,현재 AI 사용자,False
47488,1,1,0.8794206137133087,향후 AI 사용 예정자,향후 AI 사용 예정자,True
14308,1,1,0.819841576837816,향후 AI 사용 예정자,향후 AI 사용 예정자,True
31036,1,1,0.9623740188643226,향후 AI 사용 예정자,향후 AI 사용 예정자,True
27864,1,1,0.9274894445126184,향후 AI 사용 예정자,향후 AI 사용 예정자,True
65196,1,1,0.8467943956277547,향후 AI 사용 예정자,향후 AI 사용 예정자,True
50388,1,1,0.8695686991056547,향후 AI 사용 예정자,향후 AI 사용 예정자,True
18586,1,0,0.45039729538491746,향후 AI 사용 예정자,현재 AI 사용자,False
23155,0,0,0.21841240557257693,현재 AI 사용자,현재 AI 사용자,True
55442,1,1,0.927545934174228,향후 AI 사용 예정자,향후 AI 사용 예정자,True
12645,0,1,0.5853447791942862,현재 AI 사용자,향후 AI 사용 예정자,False
20796,0,1,0.6513073256341045,현재 AI 사용자,향후 AI 사용 예정자,False
38201,1,1,0.9770126455481063,향후 AI 사용 예정자,향후 AI 사용 예정자,True
41967,1,1,0.8493702923903594,향후 AI 사용 예정자,향후 AI 사용 예정자,True
9283,0,0,0.44086378599510456,현재 AI 사용자,현재 AI 사용자,True
2812,1,0,0.34902700500506056,향후 AI 사용 예정자,현재 AI 사용자,False
10829,1,1,0.7088073217731871,향후 AI 사용 예정자,향후 AI 사용 예정자,True
32866,1,1,0.7471637500504206,향후 AI 사용 예정자,향후 AI 사용 예정자,True
59832,1,1,0.8742210193856694,향후 AI 사용 예정자,향후 AI 사용 예정자,True
36774,1,1,0.8129976495519398,향후 AI 사용 예정자,향후 AI 사용 예정자,True
19382,1,1,0.794872744253323,향후 AI 사용 예정자,향후 AI 사용 예정자,True
18595,1,1,0.7624075233493537,향후 AI 사용 예정자,향후 AI 사용 예정자,True
49426,1,1,0.5529925203337825,향후 AI 사용 예정자,향후 AI 사용 예정자,True
5205,0,0,0.3402557537985141,현재 AI 사용자,현재 AI 사용자,True
36703,1,1,0.6311691191319757,향후 AI 사용 예정자,향후 AI 사용 예정자,True
22617,1,0,0.43316419953874524,향후 AI 사용 예정자,현재 AI 사용자,False
38464,0,1,0.7759754043992908,현재 AI 사용자,향후 AI 사용 예정자,False
8882,1,1,0.9745842988893307,향후 AI 사용 예정자,향후 AI 사용 예정자,True
26736,1,1,0.996206849034904,향후 AI 사용 예정자,향후 AI 사용 예정자,True
23861,1,1,0.784331808453189,향후 AI 사용 예정자,향후 AI 사용 예정자,True
23478,1,1,0.9256327296323917,향후 AI 사용 예정자,향후 AI 사용 예정자,True
1886,1,1,0.6517586830797161,향후 AI 사용 예정자,향후 AI 사용 예정자,True
21374,0,0,0.4954017593429884,현재 AI 사용자,현재 AI 사용자,True
59480,1,1,0.5813366131874681,향후 AI 사용 예정자,향후 AI 사용 예정자,True
2947,1,1,0.9434880623965769,향후 AI 사용 예정자,향후 AI 사용 예정자,True
18508,0,1,0.5998476803619048,현재 AI 사용자,향후 AI 사용 예정자,False
40515,1,0,0.36053904239565215,향후 AI 사용 예정자,현재 AI 사용자,False
19005,1,1,0.8115147896417325,향후 AI 사용 예정자,향후 AI 사용 예정자,True
13046,1,0,0.36076191105033995,향후 AI 사용 예정자,현재 AI 사용자,False
33595,0,0,0.43324829538440907,현재 AI 사용자,현재 AI 사용자,True
21707,0,0,0.24435124823688176,현재 AI 사용자,현재 AI 사용자,True
26509,1,1,0.9784038759824137,향후 AI 사용 예정자,향후 AI 사용 예정자,True
32600,1,0,0.2044785398877304,향후 AI 사용 예정자,현재 AI 사용자,False
22693,1,0,0.3835518197049723,향후 AI 사용 예정자,현재 AI 사용자,False
34198,0,0,0.4504099991046473,현재 AI 사용자,현재 AI 사용자,True
37721,1,1,0.8959782095152401,향후 AI 사용 예정자,향후 AI 사용 예정자,True
58317,1,1,0.9499330190357581,향후 AI 사용 예정자,향후 AI 사용 예정자,True
36853,0,0,0.08891796897737544,현재 AI 사용자,현재 AI 사용자,True
65436,0,0,0.45236791855521463,현재 AI 사용자,현재 AI 사용자,True
15958,1,1,0.810299442542798,향후 AI 사용 예정자,향후 AI 사용 예정자,True
41080,0,0,0.36412606636130523,현재 AI 사용자,현재 AI 사용자,True
10941,1,1,0.9395430083180042,향후 AI 사용 예정자,향후 AI 사용 예정자,True
54019,1,1,0.9561360783279433,향후 AI 사용 예정자,향후 AI 사용 예정자,True
2339,0,0,0.1931920840173833,현재 AI 사용자,현재 AI 사용자,True
36557,1,1,0.9884637042517982,향후 AI 사용 예정자,향후 AI 사용 예정자,True
2905,0,0,0.4567817387763668,현재 AI 사용자,현재 AI 사용자,True
56694,1,1,0.9655344736121245,향후 AI 사용 예정자,향후 AI 사용 예정자,True
22670,0,0,0.23129359062513405,현재 AI 사용자,현재 AI 사용자,True
31372,0,1,0.8546097033552695,현재 AI 사용자,향후 AI 사용 예정자,False
52069,1,1,0.5184094067567679,향후 AI 사용 예정자,향후 AI 사용 예정자,True
19511,1,1,0.624865641976889,향후 AI 사용 예정자,향후 AI 사용 예정자,True
27935,0,0,0.19298743390808815,현재 AI 사용자,현재 AI 사용자,True
13299,1,1,0.9530768710677756,향후 AI 사용 예정자,향후 AI 사용 예정자,True
50574,1,1,0.8170721334906873,향후 AI 사용 예정자,향후 AI 사용 예정자,True
33717,1,1,0.9140597122336597,향후 AI 사용 예정자,향후 AI 사용 예정자,True
41618,0,1,0.9779121446764785,현재 AI 사용자,향후 AI 사용 예정자,False
8938,1,1,0.8813049972997863,향후 AI 사용 예정자,향후 AI 사용 예정자,True
32965,0,0,0.18894539072926808,현재 AI 사용자,현재 AI 사용자,True
58586,0,0,0.2275334939370849,현재 AI 사용자,현재 AI 사용자,True
31915,1,1,0.7642172344781878,향후 AI 사용 예정자,향후 AI 사용 예정자,True
46976,0,0,0.20263112832592664,현재 AI 사용자,현재 AI 사용자,True
11105,0,0,0.1859541660368248,현재 AI 사용자,현재 AI 사용자,True
37562,1,1,0.9391698990356913,향후 AI 사용 예정자,향후 AI 사용 예정자,True
47815,1,0,0.24419731263646777,향후 AI 사용 예정자,현재 AI 사용자,False
35461,0,1,0.5258450485447744,현재 AI 사용자,향후 AI 사용 예정자,False
30868,0,1,0.5788660757635608,현재 AI 사용자,향후 AI 사용 예정자,False
31318,1,1,0.8810948488057397,향후 AI 사용 예정자,향후 AI 사용 예정자,True
24652,0,0,0.26216000609073864,현재 AI 사용자,현재 AI 사용자,True
17808,1,1,0.982904467316857,향후 AI 사용 예정자,향후 AI 사용 예정자,True
32065,0,0,0.15424427054455708,현재 AI 사용자,현재 AI 사용자,True
39479,0,0,0.11675194703690488,현재 AI 사용자,현재 AI 사용자,True
27092,1,1,0.826211233625971,향후 AI 사용 예정자,향후 AI 사용 예정자,True
35864,1,1,0.9792915270960255,향후 AI 사용 예정자,향후 AI 사용 예정자,True
16591,1,1,0.5571010156559673,향후 AI 사용 예정자,향후 AI 사용 예정자,True
12440,1,1,0.7836507842101555,향후 AI 사용 예정자,향후 AI 사용 예정자,True
45343,1,1,0.8588481609616865,향후 AI 사용 예정자,향후 AI 사용 예정자,True
57551,0,0,0.10903806164415351,현재 AI 사용자,현재 AI 사용자,True
57107,0,1,0.8262869505195068,현재 AI 사용자,향후 AI 사용 예정자,False
22000,0,0,0.2664118024545307,현재 AI 사용자,현재 AI 사용자,True
39060,1,1,0.9870087781946504,향후 AI 사용 예정자,향후 AI 사용 예정자,True
40740,0,0,0.1739804740498054,현재 AI 사용자,현재 AI 사용자,True
5752,0,0,0.11908386769221295,현재 AI 사용자,현재 AI 사용자,True
38802,0,0,0.4352570401163585,현재 AI 사용자,현재 AI 사용자,True
21530,1,1,0.6727341109422774,향후 AI 사용 예정자,향후 AI 사용 예정자,True
39464,1,1,0.8735837440809505,향후 AI 사용 예정자,향후 AI 사용 예정자,True
12504,0,0,0.23419916479770883,현재 AI 사용자,현재 AI 사용자,True
2011,1,0,0.2331623510419601,향후 AI 사용 예정자,현재 AI 사용자,False
64054,1,1,0.8861177377854299,향후 AI 사용 예정자,향후 AI 사용 예정자,True
33343,1,1,0.9327656763767312,향후 AI 사용 예정자,향후 AI 사용 예정자,True
53042,1,1,0.8939933966384759,향후 AI 사용 예정자,향후 AI 사용 예정자,True
27675,0,1,0.7428687386210389,현재 AI 사용자,향후 AI 사용 예정자,False
51020,1,1,0.5772542788970931,향후 AI 사용 예정자,향후 AI 사용 예정자,True
48052,1,1,0.686024958087378,향후 AI 사용 예정자,향후 AI 사용 예정자,True
7654,1,0,0.4101053253907928,향후 AI 사용 예정자,현재 AI 사용자,False
35833,0,1,0.6889050664047202,현재 AI 사용자,향후 AI 사용 예정자,False
55426,1,1,0.5777149655963575,향후 AI 사용 예정자,향후 AI 사용 예정자,True
34009,1,1,0.7327635582653865,향후 AI 사용 예정자,향후 AI 사용 예정자,True
48928,0,0,0.18726088890308865,현재 AI 사용자,현재 AI 사용자,True
13861,1,1,0.8582419926686112,향후 AI 사용 예정자,향후 AI 사용 예정자,True
50779,1,1,0.8561602022352627,향후 AI 사용 예정자,향후 AI 사용 예정자,True
23184,1,1,0.8904793721731045,향후 AI 사용 예정자,향후 AI 사용 예정자,True
28278,0,0,0.260692136907825,현재 AI 사용자,현재 AI 사용자,True
16767,1,1,0.9071060269173925,향후 AI 사용 예정자,향후 AI 사용 예정자,True
3499,1,1,0.9912091780514427,향후 AI 사용 예정자,향후 AI 사용 예정자,True
36100,1,1,0.7918703260861676,향후 AI 사용 예정자,향후 AI 사용 예정자,True
18676,1,1,0.733068127974728,향후 AI 사용 예정자,향후 AI 사용 예정자,True
57786,0,0,0.11762498828176322,현재 AI 사용자,현재 AI 사용자,True
4414,1,1,0.9882027764993572,향후 AI 사용 예정자,향후 AI 사용 예정자,True
5040,0,1,0.7955692307718335,현재 AI 사용자,향후 AI 사용 예정자,False
50252,1,1,0.7156272988704656,향후 AI 사용 예정자,향후 AI 사용 예정자,True
65022,1,1,0.8917144166630019,향후 AI 사용 예정자,향후 AI 사용 예정자,True
29275,1,1,0.5343307180837534,향후 AI 사용 예정자,향후 AI 사용 예정자,True
23545,1,1,0.8943543893247096,향후 AI 사용 예정자,향후 AI 사용 예정자,True
44594,1,1,0.8572307285339646,향후 AI 사용 예정자,향후 AI 사용 예정자,True
28692,1,0,0.3970854809556521,향후 AI 사용 예정자,현재 AI 사용자,False
8283,1,1,0.5271731593171318,향후 AI 사용 예정자,향후 AI 사용 예정자,True
30941,1,0,0.4037828489273484,향후 AI 사용 예정자,현재 AI 사용자,False
35354,1,0,0.46170503456544204,향후 AI 사용 예정자,현재 AI 사용자,False
1589,1,1,0.7842615637832809,향후 AI 사용 예정자,향후 AI 사용 예정자,True
31250,1,1,0.6532931389000461,향후 AI 사용 예정자,향후 AI 사용 예정자,True
11565,0,0,0.3175996619716497,현재 AI 사용자,현재 AI 사용자,True
21446,1,0,0.12371882418948252,향후 AI 사용 예정자,현재 AI 사용자,False
11107,1,0,0.4897386097121592,향후 AI 사용 예정자,현재 AI 사용자,False
36518,0,1,0.9582045034758381,현재 AI 사용자,향후 AI 사용 예정자,False
53939,1,1,0.6804133210222848,향후 AI 사용 예정자,향후 AI 사용 예정자,True
28099,1,1,0.9194637640617239,향후 AI 사용 예정자,향후 AI 사용 예정자,True
13939,0,1,0.6315295135437319,현재 AI 사용자,향후 AI 사용 예정자,False
16823,1,1,0.8045012353222543,향후 AI 사용 예정자,향후 AI 사용 예정자,True
42711,1,1,0.7893924904169939,향후 AI 사용 예정자,향후 AI 사용 예정자,True
19477,1,1,0.6143455355677387,향후 AI 사용 예정자,향후 AI 사용 예정자,True
11760,1,0,0.3900052066007587,향후 AI 사용 예정자,현재 AI 사용자,False
14809,1,1,0.957412597291045,향후 AI 사용 예정자,향후 AI 사용 예정자,True
17919,1,1,0.9075873234764992,향후 AI 사용 예정자,향후 AI 사용 예정자,True
50838,1,1,0.9164113157065779,향후 AI 사용 예정자,향후 AI 사용 예정자,True
11111,0,0,0.485259873369666,현재 AI 사용자,현재 AI 사용자,True
3264,1,1,0.6153122316642612,향후 AI 사용 예정자,향후 AI 사용 예정자,True
26349,0,0,0.2597150094163634,현재 AI 사용자,현재 AI 사용자,True
8994,1,0,0.4523179984075704,향후 AI 사용 예정자,현재 AI 사용자,False
13210,1,1,0.742251518616386,향후 AI 사용 예정자,향후 AI 사용 예정자,True
44850,1,0,0.29187982660002965,향후 AI 사용 예정자,현재 AI 사용자,False
41378,1,1,0.9473205884627784,향후 AI 사용 예정자,향후 AI 사용 예정자,True
13820,1,1,0.8565828482067531,향후 AI 사용 예정자,향후 AI 사용 예정자,True
19249,1,0,0.2746161854031589,향후 AI 사용 예정자,현재 AI 사용자,False
27982,0,1,0.5234422861991866,현재 AI 사용자,향후 AI 사용 예정자,False
9990,0,0,0.2628268696127567,현재 AI 사용자,현재 AI 사용자,True
57071,0,1,0.9257293585179485,현재 AI 사용자,향후 AI 사용 예정자,False
5841,1,1,0.9781856275992785,향후 AI 사용 예정자,향후 AI 사용 예정자,True
33697,1,1,0.9795129805554792,향후 AI 사용 예정자,향후 AI 사용 예정자,True
2983,1,1,0.8848035685173724,향후 AI 사용 예정자,향후 AI 사용 예정자,True
26393,1,1,0.8514571582403122,향후 AI 사용 예정자,향후 AI 사용 예정자,True
7096,1,1,0.7204470962266019,향후 AI 사용 예정자,향후 AI 사용 예정자,True
5640,0,0,0.31268452750094355,현재 AI 사용자,현재 AI 사용자,True
12116,0,0,0.4773745973455446,현재 AI 사용자,현재 AI 사용자,True
24758,1,1,0.9555980217327502,향후 AI 사용 예정자,향후 AI 사용 예정자,True
40172,1,1,0.6438282254064125,향후 AI 사용 예정자,향후 AI 사용 예정자,True
28863,1,1,0.7695792122570793,향후 AI 사용 예정자,향후 AI 사용 예정자,True
56259,1,1,0.543083860063869,향후 AI 사용 예정자,향후 AI 사용 예정자,True
27100,0,0,0.27284873312024577,현재 AI 사용자,현재 AI 사용자,True
2688,1,1,0.9782105649681077,향후 AI 사용 예정자,향후 AI 사용 예정자,True
61720,0,1,0.7807212350043992,현재 AI 사용자,향후 AI 사용 예정자,False
7205,1,1,0.669999860454771,향후 AI 사용 예정자,향후 AI 사용 예정자,True
45538,1,1,0.9457641325700678,향후 AI 사용 예정자,향후 AI 사용 예정자,True
2962,0,1,0.6141001479537256,현재 AI 사용자,향후 AI 사용 예정자,False
4528,1,1,0.8049696737148603,향후 AI 사용 예정자,향후 AI 사용 예정자,True
40654,0,0,0.30323070376142114,현재 AI 사용자,현재 AI 사용자,True
65134,1,1,0.8781789406083571,향후 AI 사용 예정자,향후 AI 사용 예정자,True
37845,0,0,0.3144998850346691,현재 AI 사용자,현재 AI 사용자,True
51784,1,0,0.3076629761076513,향후 AI 사용 예정자,현재 AI 사용자,False
24256,1,1,0.8531674027409284,향후 AI 사용 예정자,향후 AI 사용 예정자,True
35063,1,1,0.8753341514466598,향후 AI 사용 예정자,향후 AI 사용 예정자,True
776,0,0,0.17243603532870647,현재 AI 사용자,현재 AI 사용자,True
41139,1,1,0.9837199481245064,향후 AI 사용 예정자,향후 AI 사용 예정자,True
18132,1,1,0.9061371750613865,향후 AI 사용 예정자,향후 AI 사용 예정자,True
53775,0,0,0.3054333251435972,현재 AI 사용자,현재 AI 사용자,True
9499,1,1,0.9298675098868778,향후 AI 사용 예정자,향후 AI 사용 예정자,True
24124,1,0,0.06952594843031923,향후 AI 사용 예정자,현재 AI 사용자,False
31198,1,1,0.9360813256612848,향후 AI 사용 예정자,향후 AI 사용 예정자,True
17205,1,1,0.9393577856071745,향후 AI 사용 예정자,향후 AI 사용 예정자,True
11663,1,1,0.9689249332623273,향후 AI 사용 예정자,향후 AI 사용 예정자,True
35547,1,1,0.7813045673876626,향후 AI 사용 예정자,향후 AI 사용 예정자,True
16701,1,1,0.9665976721048758,향후 AI 사용 예정자,향후 AI 사용 예정자,True
18027,0,1,0.868457468834463,현재 AI 사용자,향후 AI 사용 예정자,False
50119,0,0,0.36963759113139844,현재 AI 사용자,현재 AI 사용자,True
14018,0,1,0.6058224723481233,현재 AI 사용자,향후 AI 사용 예정자,False
56061,1,0,0.0805715101029238,향후 AI 사용 예정자,현재 AI 사용자,False
36103,1,1,0.8895136288288203,향후 AI 사용 예정자,향후 AI 사용 예정자,True
4775,1,1,0.6263321122859081,향후 AI 사용 예정자,향후 AI 사용 예정자,True
45425,1,0,0.2599774357698227,향후 AI 사용 예정자,현재 AI 사용자,False
29312,0,0,0.1439119670775363,현재 AI 사용자,현재 AI 사용자,True
47957,1,1,0.9594760968630142,향후 AI 사용 예정자,향후 AI 사용 예정자,True
40492,0,1,0.8903443005999649,현재 AI 사용자,향후 AI 사용 예정자,False
55521,1,1,0.5763919341851789,향후 AI 사용 예정자,향후 AI 사용 예정자,True
10725,1,1,0.8961043119802082,향후 AI 사용 예정자,향후 AI 사용 예정자,True
51033,0,0,0.4463259188843166,현재 AI 사용자,현재 AI 사용자,True
40920,1,1,0.9038063788832942,향후 AI 사용 예정자,향후 AI 사용 예정자,True
29908,1,1,0.5080326293283791,향후 AI 사용 예정자,향후 AI 사용 예정자,True
26253,0,0,0.21492262387826405,현재 AI 사용자,현재 AI 사용자,True
34510,1,0,0.3784938590902674,향후 AI 사용 예정자,현재 AI 사용자,False
52468,1,1,0.9206237280181924,향후 AI 사용 예정자,향후 AI 사용 예정자,True
45135,0,0,0.35236424782960674,현재 AI 사용자,현재 AI 사용자,True
39255,1,1,0.9595718560578524,향후 AI 사용 예정자,향후 AI 사용 예정자,True
18578,1,1,0.7955083519093527,향후 AI 사용 예정자,향후 AI 사용 예정자,True
983,1,1,0.6161734682882105,향후 AI 사용 예정자,향후 AI 사용 예정자,True
44336,0,0,0.1875883118090098,현재 AI 사용자,현재 AI 사용자,True
16076,0,0,0.15508040503963053,현재 AI 사용자,현재 AI 사용자,True
15132,1,1,0.8387194771568471,향후 AI 사용 예정자,향후 AI 사용 예정자,True
52335,1,0,0.3253278754427818,향후 AI 사용 예정자,현재 AI 사용자,False
11236,1,0,0.23497464193915085,향후 AI 사용 예정자,현재 AI 사용자,False
31834,1,0,0.26706700046024484,향후 AI 사용 예정자,현재 AI 사용자,False
23426,1,1,0.6237332327933413,향후 AI 사용 예정자,향후 AI 사용 예정자,True
49845,0,1,0.933781027145639,현재 AI 사용자,향후 AI 사용 예정자,False
61944,1,1,0.753275322148548,향후 AI 사용 예정자,향후 AI 사용 예정자,True
19671,0,0,0.2185282986908558,현재 AI 사용자,현재 AI 사용자,True
20556,1,1,0.9845403661265018,향후 AI 사용 예정자,향후 AI 사용 예정자,True
3872,1,1,0.9895236233693636,향후 AI 사용 예정자,향후 AI 사용 예정자,True
53945,0,1,0.6419398686969149,현재 AI 사용자,향후 AI 사용 예정자,False
23502,1,1,0.9893177002628993,향후 AI 사용 예정자,향후 AI 사용 예정자,True
22632,1,1,0.7430300843151437,향후 AI 사용 예정자,향후 AI 사용 예정자,True
14866,1,1,0.8672484464569816,향후 AI 사용 예정자,향후 AI 사용 예정자,True
23882,1,1,0.7938989028702759,향후 AI 사용 예정자,향후 AI 사용 예정자,True
11802,0,1,0.5392324216803491,현재 AI 사용자,향후 AI 사용 예정자,False
40965,1,1,0.933492387380744,향후 AI 사용 예정자,향후 AI 사용 예정자,True
22052,1,1,0.7916342282286891,향후 AI 사용 예정자,향후 AI 사용 예정자,True
54681,1,1,0.981085566019208,향후 AI 사용 예정자,향후 AI 사용 예정자,True
195,0,0,0.13398261899320751,현재 AI 사용자,현재 AI 사용자,True
6858,1,0,0.25649506376508285,향후 AI 사용 예정자,현재 AI 사용자,False
254,1,1,0.7700105002050041,향후 AI 사용 예정자,향후 AI 사용 예정자,True
11025,0,1,0.5593279754703552,현재 AI 사용자,향후 AI 사용 예정자,False
16549,1,1,0.7869234663444935,향후 AI 사용 예정자,향후 AI 사용 예정자,True
29198,1,1,0.9955529576506708,향후 AI 사용 예정자,향후 AI 사용 예정자,True
42087,1,1,0.7175374853781119,향후 AI 사용 예정자,향후 AI 사용 예정자,True
37527,1,1,0.8476713610283456,향후 AI 사용 예정자,향후 AI 사용 예정자,True
45176,1,1,0.9101492219407857,향후 AI 사용 예정자,향후 AI 사용 예정자,True
15416,1,1,0.9305122139594628,향후 AI 사용 예정자,향후 AI 사용 예정자,True
59996,1,1,0.9419870186357543,향후 AI 사용 예정자,향후 AI 사용 예정자,True
32088,0,0,0.263328862541483,현재 AI 사용자,현재 AI 사용자,True
15726,1,1,0.9610232984337229,향후 AI 사용 예정자,향후 AI 사용 예정자,True
26572,1,1,0.7179650792542374,향후 AI 사용 예정자,향후 AI 사용 예정자,True
13616,1,0,0.24675378397002154,향후 AI 사용 예정자,현재 AI 사용자,False
38422,0,1,0.6061482805171663,현재 AI 사용자,향후 AI 사용 예정자,False
12789,1,1,0.980454294700988,향후 AI 사용 예정자,향후 AI 사용 예정자,True
19708,0,0,0.37418742976861824,현재 AI 사용자,현재 AI 사용자,True
47011,1,1,0.9180496868143969,향후 AI 사용 예정자,향후 AI 사용 예정자,True
30293,0,1,0.5951086473576663,현재 AI 사용자,향후 AI 사용 예정자,False
65199,0,0,0.14037639371514657,현재 AI 사용자,현재 AI 사용자,True
4787,1,1,0.8935412858871454,향후 AI 사용 예정자,향후 AI 사용 예정자,True
52764,1,1,0.7772213906023039,향후 AI 사용 예정자,향후 AI 사용 예정자,True
57844,1,0,0.47757934952525355,향후 AI 사용 예정자,현재 AI 사용자,False
59839,0,0,0.457450764963465,현재 AI 사용자,현재 AI 사용자,True
32353,1,1,0.9115677206090308,향후 AI 사용 예정자,향후 AI 사용 예정자,True
15926,0,0,0.19814019031429853,현재 AI 사용자,현재 AI 사용자,True
45952,1,0,0.38393906288165475,향후 AI 사용 예정자,현재 AI 사용자,False
52487,1,1,0.9018059293571156,향후 AI 사용 예정자,향후 AI 사용 예정자,True
38690,1,1,0.8176963468223561,향후 AI 사용 예정자,향후 AI 사용 예정자,True
18523,1,1,0.6705470373683279,향후 AI 사용 예정자,향후 AI 사용 예정자,True
10685,0,1,0.7196597787904864,현재 AI 사용자,향후 AI 사용 예정자,False
25950,0,1,0.709804195078387,현재 AI 사용자,향후 AI 사용 예정자,False
20641,1,1,0.613322557326304,향후 AI 사용 예정자,향후 AI 사용 예정자,True
43933,1,1,0.7417299804717608,향후 AI 사용 예정자,향후 AI 사용 예정자,True
34841,0,1,0.575065372921026,현재 AI 사용자,향후 AI 사용 예정자,False
19958,1,1,0.9724153600866928,향후 AI 사용 예정자,향후 AI 사용 예정자,True
31059,0,0,0.21630881650155628,현재 AI 사용자,현재 AI 사용자,True
9678,1,1,0.8177158976190801,향후 AI 사용 예정자,향후 AI 사용 예정자,True
12263,0,0,0.13936703083960691,현재 AI 사용자,현재 AI 사용자,True
16568,1,1,0.8513397112981016,향후 AI 사용 예정자,향후 AI 사용 예정자,True
18509,1,1,0.8309187249300471,향후 AI 사용 예정자,향후 AI 사용 예정자,True
26050,1,1,0.8857924730959228,향후 AI 사용 예정자,향후 AI 사용 예정자,True
21651,0,0,0.49893660914790683,현재 AI 사용자,현재 AI 사용자,True
61914,1,1,0.9186502730944679,향후 AI 사용 예정자,향후 AI 사용 예정자,True
41521,1,1,0.5456578596264731,향후 AI 사용 예정자,향후 AI 사용 예정자,True
57367,0,0,0.2907744150049891,현재 AI 사용자,현재 AI 사용자,True
16276,0,1,0.5555586239700562,현재 AI 사용자,향후 AI 사용 예정자,False
5863,1,1,0.8695808357065388,향후 AI 사용 예정자,향후 AI 사용 예정자,True
34952,1,1,0.9224160987979922,향후 AI 사용 예정자,향후 AI 사용 예정자,True
47131,1,1,0.5590012125121792,향후 AI 사용 예정자,향후 AI 사용 예정자,True
50705,1,1,0.9211977753725642,향후 AI 사용 예정자,향후 AI 사용 예정자,True
57174,1,1,0.8144449874374209,향후 AI 사용 예정자,향후 AI 사용 예정자,True
23258,1,1,0.9534674582555956,향후 AI 사용 예정자,향후 AI 사용 예정자,True
51970,1,1,0.7229428614047744,향후 AI 사용 예정자,향후 AI 사용 예정자,True
26620,0,1,0.6031196146580606,현재 AI 사용자,향후 AI 사용 예정자,False
39417,0,0,0.4483632981383136,현재 AI 사용자,현재 AI 사용자,True
17011,1,1,0.6327297925269846,향후 AI 사용 예정자,향후 AI 사용 예정자,True
5867,0,0,0.4921431537587773,현재 AI 사용자,현재 AI 사용자,True
29870,0,1,0.753630912953934,현재 AI 사용자,향후 AI 사용 예정자,False
42102,0,0,0.43601384935464205,현재 AI 사용자,현재 AI 사용자,True
53955,0,1,0.8610499075163429,현재 AI 사용자,향후 AI 사용 예정자,False
26579,0,1,0.9371876524497884,현재 AI 사용자,향후 AI 사용 예정자,False
23879,1,1,0.6913160736027227,향후 AI 사용 예정자,향후 AI 사용 예정자,True
47020,1,1,0.8702526987478514,향후 AI 사용 예정자,향후 AI 사용 예정자,True
6757,1,1,0.868414368283053,향후 AI 사용 예정자,향후 AI 사용 예정자,True
41721,1,1,0.9465222809049171,향후 AI 사용 예정자,향후 AI 사용 예정자,True
23493,1,1,0.831133560936841,향후 AI 사용 예정자,향후 AI 사용 예정자,True
7423,1,1,0.9627645405079786,향후 AI 사용 예정자,향후 AI 사용 예정자,True
58996,0,1,0.7267738753293999,현재 AI 사용자,향후 AI 사용 예정자,False
25167,0,0,0.2117511140586041,현재 AI 사용자,현재 AI 사용자,True
31347,0,0,0.15644072566305056,현재 AI 사용자,현재 AI 사용자,True
14549,1,1,0.95806445248094,향후 AI 사용 예정자,향후 AI 사용 예정자,True
21931,1,0,0.17809128892280024,향후 AI 사용 예정자,현재 AI 사용자,False
44253,0,0,0.1265579523574049,현재 AI 사용자,현재 AI 사용자,True
17399,0,0,0.25372614905434693,현재 AI 사용자,현재 AI 사용자,True
1459,0,0,0.13671630455883088,현재 AI 사용자,현재 AI 사용자,True
37093,1,1,0.5031826059999424,향후 AI 사용 예정자,향후 AI 사용 예정자,True
33541,1,1,0.9458873658872861,향후 AI 사용 예정자,향후 AI 사용 예정자,True
17049,1,1,0.9682186977194187,향후 AI 사용 예정자,향후 AI 사용 예정자,True
48406,1,1,0.9217583149793102,향후 AI 사용 예정자,향후 AI 사용 예정자,True
60670,0,1,0.854783073131995,현재 AI 사용자,향후 AI 사용 예정자,False
2762,0,1,0.9014431110966992,현재 AI 사용자,향후 AI 사용 예정자,False
43971,1,1,0.7028675503276413,향후 AI 사용 예정자,향후 AI 사용 예정자,True
32081,1,1,0.9780803173357177,향후 AI 사용 예정자,향후 AI 사용 예정자,True
38779,0,1,0.7827925877078762,현재 AI 사용자,향후 AI 사용 예정자,False
23467,1,1,0.9441757000019323,향후 AI 사용 예정자,향후 AI 사용 예정자,True
37602,1,0,0.2600186801246286,향후 AI 사용 예정자,현재 AI 사용자,False
23257,1,0,0.13301567268141956,향후 AI 사용 예정자,현재 AI 사용자,False
8956,1,1,0.5538423768884975,향후 AI 사용 예정자,향후 AI 사용 예정자,True
18788,0,0,0.2530007912043569,현재 AI 사용자,현재 AI 사용자,True
63866,1,1,0.7623253441907184,향후 AI 사용 예정자,향후 AI 사용 예정자,True
6486,1,1,0.5213096530570854,향후 AI 사용 예정자,향후 AI 사용 예정자,True
40212,1,1,0.986629747643147,향후 AI 사용 예정자,향후 AI 사용 예정자,True
48039,1,0,0.46102279154271913,향후 AI 사용 예정자,현재 AI 사용자,False
25685,0,0,0.47946177957880587,현재 AI 사용자,현재 AI 사용자,True
52917,1,1,0.8505618184591879,향후 AI 사용 예정자,향후 AI 사용 예정자,True
12323,1,1,0.8493558221085784,향후 AI 사용 예정자,향후 AI 사용 예정자,True
57499,1,0,0.42250784401462427,향후 AI 사용 예정자,현재 AI 사용자,False
56789,0,0,0.2850048498582997,현재 AI 사용자,현재 AI 사용자,True
13527,1,1,0.8320935900600972,향후 AI 사용 예정자,향후 AI 사용 예정자,True
50371,1,1,0.8578438319689706,향후 AI 사용 예정자,향후 AI 사용 예정자,True
64889,1,1,0.8679383513164581,향후 AI 사용 예정자,향후 AI 사용 예정자,True
15433,1,1,0.8387592808748331,향후 AI 사용 예정자,향후 AI 사용 예정자,True
29606,1,0,0.2243009666371272,향후 AI 사용 예정자,현재 AI 사용자,False
30610,0,1,0.7064550239402693,현재 AI 사용자,향후 AI 사용 예정자,False
21700,1,1,0.959429629408743,향후 AI 사용 예정자,향후 AI 사용 예정자,True
5636,1,1,0.7721841039900441,향후 AI 사용 예정자,향후 AI 사용 예정자,True
19510,0,0,0.12217566536691872,현재 AI 사용자,현재 AI 사용자,True
39066,1,1,0.7020696647648432,향후 AI 사용 예정자,향후 AI 사용 예정자,True
29134,0,1,0.9274569280654552,현재 AI 사용자,향후 AI 사용 예정자,False
1028,0,1,0.5318565925602361,현재 AI 사용자,향후 AI 사용 예정자,False
59958,1,1,0.8679383513164581,향후 AI 사용 예정자,향후 AI 사용 예정자,True
31874,1,1,0.8837893532454453,향후 AI 사용 예정자,향후 AI 사용 예정자,True
9111,1,1,0.9651541531982061,향후 AI 사용 예정자,향후 AI 사용 예정자,True
5486,0,0,0.12306169372988757,현재 AI 사용자,현재 AI 사용자,True
807,0,0,0.1284516807935565,현재 AI 사용자,현재 AI 사용자,True
49254,1,0,0.12908903615917883,향후 AI 사용 예정자,현재 AI 사용자,False
292,0,0,0.47395015491494713,현재 AI 사용자,현재 AI 사용자,True
14603,1,1,0.8360874595735315,향후 AI 사용 예정자,향후 AI 사용 예정자,True
45506,1,1,0.7190363034891629,향후 AI 사용 예정자,향후 AI 사용 예정자,True
55845,1,1,0.882354526672513,향후 AI 사용 예정자,향후 AI 사용 예정자,True
2375,0,0,0.39999958303221866,현재 AI 사용자,현재 AI 사용자,True
33907,1,1,0.9755948686140266,향후 AI 사용 예정자,향후 AI 사용 예정자,True
1790,1,1,0.7997103870982646,향후 AI 사용 예정자,향후 AI 사용 예정자,True
59801,1,1,0.7525597538589069,향후 AI 사용 예정자,향후 AI 사용 예정자,True
47574,1,1,0.6140382646868108,향후 AI 사용 예정자,향후 AI 사용 예정자,True
50006,1,1,0.971097857681939,향후 AI 사용 예정자,향후 AI 사용 예정자,True
45761,1,1,0.9705329794895939,향후 AI 사용 예정자,향후 AI 사용 예정자,True
12787,1,1,0.8582136765433875,향후 AI 사용 예정자,향후 AI 사용 예정자,True
25446,1,1,0.5441036315775232,향후 AI 사용 예정자,향후 AI 사용 예정자,True
47031,1,1,0.8709413595895965,향후 AI 사용 예정자,향후 AI 사용 예정자,True
17201,1,1,0.662142558956995,향후 AI 사용 예정자,향후 AI 사용 예정자,True
12500,0,0,0.22887749737957053,현재 AI 사용자,현재 AI 사용자,True
35051,0,0,0.2846480347932621,현재 AI 사용자,현재 AI 사용자,True
41757,1,1,0.9156953784551067,향후 AI 사용 예정자,향후 AI 사용 예정자,True
23952,0,0,0.052525178353014894,현재 AI 사용자,현재 AI 사용자,True
41131,1,0,0.30287318696127663,향후 AI 사용 예정자,현재 AI 사용자,False
7325,1,1,0.5603441457776214,향후 AI 사용 예정자,향후 AI 사용 예정자,True
7921,0,0,0.18888592220553405,현재 AI 사용자,현재 AI 사용자,True
58823,0,0,0.21515155163487668,현재 AI 사용자,현재 AI 사용자,True
47232,1,1,0.9234408546530665,향후 AI 사용 예정자,향후 AI 사용 예정자,True
34864,1,1,0.7810625793540005,향후 AI 사용 예정자,향후 AI 사용 예정자,True
65124,1,1,0.6429765853521597,향후 AI 사용 예정자,향후 AI 사용 예정자,True
44344,1,0,0.4383596889567787,향후 AI 사용 예정자,현재 AI 사용자,False
16089,1,1,0.9737842837299479,향후 AI 사용 예정자,향후 AI 사용 예정자,True
62449,1,1,0.9640989798218877,향후 AI 사용 예정자,향후 AI 사용 예정자,True
27117,1,0,0.4735518558487702,향후 AI 사용 예정자,현재 AI 사용자,False
8954,0,0,0.21933765994813417,현재 AI 사용자,현재 AI 사용자,True
9006,1,1,0.8213187577747213,향후 AI 사용 예정자,향후 AI 사용 예정자,True
26724,0,0,0.08885045034339194,현재 AI 사용자,현재 AI 사용자,True
4111,0,0,0.39998874776888993,현재 AI 사용자,현재 AI 사용자,True
24454,1,1,0.6804706821103832,향후 AI 사용 예정자,향후 AI 사용 예정자,True
50707,1,1,0.5305588180465568,향후 AI 사용 예정자,향후 AI 사용 예정자,True
15386,1,1,0.9614802236260568,향후 AI 사용 예정자,향후 AI 사용 예정자,True
411,0,1,0.6072241877615923,현재 AI 사용자,향후 AI 사용 예정자,False
345,1,1,0.9848204236873671,향후 AI 사용 예정자,향후 AI 사용 예정자,True
25970,1,1,0.5708741129267516,향후 AI 사용 예정자,향후 AI 사용 예정자,True
13216,0,1,0.8761063228063075,현재 AI 사용자,향후 AI 사용 예정자,False
41261,1,1,0.8726218257049074,향후 AI 사용 예정자,향후 AI 사용 예정자,True
47330,0,0,0.14690616363167727,현재 AI 사용자,현재 AI 사용자,True
39552,1,1,0.9854352203040074,향후 AI 사용 예정자,향후 AI 사용 예정자,True
57290,1,1,0.645389060706844,향후 AI 사용 예정자,향후 AI 사용 예정자,True
54613,0,0,0.24905356162268286,현재 AI 사용자,현재 AI 사용자,True
26468,0,1,0.6720320946933134,현재 AI 사용자,향후 AI 사용 예정자,False
28473,1,1,0.9641969652036768,향후 AI 사용 예정자,향후 AI 사용 예정자,True
7202,1,1,0.8435545038463298,향후 AI 사용 예정자,향후 AI 사용 예정자,True
21380,1,1,0.5511377508534269,향후 AI 사용 예정자,향후 AI 사용 예정자,True
27795,1,1,0.9337087356838342,향후 AI 사용 예정자,향후 AI 사용 예정자,True
10853,1,1,0.9837242100928629,향후 AI 사용 예정자,향후 AI 사용 예정자,True
45815,1,1,0.5424263514602556,향후 AI 사용 예정자,향후 AI 사용 예정자,True
16740,1,1,0.9765972824429878,향후 AI 사용 예정자,향후 AI 사용 예정자,True
44105,0,1,0.5113236188401677,현재 AI 사용자,향후 AI 사용 예정자,False
53149,0,1,0.7327295886755816,현재 AI 사용자,향후 AI 사용 예정자,False
42865,0,0,0.31477931308282264,현재 AI 사용자,현재 AI 사용자,True
48800,0,1,0.9168548597858979,현재 AI 사용자,향후 AI 사용 예정자,False
31488,0,1,0.5390433300867464,현재 AI 사용자,향후 AI 사용 예정자,False
56129,1,1,0.9742401183064127,향후 AI 사용 예정자,향후 AI 사용 예정자,True
59155,0,0,0.13030482117644496,현재 AI 사용자,현재 AI 사용자,True
17261,1,1,0.9723598028776196,향후 AI 사용 예정자,향후 AI 사용 예정자,True
42213,1,1,0.8134589474970121,향후 AI 사용 예정자,향후 AI 사용 예정자,True
7888,0,0,0.37190921996349613,현재 AI 사용자,현재 AI 사용자,True
30864,0,0,0.2698996444504993,현재 AI 사용자,현재 AI 사용자,True
30189,0,1,0.8627467909383388,현재 AI 사용자,향후 AI 사용 예정자,False
37431,1,1,0.8309447608862747,향후 AI 사용 예정자,향후 AI 사용 예정자,True
26117,1,1,0.7813352547963922,향후 AI 사용 예정자,향후 AI 사용 예정자,True
62267,1,1,0.7980119406430058,향후 AI 사용 예정자,향후 AI 사용 예정자,True
64912,1,1,0.8609052462020556,향후 AI 사용 예정자,향후 AI 사용 예정자,True
10606,1,1,0.9792437910353207,향후 AI 사용 예정자,향후 AI 사용 예정자,True
14770,0,0,0.37588663059885546,현재 AI 사용자,현재 AI 사용자,True
37336,0,0,0.13586710419390086,현재 AI 사용자,현재 AI 사용자,True
60307,0,0,0.11907130239579622,현재 AI 사용자,현재 AI 사용자,True
35766,0,0,0.3853236701745517,현재 AI 사용자,현재 AI 사용자,True
14775,0,0,0.25160703688541564,현재 AI 사용자,현재 AI 사용자,True
47127,1,1,0.9393616490564495,향후 AI 사용 예정자,향후 AI 사용 예정자,True
1384,1,1,0.9014181379631768,향후 AI 사용 예정자,향후 AI 사용 예정자,True
9827,0,1,0.6113378895643392,현재 AI 사용자,향후 AI 사용 예정자,False
47868,1,1,0.892337138914231,향후 AI 사용 예정자,향후 AI 사용 예정자,True
406,0,0,0.386559822833133,현재 AI 사용자,현재 AI 사용자,True
32398,0,1,0.5319224071761975,현재 AI 사용자,향후 AI 사용 예정자,False
21206,1,1,0.6350610038878256,향후 AI 사용 예정자,향후 AI 사용 예정자,True
12236,1,1,0.988153162983242,향후 AI 사용 예정자,향후 AI 사용 예정자,True
28183,1,1,0.9365387310313975,향후 AI 사용 예정자,향후 AI 사용 예정자,True
7965,0,1,0.8156748078687291,현재 AI 사용자,향후 AI 사용 예정자,False
34766,1,1,0.8409274054099175,향후 AI 사용 예정자,향후 AI 사용 예정자,True
42445,0,0,0.24297033826921657,현재 AI 사용자,현재 AI 사용자,True
30007,1,1,0.69430637704446,향후 AI 사용 예정자,향후 AI 사용 예정자,True
34615,0,1,0.6491416150764747,현재 AI 사용자,향후 AI 사용 예정자,False
26241,1,1,0.7822095843967709,향후 AI 사용 예정자,향후 AI 사용 예정자,True
27270,1,0,0.4631009292026678,향후 AI 사용 예정자,현재 AI 사용자,False
51355,1,1,0.7240349333486682,향후 AI 사용 예정자,향후 AI 사용 예정자,True
7157,0,1,0.747499685951945,현재 AI 사용자,향후 AI 사용 예정자,False
59675,1,1,0.8159518585682825,향후 AI 사용 예정자,향후 AI 사용 예정자,True
52604,0,0,0.14136615685693665,현재 AI 사용자,현재 AI 사용자,True
49200,0,1,0.6157992689029763,현재 AI 사용자,향후 AI 사용 예정자,False
19726,1,1,0.9729531083249503,향후 AI 사용 예정자,향후 AI 사용 예정자,True
26752,1,1,0.8456675780609197,향후 AI 사용 예정자,향후 AI 사용 예정자,True
3000,1,1,0.5707400448526374,향후 AI 사용 예정자,향후 AI 사용 예정자,True
25082,1,1,0.867263315451175,향후 AI 사용 예정자,향후 AI 사용 예정자,True
58771,1,1,0.9850984256782868,향후 AI 사용 예정자,향후 AI 사용 예정자,True
49617,1,1,0.8921431492514136,향후 AI 사용 예정자,향후 AI 사용 예정자,True
36391,0,0,0.2430255786313084,현재 AI 사용자,현재 AI 사용자,True
28965,1,1,0.863894515698076,향후 AI 사용 예정자,향후 AI 사용 예정자,True
18903,1,1,0.7564617828821237,향후 AI 사용 예정자,향후 AI 사용 예정자,True
19173,1,1,0.8584666188334481,향후 AI 사용 예정자,향후 AI 사용 예정자,True
36964,1,1,0.8902926317790766,향후 AI 사용 예정자,향후 AI 사용 예정자,True
26634,1,0,0.4782488489641043,향후 AI 사용 예정자,현재 AI 사용자,False
46043,1,1,0.9856309415149157,향후 AI 사용 예정자,향후 AI 사용 예정자,True
20068,1,1,0.7073125723748378,향후 AI 사용 예정자,향후 AI 사용 예정자,True
30163,1,1,0.7935069754315603,향후 AI 사용 예정자,향후 AI 사용 예정자,True
4163,0,0,0.04701469659555602,현재 AI 사용자,현재 AI 사용자,True
19589,1,0,0.18554743160700968,향후 AI 사용 예정자,현재 AI 사용자,False
64920,0,0,0.30839630628677595,현재 AI 사용자,현재 AI 사용자,True
38295,1,1,0.9291848348667342,향후 AI 사용 예정자,향후 AI 사용 예정자,True
54698,0,0,0.34413956833668685,현재 AI 사용자,현재 AI 사용자,True
1072,1,1,0.8126412739677157,향후 AI 사용 예정자,향후 AI 사용 예정자,True
44057,1,0,0.4645013879350808,향후 AI 사용 예정자,현재 AI 사용자,False
43765,1,0,0.43173957491255865,향후 AI 사용 예정자,현재 AI 사용자,False
42654,1,1,0.9190202228460728,향후 AI 사용 예정자,향후 AI 사용 예정자,True
50667,1,1,0.7328473986243134,향후 AI 사용 예정자,향후 AI 사용 예정자,True
9175,0,0,0.3689234773320993,현재 AI 사용자,현재 AI 사용자,True
3216,1,1,0.9929653824069488,향후 AI 사용 예정자,향후 AI 사용 예정자,True
29942,0,0,0.3042927560612932,현재 AI 사용자,현재 AI 사용자,True
8055,1,1,0.9301855801730649,향후 AI 사용 예정자,향후 AI 사용 예정자,True
47262,1,1,0.5854148103252711,향후 AI 사용 예정자,향후 AI 사용 예정자,True
45096,1,1,0.9669567450885274,향후 AI 사용 예정자,향후 AI 사용 예정자,True
39283,0,0,0.2906361585573059,현재 AI 사용자,현재 AI 사용자,True
37397,1,0,0.4024340495070231,향후 AI 사용 예정자,현재 AI 사용자,False
47777,0,0,0.29173615367848205,현재 AI 사용자,현재 AI 사용자,True
30030,0,0,0.1847516256223008,현재 AI 사용자,현재 AI 사용자,True
21279,0,0,0.4069639628280127,현재 AI 사용자,현재 AI 사용자,True
65232,1,1,0.8536019254418495,향후 AI 사용 예정자,향후 AI 사용 예정자,True
7405,1,1,0.7927766049036349,향후 AI 사용 예정자,향후 AI 사용 예정자,True
29815,1,1,0.9971085123789125,향후 AI 사용 예정자,향후 AI 사용 예정자,True
30371,0,1,0.7019085721855965,현재 AI 사용자,향후 AI 사용 예정자,False
11155,0,0,0.2720581707651897,현재 AI 사용자,현재 AI 사용자,True
39679,1,1,0.8536622078544432,향후 AI 사용 예정자,향후 AI 사용 예정자,True
31541,1,0,0.2956376149934688,향후 AI 사용 예정자,현재 AI 사용자,False
29494,0,0,0.20779936745889607,현재 AI 사용자,현재 AI 사용자,True
43450,1,0,0.3405679532314831,향후 AI 사용 예정자,현재 AI 사용자,False
46637,0,1,0.7119016687962312,현재 AI 사용자,향후 AI 사용 예정자,False
14112,1,1,0.9907756038908411,향후 AI 사용 예정자,향후 AI 사용 예정자,True
23137,1,1,0.5426862930194859,향후 AI 사용 예정자,향후 AI 사용 예정자,True
35795,1,1,0.9404838138509752,향후 AI 사용 예정자,향후 AI 사용 예정자,True
43311,0,0,0.32022226467288367,현재 AI 사용자,현재 AI 사용자,True
16902,1,1,0.7188801066066466,향후 AI 사용 예정자,향후 AI 사용 예정자,True
13300,1,1,0.8967572788055176,향후 AI 사용 예정자,향후 AI 사용 예정자,True
22379,0,0,0.369221687727934,현재 AI 사용자,현재 AI 사용자,True
25860,1,1,0.9363772234953145,향후 AI 사용 예정자,향후 AI 사용 예정자,True
64436,0,1,0.8162836212805465,현재 AI 사용자,향후 AI 사용 예정자,False
29106,0,1,0.6110653950685793,현재 AI 사용자,향후 AI 사용 예정자,False
60772,1,1,0.9283804445100645,향후 AI 사용 예정자,향후 AI 사용 예정자,True
8250,0,0,0.27448267383129044,현재 AI 사용자,현재 AI 사용자,True
61662,1,1,0.9364416688080773,향후 AI 사용 예정자,향후 AI 사용 예정자,True
61887,1,1,0.5387245334331783,향후 AI 사용 예정자,향후 AI 사용 예정자,True
38020,0,0,0.2634604086319873,현재 AI 사용자,현재 AI 사용자,True
52677,1,1,0.8694139742492293,향후 AI 사용 예정자,향후 AI 사용 예정자,True
37511,1,1,0.9676270288054561,향후 AI 사용 예정자,향후 AI 사용 예정자,True
59062,0,0,0.21605282607690335,현재 AI 사용자,현재 AI 사용자,True
48162,0,0,0.3758142298351138,현재 AI 사용자,현재 AI 사용자,True
4596,0,0,0.42985204119184817,현재 AI 사용자,현재 AI 사용자,True
2370,1,1,0.8664570543333624,향후 AI 사용 예정자,향후 AI 사용 예정자,True
14090,0,0,0.28291566335901214,현재 AI 사용자,현재 AI 사용자,True
9616,1,1,0.7376677280930825,향후 AI 사용 예정자,향후 AI 사용 예정자,True
37810,1,1,0.8000162458415023,향후 AI 사용 예정자,향후 AI 사용 예정자,True
20010,1,1,0.9625883563718194,향후 AI 사용 예정자,향후 AI 사용 예정자,True
51124,0,0,0.11874671632700957,현재 AI 사용자,현재 AI 사용자,True
29935,0,0,0.4604879823150524,현재 AI 사용자,현재 AI 사용자,True
2931,0,0,0.3197998950521887,현재 AI 사용자,현재 AI 사용자,True
37710,1,0,0.36818381999150007,향후 AI 사용 예정자,현재 AI 사용자,False
34020,1,1,0.949660942630405,향후 AI 사용 예정자,향후 AI 사용 예정자,True
48129,1,1,0.7783574264028922,향후 AI 사용 예정자,향후 AI 사용 예정자,True
4253,1,1,0.6471598984691322,향후 AI 사용 예정자,향후 AI 사용 예정자,True
47764,0,0,0.48556527805667726,현재 AI 사용자,현재 AI 사용자,True
35157,0,0,0.3146611439782668,현재 AI 사용자,현재 AI 사용자,True
35105,1,1,0.8114433032070599,향후 AI 사용 예정자,향후 AI 사용 예정자,True
15640,1,1,0.8912162359447073,향후 AI 사용 예정자,향후 AI 사용 예정자,True
50835,1,1,0.9666726131161083,향후 AI 사용 예정자,향후 AI 사용 예정자,True
16215,1,1,0.6793158293304864,향후 AI 사용 예정자,향후 AI 사용 예정자,True
14484,0,0,0.08037729662614183,현재 AI 사용자,현재 AI 사용자,True
20535,1,1,0.9865030809417624,향후 AI 사용 예정자,향후 AI 사용 예정자,True
60693,1,1,0.9866940628595968,향후 AI 사용 예정자,향후 AI 사용 예정자,True
1915,0,0,0.35452517554196655,현재 AI 사용자,현재 AI 사용자,True
19758,1,1,0.5793094385717441,향후 AI 사용 예정자,향후 AI 사용 예정자,True
37427,0,1,0.8195302094292995,현재 AI 사용자,향후 AI 사용 예정자,False
3728,1,1,0.6136889628222207,향후 AI 사용 예정자,향후 AI 사용 예정자,True
44468,0,0,0.3689301497162198,현재 AI 사용자,현재 AI 사용자,True
14257,0,0,0.15074473578628325,현재 AI 사용자,현재 AI 사용자,True
60116,0,0,0.15603696113171772,현재 AI 사용자,현재 AI 사용자,True
15990,1,1,0.9800187271039763,향후 AI 사용 예정자,향후 AI 사용 예정자,True
37988,1,1,0.9053042697789264,향후 AI 사용 예정자,향후 AI 사용 예정자,True
26979,1,0,0.4329023954180162,향후 AI 사용 예정자,현재 AI 사용자,False
36779,1,1,0.6526106939274137,향후 AI 사용 예정자,향후 AI 사용 예정자,True
19652,0,0,0.2748717362997917,현재 AI 사용자,현재 AI 사용자,True
11450,1,1,0.8776556100336657,향후 AI 사용 예정자,향후 AI 사용 예정자,True
6210,0,0,0.08491432889653577,현재 AI 사용자,현재 AI 사용자,True
45269,1,1,0.6535322928211992,향후 AI 사용 예정자,향후 AI 사용 예정자,True
49889,1,1,0.6866997647785752,향후 AI 사용 예정자,향후 AI 사용 예정자,True
34129,0,0,0.28284979451442405,현재 AI 사용자,현재 AI 사용자,True
35681,0,0,0.46315037562495437,현재 AI 사용자,현재 AI 사용자,True
8481,0,0,0.07809867642123024,현재 AI 사용자,현재 AI 사용자,True
42220,1,1,0.9913239359817035,향후 AI 사용 예정자,향후 AI 사용 예정자,True
11506,1,1,0.8886279505149562,향후 AI 사용 예정자,향후 AI 사용 예정자,True
5245,1,1,0.8998659690863507,향후 AI 사용 예정자,향후 AI 사용 예정자,True
12643,0,1,0.7936551296232669,현재 AI 사용자,향후 AI 사용 예정자,False
52155,1,1,0.9640881888261253,향후 AI 사용 예정자,향후 AI 사용 예정자,True
51867,0,1,0.7278118744307692,현재 AI 사용자,향후 AI 사용 예정자,False
41656,1,0,0.365281588964659,향후 AI 사용 예정자,현재 AI 사용자,False
31959,0,1,0.5113576090960512,현재 AI 사용자,향후 AI 사용 예정자,False
26970,1,1,0.9918993919788984,향후 AI 사용 예정자,향후 AI 사용 예정자,True
24883,1,1,0.6798252084158369,향후 AI 사용 예정자,향후 AI 사용 예정자,True
51891,1,1,0.6160219464545079,향후 AI 사용 예정자,향후 AI 사용 예정자,True
20046,1,1,0.9985244963340321,향후 AI 사용 예정자,향후 AI 사용 예정자,True
57961,1,1,0.8801406760041862,향후 AI 사용 예정자,향후 AI 사용 예정자,True
2847,0,1,0.7971636164735056,현재 AI 사용자,향후 AI 사용 예정자,False
2980,1,1,0.8827696782958679,향후 AI 사용 예정자,향후 AI 사용 예정자,True
32622,0,0,0.39515618365550953,현재 AI 사용자,현재 AI 사용자,True
11862,1,1,0.9772589760629589,향후 AI 사용 예정자,향후 AI 사용 예정자,True
433,0,0,0.25172131714945745,현재 AI 사용자,현재 AI 사용자,True
37934,1,1,0.8899053855709746,향후 AI 사용 예정자,향후 AI 사용 예정자,True
50523,1,1,0.5323953605580575,향후 AI 사용 예정자,향후 AI 사용 예정자,True
17886,0,0,0.1270856595239537,현재 AI 사용자,현재 AI 사용자,True
43768,1,1,0.9743444831887426,향후 AI 사용 예정자,향후 AI 사용 예정자,True
13048,1,1,0.538753019589227,향후 AI 사용 예정자,향후 AI 사용 예정자,True
8426,1,1,0.7721197388793745,향후 AI 사용 예정자,향후 AI 사용 예정자,True
5447,1,0,0.19246651689952085,향후 AI 사용 예정자,현재 AI 사용자,False
17402,1,0,0.21343899858037607,향후 AI 사용 예정자,현재 AI 사용자,False
1067,1,1,0.9426313738805977,향후 AI 사용 예정자,향후 AI 사용 예정자,True
18912,1,1,0.7882353059681215,향후 AI 사용 예정자,향후 AI 사용 예정자,True
57838,0,0,0.11525581825244811,현재 AI 사용자,현재 AI 사용자,True
39793,0,0,0.3451753270316977,현재 AI 사용자,현재 AI 사용자,True
38498,0,0,0.09509497545467603,현재 AI 사용자,현재 AI 사용자,True
32780,1,1,0.9184196733011222,향후 AI 사용 예정자,향후 AI 사용 예정자,True
10201,1,0,0.14718048688031735,향후 AI 사용 예정자,현재 AI 사용자,False
61258,0,1,0.7729672232129189,현재 AI 사용자,향후 AI 사용 예정자,False
12576,1,1,0.602134473899467,향후 AI 사용 예정자,향후 AI 사용 예정자,True
62010,1,1,0.8708269368627027,향후 AI 사용 예정자,향후 AI 사용 예정자,True
7509,1,1,0.9797285620975891,향후 AI 사용 예정자,향후 AI 사용 예정자,True
54313,1,1,0.6100058468574425,향후 AI 사용 예정자,향후 AI 사용 예정자,True
8320,1,1,0.9334428448068595,향후 AI 사용 예정자,향후 AI 사용 예정자,True
21875,0,0,0.3237629504091923,현재 AI 사용자,현재 AI 사용자,True
22298,0,0,0.2946976316325242,현재 AI 사용자,현재 AI 사용자,True
49442,0,1,0.8343262830816716,현재 AI 사용자,향후 AI 사용 예정자,False
52254,0,0,0.3978674051510579,현재 AI 사용자,현재 AI 사용자,True
53844,1,1,0.7926268752804079,향후 AI 사용 예정자,향후 AI 사용 예정자,True
55066,1,1,0.5667019116184622,향후 AI 사용 예정자,향후 AI 사용 예정자,True
50428,1,0,0.4551332940656761,향후 AI 사용 예정자,현재 AI 사용자,False
17526,1,1,0.9447629805989965,향후 AI 사용 예정자,향후 AI 사용 예정자,True
20329,0,0,0.20103888733989345,현재 AI 사용자,현재 AI 사용자,True
36550,0,0,0.32446841244159164,현재 AI 사용자,현재 AI 사용자,True
53818,0,0,0.1303137839453097,현재 AI 사용자,현재 AI 사용자,True
55836,0,0,0.3184185859645848,현재 AI 사용자,현재 AI 사용자,True
46257,1,1,0.6104612785006359,향후 AI 사용 예정자,향후 AI 사용 예정자,True
28359,1,1,0.840990566621934,향후 AI 사용 예정자,향후 AI 사용 예정자,True
44667,0,0,0.4165716102007565,현재 AI 사용자,현재 AI 사용자,True
34518,1,1,0.8905382347737352,향후 AI 사용 예정자,향후 AI 사용 예정자,True
37178,0,0,0.2394278409006117,현재 AI 사용자,현재 AI 사용자,True
39901,0,0,0.2562917378491121,현재 AI 사용자,현재 AI 사용자,True
8198,1,0,0.16440186653007122,향후 AI 사용 예정자,현재 AI 사용자,False
54522,0,1,0.5710202590472764,현재 AI 사용자,향후 AI 사용 예정자,False
230,0,0,0.32758360411263476,현재 AI 사용자,현재 AI 사용자,True
23844,1,1,0.893807362038441,향후 AI 사용 예정자,향후 AI 사용 예정자,True
55779,0,1,0.8430576831638055,현재 AI 사용자,향후 AI 사용 예정자,False
58365,1,1,0.6703101062080948,향후 AI 사용 예정자,향후 AI 사용 예정자,True
16336,1,0,0.25622480239633366,향후 AI 사용 예정자,현재 AI 사용자,False
54252,1,1,0.8642696206466398,향후 AI 사용 예정자,향후 AI 사용 예정자,True
26454,0,1,0.8950477327205312,현재 AI 사용자,향후 AI 사용 예정자,False
56057,1,1,0.8849691881757428,향후 AI 사용 예정자,향후 AI 사용 예정자,True
64213,1,0,0.3815565158099316,향후 AI 사용 예정자,현재 AI 사용자,False
40858,1,1,0.8376671957580589,향후 AI 사용 예정자,향후 AI 사용 예정자,True
17040,0,1,0.5388640658102556,현재 AI 사용자,향후 AI 사용 예정자,False
3961,0,1,0.9328642865786427,현재 AI 사용자,향후 AI 사용 예정자,False
55963,0,0,0.40781642976730265,현재 AI 사용자,현재 AI 사용자,True
59235,0,0,0.29209601357377,현재 AI 사용자,현재 AI 사용자,True
7747,0,0,0.3272245267233111,현재 AI 사용자,현재 AI 사용자,True
22006,1,1,0.9279114990889807,향후 AI 사용 예정자,향후 AI 사용 예정자,True
39847,1,1,0.9679846653309572,향후 AI 사용 예정자,향후 AI 사용 예정자,True
7286,0,1,0.6019801784787707,현재 AI 사용자,향후 AI 사용 예정자,False
61351,1,0,0.4934158580784016,향후 AI 사용 예정자,현재 AI 사용자,False
43692,0,0,0.18783424152630915,현재 AI 사용자,현재 AI 사용자,True
45621,1,1,0.8136254857476495,향후 AI 사용 예정자,향후 AI 사용 예정자,True
65346,1,1,0.5158024892072863,향후 AI 사용 예정자,향후 AI 사용 예정자,True
54806,1,0,0.4264911430195207,향후 AI 사용 예정자,현재 AI 사용자,False
38082,1,1,0.9285348300609098,향후 AI 사용 예정자,향후 AI 사용 예정자,True
44747,1,0,0.32185243584299417,향후 AI 사용 예정자,현재 AI 사용자,False
28560,1,1,0.7705937985482634,향후 AI 사용 예정자,향후 AI 사용 예정자,True
37112,0,0,0.14933541424142546,현재 AI 사용자,현재 AI 사용자,True
63299,1,1,0.955009655150905,향후 AI 사용 예정자,향후 AI 사용 예정자,True
53450,1,1,0.9596917125903272,향후 AI 사용 예정자,향후 AI 사용 예정자,True
1272,1,1,0.6403398310131694,향후 AI 사용 예정자,향후 AI 사용 예정자,True
25124,1,1,0.9433435505521387,향후 AI 사용 예정자,향후 AI 사용 예정자,True
12834,1,0,0.12735402076212868,향후 AI 사용 예정자,현재 AI 사용자,False
50518,0,0,0.2607064434732982,현재 AI 사용자,현재 AI 사용자,True
46445,1,1,0.7942306623708356,향후 AI 사용 예정자,향후 AI 사용 예정자,True
25476,0,0,0.41176224856642657,현재 AI 사용자,현재 AI 사용자,True
35910,0,0,0.20630438769757736,현재 AI 사용자,현재 AI 사용자,True
39261,1,1,0.8898261903927893,향후 AI 사용 예정자,향후 AI 사용 예정자,True
47437,1,1,0.9013420235362002,향후 AI 사용 예정자,향후 AI 사용 예정자,True
39044,0,0,0.11634153033071834,현재 AI 사용자,현재 AI 사용자,True
36850,1,1,0.9401119278281888,향후 AI 사용 예정자,향후 AI 사용 예정자,True
49827,1,1,0.8046452397613443,향후 AI 사용 예정자,향후 AI 사용 예정자,True
36936,0,0,0.3767782688405391,현재 AI 사용자,현재 AI 사용자,True
42285,1,1,0.8913245767266549,향후 AI 사용 예정자,향후 AI 사용 예정자,True
42132,1,1,0.8793004526097571,향후 AI 사용 예정자,향후 AI 사용 예정자,True
51157,1,1,0.841718803592794,향후 AI 사용 예정자,향후 AI 사용 예정자,True
19324,1,0,0.4615404992011107,향후 AI 사용 예정자,현재 AI 사용자,False
26179,1,1,0.7177560638404681,향후 AI 사용 예정자,향후 AI 사용 예정자,True
6193,1,1,0.9079509982139484,향후 AI 사용 예정자,향후 AI 사용 예정자,True
27558,0,1,0.8764302932330881,현재 AI 사용자,향후 AI 사용 예정자,False
20057,1,1,0.9603289249731076,향후 AI 사용 예정자,향후 AI 사용 예정자,True
55925,1,1,0.9718738584505568,향후 AI 사용 예정자,향후 AI 사용 예정자,True
50923,0,0,0.2783686434673337,현재 AI 사용자,현재 AI 사용자,True
48321,0,1,0.5176549882141305,현재 AI 사용자,향후 AI 사용 예정자,False
40730,0,0,0.29576839569408025,현재 AI 사용자,현재 AI 사용자,True
951,1,1,0.58967107714144,향후 AI 사용 예정자,향후 AI 사용 예정자,True
30292,0,0,0.4497017265948233,현재 AI 사용자,현재 AI 사용자,True
19329,1,1,0.8516852646364677,향후 AI 사용 예정자,향후 AI 사용 예정자,True
26026,1,1,0.6315627881659152,향후 AI 사용 예정자,향후 AI 사용 예정자,True
5391,1,1,0.9794040651029071,향후 AI 사용 예정자,향후 AI 사용 예정자,True
19845,1,1,0.8197422787569111,향후 AI 사용 예정자,향후 AI 사용 예정자,True
22510,0,1,0.6087323387157556,현재 AI 사용자,향후 AI 사용 예정자,False
26705,0,1,0.7429108933798113,현재 AI 사용자,향후 AI 사용 예정자,False
45303,1,0,0.3831280104292394,향후 AI 사용 예정자,현재 AI 사용자,False
5442,1,1,0.7131290740763827,향후 AI 사용 예정자,향후 AI 사용 예정자,True
39374,1,1,0.8752709575616816,향후 AI 사용 예정자,향후 AI 사용 예정자,True
43975,1,0,0.1505992919926119,향후 AI 사용 예정자,현재 AI 사용자,False
54416,1,1,0.5988355429821798,향후 AI 사용 예정자,향후 AI 사용 예정자,True
36766,1,1,0.9546700486373442,향후 AI 사용 예정자,향후 AI 사용 예정자,True
46730,0,0,0.46246814566121747,현재 AI 사용자,현재 AI 사용자,True
16157,1,1,0.5270126370781105,향후 AI 사용 예정자,향후 AI 사용 예정자,True
14952,0,0,0.20219243902137632,현재 AI 사용자,현재 AI 사용자,True
54973,1,0,0.3676509800515914,향후 AI 사용 예정자,현재 AI 사용자,False
36258,0,0,0.31740409510370193,현재 AI 사용자,현재 AI 사용자,True
51234,0,0,0.4836087481349246,현재 AI 사용자,현재 AI 사용자,True
25456,1,1,0.885267100041366,향후 AI 사용 예정자,향후 AI 사용 예정자,True
40211,0,0,0.3130104036595494,현재 AI 사용자,현재 AI 사용자,True
45402,1,1,0.898686179552155,향후 AI 사용 예정자,향후 AI 사용 예정자,True
43722,1,0,0.4983985293885014,향후 AI 사용 예정자,현재 AI 사용자,False
40875,1,1,0.6648297771015067,향후 AI 사용 예정자,향후 AI 사용 예정자,True
49742,0,0,0.244196878146776,현재 AI 사용자,현재 AI 사용자,True
8424,1,1,0.9473148769742079,향후 AI 사용 예정자,향후 AI 사용 예정자,True
62799,1,1,0.9556150341636382,향후 AI 사용 예정자,향후 AI 사용 예정자,True
18025,1,1,0.7417548134239536,향후 AI 사용 예정자,향후 AI 사용 예정자,True
16781,0,0,0.21779087280415158,현재 AI 사용자,현재 AI 사용자,True
46250,1,1,0.9841388552005413,향후 AI 사용 예정자,향후 AI 사용 예정자,True
9824,1,1,0.9215748960479906,향후 AI 사용 예정자,향후 AI 사용 예정자,True
28616,1,1,0.8382307442595797,향후 AI 사용 예정자,향후 AI 사용 예정자,True
36868,1,1,0.604857534522994,향후 AI 사용 예정자,향후 AI 사용 예정자,True
3100,0,1,0.7979976269300622,현재 AI 사용자,향후 AI 사용 예정자,False
30379,1,1,0.8834206911050129,향후 AI 사용 예정자,향후 AI 사용 예정자,True
14178,0,1,0.7838986670297893,현재 AI 사용자,향후 AI 사용 예정자,False
63823,1,1,0.8794117916527913,향후 AI 사용 예정자,향후 AI 사용 예정자,True
45904,0,1,0.6232064739427381,현재 AI 사용자,향후 AI 사용 예정자,False
24559,1,1,0.7313897140061817,향후 AI 사용 예정자,향후 AI 사용 예정자,True
26624,1,1,0.9437408150767197,향후 AI 사용 예정자,향후 AI 사용 예정자,True
25419,0,0,0.21224798013414042,현재 AI 사용자,현재 AI 사용자,True
53776,1,1,0.9733582109057339,향후 AI 사용 예정자,향후 AI 사용 예정자,True
37000,0,0,0.22737140558645041,현재 AI 사용자,현재 AI 사용자,True
32663,1,1,0.9623042717702136,향후 AI 사용 예정자,향후 AI 사용 예정자,True
38361,1,1,0.7448722420205152,향후 AI 사용 예정자,향후 AI 사용 예정자,True
49494,0,0,0.20250620054898222,현재 AI 사용자,현재 AI 사용자,True
17517,0,0,0.3963364849324676,현재 AI 사용자,현재 AI 사용자,True
26490,1,1,0.7541548878730491,향후 AI 사용 예정자,향후 AI 사용 예정자,True
47065,0,0,0.1949443545837808,현재 AI 사용자,현재 AI 사용자,True
22983,1,1,0.7695517427997113,향후 AI 사용 예정자,향후 AI 사용 예정자,True
32990,0,1,0.9461082240415681,현재 AI 사용자,향후 AI 사용 예정자,False
16232,1,1,0.9626874191297743,향후 AI 사용 예정자,향후 AI 사용 예정자,True
37074,0,0,0.2244407380952675,현재 AI 사용자,현재 AI 사용자,True
57274,0,0,0.1938601829296385,현재 AI 사용자,현재 AI 사용자,True
4555,0,1,0.6878860914992034,현재 AI 사용자,향후 AI 사용 예정자,False
47008,1,1,0.8309797897127976,향후 AI 사용 예정자,향후 AI 사용 예정자,True
17234,0,0,0.2782056488931555,현재 AI 사용자,현재 AI 사용자,True
2194,1,1,0.9718196332890938,향후 AI 사용 예정자,향후 AI 사용 예정자,True
36206,1,1,0.9926472772654786,향후 AI 사용 예정자,향후 AI 사용 예정자,True
25351,0,0,0.1346897145984602,현재 AI 사용자,현재 AI 사용자,True
46391,1,1,0.987798446959921,향후 AI 사용 예정자,향후 AI 사용 예정자,True
18266,1,1,0.7127644428966194,향후 AI 사용 예정자,향후 AI 사용 예정자,True
45154,1,1,0.6297997895607301,향후 AI 사용 예정자,향후 AI 사용 예정자,True
58765,0,0,0.08346049542084868,현재 AI 사용자,현재 AI 사용자,True
2939,0,1,0.5130327291996521,현재 AI 사용자,향후 AI 사용 예정자,False
49234,1,1,0.8806776928506658,향후 AI 사용 예정자,향후 AI 사용 예정자,True
18373,1,1,0.7586945029680517,향후 AI 사용 예정자,향후 AI 사용 예정자,True
6760,1,1,0.8459131953306692,향후 AI 사용 예정자,향후 AI 사용 예정자,True
42272,1,0,0.4669746279533343,향후 AI 사용 예정자,현재 AI 사용자,False
3767,1,1,0.7492077415755162,향후 AI 사용 예정자,향후 AI 사용 예정자,True
37004,1,1,0.9165302735064081,향후 AI 사용 예정자,향후 AI 사용 예정자,True
64130,0,0,0.3069504214501187,현재 AI 사용자,현재 AI 사용자,True
14041,0,0,0.1916084554190389,현재 AI 사용자,현재 AI 사용자,True
37994,1,1,0.9802086082486409,향후 AI 사용 예정자,향후 AI 사용 예정자,True
50413,1,1,0.9961721713566682,향후 AI 사용 예정자,향후 AI 사용 예정자,True
17991,0,0,0.22307268907454061,현재 AI 사용자,현재 AI 사용자,True
15237,1,0,0.32117806288713147,향후 AI 사용 예정자,현재 AI 사용자,False
16098,0,0,0.24898082577503913,현재 AI 사용자,현재 AI 사용자,True
10304,1,1,0.891259454418157,향후 AI 사용 예정자,향후 AI 사용 예정자,True
52422,1,0,0.220682601009139,향후 AI 사용 예정자,현재 AI 사용자,False
37848,0,0,0.2883991309487485,현재 AI 사용자,현재 AI 사용자,True
34962,0,1,0.6633690072560546,현재 AI 사용자,향후 AI 사용 예정자,False
33405,1,1,0.8778105365525941,향후 AI 사용 예정자,향후 AI 사용 예정자,True
13326,1,0,0.4848309530610487,향후 AI 사용 예정자,현재 AI 사용자,False
28923,0,1,0.5163273055731967,현재 AI 사용자,향후 AI 사용 예정자,False
26156,1,1,0.5006816671781699,향후 AI 사용 예정자,향후 AI 사용 예정자,True
38283,1,1,0.9231831699402793,향후 AI 사용 예정자,향후 AI 사용 예정자,True
44837,1,0,0.4981361847781976,향후 AI 사용 예정자,현재 AI 사용자,False
60510,1,1,0.9401072841134654,향후 AI 사용 예정자,향후 AI 사용 예정자,True
59800,1,1,0.8204793944999541,향후 AI 사용 예정자,향후 AI 사용 예정자,True
54946,0,1,0.5417930316328189,현재 AI 사용자,향후 AI 사용 예정자,False
45465,1,1,0.5841408507454734,향후 AI 사용 예정자,향후 AI 사용 예정자,True
35619,1,1,0.894381776516377,향후 AI 사용 예정자,향후 AI 사용 예정자,True
19861,1,1,0.9585253585411235,향후 AI 사용 예정자,향후 AI 사용 예정자,True
15459,1,1,0.8947155127650647,향후 AI 사용 예정자,향후 AI 사용 예정자,True
16512,1,1,0.7936049684498737,향후 AI 사용 예정자,향후 AI 사용 예정자,True
19398,1,0,0.2590172534170516,향후 AI 사용 예정자,현재 AI 사용자,False
43579,1,0,0.22598574102295904,향후 AI 사용 예정자,현재 AI 사용자,False
23474,1,1,0.9815764339456051,향후 AI 사용 예정자,향후 AI 사용 예정자,True
46685,0,1,0.528240804460887,현재 AI 사용자,향후 AI 사용 예정자,False
28014,0,0,0.2914118020443576,현재 AI 사용자,현재 AI 사용자,True
24292,1,1,0.5324522017737965,향후 AI 사용 예정자,향후 AI 사용 예정자,True
14544,0,0,0.16393804173137888,현재 AI 사용자,현재 AI 사용자,True
41325,0,0,0.33843633678061885,현재 AI 사용자,현재 AI 사용자,True
37740,1,1,0.9298930385540709,향후 AI 사용 예정자,향후 AI 사용 예정자,True
7392,0,0,0.38006317860186106,현재 AI 사용자,현재 AI 사용자,True
51161,0,0,0.08853898265018054,현재 AI 사용자,현재 AI 사용자,True
7937,1,0,0.4346396404714013,향후 AI 사용 예정자,현재 AI 사용자,False
41145,1,1,0.936992373640492,향후 AI 사용 예정자,향후 AI 사용 예정자,True
13526,0,1,0.567232463957889,현재 AI 사용자,향후 AI 사용 예정자,False
10763,1,0,0.23856044275844182,향후 AI 사용 예정자,현재 AI 사용자,False
2099,1,1,0.9772405940146393,향후 AI 사용 예정자,향후 AI 사용 예정자,True
4738,0,0,0.2276787430957666,현재 AI 사용자,현재 AI 사용자,True
20363,1,1,0.7600280997836528,향후 AI 사용 예정자,향후 AI 사용 예정자,True
142,1,1,0.643476338333306,향후 AI 사용 예정자,향후 AI 사용 예정자,True
4750,1,1,0.5720345850738973,향후 AI 사용 예정자,향후 AI 사용 예정자,True
41580,1,1,0.8118796437769723,향후 AI 사용 예정자,향후 AI 사용 예정자,True
43341,1,1,0.9399266546310778,향후 AI 사용 예정자,향후 AI 사용 예정자,True
26230,0,0,0.31710343622337867,현재 AI 사용자,현재 AI 사용자,True
26909,1,1,0.6457023420381701,향후 AI 사용 예정자,향후 AI 사용 예정자,True
47517,1,1,0.6350249686574507,향후 AI 사용 예정자,향후 AI 사용 예정자,True
16900,1,1,0.911990272407737,향후 AI 사용 예정자,향후 AI 사용 예정자,True
34026,1,1,0.9073173039796014,향후 AI 사용 예정자,향후 AI 사용 예정자,True
59388,1,1,0.8816140357726922,향후 AI 사용 예정자,향후 AI 사용 예정자,True
34140,0,0,0.3623657157936152,현재 AI 사용자,현재 AI 사용자,True
9036,1,1,0.952870482217932,향후 AI 사용 예정자,향후 AI 사용 예정자,True
16802,1,1,0.9831946797399884,향후 AI 사용 예정자,향후 AI 사용 예정자,True
39238,0,0,0.322730168876055,현재 AI 사용자,현재 AI 사용자,True
24136,1,1,0.9830448777131775,향후 AI 사용 예정자,향후 AI 사용 예정자,True
52055,1,1,0.6603524967752094,향후 AI 사용 예정자,향후 AI 사용 예정자,True
4744,1,1,0.9407589699208798,향후 AI 사용 예정자,향후 AI 사용 예정자,True
38693,0,0,0.18649013280057233,현재 AI 사용자,현재 AI 사용자,True
21533,0,1,0.696633101897494,현재 AI 사용자,향후 AI 사용 예정자,False
29524,1,1,0.9462050130840648,향후 AI 사용 예정자,향후 AI 사용 예정자,True
47381,0,0,0.08636047805085899,현재 AI 사용자,현재 AI 사용자,True
55916,1,0,0.323657356419622,향후 AI 사용 예정자,현재 AI 사용자,False
13331,1,1,0.8232334442193364,향후 AI 사용 예정자,향후 AI 사용 예정자,True
52636,0,0,0.32095340221347446,현재 AI 사용자,현재 AI 사용자,True
43786,0,0,0.2546856112324535,현재 AI 사용자,현재 AI 사용자,True
1709,1,1,0.7987619490744593,향후 AI 사용 예정자,향후 AI 사용 예정자,True
10777,1,0,0.442854194835059,향후 AI 사용 예정자,현재 AI 사용자,False
14377,1,1,0.9776412687130873,향후 AI 사용 예정자,향후 AI 사용 예정자,True
22377,1,1,0.9889223212163545,향후 AI 사용 예정자,향후 AI 사용 예정자,True
24236,1,1,0.8755895489604345,향후 AI 사용 예정자,향후 AI 사용 예정자,True
4447,1,1,0.6940103935200115,향후 AI 사용 예정자,향후 AI 사용 예정자,True
2189,1,1,0.6042568167754079,향후 AI 사용 예정자,향후 AI 사용 예정자,True
25537,1,1,0.9699858910716143,향후 AI 사용 예정자,향후 AI 사용 예정자,True
28113,0,0,0.3056898668099744,현재 AI 사용자,현재 AI 사용자,True
20819,1,0,0.4204205911707963,향후 AI 사용 예정자,현재 AI 사용자,False
43427,0,0,0.4779518187762031,현재 AI 사용자,현재 AI 사용자,True
27286,1,1,0.7250417108614278,향후 AI 사용 예정자,향후 AI 사용 예정자,True
11797,0,1,0.6276364689255536,현재 AI 사용자,향후 AI 사용 예정자,False
31177,1,1,0.6012096864187386,향후 AI 사용 예정자,향후 AI 사용 예정자,True
13701,0,0,0.1638419421608153,현재 AI 사용자,현재 AI 사용자,True
30330,1,1,0.7632596229599568,향후 AI 사용 예정자,향후 AI 사용 예정자,True
22451,1,1,0.7005609749795806,향후 AI 사용 예정자,향후 AI 사용 예정자,True
10628,1,0,0.46869511711753387,향후 AI 사용 예정자,현재 AI 사용자,False
1202,0,1,0.5854647659083903,현재 AI 사용자,향후 AI 사용 예정자,False
5876,0,0,0.25223962606836425,현재 AI 사용자,현재 AI 사용자,True
34312,0,0,0.2544203783852655,현재 AI 사용자,현재 AI 사용자,True
57106,1,1,0.9032429291270789,향후 AI 사용 예정자,향후 AI 사용 예정자,True
25284,0,1,0.7317351850005142,현재 AI 사용자,향후 AI 사용 예정자,False
42211,1,1,0.9343735001211144,향후 AI 사용 예정자,향후 AI 사용 예정자,True
5706,1,0,0.32488966364885896,향후 AI 사용 예정자,현재 AI 사용자,False
30839,1,0,0.19826908173069205,향후 AI 사용 예정자,현재 AI 사용자,False
39543,0,0,0.27446041146466943,현재 AI 사용자,현재 AI 사용자,True
42180,1,1,0.7981716295502919,향후 AI 사용 예정자,향후 AI 사용 예정자,True
61513,1,1,0.8401142201417449,향후 AI 사용 예정자,향후 AI 사용 예정자,True
24165,1,1,0.8613587883860304,향후 AI 사용 예정자,향후 AI 사용 예정자,True
22077,1,1,0.8594631866823313,향후 AI 사용 예정자,향후 AI 사용 예정자,True
27367,1,0,0.3239873501782768,향후 AI 사용 예정자,현재 AI 사용자,False
53292,1,1,0.7943876757932389,향후 AI 사용 예정자,향후 AI 사용 예정자,True
46023,0,0,0.4544774814886183,현재 AI 사용자,현재 AI 사용자,True
12950,1,1,0.911763444154646,향후 AI 사용 예정자,향후 AI 사용 예정자,True
34206,1,1,0.6588013575039393,향후 AI 사용 예정자,향후 AI 사용 예정자,True
1997,1,1,0.9846798158388345,향후 AI 사용 예정자,향후 AI 사용 예정자,True
3829,1,1,0.9627027592933352,향후 AI 사용 예정자,향후 AI 사용 예정자,True
62388,0,0,0.2533320230477427,현재 AI 사용자,현재 AI 사용자,True
34921,1,1,0.8120823577820995,향후 AI 사용 예정자,향후 AI 사용 예정자,True
25523,1,1,0.9952553850185135,향후 AI 사용 예정자,향후 AI 사용 예정자,True
42489,0,0,0.21505600079854356,현재 AI 사용자,현재 AI 사용자,True
45188,1,1,0.5845448420434531,향후 AI 사용 예정자,향후 AI 사용 예정자,True
32550,1,1,0.8967068638596544,향후 AI 사용 예정자,향후 AI 사용 예정자,True
55511,1,1,0.7706469405735354,향후 AI 사용 예정자,향후 AI 사용 예정자,True
10287,0,1,0.7275329299615627,현재 AI 사용자,향후 AI 사용 예정자,False
52039,1,0,0.25736154209612405,향후 AI 사용 예정자,현재 AI 사용자,False
40980,1,1,0.7034615810429878,향후 AI 사용 예정자,향후 AI 사용 예정자,True
46713,1,1,0.6335333177695311,향후 AI 사용 예정자,향후 AI 사용 예정자,True
4386,0,0,0.1549730337424942,현재 AI 사용자,현재 AI 사용자,True
37313,0,1,0.9074284543392185,현재 AI 사용자,향후 AI 사용 예정자,False
63449,0,1,0.7141476635931463,현재 AI 사용자,향후 AI 사용 예정자,False
58877,0,0,0.1778270670097911,현재 AI 사용자,현재 AI 사용자,True
4388,0,0,0.1079944305887589,현재 AI 사용자,현재 AI 사용자,True
39042,0,0,0.18576369424506733,현재 AI 사용자,현재 AI 사용자,True
24888,0,0,0.3633353660254057,현재 AI 사용자,현재 AI 사용자,True
43694,1,0,0.4406958294397282,향후 AI 사용 예정자,현재 AI 사용자,False
29154,1,1,0.6058887996425949,향후 AI 사용 예정자,향후 AI 사용 예정자,True
38861,1,1,0.9051668830655716,향후 AI 사용 예정자,향후 AI 사용 예정자,True
50332,1,0,0.4470524912383353,향후 AI 사용 예정자,현재 AI 사용자,False
8191,0,0,0.3885574327811191,현재 AI 사용자,현재 AI 사용자,True
12037,1,1,0.9244844872249612,향후 AI 사용 예정자,향후 AI 사용 예정자,True
25172,1,0,0.48618285191422694,향후 AI 사용 예정자,현재 AI 사용자,False
16539,0,0,0.48220430366843375,현재 AI 사용자,현재 AI 사용자,True
7122,1,0,0.39780918666412785,향후 AI 사용 예정자,현재 AI 사용자,False
7109,1,1,0.6900891450153873,향후 AI 사용 예정자,향후 AI 사용 예정자,True
8823,0,0,0.08969320089817888,현재 AI 사용자,현재 AI 사용자,True
52407,1,1,0.6715886567332089,향후 AI 사용 예정자,향후 AI 사용 예정자,True
34954,1,1,0.8094893867763436,향후 AI 사용 예정자,향후 AI 사용 예정자,True
25673,0,0,0.2676727293590845,현재 AI 사용자,현재 AI 사용자,True
4417,0,0,0.05656277877101863,현재 AI 사용자,현재 AI 사용자,True
30603,1,1,0.8788807521151069,향후 AI 사용 예정자,향후 AI 사용 예정자,True
35357,0,0,0.29236958431281257,현재 AI 사용자,현재 AI 사용자,True
27984,1,1,0.6787408145067213,향후 AI 사용 예정자,향후 AI 사용 예정자,True
51487,1,1,0.8525425823301577,향후 AI 사용 예정자,향후 AI 사용 예정자,True
33909,1,1,0.8566095432034144,향후 AI 사용 예정자,향후 AI 사용 예정자,True
41768,0,1,0.5551384583557892,현재 AI 사용자,향후 AI 사용 예정자,False
38588,0,0,0.44916289831218176,현재 AI 사용자,현재 AI 사용자,True
50425,1,0,0.45146908842175515,향후 AI 사용 예정자,현재 AI 사용자,False
24986,1,1,0.9623993443842064,향후 AI 사용 예정자,향후 AI 사용 예정자,True
8399,1,1,0.9575990674297947,향후 AI 사용 예정자,향후 AI 사용 예정자,True
22882,0,0,0.3215374427895405,현재 AI 사용자,현재 AI 사용자,True
30542,1,1,0.9761463584367012,향후 AI 사용 예정자,향후 AI 사용 예정자,True
58153,1,1,0.9291603884969621,향후 AI 사용 예정자,향후 AI 사용 예정자,True
24928,1,1,0.8155664938977192,향후 AI 사용 예정자,향후 AI 사용 예정자,True
28585,1,1,0.8183337324483866,향후 AI 사용 예정자,향후 AI 사용 예정자,True
14444,1,1,0.9466829366542023,향후 AI 사용 예정자,향후 AI 사용 예정자,True
22005,1,0,0.15838760546301964,향후 AI 사용 예정자,현재 AI 사용자,False
32989,1,0,0.3536414107431497,향후 AI 사용 예정자,현재 AI 사용자,False
44074,0,1,0.8273350664990567,현재 AI 사용자,향후 AI 사용 예정자,False
26576,0,0,0.16935982770332397,현재 AI 사용자,현재 AI 사용자,True
13102,0,0,0.4516607165383957,현재 AI 사용자,현재 AI 사용자,True
5835,0,1,0.7641795168886294,현재 AI 사용자,향후 AI 사용 예정자,False
13324,1,1,0.6731862349167007,향후 AI 사용 예정자,향후 AI 사용 예정자,True
30845,0,1,0.9786773522658222,현재 AI 사용자,향후 AI 사용 예정자,False
18071,1,1,0.9463176950443252,향후 AI 사용 예정자,향후 AI 사용 예정자,True
17873,0,0,0.20853398901101958,현재 AI 사용자,현재 AI 사용자,True
883,1,1,0.5860562577481621,향후 AI 사용 예정자,향후 AI 사용 예정자,True
26357,1,1,0.7239652989688284,향후 AI 사용 예정자,향후 AI 사용 예정자,True
12221,0,0,0.2011469098099872,현재 AI 사용자,현재 AI 사용자,True
45665,1,1,0.7559889906216715,향후 AI 사용 예정자,향후 AI 사용 예정자,True
3697,0,0,0.3078718688663129,현재 AI 사용자,현재 AI 사용자,True
61039,1,1,0.9157348877743746,향후 AI 사용 예정자,향후 AI 사용 예정자,True
48351,1,1,0.5188157750523785,향후 AI 사용 예정자,향후 AI 사용 예정자,True
6251,1,1,0.6527921812817037,향후 AI 사용 예정자,향후 AI 사용 예정자,True
51399,0,0,0.4047843732697657,현재 AI 사용자,현재 AI 사용자,True
17661,1,1,0.5012537450440665,향후 AI 사용 예정자,향후 AI 사용 예정자,True
15450,1,1,0.6954638425997479,향후 AI 사용 예정자,향후 AI 사용 예정자,True
36637,1,1,0.9907948871636505,향후 AI 사용 예정자,향후 AI 사용 예정자,True
20369,1,1,0.9911187070655394,향후 AI 사용 예정자,향후 AI 사용 예정자,True
40001,1,1,0.8568053269704985,향후 AI 사용 예정자,향후 AI 사용 예정자,True
22864,1,1,0.9900513104359895,향후 AI 사용 예정자,향후 AI 사용 예정자,True
20162,0,0,0.1238111635009596,현재 AI 사용자,현재 AI 사용자,True
32287,1,1,0.6893338513761467,향후 AI 사용 예정자,향후 AI 사용 예정자,True
16199,1,1,0.8426537386059116,향후 AI 사용 예정자,향후 AI 사용 예정자,True
48859,1,0,0.4104399899041517,향후 AI 사용 예정자,현재 AI 사용자,False
141,0,1,0.748310148767025,현재 AI 사용자,향후 AI 사용 예정자,False
54112,0,1,0.8065124249367587,현재 AI 사용자,향후 AI 사용 예정자,False
28022,0,0,0.35666718869574204,현재 AI 사용자,현재 AI 사용자,True
51721,0,0,0.14945900510708432,현재 AI 사용자,현재 AI 사용자,True
47044,1,1,0.8374384284200224,향후 AI 사용 예정자,향후 AI 사용 예정자,True
515,0,0,0.4310901504301012,현재 AI 사용자,현재 AI 사용자,True
20413,1,1,0.954879610258694,향후 AI 사용 예정자,향후 AI 사용 예정자,True
36926,0,0,0.12944430525234712,현재 AI 사용자,현재 AI 사용자,True
55246,0,0,0.26971312893740745,현재 AI 사용자,현재 AI 사용자,True
17359,1,1,0.808735193938363,향후 AI 사용 예정자,향후 AI 사용 예정자,True
42469,0,0,0.3926882586214396,현재 AI 사용자,현재 AI 사용자,True
65242,1,1,0.8822839980270933,향후 AI 사용 예정자,향후 AI 사용 예정자,True
34150,0,0,0.22943164347038972,현재 AI 사용자,현재 AI 사용자,True
47746,1,1,0.5293719054215259,향후 AI 사용 예정자,향후 AI 사용 예정자,True
27003,1,1,0.9127051359453126,향후 AI 사용 예정자,향후 AI 사용 예정자,True
55016,0,0,0.3860258042139128,현재 AI 사용자,현재 AI 사용자,True
38648,1,1,0.8409079089534882,향후 AI 사용 예정자,향후 AI 사용 예정자,True
5724,0,0,0.3096831134930946,현재 AI 사용자,현재 AI 사용자,True
13925,1,1,0.9938673074700256,향후 AI 사용 예정자,향후 AI 사용 예정자,True
36509,0,0,0.36614370607079955,현재 AI 사용자,현재 AI 사용자,True
33889,0,1,0.6019527070202733,현재 AI 사용자,향후 AI 사용 예정자,False
38569,1,1,0.9549933800066198,향후 AI 사용 예정자,향후 AI 사용 예정자,True
23171,1,1,0.5250761432251484,향후 AI 사용 예정자,향후 AI 사용 예정자,True
3817,1,1,0.7746962764080555,향후 AI 사용 예정자,향후 AI 사용 예정자,True
29817,1,1,0.7713938981098306,향후 AI 사용 예정자,향후 AI 사용 예정자,True
20433,1,0,0.4871686495122994,향후 AI 사용 예정자,현재 AI 사용자,False
60121,0,1,0.7147924058038813,현재 AI 사용자,향후 AI 사용 예정자,False
35696,1,1,0.9334004016610282,향후 AI 사용 예정자,향후 AI 사용 예정자,True
32747,0,1,0.5431752672768827,현재 AI 사용자,향후 AI 사용 예정자,False
57387,1,0,0.4554951670292597,향후 AI 사용 예정자,현재 AI 사용자,False
32687,0,0,0.41119898551123757,현재 AI 사용자,현재 AI 사용자,True
32280,1,1,0.7733449006166442,향후 AI 사용 예정자,향후 AI 사용 예정자,True
27708,1,1,0.9008964639589891,향후 AI 사용 예정자,향후 AI 사용 예정자,True
46966,1,1,0.919494574170972,향후 AI 사용 예정자,향후 AI 사용 예정자,True
6159,1,1,0.9834191010331425,향후 AI 사용 예정자,향후 AI 사용 예정자,True
33796,1,1,0.9217468678826541,향후 AI 사용 예정자,향후 AI 사용 예정자,True
48428,0,1,0.7009909088486944,현재 AI 사용자,향후 AI 사용 예정자,False
47410,1,0,0.15894121849577206,향후 AI 사용 예정자,현재 AI 사용자,False
20084,1,1,0.7570003920845999,향후 AI 사용 예정자,향후 AI 사용 예정자,True
33954,1,1,0.976927629690478,향후 AI 사용 예정자,향후 AI 사용 예정자,True
23654,0,0,0.44562370791864064,현재 AI 사용자,현재 AI 사용자,True
12907,1,0,0.42041828558028826,향후 AI 사용 예정자,현재 AI 사용자,False
27903,1,1,0.9437529503025853,향후 AI 사용 예정자,향후 AI 사용 예정자,True
57079,1,1,0.962596220889919,향후 AI 사용 예정자,향후 AI 사용 예정자,True
14139,1,1,0.9818505629939351,향후 AI 사용 예정자,향후 AI 사용 예정자,True
12045,0,0,0.21854663629721865,현재 AI 사용자,현재 AI 사용자,True
30408,1,1,0.9110674504784747,향후 AI 사용 예정자,향후 AI 사용 예정자,True
23682,1,1,0.9074864929135918,향후 AI 사용 예정자,향후 AI 사용 예정자,True
8184,1,1,0.9380768639120857,향후 AI 사용 예정자,향후 AI 사용 예정자,True
52365,0,0,0.046859015213928386,현재 AI 사용자,현재 AI 사용자,True
23900,1,1,0.8496361356412927,향후 AI 사용 예정자,향후 AI 사용 예정자,True
41308,1,1,0.957002868844634,향후 AI 사용 예정자,향후 AI 사용 예정자,True
46823,0,0,0.3289537358172738,현재 AI 사용자,현재 AI 사용자,True
42221,0,1,0.5804414724697718,현재 AI 사용자,향후 AI 사용 예정자,False
58161,1,1,0.8577967176625629,향후 AI 사용 예정자,향후 AI 사용 예정자,True
46462,0,1,0.636695999160383,현재 AI 사용자,향후 AI 사용 예정자,False
52600,1,1,0.9322818029419249,향후 AI 사용 예정자,향후 AI 사용 예정자,True
43749,0,1,0.7404822061484538,현재 AI 사용자,향후 AI 사용 예정자,False
6,1,1,0.5642210844185483,향후 AI 사용 예정자,향후 AI 사용 예정자,True
37616,1,1,0.6516889376106931,향후 AI 사용 예정자,향후 AI 사용 예정자,True
34737,0,1,0.8800139187561195,현재 AI 사용자,향후 AI 사용 예정자,False
9989,1,0,0.2738295028512289,향후 AI 사용 예정자,현재 AI 사용자,False
34574,1,1,0.9940468435942033,향후 AI 사용 예정자,향후 AI 사용 예정자,True
39228,0,0,0.3167548907943736,현재 AI 사용자,현재 AI 사용자,True
45136,1,1,0.9942932950229296,향후 AI 사용 예정자,향후 AI 사용 예정자,True
37119,1,1,0.5920757169586683,향후 AI 사용 예정자,향후 AI 사용 예정자,True
11814,1,0,0.32695565557305606,향후 AI 사용 예정자,현재 AI 사용자,False
13285,1,0,0.2892988958732506,향후 AI 사용 예정자,현재 AI 사용자,False
65309,0,1,0.8970155399860527,현재 AI 사용자,향후 AI 사용 예정자,False
33072,0,1,0.5446250055113745,현재 AI 사용자,향후 AI 사용 예정자,False
59312,0,1,0.7863682728125044,현재 AI 사용자,향후 AI 사용 예정자,False
38461,0,0,0.21092375474738514,현재 AI 사용자,현재 AI 사용자,True
13709,1,1,0.6761040459399977,향후 AI 사용 예정자,향후 AI 사용 예정자,True
48097,1,1,0.5669672422320969,향후 AI 사용 예정자,향후 AI 사용 예정자,True
42067,0,0,0.11849004404613094,현재 AI 사용자,현재 AI 사용자,True
50723,0,0,0.35754091691104134,현재 AI 사용자,현재 AI 사용자,True
43910,1,1,0.9671794141425654,향후 AI 사용 예정자,향후 AI 사용 예정자,True
51836,0,0,0.34638876274448277,현재 AI 사용자,현재 AI 사용자,True
23967,1,1,0.9731424583400434,향후 AI 사용 예정자,향후 AI 사용 예정자,True
40210,1,0,0.2755838276184209,향후 AI 사용 예정자,현재 AI 사용자,False
48081,1,1,0.8413912350623519,향후 AI 사용 예정자,향후 AI 사용 예정자,True
29299,0,0,0.22685691564836294,현재 AI 사용자,현재 AI 사용자,True
43182,1,1,0.8826900705986056,향후 AI 사용 예정자,향후 AI 사용 예정자,True
57605,0,0,0.21582511805532506,현재 AI 사용자,현재 AI 사용자,True
15469,0,0,0.2289224605390334,현재 AI 사용자,현재 AI 사용자,True
15689,1,1,0.5848171926496619,향후 AI 사용 예정자,향후 AI 사용 예정자,True
9159,0,0,0.13302614026536874,현재 AI 사용자,현재 AI 사용자,True
16792,1,1,0.8051129265975729,향후 AI 사용 예정자,향후 AI 사용 예정자,True
46005,1,1,0.9819125003906017,향후 AI 사용 예정자,향후 AI 사용 예정자,True
62550,1,1,0.9203070164677601,향후 AI 사용 예정자,향후 AI 사용 예정자,True
12598,0,0,0.18385907459545467,현재 AI 사용자,현재 AI 사용자,True
39922,1,1,0.5026897186663106,향후 AI 사용 예정자,향후 AI 사용 예정자,True
57770,1,1,0.8810453511221251,향후 AI 사용 예정자,향후 AI 사용 예정자,True
49639,1,0,0.36431223808638746,향후 AI 사용 예정자,현재 AI 사용자,False
331,0,0,0.3236296717324276,현재 AI 사용자,현재 AI 사용자,True
56707,0,1,0.5056891977125192,현재 AI 사용자,향후 AI 사용 예정자,False
50314,1,1,0.9398987245896712,향후 AI 사용 예정자,향후 AI 사용 예정자,True
51742,1,0,0.26608872787833443,향후 AI 사용 예정자,현재 AI 사용자,False
21857,1,0,0.1987892004714175,향후 AI 사용 예정자,현재 AI 사용자,False
30663,1,0,0.3933579475010944,향후 AI 사용 예정자,현재 AI 사용자,False
11377,0,0,0.47852075611477335,현재 AI 사용자,현재 AI 사용자,True
8163,1,1,0.8309601620663688,향후 AI 사용 예정자,향후 AI 사용 예정자,True
10341,0,1,0.7790458103554723,현재 AI 사용자,향후 AI 사용 예정자,False
31960,1,0,0.4353328300002591,향후 AI 사용 예정자,현재 AI 사용자,False
344,1,0,0.35012171110936124,향후 AI 사용 예정자,현재 AI 사용자,False
39941,1,1,0.6841576154162942,향후 AI 사용 예정자,향후 AI 사용 예정자,True
28434,1,1,0.869793164869738,향후 AI 사용 예정자,향후 AI 사용 예정자,True
18498,0,0,0.23221677704984453,현재 AI 사용자,현재 AI 사용자,True
18641,1,1,0.5235582805053085,향후 AI 사용 예정자,향후 AI 사용 예정자,True
51225,1,1,0.8247806014031656,향후 AI 사용 예정자,향후 AI 사용 예정자,True
16185,0,1,0.8301458805763144,현재 AI 사용자,향후 AI 사용 예정자,False
23425,0,0,0.10619814134050344,현재 AI 사용자,현재 AI 사용자,True
17968,1,1,0.8198617571962086,향후 AI 사용 예정자,향후 AI 사용 예정자,True
37951,0,0,0.3217645306946517,현재 AI 사용자,현재 AI 사용자,True
20257,1,1,0.8536884359139896,향후 AI 사용 예정자,향후 AI 사용 예정자,True
60440,1,1,0.7360041339338647,향후 AI 사용 예정자,향후 AI 사용 예정자,True
16909,1,1,0.7228860546793081,향후 AI 사용 예정자,향후 AI 사용 예정자,True
3235,1,1,0.9100701726314829,향후 AI 사용 예정자,향후 AI 사용 예정자,True
8696,0,1,0.509707860557334,현재 AI 사용자,향후 AI 사용 예정자,False
23377,1,1,0.7311475058622059,향후 AI 사용 예정자,향후 AI 사용 예정자,True
12750,1,1,0.6414983044511191,향후 AI 사용 예정자,향후 AI 사용 예정자,True
9623,1,1,0.6994662272427168,향후 AI 사용 예정자,향후 AI 사용 예정자,True
40290,1,1,0.9384074258276237,향후 AI 사용 예정자,향후 AI 사용 예정자,True
10136,0,1,0.6696285106055551,현재 AI 사용자,향후 AI 사용 예정자,False
10069,0,0,0.15880459156574522,현재 AI 사용자,현재 AI 사용자,True
40055,0,0,0.49267601198738914,현재 AI 사용자,현재 AI 사용자,True
47153,0,0,0.18022106839484528,현재 AI 사용자,현재 AI 사용자,True
49978,0,0,0.2898680452719242,현재 AI 사용자,현재 AI 사용자,True
19297,0,0,0.19749331845242168,현재 AI 사용자,현재 AI 사용자,True
24028,1,1,0.9487809665040862,향후 AI 사용 예정자,향후 AI 사용 예정자,True
4759,1,0,0.48670978855574065,향후 AI 사용 예정자,현재 AI 사용자,False
3989,1,1,0.6159915823163061,향후 AI 사용 예정자,향후 AI 사용 예정자,True
56916,1,0,0.3881225331462172,향후 AI 사용 예정자,현재 AI 사용자,False
18856,1,1,0.9150919007047091,향후 AI 사용 예정자,향후 AI 사용 예정자,True
36137,1,1,0.914494992870679,향후 AI 사용 예정자,향후 AI 사용 예정자,True
31641,0,1,0.835608970828991,현재 AI 사용자,향후 AI 사용 예정자,False
38063,1,1,0.6010211769449211,향후 AI 사용 예정자,향후 AI 사용 예정자,True
20580,1,1,0.9651406733209583,향후 AI 사용 예정자,향후 AI 사용 예정자,True
18203,1,1,0.9516953940006728,향후 AI 사용 예정자,향후 AI 사용 예정자,True
51649,1,1,0.629896418013369,향후 AI 사용 예정자,향후 AI 사용 예정자,True
48913,0,0,0.44556887945396195,현재 AI 사용자,현재 AI 사용자,True
1931,0,0,0.3284770599242391,현재 AI 사용자,현재 AI 사용자,True
37327,0,0,0.11184672587057622,현재 AI 사용자,현재 AI 사용자,True
40438,0,0,0.049696581073253136,현재 AI 사용자,현재 AI 사용자,True
51597,0,1,0.7931517416477514,현재 AI 사용자,향후 AI 사용 예정자,False
11975,0,0,0.13813908609800232,현재 AI 사용자,현재 AI 사용자,True
24768,1,1,0.8789361626666001,향후 AI 사용 예정자,향후 AI 사용 예정자,True
5166,0,0,0.08376421562706102,현재 AI 사용자,현재 AI 사용자,True
41466,0,0,0.0714969745694595,현재 AI 사용자,현재 AI 사용자,True
12172,1,1,0.9712442180419052,향후 AI 사용 예정자,향후 AI 사용 예정자,True
51360,0,1,0.7272456568859355,현재 AI 사용자,향후 AI 사용 예정자,False
43551,1,1,0.7357102967787865,향후 AI 사용 예정자,향후 AI 사용 예정자,True
41279,1,1,0.7190457655393507,향후 AI 사용 예정자,향후 AI 사용 예정자,True
6771,1,1,0.953466137869218,향후 AI 사용 예정자,향후 AI 사용 예정자,True
13981,1,0,0.4147388234951877,향후 AI 사용 예정자,현재 AI 사용자,False
6945,0,0,0.3872426071870172,현재 AI 사용자,현재 AI 사용자,True
30986,1,1,0.9561726596737637,향후 AI 사용 예정자,향후 AI 사용 예정자,True
9703,1,1,0.6261004099493767,향후 AI 사용 예정자,향후 AI 사용 예정자,True
21601,1,0,0.33228217503033414,향후 AI 사용 예정자,현재 AI 사용자,False
19124,0,0,0.20822653515010417,현재 AI 사용자,현재 AI 사용자,True
47897,0,0,0.3186112722703387,현재 AI 사용자,현재 AI 사용자,True
49714,1,1,0.9565492127834695,향후 AI 사용 예정자,향후 AI 사용 예정자,True
50178,1,1,0.9620424411741489,향후 AI 사용 예정자,향후 AI 사용 예정자,True
25788,0,0,0.2113885462718585,현재 AI 사용자,현재 AI 사용자,True
34596,1,1,0.6598991762855763,향후 AI 사용 예정자,향후 AI 사용 예정자,True
15307,1,1,0.9703151388267159,향후 AI 사용 예정자,향후 AI 사용 예정자,True
40296,1,1,0.9880580549726329,향후 AI 사용 예정자,향후 AI 사용 예정자,True
6908,1,1,0.8459756781687435,향후 AI 사용 예정자,향후 AI 사용 예정자,True
59195,0,1,0.8873838221989062,현재 AI 사용자,향후 AI 사용 예정자,False
12669,1,1,0.8074845108786504,향후 AI 사용 예정자,향후 AI 사용 예정자,True
24681,0,0,0.38790761743957214,현재 AI 사용자,현재 AI 사용자,True
30545,1,1,0.8680693345704584,향후 AI 사용 예정자,향후 AI 사용 예정자,True
17034,0,1,0.6262195031365206,현재 AI 사용자,향후 AI 사용 예정자,False
9941,1,1,0.9378532806028542,향후 AI 사용 예정자,향후 AI 사용 예정자,True
7861,1,1,0.7850473221361988,향후 AI 사용 예정자,향후 AI 사용 예정자,True
2009,1,1,0.9604657191511053,향후 AI 사용 예정자,향후 AI 사용 예정자,True
35759,0,1,0.5732345878233717,현재 AI 사용자,향후 AI 사용 예정자,False
11183,1,1,0.8976533209199818,향후 AI 사용 예정자,향후 AI 사용 예정자,True
26014,1,1,0.9710266292065741,향후 AI 사용 예정자,향후 AI 사용 예정자,True
13323,0,0,0.48297016484588867,현재 AI 사용자,현재 AI 사용자,True
25905,0,0,0.4873410995815618,현재 AI 사용자,현재 AI 사용자,True
57782,1,1,0.9452840806143592,향후 AI 사용 예정자,향후 AI 사용 예정자,True
52267,0,0,0.2569727414950639,현재 AI 사용자,현재 AI 사용자,True
56886,0,0,0.18933904466593138,현재 AI 사용자,현재 AI 사용자,True
43842,1,1,0.8622545891722845,향후 AI 사용 예정자,향후 AI 사용 예정자,True
51653,0,0,0.21729355542122225,현재 AI 사용자,현재 AI 사용자,True
37482,1,0,0.4798170939122236,향후 AI 사용 예정자,현재 AI 사용자,False
47696,1,0,0.24789705752565375,향후 AI 사용 예정자,현재 AI 사용자,False
57059,1,1,0.5815788647408155,향후 AI 사용 예정자,향후 AI 사용 예정자,True
59263,0,0,0.4531650877098745,현재 AI 사용자,현재 AI 사용자,True
53139,1,1,0.8523283934970878,향후 AI 사용 예정자,향후 AI 사용 예정자,True
43499,0,0,0.24608733893673254,현재 AI 사용자,현재 AI 사용자,True
9217,0,0,0.03548053113017154,현재 AI 사용자,현재 AI 사용자,True
63762,1,1,0.980103353137393,향후 AI 사용 예정자,향후 AI 사용 예정자,True
38268,1,0,0.3035999449626244,향후 AI 사용 예정자,현재 AI 사용자,False
36747,0,0,0.26043481687174996,현재 AI 사용자,현재 AI 사용자,True
59793,1,1,0.8257476899127605,향후 AI 사용 예정자,향후 AI 사용 예정자,True
53866,0,0,0.4525285940929291,현재 AI 사용자,현재 AI 사용자,True
9550,0,0,0.24648096866681776,현재 AI 사용자,현재 AI 사용자,True
9296,1,0,0.43240111477132154,향후 AI 사용 예정자,현재 AI 사용자,False
3899,0,0,0.3586013249427272,현재 AI 사용자,현재 AI 사용자,True
12178,1,1,0.9057330567567972,향후 AI 사용 예정자,향후 AI 사용 예정자,True
53496,1,1,0.892680661748138,향후 AI 사용 예정자,향후 AI 사용 예정자,True
36728,1,1,0.6663795696937612,향후 AI 사용 예정자,향후 AI 사용 예정자,True
14773,1,1,0.7127502117705137,향후 AI 사용 예정자,향후 AI 사용 예정자,True
44022,1,0,0.15570707812014095,향후 AI 사용 예정자,현재 AI 사용자,False
2820,1,1,0.8877918257707779,향후 AI 사용 예정자,향후 AI 사용 예정자,True
37332,0,0,0.09714034685253829,현재 AI 사용자,현재 AI 사용자,True
49967,0,0,0.33860494448354833,현재 AI 사용자,현재 AI 사용자,True
19093,1,0,0.39081870512431255,향후 AI 사용 예정자,현재 AI 사용자,False
7189,0,0,0.3492786477489427,현재 AI 사용자,현재 AI 사용자,True
1457,0,1,0.5146252047191517,현재 AI 사용자,향후 AI 사용 예정자,False
25880,1,1,0.6057300858416101,향후 AI 사용 예정자,향후 AI 사용 예정자,True
52799,1,1,0.6750361790885399,향후 AI 사용 예정자,향후 AI 사용 예정자,True
39582,1,1,0.6532369856920387,향후 AI 사용 예정자,향후 AI 사용 예정자,True
25783,0,1,0.6388112510427206,현재 AI 사용자,향후 AI 사용 예정자,False
64504,1,1,0.9184167074193063,향후 AI 사용 예정자,향후 AI 사용 예정자,True
36437,1,1,0.8494784446668493,향후 AI 사용 예정자,향후 AI 사용 예정자,True
35298,1,0,0.413180916429862,향후 AI 사용 예정자,현재 AI 사용자,False
7150,1,1,0.8246668109403941,향후 AI 사용 예정자,향후 AI 사용 예정자,True
32458,1,1,0.9874810686048316,향후 AI 사용 예정자,향후 AI 사용 예정자,True
38357,1,1,0.6457876386333506,향후 AI 사용 예정자,향후 AI 사용 예정자,True
2630,1,1,0.9762596885446998,향후 AI 사용 예정자,향후 AI 사용 예정자,True
31888,0,0,0.1998693975270874,현재 AI 사용자,현재 AI 사용자,True
53205,1,0,0.4462868749248589,향후 AI 사용 예정자,현재 AI 사용자,False
26440,0,1,0.8624931565499944,현재 AI 사용자,향후 AI 사용 예정자,False
41511,0,0,0.2739860505091746,현재 AI 사용자,현재 AI 사용자,True
36982,1,1,0.7086017722650858,향후 AI 사용 예정자,향후 AI 사용 예정자,True
23916,1,1,0.8888212399749366,향후 AI 사용 예정자,향후 AI 사용 예정자,True
44230,1,0,0.2063062269032093,향후 AI 사용 예정자,현재 AI 사용자,False
4675,1,1,0.5139513693209177,향후 AI 사용 예정자,향후 AI 사용 예정자,True
35137,1,0,0.3837320989559535,향후 AI 사용 예정자,현재 AI 사용자,False
45804,1,0,0.34009519935405447,향후 AI 사용 예정자,현재 AI 사용자,False
42957,0,0,0.4373320916836556,현재 AI 사용자,현재 AI 사용자,True
4204,0,1,0.8686651182250942,현재 AI 사용자,향후 AI 사용 예정자,False
42870,0,0,0.36399915615368467,현재 AI 사용자,현재 AI 사용자,True
21437,0,1,0.7057502291757399,현재 AI 사용자,향후 AI 사용 예정자,False
2971,1,0,0.45866555797382585,향후 AI 사용 예정자,현재 AI 사용자,False
46425,1,1,0.9483238598436645,향후 AI 사용 예정자,향후 AI 사용 예정자,True
39719,0,0,0.25756644301933374,현재 AI 사용자,현재 AI 사용자,True
10095,1,1,0.9800212970087854,향후 AI 사용 예정자,향후 AI 사용 예정자,True
38791,1,1,0.9064075532478462,향후 AI 사용 예정자,향후 AI 사용 예정자,True
39984,1,1,0.9500922458756532,향후 AI 사용 예정자,향후 AI 사용 예정자,True
8711,1,1,0.9598892296891491,향후 AI 사용 예정자,향후 AI 사용 예정자,True
36247,0,0,0.2844403088757678,현재 AI 사용자,현재 AI 사용자,True
8734,0,0,0.16980435331051938,현재 AI 사용자,현재 AI 사용자,True
15383,1,1,0.9322833614927577,향후 AI 사용 예정자,향후 AI 사용 예정자,True
55040,1,1,0.8429311298871295,향후 AI 사용 예정자,향후 AI 사용 예정자,True
15116,1,1,0.9249813601121218,향후 AI 사용 예정자,향후 AI 사용 예정자,True
23262,1,0,0.26427720680926836,향후 AI 사용 예정자,현재 AI 사용자,False
7335,1,1,0.5218411227101978,향후 AI 사용 예정자,향후 AI 사용 예정자,True
1599,0,0,0.15063611429779464,현재 AI 사용자,현재 AI 사용자,True
4865,1,0,0.3565496054384291,향후 AI 사용 예정자,현재 AI 사용자,False
51155,1,1,0.8530158798326891,향후 AI 사용 예정자,향후 AI 사용 예정자,True
36149,0,1,0.8443672390400082,현재 AI 사용자,향후 AI 사용 예정자,False
31627,1,0,0.38561896884025726,향후 AI 사용 예정자,현재 AI 사용자,False
603,0,1,0.869342519304293,현재 AI 사용자,향후 AI 사용 예정자,False
52073,1,1,0.612585893589439,향후 AI 사용 예정자,향후 AI 사용 예정자,True
30937,0,0,0.3513969831509143,현재 AI 사용자,현재 AI 사용자,True
29018,1,1,0.9697382830970446,향후 AI 사용 예정자,향후 AI 사용 예정자,True
49219,1,1,0.8708269368627027,향후 AI 사용 예정자,향후 AI 사용 예정자,True
47671,0,1,0.5002783861041484,현재 AI 사용자,향후 AI 사용 예정자,False
11831,1,1,0.9408916150521422,향후 AI 사용 예정자,향후 AI 사용 예정자,True
43794,1,1,0.8878676304642736,향후 AI 사용 예정자,향후 AI 사용 예정자,True
16606,1,1,0.6789894941983505,향후 AI 사용 예정자,향후 AI 사용 예정자,True
58983,1,1,0.8058292906002049,향후 AI 사용 예정자,향후 AI 사용 예정자,True
43853,0,0,0.36433180913617363,현재 AI 사용자,현재 AI 사용자,True
5946,1,1,0.9954772018725431,향후 AI 사용 예정자,향후 AI 사용 예정자,True
931,0,0,0.08344658976772876,현재 AI 사용자,현재 AI 사용자,True
60436,1,1,0.5653198990724443,향후 AI 사용 예정자,향후 AI 사용 예정자,True
37340,0,0,0.32574205551421787,현재 AI 사용자,현재 AI 사용자,True
13749,1,1,0.9561363378818813,향후 AI 사용 예정자,향후 AI 사용 예정자,True
6588,0,0,0.3427656608733239,현재 AI 사용자,현재 AI 사용자,True
41497,0,0,0.14149967680147643,현재 AI 사용자,현재 AI 사용자,True
44265,0,1,0.5611549785580673,현재 AI 사용자,향후 AI 사용 예정자,False
44734,0,0,0.20592953679592102,현재 AI 사용자,현재 AI 사용자,True
32383,1,0,0.3054296702996229,향후 AI 사용 예정자,현재 AI 사용자,False
626,1,1,0.6964164163063642,향후 AI 사용 예정자,향후 AI 사용 예정자,True
19007,0,0,0.20169657175128208,현재 AI 사용자,현재 AI 사용자,True
35628,1,1,0.5991301359817273,향후 AI 사용 예정자,향후 AI 사용 예정자,True
16765,1,1,0.738304891694911,향후 AI 사용 예정자,향후 AI 사용 예정자,True
15929,1,1,0.6436290505490303,향후 AI 사용 예정자,향후 AI 사용 예정자,True
39069,0,0,0.33884521819019026,현재 AI 사용자,현재 AI 사용자,True
43675,0,0,0.39678237518761716,현재 AI 사용자,현재 AI 사용자,True
28464,1,1,0.7245603147413725,향후 AI 사용 예정자,향후 AI 사용 예정자,True
22709,0,0,0.23227443147498508,현재 AI 사용자,현재 AI 사용자,True
21653,1,1,0.970368636341067,향후 AI 사용 예정자,향후 AI 사용 예정자,True
62040,1,1,0.6237574035733445,향후 AI 사용 예정자,향후 AI 사용 예정자,True
15309,1,1,0.9582048061700378,향후 AI 사용 예정자,향후 AI 사용 예정자,True
12803,0,0,0.3634563978589455,현재 AI 사용자,현재 AI 사용자,True
54876,1,1,0.5289212281976189,향후 AI 사용 예정자,향후 AI 사용 예정자,True
45364,1,0,0.3337626500446662,향후 AI 사용 예정자,현재 AI 사용자,False
52030,1,1,0.6813527669350997,향후 AI 사용 예정자,향후 AI 사용 예정자,True
36006,1,1,0.9859640595583208,향후 AI 사용 예정자,향후 AI 사용 예정자,True
58192,1,1,0.9159205622441323,향후 AI 사용 예정자,향후 AI 사용 예정자,True
48437,0,1,0.9062450900246597,현재 AI 사용자,향후 AI 사용 예정자,False
63141,1,1,0.8759372076596249,향후 AI 사용 예정자,향후 AI 사용 예정자,True
5626,0,0,0.23996535573395003,현재 AI 사용자,현재 AI 사용자,True
41414,0,0,0.2880224003915473,현재 AI 사용자,현재 AI 사용자,True
50274,0,0,0.44157550807729007,현재 AI 사용자,현재 AI 사용자,True
31611,1,1,0.6599009919101029,향후 AI 사용 예정자,향후 AI 사용 예정자,True
19876,0,0,0.47473706658749737,현재 AI 사용자,현재 AI 사용자,True
18323,0,0,0.39797057747683534,현재 AI 사용자,현재 AI 사용자,True
35266,1,1,0.772289820080183,향후 AI 사용 예정자,향후 AI 사용 예정자,True
28333,1,1,0.9566607383871212,향후 AI 사용 예정자,향후 AI 사용 예정자,True
22635,1,0,0.2446781085095214,향후 AI 사용 예정자,현재 AI 사용자,False
3897,1,1,0.625810565049177,향후 AI 사용 예정자,향후 AI 사용 예정자,True
56014,1,1,0.9577714197683492,향후 AI 사용 예정자,향후 AI 사용 예정자,True
51324,1,1,0.7918151220833973,향후 AI 사용 예정자,향후 AI 사용 예정자,True
61607,1,1,0.7479156949495148,향후 AI 사용 예정자,향후 AI 사용 예정자,True
9707,0,0,0.3113954814358068,현재 AI 사용자,현재 AI 사용자,True
13752,1,1,0.9068871378771064,향후 AI 사용 예정자,향후 AI 사용 예정자,True
23867,1,1,0.8559178206178163,향후 AI 사용 예정자,향후 AI 사용 예정자,True
20682,0,0,0.27316962084673696,현재 AI 사용자,현재 AI 사용자,True
32357,1,1,0.7596321076162181,향후 AI 사용 예정자,향후 AI 사용 예정자,True
1127,0,0,0.47361179701972606,현재 AI 사용자,현재 AI 사용자,True
38542,1,1,0.9166423460486687,향후 AI 사용 예정자,향후 AI 사용 예정자,True
25668,0,0,0.3093942070291419,현재 AI 사용자,현재 AI 사용자,True
52142,0,0,0.21433363317337792,현재 AI 사용자,현재 AI 사용자,True
9785,0,1,0.8134203296219535,현재 AI 사용자,향후 AI 사용 예정자,False
11808,0,0,0.3256336034875097,현재 AI 사용자,현재 AI 사용자,True
50429,1,1,0.9885943950986258,향후 AI 사용 예정자,향후 AI 사용 예정자,True
15986,0,0,0.22476812810535726,현재 AI 사용자,현재 AI 사용자,True
36259,0,1,0.8234668070427816,현재 AI 사용자,향후 AI 사용 예정자,False
40568,1,1,0.8993478353965603,향후 AI 사용 예정자,향후 AI 사용 예정자,True
60997,0,0,0.17541258159789125,현재 AI 사용자,현재 AI 사용자,True
34537,1,1,0.6340929016278236,향후 AI 사용 예정자,향후 AI 사용 예정자,True
36219,1,1,0.8598308689313419,향후 AI 사용 예정자,향후 AI 사용 예정자,True
49543,0,1,0.5000591534681464,현재 AI 사용자,향후 AI 사용 예정자,False
5917,1,1,0.5679173915779115,향후 AI 사용 예정자,향후 AI 사용 예정자,True
38099,1,1,0.9381198152528516,향후 AI 사용 예정자,향후 AI 사용 예정자,True
13292,1,1,0.722407184880685,향후 AI 사용 예정자,향후 AI 사용 예정자,True
37149,1,0,0.44992636717310663,향후 AI 사용 예정자,현재 AI 사용자,False
45332,0,0,0.1962439689745822,현재 AI 사용자,현재 AI 사용자,True
40272,1,1,0.5978333705135155,향후 AI 사용 예정자,향후 AI 사용 예정자,True
2640,0,1,0.5156536886713292,현재 AI 사용자,향후 AI 사용 예정자,False
37425,0,0,0.26335106503782924,현재 AI 사용자,현재 AI 사용자,True
61570,0,0,0.18605070233773846,현재 AI 사용자,현재 AI 사용자,True
4697,0,0,0.49315242252104025,현재 AI 사용자,현재 AI 사용자,True
20614,1,1,0.9128497880618393,향후 AI 사용 예정자,향후 AI 사용 예정자,True
54743,1,1,0.8657055775179665,향후 AI 사용 예정자,향후 AI 사용 예정자,True
2205,1,1,0.9784140422487266,향후 AI 사용 예정자,향후 AI 사용 예정자,True
65354,0,0,0.33784587956248907,현재 AI 사용자,현재 AI 사용자,True
51171,1,1,0.9682625565061875,향후 AI 사용 예정자,향후 AI 사용 예정자,True
18433,1,1,0.5853791605882829,향후 AI 사용 예정자,향후 AI 사용 예정자,True
9863,1,1,0.6855984961518401,향후 AI 사용 예정자,향후 AI 사용 예정자,True
42039,1,1,0.9702984559250992,향후 AI 사용 예정자,향후 AI 사용 예정자,True
24832,1,1,0.5556255233078591,향후 AI 사용 예정자,향후 AI 사용 예정자,True
2391,0,0,0.34598148049729316,현재 AI 사용자,현재 AI 사용자,True
38970,1,1,0.9550693080942876,향후 AI 사용 예정자,향후 AI 사용 예정자,True
14625,1,0,0.2869132130934353,향후 AI 사용 예정자,현재 AI 사용자,False
6357,1,1,0.8733416395154971,향후 AI 사용 예정자,향후 AI 사용 예정자,True
50073,0,1,0.6343076187454719,현재 AI 사용자,향후 AI 사용 예정자,False
52450,1,1,0.9839024935264987,향후 AI 사용 예정자,향후 AI 사용 예정자,True
39751,1,1,0.7747820210866785,향후 AI 사용 예정자,향후 AI 사용 예정자,True
50037,1,1,0.8062612042478157,향후 AI 사용 예정자,향후 AI 사용 예정자,True
61984,1,0,0.4420443711762816,향후 AI 사용 예정자,현재 AI 사용자,False
16963,1,1,0.5779902185335226,향후 AI 사용 예정자,향후 AI 사용 예정자,True
11601,1,1,0.9057352049043,향후 AI 사용 예정자,향후 AI 사용 예정자,True
19741,1,1,0.9630729506839144,향후 AI 사용 예정자,향후 AI 사용 예정자,True
25448,1,1,0.5280034152136147,향후 AI 사용 예정자,향후 AI 사용 예정자,True
5779,1,1,0.5041668520203573,향후 AI 사용 예정자,향후 AI 사용 예정자,True
46633,0,0,0.2449303347521385,현재 AI 사용자,현재 AI 사용자,True
17880,1,1,0.8752564903687884,향후 AI 사용 예정자,향후 AI 사용 예정자,True
51235,0,0,0.05224845998325811,현재 AI 사용자,현재 AI 사용자,True
52377,1,1,0.7035637803065371,향후 AI 사용 예정자,향후 AI 사용 예정자,True
65250,0,0,0.15536400742103237,현재 AI 사용자,현재 AI 사용자,True
59129,1,1,0.9967525651151329,향후 AI 사용 예정자,향후 AI 사용 예정자,True
6368,1,1,0.8325210237317429,향후 AI 사용 예정자,향후 AI 사용 예정자,True
17216,0,0,0.22669631324564704,현재 AI 사용자,현재 AI 사용자,True
51617,1,1,0.9956036968575247,향후 AI 사용 예정자,향후 AI 사용 예정자,True
45336,1,1,0.8985247063807447,향후 AI 사용 예정자,향후 AI 사용 예정자,True
51805,1,1,0.9344930904015725,향후 AI 사용 예정자,향후 AI 사용 예정자,True
29086,0,0,0.4082014332440366,현재 AI 사용자,현재 AI 사용자,True
10780,0,0,0.45462256294005,현재 AI 사용자,현재 AI 사용자,True
14073,1,1,0.7422866398654395,향후 AI 사용 예정자,향후 AI 사용 예정자,True
52250,1,1,0.7499364344789345,향후 AI 사용 예정자,향후 AI 사용 예정자,True
37538,1,1,0.9641408000245896,향후 AI 사용 예정자,향후 AI 사용 예정자,True
59704,1,1,0.8610499075163429,향후 AI 사용 예정자,향후 AI 사용 예정자,True
49541,0,1,0.8960369973287949,현재 AI 사용자,향후 AI 사용 예정자,False
31082,0,0,0.4626277745751293,현재 AI 사용자,현재 AI 사용자,True
40278,1,1,0.8959879689180523,향후 AI 사용 예정자,향후 AI 사용 예정자,True
10407,1,0,0.46874300523654056,향후 AI 사용 예정자,현재 AI 사용자,False
15305,1,1,0.8960723185671065,향후 AI 사용 예정자,향후 AI 사용 예정자,True
30720,1,1,0.9336931764021953,향후 AI 사용 예정자,향후 AI 사용 예정자,True
5030,1,1,0.8947752323090409,향후 AI 사용 예정자,향후 AI 사용 예정자,True
42222,0,0,0.2523874826171242,현재 AI 사용자,현재 AI 사용자,True
51098,0,1,0.6969363359992737,현재 AI 사용자,향후 AI 사용 예정자,False
6094,1,0,0.413540108185088,향후 AI 사용 예정자,현재 AI 사용자,False
35391,0,0,0.32635534497061497,현재 AI 사용자,현재 AI 사용자,True
56990,1,1,0.9813615440426199,향후 AI 사용 예정자,향후 AI 사용 예정자,True
21763,0,0,0.3004466563077946,현재 AI 사용자,현재 AI 사용자,True
31354,1,1,0.7922608241326174,향후 AI 사용 예정자,향후 AI 사용 예정자,True
8123,1,1,0.8536941932067423,향후 AI 사용 예정자,향후 AI 사용 예정자,True
7307,0,0,0.34161770162943894,현재 AI 사용자,현재 AI 사용자,True
15638,1,1,0.9137315500880497,향후 AI 사용 예정자,향후 AI 사용 예정자,True
29946,0,0,0.28275695930597466,현재 AI 사용자,현재 AI 사용자,True
12641,0,0,0.3470637216834286,현재 AI 사용자,현재 AI 사용자,True
44166,0,0,0.3730945514808346,현재 AI 사용자,현재 AI 사용자,True
50806,1,1,0.9400240406773895,향후 AI 사용 예정자,향후 AI 사용 예정자,True
26167,0,0,0.22282344181347835,현재 AI 사용자,현재 AI 사용자,True
14152,0,0,0.3677723896021668,현재 AI 사용자,현재 AI 사용자,True
19024,1,1,0.960772398218358,향후 AI 사용 예정자,향후 AI 사용 예정자,True
8769,1,1,0.8852277649244409,향후 AI 사용 예정자,향후 AI 사용 예정자,True
8269,1,1,0.8169465400385164,향후 AI 사용 예정자,향후 AI 사용 예정자,True
11322,0,0,0.45926769528886263,현재 AI 사용자,현재 AI 사용자,True
29473,1,1,0.9114325286016995,향후 AI 사용 예정자,향후 AI 사용 예정자,True
56775,1,1,0.8319968944134595,향후 AI 사용 예정자,향후 AI 사용 예정자,True
24,0,0,0.15679681720433986,현재 AI 사용자,현재 AI 사용자,True
36907,1,1,0.9238419597163003,향후 AI 사용 예정자,향후 AI 사용 예정자,True
21175,1,1,0.9688542736511868,향후 AI 사용 예정자,향후 AI 사용 예정자,True
62023,0,1,0.8455870171399623,현재 AI 사용자,향후 AI 사용 예정자,False
40345,1,1,0.8739465624585212,향후 AI 사용 예정자,향후 AI 사용 예정자,True
4258,1,1,0.7690176817854258,향후 AI 사용 예정자,향후 AI 사용 예정자,True
36833,1,1,0.5257657131216428,향후 AI 사용 예정자,향후 AI 사용 예정자,True
21054,1,0,0.24904653087733764,향후 AI 사용 예정자,현재 AI 사용자,False
64944,1,1,0.9623811969469395,향후 AI 사용 예정자,향후 AI 사용 예정자,True
58357,1,1,0.9885328739215389,향후 AI 사용 예정자,향후 AI 사용 예정자,True
2374,0,1,0.5116334350494431,현재 AI 사용자,향후 AI 사용 예정자,False
58830,1,1,0.6691162642419434,향후 AI 사용 예정자,향후 AI 사용 예정자,True
38639,1,1,0.9167118517395597,향후 AI 사용 예정자,향후 AI 사용 예정자,True
11116,1,0,0.44004128047372654,향후 AI 사용 예정자,현재 AI 사용자,False
39076,1,1,0.6655652795924748,향후 AI 사용 예정자,향후 AI 사용 예정자,True
5241,0,0,0.12139484076704608,현재 AI 사용자,현재 AI 사용자,True
29427,1,1,0.9102999755772017,향후 AI 사용 예정자,향후 AI 사용 예정자,True
13146,1,1,0.6357150210478718,향후 AI 사용 예정자,향후 AI 사용 예정자,True
33664,0,0,0.3376961877611225,현재 AI 사용자,현재 AI 사용자,True
29459,1,1,0.9876850211908548,향후 AI 사용 예정자,향후 AI 사용 예정자,True
3532,1,1,0.9178590090731673,향후 AI 사용 예정자,향후 AI 사용 예정자,True
3342,1,1,0.8066616581238444,향후 AI 사용 예정자,향후 AI 사용 예정자,True
6656,0,1,0.8296246288849525,현재 AI 사용자,향후 AI 사용 예정자,False
16394,1,1,0.8628897987249841,향후 AI 사용 예정자,향후 AI 사용 예정자,True
11245,1,1,0.7666826370878269,향후 AI 사용 예정자,향후 AI 사용 예정자,True
59364,0,0,0.36712095228603336,현재 AI 사용자,현재 AI 사용자,True
7803,1,1,0.6051814472209947,향후 AI 사용 예정자,향후 AI 사용 예정자,True
49327,1,1,0.9064525570910896,향후 AI 사용 예정자,향후 AI 사용 예정자,True
27919,1,1,0.7122533161275723,향후 AI 사용 예정자,향후 AI 사용 예정자,True
5733,1,1,0.8713215350361453,향후 AI 사용 예정자,향후 AI 사용 예정자,True
45839,1,1,0.7943041882006274,향후 AI 사용 예정자,향후 AI 사용 예정자,True
65162,1,1,0.887350977279022,향후 AI 사용 예정자,향후 AI 사용 예정자,True
10919,1,1,0.9544498763128924,향후 AI 사용 예정자,향후 AI 사용 예정자,True
9086,1,1,0.7535984741464503,향후 AI 사용 예정자,향후 AI 사용 예정자,True
33302,1,1,0.9631632520351765,향후 AI 사용 예정자,향후 AI 사용 예정자,True
16158,1,1,0.8168117366179904,향후 AI 사용 예정자,향후 AI 사용 예정자,True
45831,1,0,0.2973411851182397,향후 AI 사용 예정자,현재 AI 사용자,False
16433,1,0,0.410659328104245,향후 AI 사용 예정자,현재 AI 사용자,False
46526,1,1,0.9376333200994592,향후 AI 사용 예정자,향후 AI 사용 예정자,True
9038,1,0,0.41829422501443675,향후 AI 사용 예정자,현재 AI 사용자,False
53640,1,0,0.36986261785903773,향후 AI 사용 예정자,현재 AI 사용자,False
46363,1,1,0.9921930148757669,향후 AI 사용 예정자,향후 AI 사용 예정자,True
23343,1,1,0.9585913603250981,향후 AI 사용 예정자,향후 AI 사용 예정자,True
1929,1,1,0.9535881164388801,향후 AI 사용 예정자,향후 AI 사용 예정자,True
34968,0,0,0.3296928159453205,현재 AI 사용자,현재 AI 사용자,True
55794,0,1,0.896486541573274,현재 AI 사용자,향후 AI 사용 예정자,False
57967,0,1,0.9037744947679103,현재 AI 사용자,향후 AI 사용 예정자,False
9238,1,0,0.49908353184518267,향후 AI 사용 예정자,현재 AI 사용자,False
57456,1,1,0.9813575525142595,향후 AI 사용 예정자,향후 AI 사용 예정자,True
12069,0,0,0.1986980897515394,현재 AI 사용자,현재 AI 사용자,True
15670,1,1,0.9022012820479028,향후 AI 사용 예정자,향후 AI 사용 예정자,True
42805,1,0,0.3450521684173574,향후 AI 사용 예정자,현재 AI 사용자,False
54930,1,1,0.8789249653672444,향후 AI 사용 예정자,향후 AI 사용 예정자,True
24273,1,0,0.38146512406131683,향후 AI 사용 예정자,현재 AI 사용자,False
38207,0,0,0.08299751087660011,현재 AI 사용자,현재 AI 사용자,True
34413,1,0,0.41782503755363254,향후 AI 사용 예정자,현재 AI 사용자,False
55228,0,0,0.2251163488958288,현재 AI 사용자,현재 AI 사용자,True
15607,1,1,0.9425319595345966,향후 AI 사용 예정자,향후 AI 사용 예정자,True
31451,1,0,0.1772458440428416,향후 AI 사용 예정자,현재 AI 사용자,False
22229,0,0,0.31624509019766633,현재 AI 사용자,현재 AI 사용자,True
45519,1,1,0.988825559002698,향후 AI 사용 예정자,향후 AI 사용 예정자,True
38900,1,1,0.9462396330559927,향후 AI 사용 예정자,향후 AI 사용 예정자,True
4144,0,0,0.3898926005036283,현재 AI 사용자,현재 AI 사용자,True
25534,1,1,0.8987657991042215,향후 AI 사용 예정자,향후 AI 사용 예정자,True
52763,0,0,0.11193502860419424,현재 AI 사용자,현재 AI 사용자,True
57209,1,0,0.2753696220407512,향후 AI 사용 예정자,현재 AI 사용자,False
37162,1,1,0.8360902875061617,향후 AI 사용 예정자,향후 AI 사용 예정자,True
55094,1,1,0.8608565485199726,향후 AI 사용 예정자,향후 AI 사용 예정자,True
20942,1,1,0.9959700616795659,향후 AI 사용 예정자,향후 AI 사용 예정자,True
332,1,1,0.9042039220169559,향후 AI 사용 예정자,향후 AI 사용 예정자,True
25681,1,1,0.5637438166784835,향후 AI 사용 예정자,향후 AI 사용 예정자,True
20805,1,1,0.9169764198945186,향후 AI 사용 예정자,향후 AI 사용 예정자,True
61796,1,1,0.9004003802542857,향후 AI 사용 예정자,향후 AI 사용 예정자,True
16860,0,0,0.3445203951314576,현재 AI 사용자,현재 AI 사용자,True
4327,1,1,0.6448214817937804,향후 AI 사용 예정자,향후 AI 사용 예정자,True
5147,0,0,0.3770924449549021,현재 AI 사용자,현재 AI 사용자,True
55732,1,1,0.964180712344739,향후 AI 사용 예정자,향후 AI 사용 예정자,True
15314,1,1,0.9486490935075571,향후 AI 사용 예정자,향후 AI 사용 예정자,True
16992,0,1,0.5601763497641539,현재 AI 사용자,향후 AI 사용 예정자,False
16074,0,0,0.24246794482027634,현재 AI 사용자,현재 AI 사용자,True
40946,0,0,0.08300353731353609,현재 AI 사용자,현재 AI 사용자,True
6457,1,1,0.9513585400904813,향후 AI 사용 예정자,향후 AI 사용 예정자,True
13783,1,1,0.8988502840984484,향후 AI 사용 예정자,향후 AI 사용 예정자,True
23472,1,1,0.6159467548613894,향후 AI 사용 예정자,향후 AI 사용 예정자,True
10542,1,1,0.5095254461031169,향후 AI 사용 예정자,향후 AI 사용 예정자,True
38815,1,1,0.8955464210904969,향후 AI 사용 예정자,향후 AI 사용 예정자,True
42224,1,1,0.7989876900102985,향후 AI 사용 예정자,향후 AI 사용 예정자,True
43295,1,1,0.8429886137910836,향후 AI 사용 예정자,향후 AI 사용 예정자,True
23909,0,0,0.27492254297879837,현재 AI 사용자,현재 AI 사용자,True
47884,1,1,0.8218519007984376,향후 AI 사용 예정자,향후 AI 사용 예정자,True
20615,0,0,0.2709652356130903,현재 AI 사용자,현재 AI 사용자,True
34321,0,1,0.8729997178321695,현재 AI 사용자,향후 AI 사용 예정자,False
28069,1,1,0.9370300158616367,향후 AI 사용 예정자,향후 AI 사용 예정자,True
39309,0,0,0.2015213670638136,현재 AI 사용자,현재 AI 사용자,True
25893,1,0,0.28833961268245695,향후 AI 사용 예정자,현재 AI 사용자,False
33321,1,1,0.909345785477275,향후 AI 사용 예정자,향후 AI 사용 예정자,True
13516,1,1,0.9931946550813329,향후 AI 사용 예정자,향후 AI 사용 예정자,True
63810,1,1,0.6040025436902391,향후 AI 사용 예정자,향후 AI 사용 예정자,True
18365,0,0,0.2977724334780793,현재 AI 사용자,현재 AI 사용자,True
27770,0,0,0.2405003470592567,현재 AI 사용자,현재 AI 사용자,True
34728,1,1,0.9614286905114541,향후 AI 사용 예정자,향후 AI 사용 예정자,True
8614,1,1,0.8615903856170153,향후 AI 사용 예정자,향후 AI 사용 예정자,True
55753,1,1,0.9637227002451657,향후 AI 사용 예정자,향후 AI 사용 예정자,True
44933,0,0,0.1986899846673692,현재 AI 사용자,현재 AI 사용자,True
12351,1,1,0.8506626487889309,향후 AI 사용 예정자,향후 AI 사용 예정자,True
12567,0,1,0.7548182019738753,현재 AI 사용자,향후 AI 사용 예정자,False
23759,1,0,0.49098363038253295,향후 AI 사용 예정자,현재 AI 사용자,False
4153,1,1,0.8560884218250279,향후 AI 사용 예정자,향후 AI 사용 예정자,True
52326,0,0,0.27205914389626207,현재 AI 사용자,현재 AI 사용자,True
49420,1,1,0.8840142392295385,향후 AI 사용 예정자,향후 AI 사용 예정자,True
11498,1,1,0.8974049752839774,향후 AI 사용 예정자,향후 AI 사용 예정자,True
58776,1,0,0.3232125647890572,향후 AI 사용 예정자,현재 AI 사용자,False
13903,0,0,0.23959225853386598,현재 AI 사용자,현재 AI 사용자,True
8583,0,1,0.511645558014471,현재 AI 사용자,향후 AI 사용 예정자,False
56627,1,1,0.9539963115031274,향후 AI 사용 예정자,향후 AI 사용 예정자,True
635,1,1,0.9358281451892878,향후 AI 사용 예정자,향후 AI 사용 예정자,True
21309,1,1,0.9716520906102267,향후 AI 사용 예정자,향후 AI 사용 예정자,True
51598,0,1,0.6050748979165895,현재 AI 사용자,향후 AI 사용 예정자,False
50679,1,0,0.41480837606966836,향후 AI 사용 예정자,현재 AI 사용자,False
15722,1,1,0.9263169428673006,향후 AI 사용 예정자,향후 AI 사용 예정자,True
23639,1,1,0.9129260623588992,향후 AI 사용 예정자,향후 AI 사용 예정자,True
28528,1,1,0.9901890268027408,향후 AI 사용 예정자,향후 AI 사용 예정자,True
52402,0,0,0.3012981591784822,현재 AI 사용자,현재 AI 사용자,True
59344,1,1,0.7711669434754396,향후 AI 사용 예정자,향후 AI 사용 예정자,True
10995,1,1,0.5034012151608954,향후 AI 사용 예정자,향후 AI 사용 예정자,True
4005,1,0,0.3715201314509924,향후 AI 사용 예정자,현재 AI 사용자,False
29274,1,1,0.8313040365028377,향후 AI 사용 예정자,향후 AI 사용 예정자,True
2378,0,0,0.35029244953086863,현재 AI 사용자,현재 AI 사용자,True
32204,1,1,0.5819571896885393,향후 AI 사용 예정자,향후 AI 사용 예정자,True
32587,1,1,0.9830033232328387,향후 AI 사용 예정자,향후 AI 사용 예정자,True
58546,0,0,0.2120071334256255,현재 AI 사용자,현재 AI 사용자,True
20421,1,1,0.905969973147714,향후 AI 사용 예정자,향후 AI 사용 예정자,True
19890,0,0,0.4230462720975517,현재 AI 사용자,현재 AI 사용자,True
45339,0,1,0.6392748768946546,현재 AI 사용자,향후 AI 사용 예정자,False
18017,1,1,0.9847451854318687,향후 AI 사용 예정자,향후 AI 사용 예정자,True
58649,1,0,0.44076056057784485,향후 AI 사용 예정자,현재 AI 사용자,False
16559,1,1,0.523097709438541,향후 AI 사용 예정자,향후 AI 사용 예정자,True
39314,1,0,0.4533942375673433,향후 AI 사용 예정자,현재 AI 사용자,False
64307,1,1,0.6111627736937114,향후 AI 사용 예정자,향후 AI 사용 예정자,True
51665,1,1,0.9170755376967783,향후 AI 사용 예정자,향후 AI 사용 예정자,True
43755,1,1,0.5521847717794459,향후 AI 사용 예정자,향후 AI 사용 예정자,True
14627,1,1,0.6509865863875293,향후 AI 사용 예정자,향후 AI 사용 예정자,True
59417,1,1,0.8110224189711777,향후 AI 사용 예정자,향후 AI 사용 예정자,True
35513,1,1,0.8126319773607122,향후 AI 사용 예정자,향후 AI 사용 예정자,True
19674,0,0,0.3038680176262325,현재 AI 사용자,현재 AI 사용자,True
10285,1,0,0.45488388814965824,향후 AI 사용 예정자,현재 AI 사용자,False
21685,1,1,0.6914748869357709,향후 AI 사용 예정자,향후 AI 사용 예정자,True
35166,0,1,0.5233030531696348,현재 AI 사용자,향후 AI 사용 예정자,False
34540,1,0,0.21791679914366052,향후 AI 사용 예정자,현재 AI 사용자,False
41640,1,1,0.9378874135912499,향후 AI 사용 예정자,향후 AI 사용 예정자,True
42510,0,0,0.3279551650157278,현재 AI 사용자,현재 AI 사용자,True
8917,0,0,0.38654124546537105,현재 AI 사용자,현재 AI 사용자,True
24495,1,1,0.9650810232695995,향후 AI 사용 예정자,향후 AI 사용 예정자,True
37949,0,0,0.4045764651233472,현재 AI 사용자,현재 AI 사용자,True
33325,0,0,0.39332787167469907,현재 AI 사용자,현재 AI 사용자,True
18359,1,1,0.7201627910671226,향후 AI 사용 예정자,향후 AI 사용 예정자,True
26810,0,0,0.20980264631346685,현재 AI 사용자,현재 AI 사용자,True
33686,0,0,0.22418625706244427,현재 AI 사용자,현재 AI 사용자,True
55888,0,0,0.05836770278904897,현재 AI 사용자,현재 AI 사용자,True
22500,1,1,0.6472630708595897,향후 AI 사용 예정자,향후 AI 사용 예정자,True
11702,1,0,0.42434975296195127,향후 AI 사용 예정자,현재 AI 사용자,False
33921,0,0,0.35589051885594486,현재 AI 사용자,현재 AI 사용자,True
1777,1,1,0.7215937805606082,향후 AI 사용 예정자,향후 AI 사용 예정자,True
26588,1,0,0.28202294511747655,향후 AI 사용 예정자,현재 AI 사용자,False
53795,0,0,0.11941734032385264,현재 AI 사용자,현재 AI 사용자,True
4609,0,0,0.30461169227837864,현재 AI 사용자,현재 AI 사용자,True
60888,0,0,0.11385203012149757,현재 AI 사용자,현재 AI 사용자,True
38946,0,0,0.2218451214977944,현재 AI 사용자,현재 AI 사용자,True
11383,1,1,0.8146879174417982,향후 AI 사용 예정자,향후 AI 사용 예정자,True
20371,1,1,0.8324545989635994,향후 AI 사용 예정자,향후 AI 사용 예정자,True
27044,1,1,0.9487705476675207,향후 AI 사용 예정자,향후 AI 사용 예정자,True
35183,0,0,0.3404010306149699,현재 AI 사용자,현재 AI 사용자,True
44412,1,0,0.39395540232499776,향후 AI 사용 예정자,현재 AI 사용자,False
29997,1,1,0.8825175168858933,향후 AI 사용 예정자,향후 AI 사용 예정자,True
11233,0,1,0.665496722714327,현재 AI 사용자,향후 AI 사용 예정자,False
58676,0,1,0.6026271469101631,현재 AI 사용자,향후 AI 사용 예정자,False
39624,1,0,0.28859443711724636,향후 AI 사용 예정자,현재 AI 사용자,False
50795,1,1,0.8087304738455866,향후 AI 사용 예정자,향후 AI 사용 예정자,True
41276,0,0,0.4400991744069039,현재 AI 사용자,현재 AI 사용자,True
43282,0,0,0.46996992422905537,현재 AI 사용자,현재 AI 사용자,True
19008,0,1,0.7043215811533917,현재 AI 사용자,향후 AI 사용 예정자,False
14023,0,0,0.3386213907527723,현재 AI 사용자,현재 AI 사용자,True
4404,1,1,0.9425505592329291,향후 AI 사용 예정자,향후 AI 사용 예정자,True
13235,0,0,0.3105921374397182,현재 AI 사용자,현재 AI 사용자,True
60069,0,0,0.16332948186492924,현재 AI 사용자,현재 AI 사용자,True
44842,0,0,0.08020164824772591,현재 AI 사용자,현재 AI 사용자,True
24771,1,1,0.7137547726279704,향후 AI 사용 예정자,향후 AI 사용 예정자,True
61521,0,1,0.5861275930171124,현재 AI 사용자,향후 AI 사용 예정자,False
20166,1,1,0.7580738297664458,향후 AI 사용 예정자,향후 AI 사용 예정자,True
29177,1,1,0.5399400691160765,향후 AI 사용 예정자,향후 AI 사용 예정자,True
28176,0,0,0.40417049677269395,현재 AI 사용자,현재 AI 사용자,True
17182,1,1,0.7400632270879265,향후 AI 사용 예정자,향후 AI 사용 예정자,True
48330,0,1,0.767691092320148,현재 AI 사용자,향후 AI 사용 예정자,False
22757,0,1,0.7660770173331383,현재 AI 사용자,향후 AI 사용 예정자,False
3309,1,1,0.7367947708029524,향후 AI 사용 예정자,향후 AI 사용 예정자,True
21912,0,0,0.1928614246098235,현재 AI 사용자,현재 AI 사용자,True
45893,1,1,0.5369394548197026,향후 AI 사용 예정자,향후 AI 사용 예정자,True
39927,0,1,0.5433414605904603,현재 AI 사용자,향후 AI 사용 예정자,False
13085,0,0,0.33078532996184595,현재 AI 사용자,현재 AI 사용자,True
35693,0,1,0.8069806123595936,현재 AI 사용자,향후 AI 사용 예정자,False
17746,1,1,0.82251506253121,향후 AI 사용 예정자,향후 AI 사용 예정자,True
13052,0,1,0.5504081763767243,현재 AI 사용자,향후 AI 사용 예정자,False
44956,1,1,0.8024244655886702,향후 AI 사용 예정자,향후 AI 사용 예정자,True
29562,1,1,0.8522982088647598,향후 AI 사용 예정자,향후 AI 사용 예정자,True
14821,0,0,0.2910561821922521,현재 AI 사용자,현재 AI 사용자,True
17323,0,0,0.21029498770891666,현재 AI 사용자,현재 AI 사용자,True
24884,1,0,0.2725239159360367,향후 AI 사용 예정자,현재 AI 사용자,False
13548,1,0,0.4641186824501732,향후 AI 사용 예정자,현재 AI 사용자,False
2753,1,1,0.934127774095946,향후 AI 사용 예정자,향후 AI 사용 예정자,True
56115,0,0,0.44946964960148106,현재 AI 사용자,현재 AI 사용자,True
11807,1,1,0.5706311467962555,향후 AI 사용 예정자,향후 AI 사용 예정자,True
23379,1,1,0.9620020470293161,향후 AI 사용 예정자,향후 AI 사용 예정자,True
35723,0,0,0.18604290867452514,현재 AI 사용자,현재 AI 사용자,True
61137,1,1,0.8708269368627027,향후 AI 사용 예정자,향후 AI 사용 예정자,True
50992,0,0,0.1414173982739846,현재 AI 사용자,현재 AI 사용자,True
7187,1,1,0.8662810119634643,향후 AI 사용 예정자,향후 AI 사용 예정자,True
43922,1,1,0.7578819983126213,향후 AI 사용 예정자,향후 AI 사용 예정자,True
43827,0,0,0.22877438262416788,현재 AI 사용자,현재 AI 사용자,True
35564,1,1,0.7928931982998094,향후 AI 사용 예정자,향후 AI 사용 예정자,True
19086,1,1,0.95474431346032,향후 AI 사용 예정자,향후 AI 사용 예정자,True
13215,1,0,0.3808011145650142,향후 AI 사용 예정자,현재 AI 사용자,False
49755,1,1,0.9435948283603932,향후 AI 사용 예정자,향후 AI 사용 예정자,True
32424,1,1,0.8909121482404746,향후 AI 사용 예정자,향후 AI 사용 예정자,True
30556,0,0,0.3127337915632919,현재 AI 사용자,현재 AI 사용자,True
57036,0,1,0.7632453804891571,현재 AI 사용자,향후 AI 사용 예정자,False
19391,1,1,0.9377526709960963,향후 AI 사용 예정자,향후 AI 사용 예정자,True
51226,0,0,0.3006007267385192,현재 AI 사용자,현재 AI 사용자,True
38528,0,0,0.23646217168117237,현재 AI 사용자,현재 AI 사용자,True
6762,1,1,0.9800267743330995,향후 AI 사용 예정자,향후 AI 사용 예정자,True
25555,0,0,0.20366112529307479,현재 AI 사용자,현재 AI 사용자,True
55349,1,1,0.8538520524043698,향후 AI 사용 예정자,향후 AI 사용 예정자,True
52451,1,1,0.8728134258000949,향후 AI 사용 예정자,향후 AI 사용 예정자,True
33087,1,1,0.9715217909412406,향후 AI 사용 예정자,향후 AI 사용 예정자,True
50035,0,1,0.6411557096910209,현재 AI 사용자,향후 AI 사용 예정자,False
60822,1,1,0.7208810714296503,향후 AI 사용 예정자,향후 AI 사용 예정자,True
30904,1,0,0.464942574068884,향후 AI 사용 예정자,현재 AI 사용자,False
29733,1,1,0.6410759363405617,향후 AI 사용 예정자,향후 AI 사용 예정자,True
16753,1,1,0.9721949531781819,향후 AI 사용 예정자,향후 AI 사용 예정자,True
15031,0,1,0.7681998809724973,현재 AI 사용자,향후 AI 사용 예정자,False
45627,0,1,0.5787719931235974,현재 AI 사용자,향후 AI 사용 예정자,False
61807,0,0,0.2926721012617398,현재 AI 사용자,현재 AI 사용자,True
54820,1,1,0.8578288941775949,향후 AI 사용 예정자,향후 AI 사용 예정자,True
25084,1,1,0.8881863980770345,향후 AI 사용 예정자,향후 AI 사용 예정자,True
58981,1,1,0.9142615177566895,향후 AI 사용 예정자,향후 AI 사용 예정자,True
1325,0,0,0.20815090098207203,현재 AI 사용자,현재 AI 사용자,True
34777,1,1,0.7631097013024791,향후 AI 사용 예정자,향후 AI 사용 예정자,True
59501,1,1,0.7820757307139437,향후 AI 사용 예정자,향후 AI 사용 예정자,True
36716,0,0,0.2263642860346521,현재 AI 사용자,현재 AI 사용자,True
46616,0,0,0.2302047494147351,현재 AI 사용자,현재 AI 사용자,True
31509,1,1,0.8607788087358279,향후 AI 사용 예정자,향후 AI 사용 예정자,True
31861,1,1,0.7713153097014667,향후 AI 사용 예정자,향후 AI 사용 예정자,True
45638,1,1,0.9913896610690663,향후 AI 사용 예정자,향후 AI 사용 예정자,True
34135,0,0,0.13557555247181124,현재 AI 사용자,현재 AI 사용자,True
13095,1,1,0.9935298768023292,향후 AI 사용 예정자,향후 AI 사용 예정자,True
42464,1,1,0.9821067770432511,향후 AI 사용 예정자,향후 AI 사용 예정자,True
55712,0,0,0.4204366705485533,현재 AI 사용자,현재 AI 사용자,True
20549,0,0,0.27358949594393817,현재 AI 사용자,현재 AI 사용자,True
9074,0,0,0.44253632174298163,현재 AI 사용자,현재 AI 사용자,True
11088,1,1,0.8324387050236446,향후 AI 사용 예정자,향후 AI 사용 예정자,True
11706,1,1,0.8969334776132444,향후 AI 사용 예정자,향후 AI 사용 예정자,True
15391,1,1,0.8666825426742264,향후 AI 사용 예정자,향후 AI 사용 예정자,True
61636,1,1,0.690565379438347,향후 AI 사용 예정자,향후 AI 사용 예정자,True
6446,0,0,0.3965663691005007,현재 AI 사용자,현재 AI 사용자,True
54589,1,1,0.8973518183677663,향후 AI 사용 예정자,향후 AI 사용 예정자,True
44995,1,1,0.524529797197818,향후 AI 사용 예정자,향후 AI 사용 예정자,True
62465,0,1,0.850335487671721,현재 AI 사용자,향후 AI 사용 예정자,False
23848,1,1,0.5658139430633561,향후 AI 사용 예정자,향후 AI 사용 예정자,True
50254,1,1,0.6188749506536737,향후 AI 사용 예정자,향후 AI 사용 예정자,True
10480,0,0,0.4650327253229177,현재 AI 사용자,현재 AI 사용자,True
48870,1,1,0.9618536376397224,향후 AI 사용 예정자,향후 AI 사용 예정자,True
37205,1,1,0.9028765604640749,향후 AI 사용 예정자,향후 AI 사용 예정자,True
15656,0,0,0.19330487504503202,현재 AI 사용자,현재 AI 사용자,True
9096,1,1,0.9464777529608673,향후 AI 사용 예정자,향후 AI 사용 예정자,True
3113,1,1,0.8344867970606511,향후 AI 사용 예정자,향후 AI 사용 예정자,True
46569,1,0,0.33045491289992335,향후 AI 사용 예정자,현재 AI 사용자,False
5482,0,1,0.678170784502433,현재 AI 사용자,향후 AI 사용 예정자,False
30560,1,1,0.8893700701223309,향후 AI 사용 예정자,향후 AI 사용 예정자,True
19120,0,0,0.22308885026632605,현재 AI 사용자,현재 AI 사용자,True
10944,0,0,0.3311168663060961,현재 AI 사용자,현재 AI 사용자,True
52285,0,0,0.15807875900840382,현재 AI 사용자,현재 AI 사용자,True
56701,1,1,0.8629762120784517,향후 AI 사용 예정자,향후 AI 사용 예정자,True
9129,1,1,0.8158032028679135,향후 AI 사용 예정자,향후 AI 사용 예정자,True
42030,0,0,0.4041433971215736,현재 AI 사용자,현재 AI 사용자,True
15699,1,1,0.6583559191391889,향후 AI 사용 예정자,향후 AI 사용 예정자,True
7339,1,0,0.49380900462970595,향후 AI 사용 예정자,현재 AI 사용자,False
15013,1,1,0.7747382936440106,향후 AI 사용 예정자,향후 AI 사용 예정자,True
14673,1,1,0.9207074404627715,향후 AI 사용 예정자,향후 AI 사용 예정자,True
17911,1,1,0.5598982745925639,향후 AI 사용 예정자,향후 AI 사용 예정자,True
39851,1,1,0.963770924311231,향후 AI 사용 예정자,향후 AI 사용 예정자,True
5820,0,0,0.09909311468092952,현재 AI 사용자,현재 AI 사용자,True
14724,0,1,0.5587615385965812,현재 AI 사용자,향후 AI 사용 예정자,False
8986,1,1,0.8760638136957102,향후 AI 사용 예정자,향후 AI 사용 예정자,True
13772,1,1,0.5800808050139044,향후 AI 사용 예정자,향후 AI 사용 예정자,True
22538,1,0,0.35671769348324345,향후 AI 사용 예정자,현재 AI 사용자,False
26607,1,1,0.7503587090791338,향후 AI 사용 예정자,향후 AI 사용 예정자,True
55357,1,1,0.877518927322837,향후 AI 사용 예정자,향후 AI 사용 예정자,True
36719,0,0,0.37253298534208934,현재 AI 사용자,현재 AI 사용자,True
3762,1,1,0.9231011865165802,향후 AI 사용 예정자,향후 AI 사용 예정자,True
7451,1,1,0.7585519311868681,향후 AI 사용 예정자,향후 AI 사용 예정자,True
26064,1,1,0.9004391555140983,향후 AI 사용 예정자,향후 AI 사용 예정자,True
57990,1,1,0.9874571493993696,향후 AI 사용 예정자,향후 AI 사용 예정자,True
34438,1,0,0.4984196519822673,향후 AI 사용 예정자,현재 AI 사용자,False
56170,1,1,0.977607830101438,향후 AI 사용 예정자,향후 AI 사용 예정자,True
29777,1,1,0.9171526423927278,향후 AI 사용 예정자,향후 AI 사용 예정자,True
46159,0,0,0.10197788721927699,현재 AI 사용자,현재 AI 사용자,True
34668,1,1,0.9838250686551672,향후 AI 사용 예정자,향후 AI 사용 예정자,True
43841,0,0,0.4448413446915291,현재 AI 사용자,현재 AI 사용자,True
2078,1,1,0.875671025197126,향후 AI 사용 예정자,향후 AI 사용 예정자,True
58119,1,0,0.37594172816523336,향후 AI 사용 예정자,현재 AI 사용자,False
36787,1,1,0.8078555161953702,향후 AI 사용 예정자,향후 AI 사용 예정자,True
9262,1,1,0.9487234540795219,향후 AI 사용 예정자,향후 AI 사용 예정자,True
11742,1,0,0.31638398642312626,향후 AI 사용 예정자,현재 AI 사용자,False
5104,1,0,0.3266467528642103,향후 AI 사용 예정자,현재 AI 사용자,False
32103,1,0,0.49319506947805153,향후 AI 사용 예정자,현재 AI 사용자,False
52989,1,1,0.847909061070765,향후 AI 사용 예정자,향후 AI 사용 예정자,True
37421,0,0,0.3553017433822557,현재 AI 사용자,현재 AI 사용자,True
43835,1,1,0.8860240889605273,향후 AI 사용 예정자,향후 AI 사용 예정자,True
33679,0,0,0.10582086041421451,현재 AI 사용자,현재 AI 사용자,True
35850,1,1,0.8981530085140882,향후 AI 사용 예정자,향후 AI 사용 예정자,True
21851,1,1,0.9722049079984245,향후 AI 사용 예정자,향후 AI 사용 예정자,True
57582,1,1,0.7479799927448663,향후 AI 사용 예정자,향후 AI 사용 예정자,True
21198,0,0,0.3781015111740519,현재 AI 사용자,현재 AI 사용자,True
12183,1,0,0.48379274731149685,향후 AI 사용 예정자,현재 AI 사용자,False
6891,1,1,0.9752474517956168,향후 AI 사용 예정자,향후 AI 사용 예정자,True
38658,1,1,0.5939682715222726,향후 AI 사용 예정자,향후 AI 사용 예정자,True
40321,1,1,0.7134911716417943,향후 AI 사용 예정자,향후 AI 사용 예정자,True
49947,1,1,0.9726930921491852,향후 AI 사용 예정자,향후 AI 사용 예정자,True
42290,0,0,0.18100183555115523,현재 AI 사용자,현재 AI 사용자,True
47282,0,0,0.3857480711744801,현재 AI 사용자,현재 AI 사용자,True
13037,1,1,0.8032504457768606,향후 AI 사용 예정자,향후 AI 사용 예정자,True
6230,1,0,0.4031695982453166,향후 AI 사용 예정자,현재 AI 사용자,False
5253,1,0,0.4158095746812744,향후 AI 사용 예정자,현재 AI 사용자,False
1477,1,1,0.9513085132534463,향후 AI 사용 예정자,향후 AI 사용 예정자,True
11908,1,1,0.5873252189309475,향후 AI 사용 예정자,향후 AI 사용 예정자,True
9576,0,1,0.5479411120730289,현재 AI 사용자,향후 AI 사용 예정자,False
12734,0,1,0.6181400981064921,현재 AI 사용자,향후 AI 사용 예정자,False
16106,1,1,0.6447483589772693,향후 AI 사용 예정자,향후 AI 사용 예정자,True
36241,0,1,0.5402128494659055,현재 AI 사용자,향후 AI 사용 예정자,False
59128,1,1,0.8791550406437864,향후 AI 사용 예정자,향후 AI 사용 예정자,True
25026,1,1,0.7542471314237504,향후 AI 사용 예정자,향후 AI 사용 예정자,True
37591,1,0,0.26922959426779547,향후 AI 사용 예정자,현재 AI 사용자,False
10276,0,0,0.1908759443621374,현재 AI 사용자,현재 AI 사용자,True
13195,1,1,0.7337328395193742,향후 AI 사용 예정자,향후 AI 사용 예정자,True
3440,0,0,0.47191109816246324,현재 AI 사용자,현재 AI 사용자,True
24939,1,0,0.24476479712668958,향후 AI 사용 예정자,현재 AI 사용자,False
4090,0,0,0.28727050829143896,현재 AI 사용자,현재 AI 사용자,True
25962,1,1,0.5949421813580663,향후 AI 사용 예정자,향후 AI 사용 예정자,True
28644,0,1,0.5766398158067779,현재 AI 사용자,향후 AI 사용 예정자,False
53641,0,1,0.8647782905485707,현재 AI 사용자,향후 AI 사용 예정자,False
53603,1,1,0.9363767971674022,향후 AI 사용 예정자,향후 AI 사용 예정자,True
42437,0,1,0.8782355341599676,현재 AI 사용자,향후 AI 사용 예정자,False
36464,1,1,0.5451658074993135,향후 AI 사용 예정자,향후 AI 사용 예정자,True
54437,1,1,0.8798485473066513,향후 AI 사용 예정자,향후 AI 사용 예정자,True
17266,1,0,0.32423961612469837,향후 AI 사용 예정자,현재 AI 사용자,False
13914,1,1,0.6585936849142559,향후 AI 사용 예정자,향후 AI 사용 예정자,True
333,0,0,0.10351621408389354,현재 AI 사용자,현재 AI 사용자,True
27885,0,0,0.35565120129413624,현재 AI 사용자,현재 AI 사용자,True
54050,1,1,0.9522695486528886,향후 AI 사용 예정자,향후 AI 사용 예정자,True
17839,1,1,0.6355003277563535,향후 AI 사용 예정자,향후 AI 사용 예정자,True
38147,1,1,0.8039805560702797,향후 AI 사용 예정자,향후 AI 사용 예정자,True
55019,0,0,0.21096719987293916,현재 AI 사용자,현재 AI 사용자,True
2434,1,1,0.8839821753039437,향후 AI 사용 예정자,향후 AI 사용 예정자,True
52141,0,0,0.23658197245291168,현재 AI 사용자,현재 AI 사용자,True
10326,0,1,0.7426231731591633,현재 AI 사용자,향후 AI 사용 예정자,False
65154,1,1,0.7219686041053197,향후 AI 사용 예정자,향후 AI 사용 예정자,True
29136,1,1,0.9362638659274214,향후 AI 사용 예정자,향후 AI 사용 예정자,True
48989,0,0,0.3872318138804934,현재 AI 사용자,현재 AI 사용자,True
14105,1,1,0.6505058517325398,향후 AI 사용 예정자,향후 AI 사용 예정자,True
61777,0,1,0.9491018903377979,현재 AI 사용자,향후 AI 사용 예정자,False
46329,0,0,0.2786437205257202,현재 AI 사용자,현재 AI 사용자,True
22549,0,1,0.60282432480167,현재 AI 사용자,향후 AI 사용 예정자,False
892,1,1,0.571721634835328,향후 AI 사용 예정자,향후 AI 사용 예정자,True
7626,0,0,0.34603707098854036,현재 AI 사용자,현재 AI 사용자,True
25423,0,1,0.8239737521416853,현재 AI 사용자,향후 AI 사용 예정자,False
4055,0,0,0.2689664652130173,현재 AI 사용자,현재 AI 사용자,True
22223,1,1,0.5762585282376185,향후 AI 사용 예정자,향후 AI 사용 예정자,True
33480,0,0,0.29761343591618156,현재 AI 사용자,현재 AI 사용자,True
63568,1,1,0.6049432883986835,향후 AI 사용 예정자,향후 AI 사용 예정자,True
19925,1,1,0.7632335128635622,향후 AI 사용 예정자,향후 AI 사용 예정자,True
46937,1,1,0.9581741317436778,향후 AI 사용 예정자,향후 AI 사용 예정자,True
17563,1,0,0.45457510724891886,향후 AI 사용 예정자,현재 AI 사용자,False
16281,1,1,0.8557656214289235,향후 AI 사용 예정자,향후 AI 사용 예정자,True
51929,1,0,0.3032410100406737,향후 AI 사용 예정자,현재 AI 사용자,False
40518,0,0,0.4290494452490367,현재 AI 사용자,현재 AI 사용자,True
47996,1,1,0.5313648112491592,향후 AI 사용 예정자,향후 AI 사용 예정자,True
14700,1,1,0.6858368802426662,향후 AI 사용 예정자,향후 AI 사용 예정자,True
7630,1,1,0.8601896644230452,향후 AI 사용 예정자,향후 AI 사용 예정자,True
28504,1,0,0.18613267528066313,향후 AI 사용 예정자,현재 AI 사용자,False
1780,0,0,0.09368075921387715,현재 AI 사용자,현재 AI 사용자,True
57459,1,1,0.821043616366398,향후 AI 사용 예정자,향후 AI 사용 예정자,True
37422,1,1,0.9834145177166702,향후 AI 사용 예정자,향후 AI 사용 예정자,True
29444,1,1,0.5620901245425924,향후 AI 사용 예정자,향후 AI 사용 예정자,True
17530,1,0,0.2931578748689103,향후 AI 사용 예정자,현재 AI 사용자,False
35892,1,0,0.4628092094570105,향후 AI 사용 예정자,현재 AI 사용자,False
41828,1,1,0.9271174239656166,향후 AI 사용 예정자,향후 AI 사용 예정자,True
54460,0,0,0.2904119795468525,현재 AI 사용자,현재 AI 사용자,True
20781,1,1,0.8875924677766982,향후 AI 사용 예정자,향후 AI 사용 예정자,True
30760,1,0,0.44818335690789596,향후 AI 사용 예정자,현재 AI 사용자,False
45048,0,1,0.8741732768653883,현재 AI 사용자,향후 AI 사용 예정자,False
19766,1,1,0.6053557803563345,향후 AI 사용 예정자,향후 AI 사용 예정자,True
49406,1,1,0.8939897879077171,향후 AI 사용 예정자,향후 AI 사용 예정자,True
28555,1,1,0.988136532169948,향후 AI 사용 예정자,향후 AI 사용 예정자,True
35644,1,1,0.8782179817428268,향후 AI 사용 예정자,향후 AI 사용 예정자,True
40546,1,1,0.7624663744887723,향후 AI 사용 예정자,향후 AI 사용 예정자,True
57943,1,0,0.24886368304899015,향후 AI 사용 예정자,현재 AI 사용자,False
26392,1,1,0.7321164393243564,향후 AI 사용 예정자,향후 AI 사용 예정자,True
46287,1,1,0.7347629350223749,향후 AI 사용 예정자,향후 AI 사용 예정자,True
18038,1,1,0.6191307158739155,향후 AI 사용 예정자,향후 AI 사용 예정자,True
52329,0,1,0.794795531650642,현재 AI 사용자,향후 AI 사용 예정자,False
64610,0,1,0.8096977940585417,현재 AI 사용자,향후 AI 사용 예정자,False
21470,0,0,0.3718171683746204,현재 AI 사용자,현재 AI 사용자,True
1564,1,0,0.39542362522620783,향후 AI 사용 예정자,현재 AI 사용자,False
41136,1,1,0.9134736971127829,향후 AI 사용 예정자,향후 AI 사용 예정자,True
48993,0,1,0.6184683226115678,현재 AI 사용자,향후 AI 사용 예정자,False
5252,0,0,0.09623897859271406,현재 AI 사용자,현재 AI 사용자,True
37576,0,0,0.15943840489280572,현재 AI 사용자,현재 AI 사용자,True
16945,1,1,0.5813238837980969,향후 AI 사용 예정자,향후 AI 사용 예정자,True
12938,0,0,0.32889613474389023,현재 AI 사용자,현재 AI 사용자,True
23839,1,0,0.29256459810037105,향후 AI 사용 예정자,현재 AI 사용자,False
11344,1,1,0.9009729240310914,향후 AI 사용 예정자,향후 AI 사용 예정자,True
57810,1,1,0.812760244409675,향후 AI 사용 예정자,향후 AI 사용 예정자,True
3906,0,1,0.6296163721840735,현재 AI 사용자,향후 AI 사용 예정자,False
27504,0,1,0.663909014122408,현재 AI 사용자,향후 AI 사용 예정자,False
34754,1,1,0.8995388054578801,향후 AI 사용 예정자,향후 AI 사용 예정자,True
51974,0,0,0.36906569682120494,현재 AI 사용자,현재 AI 사용자,True
6395,1,1,0.9913247527565526,향후 AI 사용 예정자,향후 AI 사용 예정자,True
36891,1,1,0.8703456521985256,향후 AI 사용 예정자,향후 AI 사용 예정자,True
26346,0,0,0.25438018610575097,현재 AI 사용자,현재 AI 사용자,True
21588,1,1,0.82790406400479,향후 AI 사용 예정자,향후 AI 사용 예정자,True
56469,1,1,0.9491509546353779,향후 AI 사용 예정자,향후 AI 사용 예정자,True
131,0,0,0.08113359599742467,현재 AI 사용자,현재 AI 사용자,True
22140,1,1,0.8432155106602947,향후 AI 사용 예정자,향후 AI 사용 예정자,True
40818,1,1,0.7382064862992213,향후 AI 사용 예정자,향후 AI 사용 예정자,True
28710,0,1,0.5508152369103142,현재 AI 사용자,향후 AI 사용 예정자,False
35054,1,1,0.7836405263248635,향후 AI 사용 예정자,향후 AI 사용 예정자,True
24140,0,1,0.7236501808426579,현재 AI 사용자,향후 AI 사용 예정자,False
42271,1,1,0.63392157204426,향후 AI 사용 예정자,향후 AI 사용 예정자,True
9058,0,0,0.47562166056217164,현재 AI 사용자,현재 AI 사용자,True
44108,0,0,0.4789121141627326,현재 AI 사용자,현재 AI 사용자,True
40512,0,0,0.48066121795475136,현재 AI 사용자,현재 AI 사용자,True
17384,1,1,0.8922160000155727,향후 AI 사용 예정자,향후 AI 사용 예정자,True
25763,0,0,0.21927491128787666,현재 AI 사용자,현재 AI 사용자,True
4066,0,0,0.24876359496397918,현재 AI 사용자,현재 AI 사용자,True
6348,0,0,0.4440867705242959,현재 AI 사용자,현재 AI 사용자,True
4213,0,0,0.39285283826366146,현재 AI 사용자,현재 AI 사용자,True
24595,1,1,0.5631197034941333,향후 AI 사용 예정자,향후 AI 사용 예정자,True
39892,1,1,0.5688735300875942,향후 AI 사용 예정자,향후 AI 사용 예정자,True
55692,0,0,0.23705702439859283,현재 AI 사용자,현재 AI 사용자,True
36783,1,1,0.9182566602315866,향후 AI 사용 예정자,향후 AI 사용 예정자,True
3877,1,0,0.23267634932732223,향후 AI 사용 예정자,현재 AI 사용자,False
42404,1,0,0.37741200005411674,향후 AI 사용 예정자,현재 AI 사용자,False
27747,1,0,0.260862579450463,향후 AI 사용 예정자,현재 AI 사용자,False
32908,1,1,0.766975669728323,향후 AI 사용 예정자,향후 AI 사용 예정자,True
21498,0,0,0.4331568875809246,현재 AI 사용자,현재 AI 사용자,True
57291,0,0,0.21863209035748984,현재 AI 사용자,현재 AI 사용자,True
53201,1,1,0.7097419164725427,향후 AI 사용 예정자,향후 AI 사용 예정자,True
2914,1,1,0.8706075901481974,향후 AI 사용 예정자,향후 AI 사용 예정자,True
7983,1,1,0.9760138121271323,향후 AI 사용 예정자,향후 AI 사용 예정자,True
21218,0,0,0.2611862925732926,현재 AI 사용자,현재 AI 사용자,True
40234,1,0,0.26218165756263356,향후 AI 사용 예정자,현재 AI 사용자,False
38260,1,1,0.939333068948145,향후 AI 사용 예정자,향후 AI 사용 예정자,True
43984,1,1,0.5376883433524079,향후 AI 사용 예정자,향후 AI 사용 예정자,True
44180,0,0,0.14583711139328423,현재 AI 사용자,현재 AI 사용자,True
20803,1,1,0.8965161813979815,향후 AI 사용 예정자,향후 AI 사용 예정자,True
30645,1,1,0.7303326340796108,향후 AI 사용 예정자,향후 AI 사용 예정자,True
39197,1,1,0.7839584146310952,향후 AI 사용 예정자,향후 AI 사용 예정자,True
30838,1,1,0.9775126100839566,향후 AI 사용 예정자,향후 AI 사용 예정자,True
49033,0,0,0.18740934714185034,현재 AI 사용자,현재 AI 사용자,True
50352,0,1,0.6360805854784559,현재 AI 사용자,향후 AI 사용 예정자,False
7231,1,1,0.9846399448254675,향후 AI 사용 예정자,향후 AI 사용 예정자,True
55373,1,1,0.8404262626700201,향후 AI 사용 예정자,향후 AI 사용 예정자,True
34716,0,0,0.28346515622755775,현재 AI 사용자,현재 AI 사용자,True
34354,0,1,0.7892644205882575,현재 AI 사용자,향후 AI 사용 예정자,False
38220,1,1,0.9106720535314793,향후 AI 사용 예정자,향후 AI 사용 예정자,True
21240,1,1,0.9832790026516648,향후 AI 사용 예정자,향후 AI 사용 예정자,True
41372,1,0,0.075482675753427,향후 AI 사용 예정자,현재 AI 사용자,False
34298,0,1,0.5616955026741633,현재 AI 사용자,향후 AI 사용 예정자,False
46806,0,0,0.26982703005964226,현재 AI 사용자,현재 AI 사용자,True
35351,0,0,0.4711025253075375,현재 AI 사용자,현재 AI 사용자,True
21213,0,0,0.06574660513591835,현재 AI 사용자,현재 AI 사용자,True
62961,1,1,0.8472026567442267,향후 AI 사용 예정자,향후 AI 사용 예정자,True
53801,0,0,0.21861413266907165,현재 AI 사용자,현재 AI 사용자,True
31326,1,0,0.29770283521162644,향후 AI 사용 예정자,현재 AI 사용자,False
32849,1,1,0.9815098704490821,향후 AI 사용 예정자,향후 AI 사용 예정자,True
6679,0,0,0.18725881090753824,현재 AI 사용자,현재 AI 사용자,True
35098,1,1,0.9654500442845425,향후 AI 사용 예정자,향후 AI 사용 예정자,True
543,1,1,0.7145107084240909,향후 AI 사용 예정자,향후 AI 사용 예정자,True
56444,1,1,0.9259042772652348,향후 AI 사용 예정자,향후 AI 사용 예정자,True
43891,0,0,0.16722690729033238,현재 AI 사용자,현재 AI 사용자,True
41267,1,1,0.9758496016463946,향후 AI 사용 예정자,향후 AI 사용 예정자,True
20365,0,1,0.9011062543714761,현재 AI 사용자,향후 AI 사용 예정자,False
17171,1,1,0.6427298011024996,향후 AI 사용 예정자,향후 AI 사용 예정자,True
56780,0,0,0.28669839801946534,현재 AI 사용자,현재 AI 사용자,True
12118,0,0,0.24826587460463617,현재 AI 사용자,현재 AI 사용자,True
24418,1,1,0.8810722001885086,향후 AI 사용 예정자,향후 AI 사용 예정자,True
61233,1,1,0.7174830459598467,향후 AI 사용 예정자,향후 AI 사용 예정자,True
19358,1,1,0.9684618399703515,향후 AI 사용 예정자,향후 AI 사용 예정자,True
39209,0,0,0.2895523033749754,현재 AI 사용자,현재 AI 사용자,True
47786,1,1,0.5953687256497252,향후 AI 사용 예정자,향후 AI 사용 예정자,True
4915,1,1,0.8607081460461965,향후 AI 사용 예정자,향후 AI 사용 예정자,True
31796,1,1,0.5101301890935485,향후 AI 사용 예정자,향후 AI 사용 예정자,True
56881,1,1,0.9793824997619114,향후 AI 사용 예정자,향후 AI 사용 예정자,True
21822,1,1,0.6792200085613411,향후 AI 사용 예정자,향후 AI 사용 예정자,True
44681,0,0,0.41241061193016965,현재 AI 사용자,현재 AI 사용자,True
31738,0,1,0.5386733012971926,현재 AI 사용자,향후 AI 사용 예정자,False
17273,1,1,0.980356722170586,향후 AI 사용 예정자,향후 AI 사용 예정자,True
53962,1,1,0.8385817160202664,향후 AI 사용 예정자,향후 AI 사용 예정자,True
22162,1,1,0.9933001345609942,향후 AI 사용 예정자,향후 AI 사용 예정자,True
51797,0,0,0.39675803830503426,현재 AI 사용자,현재 AI 사용자,True
15456,1,1,0.6364992818289836,향후 AI 사용 예정자,향후 AI 사용 예정자,True
34156,1,1,0.9375546553830244,향후 AI 사용 예정자,향후 AI 사용 예정자,True
27813,1,1,0.7196048066157205,향후 AI 사용 예정자,향후 AI 사용 예정자,True
40827,0,1,0.569582738681233,현재 AI 사용자,향후 AI 사용 예정자,False
44892,0,1,0.5090383620177948,현재 AI 사용자,향후 AI 사용 예정자,False
58242,1,1,0.9745294771568678,향후 AI 사용 예정자,향후 AI 사용 예정자,True
32741,1,1,0.5099913759263863,향후 AI 사용 예정자,향후 AI 사용 예정자,True
22912,1,0,0.14803704570020995,향후 AI 사용 예정자,현재 AI 사용자,False
42317,1,0,0.4101304708364305,향후 AI 사용 예정자,현재 AI 사용자,False
3064,1,1,0.750145482302068,향후 AI 사용 예정자,향후 AI 사용 예정자,True
41854,0,1,0.6488334580619322,현재 AI 사용자,향후 AI 사용 예정자,False
25068,1,1,0.9019748420211877,향후 AI 사용 예정자,향후 AI 사용 예정자,True
6870,0,0,0.24282086973615397,현재 AI 사용자,현재 AI 사용자,True
61504,0,1,0.8865391399925516,현재 AI 사용자,향후 AI 사용 예정자,False
14037,1,1,0.5886757303778275,향후 AI 사용 예정자,향후 AI 사용 예정자,True
31436,1,1,0.6808542757117385,향후 AI 사용 예정자,향후 AI 사용 예정자,True
25341,0,0,0.1484286510018353,현재 AI 사용자,현재 AI 사용자,True
30061,0,0,0.39600615193668653,현재 AI 사용자,현재 AI 사용자,True
42151,1,1,0.63963793015403,향후 AI 사용 예정자,향후 AI 사용 예정자,True
4820,1,1,0.5837618317284455,향후 AI 사용 예정자,향후 AI 사용 예정자,True
40861,1,1,0.9222926747622311,향후 AI 사용 예정자,향후 AI 사용 예정자,True
23836,0,1,0.5265766560215681,현재 AI 사용자,향후 AI 사용 예정자,False
5594,1,1,0.8213663354055666,향후 AI 사용 예정자,향후 AI 사용 예정자,True
51358,0,0,0.0700783709963926,현재 AI 사용자,현재 AI 사용자,True
14102,1,1,0.9327396167751452,향후 AI 사용 예정자,향후 AI 사용 예정자,True
49425,1,0,0.3859444988208535,향후 AI 사용 예정자,현재 AI 사용자,False
23280,0,0,0.4899262883409639,현재 AI 사용자,현재 AI 사용자,True
587,0,0,0.35123924540078866,현재 AI 사용자,현재 AI 사용자,True
12254,1,1,0.9912287028377748,향후 AI 사용 예정자,향후 AI 사용 예정자,True
47024,1,1,0.559135504538752,향후 AI 사용 예정자,향후 AI 사용 예정자,True
9369,0,0,0.4745960979286634,현재 AI 사용자,현재 AI 사용자,True
17954,1,1,0.794070715628464,향후 AI 사용 예정자,향후 AI 사용 예정자,True
49493,1,0,0.40387153336043374,향후 AI 사용 예정자,현재 AI 사용자,False
5228,0,0,0.48554590269017395,현재 AI 사용자,현재 AI 사용자,True
34732,1,1,0.7264674855318488,향후 AI 사용 예정자,향후 AI 사용 예정자,True
30919,1,1,0.9801888972388242,향후 AI 사용 예정자,향후 AI 사용 예정자,True
47181,1,1,0.5452426535856163,향후 AI 사용 예정자,향후 AI 사용 예정자,True
49487,1,0,0.3081940287579468,향후 AI 사용 예정자,현재 AI 사용자,False
61153,1,1,0.8807846423886367,향후 AI 사용 예정자,향후 AI 사용 예정자,True
28007,0,0,0.14351793010102573,현재 AI 사용자,현재 AI 사용자,True
24039,1,1,0.9632363864131241,향후 AI 사용 예정자,향후 AI 사용 예정자,True
10338,1,1,0.9098699841899758,향후 AI 사용 예정자,향후 AI 사용 예정자,True
23266,1,1,0.7986460140847025,향후 AI 사용 예정자,향후 AI 사용 예정자,True
41154,1,1,0.9763566107733175,향후 AI 사용 예정자,향후 AI 사용 예정자,True
19706,1,1,0.592485449181985,향후 AI 사용 예정자,향후 AI 사용 예정자,True
5809,1,1,0.8778992056052529,향후 AI 사용 예정자,향후 AI 사용 예정자,True
46894,1,0,0.3366982519812582,향후 AI 사용 예정자,현재 AI 사용자,False
16211,0,1,0.5050009231781016,현재 AI 사용자,향후 AI 사용 예정자,False
36451,1,1,0.8268076054669399,향후 AI 사용 예정자,향후 AI 사용 예정자,True
10960,1,1,0.9208779276500777,향후 AI 사용 예정자,향후 AI 사용 예정자,True
40010,1,1,0.9627063776575533,향후 AI 사용 예정자,향후 AI 사용 예정자,True
8625,1,1,0.6730985906481894,향후 AI 사용 예정자,향후 AI 사용 예정자,True
12430,0,0,0.3208554217871517,현재 AI 사용자,현재 AI 사용자,True
22490,1,1,0.6779869214149397,향후 AI 사용 예정자,향후 AI 사용 예정자,True
49284,1,1,0.6688116683502989,향후 AI 사용 예정자,향후 AI 사용 예정자,True
5844,0,1,0.696679122066707,현재 AI 사용자,향후 AI 사용 예정자,False
20131,0,0,0.25205488881471844,현재 AI 사용자,현재 AI 사용자,True
7258,0,0,0.43710378326266175,현재 AI 사용자,현재 AI 사용자,True
30752,0,0,0.3173314394207097,현재 AI 사용자,현재 AI 사용자,True
18479,0,1,0.632934405664183,현재 AI 사용자,향후 AI 사용 예정자,False
11069,1,1,0.9912134647724478,향후 AI 사용 예정자,향후 AI 사용 예정자,True
1370,0,0,0.3627930097388124,현재 AI 사용자,현재 AI 사용자,True
59458,1,1,0.9372662602475419,향후 AI 사용 예정자,향후 AI 사용 예정자,True
11534,0,0,0.25611636625930206,현재 AI 사용자,현재 AI 사용자,True
9338,0,0,0.20778511947970463,현재 AI 사용자,현재 AI 사용자,True
9324,1,1,0.8772387008664281,향후 AI 사용 예정자,향후 AI 사용 예정자,True
31417,0,0,0.1205167918002191,현재 AI 사용자,현재 AI 사용자,True
17436,0,0,0.2955287302674751,현재 AI 사용자,현재 AI 사용자,True
19833,0,1,0.6363387525990257,현재 AI 사용자,향후 AI 사용 예정자,False
27933,0,0,0.38124871316995257,현재 AI 사용자,현재 AI 사용자,True
50279,0,1,0.8056494770872792,현재 AI 사용자,향후 AI 사용 예정자,False
1561,0,1,0.8602200968584304,현재 AI 사용자,향후 AI 사용 예정자,False
11132,1,1,0.8620072748882829,향후 AI 사용 예정자,향후 AI 사용 예정자,True
46003,0,0,0.3621432427102937,현재 AI 사용자,현재 AI 사용자,True
58465,1,1,0.9252059550473155,향후 AI 사용 예정자,향후 AI 사용 예정자,True
17179,1,1,0.638927137892076,향후 AI 사용 예정자,향후 AI 사용 예정자,True
756,0,1,0.7326359471903643,현재 AI 사용자,향후 AI 사용 예정자,False
53316,1,0,0.29701020607055173,향후 AI 사용 예정자,현재 AI 사용자,False
42798,1,1,0.9770520807034926,향후 AI 사용 예정자,향후 AI 사용 예정자,True
55807,1,0,0.4152726577015862,향후 AI 사용 예정자,현재 AI 사용자,False
26969,1,1,0.8369325362811093,향후 AI 사용 예정자,향후 AI 사용 예정자,True
4350,1,1,0.7256580638388909,향후 AI 사용 예정자,향후 AI 사용 예정자,True
19995,0,1,0.5220523433213337,현재 AI 사용자,향후 AI 사용 예정자,False
43184,1,1,0.9332041374749416,향후 AI 사용 예정자,향후 AI 사용 예정자,True
54439,0,1,0.5637607498791419,현재 AI 사용자,향후 AI 사용 예정자,False
20561,1,0,0.28341852147126834,향후 AI 사용 예정자,현재 AI 사용자,False
46666,1,1,0.5630339506356109,향후 AI 사용 예정자,향후 AI 사용 예정자,True
31229,1,1,0.8268757710079433,향후 AI 사용 예정자,향후 AI 사용 예정자,True
6416,1,0,0.4352458031895326,향후 AI 사용 예정자,현재 AI 사용자,False
57383,1,1,0.6355353404374728,향후 AI 사용 예정자,향후 AI 사용 예정자,True
28342,1,1,0.954008662074884,향후 AI 사용 예정자,향후 AI 사용 예정자,True
47198,1,0,0.30892602129132635,향후 AI 사용 예정자,현재 AI 사용자,False
21155,0,0,0.11433820461029492,현재 AI 사용자,현재 AI 사용자,True
44973,1,1,0.9756277256819097,향후 AI 사용 예정자,향후 AI 사용 예정자,True
57653,0,0,0.16765422863493382,현재 AI 사용자,현재 AI 사용자,True
18646,1,1,0.8025716468210672,향후 AI 사용 예정자,향후 AI 사용 예정자,True
20888,1,1,0.7738187069682122,향후 AI 사용 예정자,향후 AI 사용 예정자,True
53589,1,1,0.8480805276447364,향후 AI 사용 예정자,향후 AI 사용 예정자,True
489,0,0,0.29271895551619426,현재 AI 사용자,현재 AI 사용자,True
3698,1,1,0.9690272295419652,향후 AI 사용 예정자,향후 AI 사용 예정자,True
53983,0,0,0.06614996583087435,현재 AI 사용자,현재 AI 사용자,True
56488,1,1,0.977323618799004,향후 AI 사용 예정자,향후 AI 사용 예정자,True
34722,1,0,0.3393203145553134,향후 AI 사용 예정자,현재 AI 사용자,False
29424,0,1,0.64935884273222,현재 AI 사용자,향후 AI 사용 예정자,False
59740,1,1,0.6339257128678061,향후 AI 사용 예정자,향후 AI 사용 예정자,True
6472,0,0,0.2690314774677857,현재 AI 사용자,현재 AI 사용자,True
33393,1,1,0.660735437687481,향후 AI 사용 예정자,향후 AI 사용 예정자,True
46726,0,1,0.7397843690027313,현재 AI 사용자,향후 AI 사용 예정자,False
1842,0,0,0.19608379560243105,현재 AI 사용자,현재 AI 사용자,True
16924,1,1,0.9615749015341913,향후 AI 사용 예정자,향후 AI 사용 예정자,True
38273,1,1,0.9586417713817097,향후 AI 사용 예정자,향후 AI 사용 예정자,True
15112,1,1,0.8895974835244139,향후 AI 사용 예정자,향후 AI 사용 예정자,True
59854,1,0,0.40155588250657875,향후 AI 사용 예정자,현재 AI 사용자,False
21482,1,1,0.9153708240916993,향후 AI 사용 예정자,향후 AI 사용 예정자,True
13700,0,0,0.23858338678948918,현재 AI 사용자,현재 AI 사용자,True
50053,1,1,0.9359198485859305,향후 AI 사용 예정자,향후 AI 사용 예정자,True
12816,1,1,0.6254837123301091,향후 AI 사용 예정자,향후 AI 사용 예정자,True
44806,0,0,0.4666353982079326,현재 AI 사용자,현재 AI 사용자,True
24079,1,1,0.9532955925627777,향후 AI 사용 예정자,향후 AI 사용 예정자,True
13240,0,0,0.16660471666222257,현재 AI 사용자,현재 AI 사용자,True
60120,0,0,0.4764554684418986,현재 AI 사용자,현재 AI 사용자,True
19601,1,1,0.519233370984991,향후 AI 사용 예정자,향후 AI 사용 예정자,True
6227,1,1,0.939502379588845,향후 AI 사용 예정자,향후 AI 사용 예정자,True
55832,1,1,0.9755729402610172,향후 AI 사용 예정자,향후 AI 사용 예정자,True
54079,0,0,0.25778140308786934,현재 AI 사용자,현재 AI 사용자,True
44811,1,1,0.8686720639999943,향후 AI 사용 예정자,향후 AI 사용 예정자,True
25132,0,1,0.5924815111062873,현재 AI 사용자,향후 AI 사용 예정자,False
50028,0,0,0.06535815906371276,현재 AI 사용자,현재 AI 사용자,True
30451,0,1,0.7036086638223383,현재 AI 사용자,향후 AI 사용 예정자,False
53248,1,0,0.12281826485891921,향후 AI 사용 예정자,현재 AI 사용자,False
16366,0,1,0.5227586196138233,현재 AI 사용자,향후 AI 사용 예정자,False
33924,0,0,0.23023850685026215,현재 AI 사용자,현재 AI 사용자,True
34593,0,0,0.274979252468864,현재 AI 사용자,현재 AI 사용자,True
1308,1,1,0.7364141493809854,향후 AI 사용 예정자,향후 AI 사용 예정자,True
2838,0,0,0.32191738226810396,현재 AI 사용자,현재 AI 사용자,True
44429,0,0,0.24399222535246623,현재 AI 사용자,현재 AI 사용자,True
24521,1,1,0.6976467581571653,향후 AI 사용 예정자,향후 AI 사용 예정자,True
50374,1,0,0.4360192614509453,향후 AI 사용 예정자,현재 AI 사용자,False
54956,0,0,0.11428265308385274,현재 AI 사용자,현재 AI 사용자,True
30176,0,0,0.39963896717898995,현재 AI 사용자,현재 AI 사용자,True
42598,1,1,0.9786562434562921,향후 AI 사용 예정자,향후 AI 사용 예정자,True
22305,0,0,0.20528963585179782,현재 AI 사용자,현재 AI 사용자,True
60229,0,0,0.1616626518775021,현재 AI 사용자,현재 AI 사용자,True
17523,1,1,0.8039143243279816,향후 AI 사용 예정자,향후 AI 사용 예정자,True
30727,1,1,0.8065655163418806,향후 AI 사용 예정자,향후 AI 사용 예정자,True
29900,0,0,0.23669588190115842,현재 AI 사용자,현재 AI 사용자,True
49941,1,1,0.9171786893526647,향후 AI 사용 예정자,향후 AI 사용 예정자,True
30108,1,1,0.9693505925671072,향후 AI 사용 예정자,향후 AI 사용 예정자,True
22992,0,0,0.23383546635940863,현재 AI 사용자,현재 AI 사용자,True
18688,1,1,0.5957038887654313,향후 AI 사용 예정자,향후 AI 사용 예정자,True
3353,0,0,0.4532128004625785,현재 AI 사용자,현재 AI 사용자,True
38517,1,1,0.6352355521882682,향후 AI 사용 예정자,향후 AI 사용 예정자,True
23092,0,0,0.4395759800980115,현재 AI 사용자,현재 AI 사용자,True
30780,0,0,0.11098895217096498,현재 AI 사용자,현재 AI 사용자,True
348,0,0,0.11398832955161411,현재 AI 사용자,현재 AI 사용자,True
33848,0,1,0.5035293992151033,현재 AI 사용자,향후 AI 사용 예정자,False
31047,0,0,0.13385848159902003,현재 AI 사용자,현재 AI 사용자,True
34851,1,1,0.6011520586793554,향후 AI 사용 예정자,향후 AI 사용 예정자,True
260,0,0,0.15905298857423125,현재 AI 사용자,현재 AI 사용자,True
20129,0,0,0.23437366149771632,현재 AI 사용자,현재 AI 사용자,True
14737,1,0,0.4968186406844693,향후 AI 사용 예정자,현재 AI 사용자,False
3741,1,0,0.42825579751867315,향후 AI 사용 예정자,현재 AI 사용자,False
1892,1,1,0.9554644191373296,향후 AI 사용 예정자,향후 AI 사용 예정자,True
7973,0,1,0.661874201084209,현재 AI 사용자,향후 AI 사용 예정자,False
57575,1,0,0.37803463731079956,향후 AI 사용 예정자,현재 AI 사용자,False
65210,1,1,0.9245698352202318,향후 AI 사용 예정자,향후 AI 사용 예정자,True
23442,1,1,0.7396692042393685,향후 AI 사용 예정자,향후 AI 사용 예정자,True
20983,0,0,0.34484787462748956,현재 AI 사용자,현재 AI 사용자,True
19943,0,0,0.3560109761438322,현재 AI 사용자,현재 AI 사용자,True
38811,1,1,0.7259921730147948,향후 AI 사용 예정자,향후 AI 사용 예정자,True
338,1,0,0.12966051956824337,향후 AI 사용 예정자,현재 AI 사용자,False
39510,0,0,0.34511438342301054,현재 AI 사용자,현재 AI 사용자,True
2479,0,0,0.34402812762064133,현재 AI 사용자,현재 AI 사용자,True
7634,0,0,0.1720529683808711,현재 AI 사용자,현재 AI 사용자,True
52681,1,1,0.962543064624202,향후 AI 사용 예정자,향후 AI 사용 예정자,True
23299,1,1,0.8227070536157897,향후 AI 사용 예정자,향후 AI 사용 예정자,True
52902,0,0,0.4118754709756829,현재 AI 사용자,현재 AI 사용자,True
52547,1,1,0.8196645213894456,향후 AI 사용 예정자,향후 AI 사용 예정자,True
6184,1,0,0.42104438186592175,향후 AI 사용 예정자,현재 AI 사용자,False
12410,1,1,0.5517657732782206,향후 AI 사용 예정자,향후 AI 사용 예정자,True
25214,1,0,0.26745444601926005,향후 AI 사용 예정자,현재 AI 사용자,False
44068,0,0,0.17925609433328238,현재 AI 사용자,현재 AI 사용자,True
10538,1,1,0.9411036842087159,향후 AI 사용 예정자,향후 AI 사용 예정자,True
58273,0,0,0.17655666259147315,현재 AI 사용자,현재 AI 사용자,True
62627,1,1,0.8798269187998258,향후 AI 사용 예정자,향후 AI 사용 예정자,True
39908,1,1,0.8669627224892854,향후 AI 사용 예정자,향후 AI 사용 예정자,True
29819,0,1,0.509274250561546,현재 AI 사용자,향후 AI 사용 예정자,False
40361,1,1,0.6338603319931625,향후 AI 사용 예정자,향후 AI 사용 예정자,True
29499,1,1,0.706899089703335,향후 AI 사용 예정자,향후 AI 사용 예정자,True
15802,1,1,0.6533148997420031,향후 AI 사용 예정자,향후 AI 사용 예정자,True
63959,1,1,0.7225289809595311,향후 AI 사용 예정자,향후 AI 사용 예정자,True
52262,1,0,0.37280318093563963,향후 AI 사용 예정자,현재 AI 사용자,False
28296,0,1,0.5903656657603704,현재 AI 사용자,향후 AI 사용 예정자,False
19962,1,1,0.9330048644462237,향후 AI 사용 예정자,향후 AI 사용 예정자,True
9842,1,1,0.8553694737096377,향후 AI 사용 예정자,향후 AI 사용 예정자,True
54297,1,1,0.8926058392257127,향후 AI 사용 예정자,향후 AI 사용 예정자,True
54605,1,1,0.968837938125867,향후 AI 사용 예정자,향후 AI 사용 예정자,True
52431,1,1,0.6995524603226583,향후 AI 사용 예정자,향후 AI 사용 예정자,True
24663,1,1,0.9790566360811884,향후 AI 사용 예정자,향후 AI 사용 예정자,True
56162,0,1,0.876833329856968,현재 AI 사용자,향후 AI 사용 예정자,False
29104,1,1,0.8099777220006943,향후 AI 사용 예정자,향후 AI 사용 예정자,True
35545,1,0,0.27796031982136565,향후 AI 사용 예정자,현재 AI 사용자,False
27145,1,0,0.35040063724314263,향후 AI 사용 예정자,현재 AI 사용자,False
26442,0,1,0.899681519854508,현재 AI 사용자,향후 AI 사용 예정자,False
30808,1,1,0.6161654563434029,향후 AI 사용 예정자,향후 AI 사용 예정자,True
36213,0,0,0.11205826544904207,현재 AI 사용자,현재 AI 사용자,True
46210,0,1,0.9844598423399229,현재 AI 사용자,향후 AI 사용 예정자,False
18557,1,1,0.7595808255794101,향후 AI 사용 예정자,향후 AI 사용 예정자,True
7816,1,1,0.9953385131996942,향후 AI 사용 예정자,향후 AI 사용 예정자,True
9335,0,0,0.34559806430112044,현재 AI 사용자,현재 AI 사용자,True
38744,1,1,0.9830102615347565,향후 AI 사용 예정자,향후 AI 사용 예정자,True
51107,0,1,0.8750864103143954,현재 AI 사용자,향후 AI 사용 예정자,False
42379,0,0,0.11927930491261332,현재 AI 사용자,현재 AI 사용자,True
16377,0,1,0.7956710100958723,현재 AI 사용자,향후 AI 사용 예정자,False
23860,0,1,0.5390219009435755,현재 AI 사용자,향후 AI 사용 예정자,False
19989,0,0,0.4458853465778618,현재 AI 사용자,현재 AI 사용자,True
55795,0,0,0.421998209260644,현재 AI 사용자,현재 AI 사용자,True
40645,1,1,0.9746678698876104,향후 AI 사용 예정자,향후 AI 사용 예정자,True
9822,0,1,0.513595734143974,현재 AI 사용자,향후 AI 사용 예정자,False
45520,1,1,0.5665233708802849,향후 AI 사용 예정자,향후 AI 사용 예정자,True
25429,1,1,0.8952913050147246,향후 AI 사용 예정자,향후 AI 사용 예정자,True
50036,1,0,0.2959080445977395,향후 AI 사용 예정자,현재 AI 사용자,False
16612,1,1,0.9081088466511504,향후 AI 사용 예정자,향후 AI 사용 예정자,True
33241,0,0,0.2451942360010771,현재 AI 사용자,현재 AI 사용자,True
11584,1,1,0.5746135823548207,향후 AI 사용 예정자,향후 AI 사용 예정자,True
893,0,0,0.15359284577251472,현재 AI 사용자,현재 AI 사용자,True
40282,1,1,0.8780961041815034,향후 AI 사용 예정자,향후 AI 사용 예정자,True
25833,1,1,0.5457805750429658,향후 AI 사용 예정자,향후 AI 사용 예정자,True
4910,0,0,0.175509111410569,현재 AI 사용자,현재 AI 사용자,True
38378,1,1,0.5835639138085079,향후 AI 사용 예정자,향후 AI 사용 예정자,True
58133,1,1,0.8843439458644519,향후 AI 사용 예정자,향후 AI 사용 예정자,True
25311,1,0,0.4875144297454902,향후 AI 사용 예정자,현재 AI 사용자,False
44363,1,1,0.9707435228519397,향후 AI 사용 예정자,향후 AI 사용 예정자,True
44817,1,1,0.9095949634944471,향후 AI 사용 예정자,향후 AI 사용 예정자,True
64490,1,1,0.9149718694033058,향후 AI 사용 예정자,향후 AI 사용 예정자,True
18552,0,1,0.6141958047471318,현재 AI 사용자,향후 AI 사용 예정자,False
54042,1,0,0.21738699172778037,향후 AI 사용 예정자,현재 AI 사용자,False
3262,1,1,0.9375743333297419,향후 AI 사용 예정자,향후 AI 사용 예정자,True
31161,1,1,0.8382389926769873,향후 AI 사용 예정자,향후 AI 사용 예정자,True
60891,0,1,0.784274817283334,현재 AI 사용자,향후 AI 사용 예정자,False
3105,0,1,0.5735198659937831,현재 AI 사용자,향후 AI 사용 예정자,False
40241,1,1,0.7630465601366031,향후 AI 사용 예정자,향후 AI 사용 예정자,True
23394,0,0,0.09148667545488626,현재 AI 사용자,현재 AI 사용자,True
59795,1,1,0.8114126739284134,향후 AI 사용 예정자,향후 AI 사용 예정자,True
24708,0,1,0.6016499417900735,현재 AI 사용자,향후 AI 사용 예정자,False
48403,1,1,0.5511590923743869,향후 AI 사용 예정자,향후 AI 사용 예정자,True
42613,1,1,0.8852909945299621,향후 AI 사용 예정자,향후 AI 사용 예정자,True
57645,1,1,0.9629258944654783,향후 AI 사용 예정자,향후 AI 사용 예정자,True
976,1,1,0.9103114864766072,향후 AI 사용 예정자,향후 AI 사용 예정자,True
44786,0,0,0.41504647803621947,현재 AI 사용자,현재 AI 사용자,True
14202,0,1,0.9175149368646476,현재 AI 사용자,향후 AI 사용 예정자,False
37570,1,1,0.6458040085633495,향후 AI 사용 예정자,향후 AI 사용 예정자,True
57574,1,1,0.867233644318996,향후 AI 사용 예정자,향후 AI 사용 예정자,True
29419,1,1,0.8405159535092215,향후 AI 사용 예정자,향후 AI 사용 예정자,True
62116,0,1,0.5422454626017585,현재 AI 사용자,향후 AI 사용 예정자,False
50434,0,0,0.39415744648529766,현재 AI 사용자,현재 AI 사용자,True
23045,1,1,0.85417341703828,향후 AI 사용 예정자,향후 AI 사용 예정자,True
40467,1,1,0.9129313456116561,향후 AI 사용 예정자,향후 AI 사용 예정자,True
5041,1,1,0.9132380086056571,향후 AI 사용 예정자,향후 AI 사용 예정자,True
8288,0,0,0.03929137394327305,현재 AI 사용자,현재 AI 사용자,True
20472,1,1,0.6287916718786051,향후 AI 사용 예정자,향후 AI 사용 예정자,True
48614,1,1,0.9716344731575588,향후 AI 사용 예정자,향후 AI 사용 예정자,True
4122,1,1,0.8557323059026309,향후 AI 사용 예정자,향후 AI 사용 예정자,True
25070,0,0,0.12036369938477905,현재 AI 사용자,현재 AI 사용자,True
31698,1,1,0.8917923997342279,향후 AI 사용 예정자,향후 AI 사용 예정자,True
18861,1,1,0.977573270813112,향후 AI 사용 예정자,향후 AI 사용 예정자,True
9001,0,1,0.5654941557008633,현재 AI 사용자,향후 AI 사용 예정자,False
64167,1,1,0.8559123361408023,향후 AI 사용 예정자,향후 AI 사용 예정자,True
4011,0,0,0.27741510631233773,현재 AI 사용자,현재 AI 사용자,True
20925,1,0,0.3325797134617712,향후 AI 사용 예정자,현재 AI 사용자,False
37234,1,1,0.7091029649907107,향후 AI 사용 예정자,향후 AI 사용 예정자,True
31424,1,1,0.8931532604799209,향후 AI 사용 예정자,향후 AI 사용 예정자,True
58957,0,0,0.17306863967492278,현재 AI 사용자,현재 AI 사용자,True
15283,0,1,0.752567034365082,현재 AI 사용자,향후 AI 사용 예정자,False
28107,0,1,0.8616087569963199,현재 AI 사용자,향후 AI 사용 예정자,False
58436,1,1,0.8044917538085886,향후 AI 사용 예정자,향후 AI 사용 예정자,True
31605,1,1,0.6071190922344566,향후 AI 사용 예정자,향후 AI 사용 예정자,True
11841,0,0,0.18008983351619468,현재 AI 사용자,현재 AI 사용자,True
49202,1,1,0.7348203256567587,향후 AI 사용 예정자,향후 AI 사용 예정자,True
62579,1,1,0.8488902130071032,향후 AI 사용 예정자,향후 AI 사용 예정자,True
4985,0,0,0.19791137020487953,현재 AI 사용자,현재 AI 사용자,True
21421,1,1,0.9645191099822306,향후 AI 사용 예정자,향후 AI 사용 예정자,True
2125,0,0,0.20794187978807888,현재 AI 사용자,현재 AI 사용자,True
44223,1,1,0.9938489575782662,향후 AI 사용 예정자,향후 AI 사용 예정자,True
17586,0,0,0.3747618920087324,현재 AI 사용자,현재 AI 사용자,True
21066,0,0,0.3643503969586609,현재 AI 사용자,현재 AI 사용자,True
25348,1,1,0.9516603704295405,향후 AI 사용 예정자,향후 AI 사용 예정자,True
40372,1,1,0.5418055992001215,향후 AI 사용 예정자,향후 AI 사용 예정자,True
6528,0,0,0.21879145670918643,현재 AI 사용자,현재 AI 사용자,True
31179,1,1,0.782157731556191,향후 AI 사용 예정자,향후 AI 사용 예정자,True
53892,0,0,0.313481873013166,현재 AI 사용자,현재 AI 사용자,True
51429,1,1,0.9566758319533397,향후 AI 사용 예정자,향후 AI 사용 예정자,True
31497,0,0,0.2588509840341414,현재 AI 사용자,현재 AI 사용자,True
21535,0,0,0.09101425120746859,현재 AI 사용자,현재 AI 사용자,True
62013,1,1,0.7266786544527347,향후 AI 사용 예정자,향후 AI 사용 예정자,True
7541,1,1,0.7783309242284093,향후 AI 사용 예정자,향후 AI 사용 예정자,True
47231,1,1,0.9477729598821072,향후 AI 사용 예정자,향후 AI 사용 예정자,True
33497,1,1,0.9667913711581397,향후 AI 사용 예정자,향후 AI 사용 예정자,True
15652,1,0,0.40952421202079553,향후 AI 사용 예정자,현재 AI 사용자,False
25494,1,1,0.946124325837946,향후 AI 사용 예정자,향후 AI 사용 예정자,True
48439,1,1,0.8708269368627027,향후 AI 사용 예정자,향후 AI 사용 예정자,True
35543,1,1,0.619269623337364,향후 AI 사용 예정자,향후 AI 사용 예정자,True
9153,1,1,0.8988438882789572,향후 AI 사용 예정자,향후 AI 사용 예정자,True
12355,0,0,0.48610829772092023,현재 AI 사용자,현재 AI 사용자,True
41492,0,1,0.628847072589791,현재 AI 사용자,향후 AI 사용 예정자,False
12602,0,0,0.24882846351214985,현재 AI 사용자,현재 AI 사용자,True
40692,1,1,0.874032540625369,향후 AI 사용 예정자,향후 AI 사용 예정자,True
26471,0,0,0.478281768941853,현재 AI 사용자,현재 AI 사용자,True
54374,0,1,0.7533123320451618,현재 AI 사용자,향후 AI 사용 예정자,False
41875,0,0,0.20073318085982952,현재 AI 사용자,현재 AI 사용자,True
30988,1,1,0.9560735101662214,향후 AI 사용 예정자,향후 AI 사용 예정자,True
57465,1,1,0.802475065209788,향후 AI 사용 예정자,향후 AI 사용 예정자,True
9084,1,1,0.9791053027742047,향후 AI 사용 예정자,향후 AI 사용 예정자,True
59067,0,1,0.652968489316737,현재 AI 사용자,향후 AI 사용 예정자,False
29705,1,1,0.723113151899471,향후 AI 사용 예정자,향후 AI 사용 예정자,True
60944,0,1,0.8337176624849324,현재 AI 사용자,향후 AI 사용 예정자,False
12212,0,1,0.5847401909400765,현재 AI 사용자,향후 AI 사용 예정자,False
35678,1,1,0.6369176649606161,향후 AI 사용 예정자,향후 AI 사용 예정자,True
17055,0,1,0.5050025566672415,현재 AI 사용자,향후 AI 사용 예정자,False
32896,1,1,0.8873771743416979,향후 AI 사용 예정자,향후 AI 사용 예정자,True
13377,1,1,0.5998440990559736,향후 AI 사용 예정자,향후 AI 사용 예정자,True
19313,0,0,0.24083539690295783,현재 AI 사용자,현재 AI 사용자,True
51703,0,0,0.28182361883139384,현재 AI 사용자,현재 AI 사용자,True
62849,0,0,0.12680459188573434,현재 AI 사용자,현재 AI 사용자,True
7833,0,0,0.31924972206812907,현재 AI 사용자,현재 AI 사용자,True
41280,0,0,0.13353656530807406,현재 AI 사용자,현재 AI 사용자,True
38134,1,1,0.9274445562013651,향후 AI 사용 예정자,향후 AI 사용 예정자,True
51948,1,1,0.9571722771158766,향후 AI 사용 예정자,향후 AI 사용 예정자,True
12436,0,0,0.3184393979375703,현재 AI 사용자,현재 AI 사용자,True
42306,1,1,0.9111006809182424,향후 AI 사용 예정자,향후 AI 사용 예정자,True
22578,0,0,0.3084712105137451,현재 AI 사용자,현재 AI 사용자,True
56,0,0,0.19604566901720508,현재 AI 사용자,현재 AI 사용자,True
9333,0,1,0.824745294995185,현재 AI 사용자,향후 AI 사용 예정자,False
12617,1,1,0.8680118418046243,향후 AI 사용 예정자,향후 AI 사용 예정자,True
47624,1,1,0.7430475442923054,향후 AI 사용 예정자,향후 AI 사용 예정자,True
9682,0,0,0.45210954197491277,현재 AI 사용자,현재 AI 사용자,True
16088,1,1,0.8364271329987989,향후 AI 사용 예정자,향후 AI 사용 예정자,True
56338,1,0,0.44842489045041667,향후 AI 사용 예정자,현재 AI 사용자,False
32182,0,0,0.30822043224754875,현재 AI 사용자,현재 AI 사용자,True
25723,1,1,0.7007237825338837,향후 AI 사용 예정자,향후 AI 사용 예정자,True
20589,1,0,0.2865728124318342,향후 AI 사용 예정자,현재 AI 사용자,False
42796,1,1,0.7352624947918355,향후 AI 사용 예정자,향후 AI 사용 예정자,True
28121,0,0,0.49774287401239276,현재 AI 사용자,현재 AI 사용자,True
48970,0,1,0.8810176527568799,현재 AI 사용자,향후 AI 사용 예정자,False
4298,0,0,0.21121814686052406,현재 AI 사용자,현재 AI 사용자,True
64364,1,1,0.8378819596585914,향후 AI 사용 예정자,향후 AI 사용 예정자,True
6565,0,0,0.27298447557404326,현재 AI 사용자,현재 AI 사용자,True
1271,1,1,0.7643170305934979,향후 AI 사용 예정자,향후 AI 사용 예정자,True
19194,0,0,0.4743875554872366,현재 AI 사용자,현재 AI 사용자,True
53609,1,1,0.6089058001454449,향후 AI 사용 예정자,향후 AI 사용 예정자,True
24601,1,1,0.9194352129359684,향후 AI 사용 예정자,향후 AI 사용 예정자,True
18864,1,1,0.9662217129573835,향후 AI 사용 예정자,향후 AI 사용 예정자,True
21589,1,1,0.9533065199768122,향후 AI 사용 예정자,향후 AI 사용 예정자,True
35337,1,1,0.8499130921663688,향후 AI 사용 예정자,향후 AI 사용 예정자,True
62803,1,0,0.2624388938816535,향후 AI 사용 예정자,현재 AI 사용자,False
47162,0,0,0.17586457506402695,현재 AI 사용자,현재 AI 사용자,True
19951,1,1,0.7340692806068339,향후 AI 사용 예정자,향후 AI 사용 예정자,True
5802,1,1,0.9441343916912389,향후 AI 사용 예정자,향후 AI 사용 예정자,True
23631,1,1,0.7797087765243853,향후 AI 사용 예정자,향후 AI 사용 예정자,True
8246,1,1,0.9345607319350535,향후 AI 사용 예정자,향후 AI 사용 예정자,True
17507,0,0,0.25352657931619177,현재 AI 사용자,현재 AI 사용자,True
39095,0,0,0.36944571903253304,현재 AI 사용자,현재 AI 사용자,True
25671,1,1,0.8934812972819217,향후 AI 사용 예정자,향후 AI 사용 예정자,True
34028,1,1,0.8339179537232221,향후 AI 사용 예정자,향후 AI 사용 예정자,True
6752,1,0,0.4453874976162291,향후 AI 사용 예정자,현재 AI 사용자,False
25695,1,1,0.7745007463407885,향후 AI 사용 예정자,향후 AI 사용 예정자,True
39992,0,0,0.17870737438146936,현재 AI 사용자,현재 AI 사용자,True
32003,1,1,0.9575976139597896,향후 AI 사용 예정자,향후 AI 사용 예정자,True
54188,0,0,0.2931237119819747,현재 AI 사용자,현재 AI 사용자,True
32360,0,1,0.7000025703203872,현재 AI 사용자,향후 AI 사용 예정자,False
18786,1,1,0.9712117355042441,향후 AI 사용 예정자,향후 AI 사용 예정자,True
22287,0,0,0.3865035103137695,현재 AI 사용자,현재 AI 사용자,True
41669,1,1,0.6149176760271333,향후 AI 사용 예정자,향후 AI 사용 예정자,True
18197,1,1,0.8188133097741654,향후 AI 사용 예정자,향후 AI 사용 예정자,True
20525,1,1,0.8179266442196333,향후 AI 사용 예정자,향후 AI 사용 예정자,True
57271,0,1,0.765539096916304,현재 AI 사용자,향후 AI 사용 예정자,False
8100,0,1,0.90581969187645,현재 AI 사용자,향후 AI 사용 예정자,False
48634,1,1,0.9074333324563593,향후 AI 사용 예정자,향후 AI 사용 예정자,True
25507,1,1,0.8898290043625823,향후 AI 사용 예정자,향후 AI 사용 예정자,True
43619,1,1,0.9776903025089673,향후 AI 사용 예정자,향후 AI 사용 예정자,True
12757,0,0,0.3709242791590128,현재 AI 사용자,현재 AI 사용자,True
21984,1,1,0.971446949722644,향후 AI 사용 예정자,향후 AI 사용 예정자,True
18350,1,1,0.970732515773348,향후 AI 사용 예정자,향후 AI 사용 예정자,True
40754,0,0,0.1779777956504009,현재 AI 사용자,현재 AI 사용자,True
17902,0,0,0.21675868506863993,현재 AI 사용자,현재 AI 사용자,True
62839,0,1,0.7291421593587176,현재 AI 사용자,향후 AI 사용 예정자,False
26815,1,1,0.9956965345199824,향후 AI 사용 예정자,향후 AI 사용 예정자,True
1420,0,0,0.4261441510865137,현재 AI 사용자,현재 AI 사용자,True
25629,1,1,0.7774134023733065,향후 AI 사용 예정자,향후 AI 사용 예정자,True
8034,1,1,0.5497159304275039,향후 AI 사용 예정자,향후 AI 사용 예정자,True
29412,1,1,0.8013269121607529,향후 AI 사용 예정자,향후 AI 사용 예정자,True
52207,0,0,0.25797708857180096,현재 AI 사용자,현재 AI 사용자,True
3794,0,0,0.09214186455388529,현재 AI 사용자,현재 AI 사용자,True
14269,1,1,0.9910629407747613,향후 AI 사용 예정자,향후 AI 사용 예정자,True
61269,1,0,0.4325652768404968,향후 AI 사용 예정자,현재 AI 사용자,False
21691,0,1,0.6345535742134346,현재 AI 사용자,향후 AI 사용 예정자,False
22506,1,1,0.8093505064906638,향후 AI 사용 예정자,향후 AI 사용 예정자,True
37453,0,0,0.40075899336802917,현재 AI 사용자,현재 AI 사용자,True
19577,1,1,0.5850500161160113,향후 AI 사용 예정자,향후 AI 사용 예정자,True
22565,0,0,0.4870252952122592,현재 AI 사용자,현재 AI 사용자,True
17723,1,0,0.4208587658757666,향후 AI 사용 예정자,현재 AI 사용자,False
29592,1,0,0.1835326767283124,향후 AI 사용 예정자,현재 AI 사용자,False
1269,1,1,0.905027857561668,향후 AI 사용 예정자,향후 AI 사용 예정자,True
22157,1,1,0.8832959126696291,향후 AI 사용 예정자,향후 AI 사용 예정자,True
6448,0,0,0.18426696657619834,현재 AI 사용자,현재 AI 사용자,True
56042,1,1,0.5891372053661841,향후 AI 사용 예정자,향후 AI 사용 예정자,True
27114,0,0,0.07309855686249854,현재 AI 사용자,현재 AI 사용자,True
30614,1,1,0.8365049168055628,향후 AI 사용 예정자,향후 AI 사용 예정자,True
7270,1,1,0.5724672976822515,향후 AI 사용 예정자,향후 AI 사용 예정자,True
25521,1,1,0.8485574139342551,향후 AI 사용 예정자,향후 AI 사용 예정자,True
2589,1,0,0.23482847582625108,향후 AI 사용 예정자,현재 AI 사용자,False
12281,0,1,0.6348286231760849,현재 AI 사용자,향후 AI 사용 예정자,False
39378,1,1,0.8888580103183159,향후 AI 사용 예정자,향후 AI 사용 예정자,True
813,1,1,0.7114555259040809,향후 AI 사용 예정자,향후 AI 사용 예정자,True
10754,1,0,0.2819755216699235,향후 AI 사용 예정자,현재 AI 사용자,False
45837,1,1,0.8972036525376798,향후 AI 사용 예정자,향후 AI 사용 예정자,True
39672,1,1,0.7044161523228931,향후 AI 사용 예정자,향후 AI 사용 예정자,True
24462,1,1,0.9507119636243364,향후 AI 사용 예정자,향후 AI 사용 예정자,True
40906,0,0,0.30008433798569706,현재 AI 사용자,현재 AI 사용자,True
47828,0,0,0.3132256774950775,현재 AI 사용자,현재 AI 사용자,True
15577,0,0,0.19531698565569,현재 AI 사용자,현재 AI 사용자,True
55856,1,1,0.9701950373264421,향후 AI 사용 예정자,향후 AI 사용 예정자,True
45792,0,1,0.5405922944976608,현재 AI 사용자,향후 AI 사용 예정자,False
55743,0,0,0.12142508658042397,현재 AI 사용자,현재 AI 사용자,True
16794,0,0,0.3401043433493611,현재 AI 사용자,현재 AI 사용자,True
27828,0,0,0.320102285447638,현재 AI 사용자,현재 AI 사용자,True
43459,1,0,0.2297923510381344,향후 AI 사용 예정자,현재 AI 사용자,False
9313,1,1,0.6846348319839863,향후 AI 사용 예정자,향후 AI 사용 예정자,True
11608,1,1,0.869380025751932,향후 AI 사용 예정자,향후 AI 사용 예정자,True
62614,1,1,0.9528535224870753,향후 AI 사용 예정자,향후 AI 사용 예정자,True
20847,0,0,0.33032722217484256,현재 AI 사용자,현재 AI 사용자,True
58115,0,1,0.594676775659506,현재 AI 사용자,향후 AI 사용 예정자,False
33410,1,1,0.8898725358899162,향후 AI 사용 예정자,향후 AI 사용 예정자,True
39266,0,1,0.5285345863378491,현재 AI 사용자,향후 AI 사용 예정자,False
55532,0,1,0.5151673653122927,현재 AI 사용자,향후 AI 사용 예정자,False
49624,1,1,0.895942881640755,향후 AI 사용 예정자,향후 AI 사용 예정자,True
54092,0,0,0.2279868136388107,현재 AI 사용자,현재 AI 사용자,True
36080,1,1,0.9467612707949509,향후 AI 사용 예정자,향후 AI 사용 예정자,True
25363,1,0,0.37321750238664053,향후 AI 사용 예정자,현재 AI 사용자,False
14648,0,0,0.3968952715564413,현재 AI 사용자,현재 AI 사용자,True
31060,1,1,0.5796296869499948,향후 AI 사용 예정자,향후 AI 사용 예정자,True
30833,0,0,0.2825061113813958,현재 AI 사용자,현재 AI 사용자,True
7632,1,1,0.5741227313729711,향후 AI 사용 예정자,향후 AI 사용 예정자,True
50566,0,0,0.20115021448186635,현재 AI 사용자,현재 AI 사용자,True
9041,0,0,0.26233788439329786,현재 AI 사용자,현재 AI 사용자,True
26551,1,1,0.9403929236693725,향후 AI 사용 예정자,향후 AI 사용 예정자,True
34561,0,1,0.6310250552999518,현재 AI 사용자,향후 AI 사용 예정자,False
54541,1,1,0.6867101299654532,향후 AI 사용 예정자,향후 AI 사용 예정자,True
7702,1,1,0.9460396992597471,향후 AI 사용 예정자,향후 AI 사용 예정자,True
7418,1,1,0.9151960393861687,향후 AI 사용 예정자,향후 AI 사용 예정자,True
15029,1,0,0.48479281231446913,향후 AI 사용 예정자,현재 AI 사용자,False
21815,0,0,0.33537847783905694,현재 AI 사용자,현재 AI 사용자,True
34880,1,1,0.7479344380160131,향후 AI 사용 예정자,향후 AI 사용 예정자,True
58808,0,0,0.10055928382750257,현재 AI 사용자,현재 AI 사용자,True
18736,0,1,0.9437161625296131,현재 AI 사용자,향후 AI 사용 예정자,False
30672,0,0,0.2656143407634307,현재 AI 사용자,현재 AI 사용자,True
31603,1,0,0.46000761703234855,향후 AI 사용 예정자,현재 AI 사용자,False
47172,0,0,0.26593786318325136,현재 AI 사용자,현재 AI 사용자,True
59329,1,1,0.8222026224271314,향후 AI 사용 예정자,향후 AI 사용 예정자,True
3799,0,1,0.8198870995131393,현재 AI 사용자,향후 AI 사용 예정자,False
53067,0,0,0.17744138825594083,현재 AI 사용자,현재 AI 사용자,True
32986,1,1,0.772195534532335,향후 AI 사용 예정자,향후 AI 사용 예정자,True
47236,1,0,0.36159658740589806,향후 AI 사용 예정자,현재 AI 사용자,False
43149,1,0,0.10390800509486849,향후 AI 사용 예정자,현재 AI 사용자,False
33088,1,1,0.8839311922805658,향후 AI 사용 예정자,향후 AI 사용 예정자,True
5058,1,1,0.9480297468668119,향후 AI 사용 예정자,향후 AI 사용 예정자,True
19863,0,0,0.2965955873370312,현재 AI 사용자,현재 AI 사용자,True
28133,1,1,0.7678347644887796,향후 AI 사용 예정자,향후 AI 사용 예정자,True
1434,1,1,0.7240714053364543,향후 AI 사용 예정자,향후 AI 사용 예정자,True
40205,1,1,0.5614132970341668,향후 AI 사용 예정자,향후 AI 사용 예정자,True
12717,0,1,0.5972021355953544,현재 AI 사용자,향후 AI 사용 예정자,False
32837,1,1,0.9216360373530371,향후 AI 사용 예정자,향후 AI 사용 예정자,True
36057,1,1,0.9771055013904116,향후 AI 사용 예정자,향후 AI 사용 예정자,True
9780,0,1,0.5361478357314046,현재 AI 사용자,향후 AI 사용 예정자,False
36665,0,0,0.09380570735753437,현재 AI 사용자,현재 AI 사용자,True
12911,1,1,0.9135508991736907,향후 AI 사용 예정자,향후 AI 사용 예정자,True
29303,1,0,0.2751397431937043,향후 AI 사용 예정자,현재 AI 사용자,False
53718,0,0,0.07106576028044106,현재 AI 사용자,현재 AI 사용자,True
51380,1,1,0.5945994297657504,향후 AI 사용 예정자,향후 AI 사용 예정자,True
64261,1,1,0.8763340072692261,향후 AI 사용 예정자,향후 AI 사용 예정자,True
23099,1,1,0.9591299575369175,향후 AI 사용 예정자,향후 AI 사용 예정자,True
11275,1,1,0.9823359148786115,향후 AI 사용 예정자,향후 AI 사용 예정자,True
57413,1,1,0.9579558560190548,향후 AI 사용 예정자,향후 AI 사용 예정자,True
26785,0,0,0.4187161380460434,현재 AI 사용자,현재 AI 사용자,True
283,0,0,0.3407227062374358,현재 AI 사용자,현재 AI 사용자,True
61108,0,1,0.5605234610830652,현재 AI 사용자,향후 AI 사용 예정자,False
58512,1,1,0.9825875089507143,향후 AI 사용 예정자,향후 AI 사용 예정자,True
20383,1,0,0.44544668724157593,향후 AI 사용 예정자,현재 AI 사용자,False
19748,1,1,0.6079231383983777,향후 AI 사용 예정자,향후 AI 사용 예정자,True
2807,0,0,0.2092575686028692,현재 AI 사용자,현재 AI 사용자,True
26704,1,1,0.983564414322529,향후 AI 사용 예정자,향후 AI 사용 예정자,True
23869,1,0,0.48906273318491816,향후 AI 사용 예정자,현재 AI 사용자,False
62631,1,1,0.7605002300151824,향후 AI 사용 예정자,향후 AI 사용 예정자,True
49382,1,1,0.9123804746383062,향후 AI 사용 예정자,향후 AI 사용 예정자,True
42042,1,1,0.6382784361143943,향후 AI 사용 예정자,향후 AI 사용 예정자,True
42918,1,0,0.3996760059309586,향후 AI 사용 예정자,현재 AI 사용자,False
53972,0,0,0.17403855748957048,현재 AI 사용자,현재 AI 사용자,True
15259,1,0,0.44427427498805205,향후 AI 사용 예정자,현재 AI 사용자,False
13678,0,0,0.34116559208492664,현재 AI 사용자,현재 AI 사용자,True
25408,0,1,0.5927366188773607,현재 AI 사용자,향후 AI 사용 예정자,False
44119,1,0,0.14815894438559102,향후 AI 사용 예정자,현재 AI 사용자,False
6738,0,1,0.6810786229584652,현재 AI 사용자,향후 AI 사용 예정자,False
16226,0,1,0.6826070277026288,현재 AI 사용자,향후 AI 사용 예정자,False
4243,1,1,0.9621371057185514,향후 AI 사용 예정자,향후 AI 사용 예정자,True
26281,1,1,0.8080659144922856,향후 AI 사용 예정자,향후 AI 사용 예정자,True
17059,1,1,0.82582903521779,향후 AI 사용 예정자,향후 AI 사용 예정자,True
8926,0,0,0.1274681354036963,현재 AI 사용자,현재 AI 사용자,True
11977,1,1,0.9780368584638838,향후 AI 사용 예정자,향후 AI 사용 예정자,True
52660,0,1,0.5114033108978376,현재 AI 사용자,향후 AI 사용 예정자,False
21672,1,1,0.6129896587460824,향후 AI 사용 예정자,향후 AI 사용 예정자,True
59888,1,0,0.3085625529631431,향후 AI 사용 예정자,현재 AI 사용자,False
60477,1,0,0.43418984299223523,향후 AI 사용 예정자,현재 AI 사용자,False
36231,0,0,0.3676689279583645,현재 AI 사용자,현재 AI 사용자,True
23356,0,0,0.26305324035002464,현재 AI 사용자,현재 AI 사용자,True
45854,0,0,0.16040107171545434,현재 AI 사용자,현재 AI 사용자,True
10869,0,1,0.672869656678955,현재 AI 사용자,향후 AI 사용 예정자,False
27583,0,1,0.5934039187433041,현재 AI 사용자,향후 AI 사용 예정자,False
3078,0,1,0.6287989152964033,현재 AI 사용자,향후 AI 사용 예정자,False
34617,1,1,0.9571428311235423,향후 AI 사용 예정자,향후 AI 사용 예정자,True
26646,1,1,0.8441225376257563,향후 AI 사용 예정자,향후 AI 사용 예정자,True
45093,0,0,0.2621354871414891,현재 AI 사용자,현재 AI 사용자,True
52976,0,1,0.8516891408439106,현재 AI 사용자,향후 AI 사용 예정자,False
38747,1,1,0.7897483478707568,향후 AI 사용 예정자,향후 AI 사용 예정자,True
42232,0,0,0.3154443124790064,현재 AI 사용자,현재 AI 사용자,True
9227,1,1,0.9324495467153124,향후 AI 사용 예정자,향후 AI 사용 예정자,True
19625,1,1,0.8767962510479543,향후 AI 사용 예정자,향후 AI 사용 예정자,True
766,0,0,0.44978085834455767,현재 AI 사용자,현재 AI 사용자,True
8193,0,0,0.07584073190787258,현재 AI 사용자,현재 AI 사용자,True
42028,0,0,0.07926541308833318,현재 AI 사용자,현재 AI 사용자,True
37362,0,1,0.5758646989164005,현재 AI 사용자,향후 AI 사용 예정자,False
4068,1,1,0.9389891360995296,향후 AI 사용 예정자,향후 AI 사용 예정자,True
54339,1,1,0.9725718388748124,향후 AI 사용 예정자,향후 AI 사용 예정자,True
13911,0,0,0.293144528697699,현재 AI 사용자,현재 AI 사용자,True
35257,1,1,0.9013670244834798,향후 AI 사용 예정자,향후 AI 사용 예정자,True
24937,1,1,0.9108233161563931,향후 AI 사용 예정자,향후 AI 사용 예정자,True
51084,1,1,0.9141850024932312,향후 AI 사용 예정자,향후 AI 사용 예정자,True
42021,1,1,0.7987621320734407,향후 AI 사용 예정자,향후 AI 사용 예정자,True
5405,1,1,0.551705524950686,향후 AI 사용 예정자,향후 AI 사용 예정자,True
51895,1,1,0.9085776540308639,향후 AI 사용 예정자,향후 AI 사용 예정자,True
14428,1,0,0.4798672536852604,향후 AI 사용 예정자,현재 AI 사용자,False
37603,0,0,0.4503199818167779,현재 AI 사용자,현재 AI 사용자,True
30220,1,1,0.9567395231210869,향후 AI 사용 예정자,향후 AI 사용 예정자,True
10522,1,1,0.9640896918576545,향후 AI 사용 예정자,향후 AI 사용 예정자,True
18664,1,1,0.9742534883514223,향후 AI 사용 예정자,향후 AI 사용 예정자,True
60850,1,1,0.8110224189711777,향후 AI 사용 예정자,향후 AI 사용 예정자,True
10899,1,1,0.8038920904999705,향후 AI 사용 예정자,향후 AI 사용 예정자,True
26501,1,1,0.9138871604799862,향후 AI 사용 예정자,향후 AI 사용 예정자,True
24305,1,1,0.9003324632343735,향후 AI 사용 예정자,향후 AI 사용 예정자,True
54990,0,0,0.1261724479427724,현재 AI 사용자,현재 AI 사용자,True
55988,1,1,0.817041857963369,향후 AI 사용 예정자,향후 AI 사용 예정자,True
3371,1,0,0.3766750702513716,향후 AI 사용 예정자,현재 AI 사용자,False
18995,1,1,0.9977068328238262,향후 AI 사용 예정자,향후 AI 사용 예정자,True
47595,1,1,0.9824770118244376,향후 AI 사용 예정자,향후 AI 사용 예정자,True
36966,1,0,0.13490566834942028,향후 AI 사용 예정자,현재 AI 사용자,False
63896,1,1,0.8831105271616986,향후 AI 사용 예정자,향후 AI 사용 예정자,True
63859,0,0,0.3340096434735206,현재 AI 사용자,현재 AI 사용자,True
10848,0,0,0.18135075064950137,현재 AI 사용자,현재 AI 사용자,True
6035,1,0,0.3495420829896106,향후 AI 사용 예정자,현재 AI 사용자,False
43710,1,1,0.9605205252223284,향후 AI 사용 예정자,향후 AI 사용 예정자,True
56621,0,1,0.5389162359322687,현재 AI 사용자,향후 AI 사용 예정자,False
21742,1,0,0.4944483440847478,향후 AI 사용 예정자,현재 AI 사용자,False
39605,1,1,0.9957974405776362,향후 AI 사용 예정자,향후 AI 사용 예정자,True
40671,0,0,0.21787131415982375,현재 AI 사용자,현재 AI 사용자,True
62951,1,0,0.33088783751681033,향후 AI 사용 예정자,현재 AI 사용자,False
45722,0,0,0.21206266090341747,현재 AI 사용자,현재 AI 사용자,True
29713,0,0,0.4835507669296926,현재 AI 사용자,현재 AI 사용자,True
9307,0,0,0.25781992660411246,현재 AI 사용자,현재 AI 사용자,True
56984,1,0,0.39788855831097725,향후 AI 사용 예정자,현재 AI 사용자,False
17983,1,1,0.7428110759818956,향후 AI 사용 예정자,향후 AI 사용 예정자,True
14874,1,1,0.6086584519003578,향후 AI 사용 예정자,향후 AI 사용 예정자,True
31077,0,0,0.42713011540349394,현재 AI 사용자,현재 AI 사용자,True
30695,1,0,0.3681660201529347,향후 AI 사용 예정자,현재 AI 사용자,False
39286,1,1,0.5229289520604924,향후 AI 사용 예정자,향후 AI 사용 예정자,True
59117,1,1,0.5522813264714606,향후 AI 사용 예정자,향후 AI 사용 예정자,True
18041,0,0,0.08165314282352727,현재 AI 사용자,현재 AI 사용자,True
10954,1,1,0.9478041086075113,향후 AI 사용 예정자,향후 AI 사용 예정자,True
16570,1,1,0.9279132904650269,향후 AI 사용 예정자,향후 AI 사용 예정자,True
10246,1,1,0.8871095750646839,향후 AI 사용 예정자,향후 AI 사용 예정자,True
28276,1,1,0.8275453933825826,향후 AI 사용 예정자,향후 AI 사용 예정자,True
12332,1,1,0.7623191384686198,향후 AI 사용 예정자,향후 AI 사용 예정자,True
6226,1,1,0.9095760107542773,향후 AI 사용 예정자,향후 AI 사용 예정자,True
6067,1,1,0.8042241940178596,향후 AI 사용 예정자,향후 AI 사용 예정자,True
25294,0,0,0.30864242172544865,현재 AI 사용자,현재 AI 사용자,True
48170,0,0,0.457716479631521,현재 AI 사용자,현재 AI 사용자,True
29120,1,1,0.9604103076814299,향후 AI 사용 예정자,향후 AI 사용 예정자,True
32976,1,1,0.9084042043256353,향후 AI 사용 예정자,향후 AI 사용 예정자,True
64246,0,1,0.9649973022186703,현재 AI 사용자,향후 AI 사용 예정자,False
56413,1,1,0.7829691082081828,향후 AI 사용 예정자,향후 AI 사용 예정자,True
49864,0,0,0.1454304271319415,현재 AI 사용자,현재 AI 사용자,True
41940,0,0,0.2388355993693436,현재 AI 사용자,현재 AI 사용자,True
57309,1,1,0.6359165079279895,향후 AI 사용 예정자,향후 AI 사용 예정자,True
17283,1,1,0.7027069454657907,향후 AI 사용 예정자,향후 AI 사용 예정자,True
42013,1,1,0.9790884656719012,향후 AI 사용 예정자,향후 AI 사용 예정자,True
22580,0,1,0.8718133664649275,현재 AI 사용자,향후 AI 사용 예정자,False
34541,1,1,0.8710676200769772,향후 AI 사용 예정자,향후 AI 사용 예정자,True
12545,0,0,0.22047502565478772,현재 AI 사용자,현재 AI 사용자,True
55968,0,0,0.41484329649105955,현재 AI 사용자,현재 AI 사용자,True
57633,1,1,0.9608866723673417,향후 AI 사용 예정자,향후 AI 사용 예정자,True
30025,1,1,0.9754414542801337,향후 AI 사용 예정자,향후 AI 사용 예정자,True
29190,1,1,0.9185361857753384,향후 AI 사용 예정자,향후 AI 사용 예정자,True
48277,0,0,0.2657449056411722,현재 AI 사용자,현재 AI 사용자,True
18948,0,1,0.6089545230942973,현재 AI 사용자,향후 AI 사용 예정자,False
40245,1,1,0.6622079975011682,향후 AI 사용 예정자,향후 AI 사용 예정자,True
18837,0,0,0.2740700924349613,현재 AI 사용자,현재 AI 사용자,True
10216,0,0,0.08729558209377881,현재 AI 사용자,현재 AI 사용자,True
13121,1,0,0.37861150574553587,향후 AI 사용 예정자,현재 AI 사용자,False
13475,1,1,0.6455611733452018,향후 AI 사용 예정자,향후 AI 사용 예정자,True
54893,1,1,0.6430733411246912,향후 AI 사용 예정자,향후 AI 사용 예정자,True
20098,1,1,0.8746221808206693,향후 AI 사용 예정자,향후 AI 사용 예정자,True
14420,1,1,0.6562012480393087,향후 AI 사용 예정자,향후 AI 사용 예정자,True
24108,1,1,0.6244634357911977,향후 AI 사용 예정자,향후 AI 사용 예정자,True
7004,1,0,0.153731571067024,향후 AI 사용 예정자,현재 AI 사용자,False
24639,1,1,0.5172155638884237,향후 AI 사용 예정자,향후 AI 사용 예정자,True
17110,1,1,0.9456723251490056,향후 AI 사용 예정자,향후 AI 사용 예정자,True
31056,1,1,0.6048604196691855,향후 AI 사용 예정자,향후 AI 사용 예정자,True
14745,1,1,0.6857527230146486,향후 AI 사용 예정자,향후 AI 사용 예정자,True
55114,1,1,0.9163112746717721,향후 AI 사용 예정자,향후 AI 사용 예정자,True
17265,1,1,0.8144349510845819,향후 AI 사용 예정자,향후 AI 사용 예정자,True
27242,1,1,0.9604596421098609,향후 AI 사용 예정자,향후 AI 사용 예정자,True
14503,1,1,0.9716791732923284,향후 AI 사용 예정자,향후 AI 사용 예정자,True
51211,1,1,0.8244987604882762,향후 AI 사용 예정자,향후 AI 사용 예정자,True
52486,0,1,0.572162295711879,현재 AI 사용자,향후 AI 사용 예정자,False
40174,0,1,0.5532461399715833,현재 AI 사용자,향후 AI 사용 예정자,False
16280,1,1,0.9231045866198815,향후 AI 사용 예정자,향후 AI 사용 예정자,True
321,0,1,0.6313406258226286,현재 AI 사용자,향후 AI 사용 예정자,False
3202,0,0,0.19231988677324927,현재 AI 사용자,현재 AI 사용자,True
15040,0,0,0.2606235323046009,현재 AI 사용자,현재 AI 사용자,True
46128,0,0,0.1302428933307915,현재 AI 사용자,현재 AI 사용자,True
44759,1,1,0.9956837929644387,향후 AI 사용 예정자,향후 AI 사용 예정자,True
313,0,0,0.16546317474508107,현재 AI 사용자,현재 AI 사용자,True
53177,1,1,0.7253977413473002,향후 AI 사용 예정자,향후 AI 사용 예정자,True
1015,1,1,0.8277253100093759,향후 AI 사용 예정자,향후 AI 사용 예정자,True
12371,1,0,0.1726639177922764,향후 AI 사용 예정자,현재 AI 사용자,False
18372,1,0,0.4052831222133409,향후 AI 사용 예정자,현재 AI 사용자,False
14315,1,0,0.4648528923787702,향후 AI 사용 예정자,현재 AI 사용자,False
6886,0,0,0.0711988949053571,현재 AI 사용자,현재 AI 사용자,True
25793,0,1,0.5895418523229682,현재 AI 사용자,향후 AI 사용 예정자,False
64778,0,0,0.2958427598614218,현재 AI 사용자,현재 AI 사용자,True
42646,1,1,0.8666567277472144,향후 AI 사용 예정자,향후 AI 사용 예정자,True
13296,1,1,0.8173900502360831,향후 AI 사용 예정자,향후 AI 사용 예정자,True
64992,1,1,0.5314798791395873,향후 AI 사용 예정자,향후 AI 사용 예정자,True
44548,1,0,0.45471582617053224,향후 AI 사용 예정자,현재 AI 사용자,False
34414,0,1,0.6242749323304648,현재 AI 사용자,향후 AI 사용 예정자,False
38682,1,0,0.4232717647823477,향후 AI 사용 예정자,현재 AI 사용자,False
52152,1,1,0.8673666827286645,향후 AI 사용 예정자,향후 AI 사용 예정자,True
31601,1,1,0.9394151571725782,향후 AI 사용 예정자,향후 AI 사용 예정자,True
16126,1,1,0.9153642195459271,향후 AI 사용 예정자,향후 AI 사용 예정자,True
31180,0,1,0.7194508270882335,현재 AI 사용자,향후 AI 사용 예정자,False
50435,0,0,0.10487270406839468,현재 AI 사용자,현재 AI 사용자,True
43986,0,0,0.059961922081109564,현재 AI 사용자,현재 AI 사용자,True
50982,1,1,0.9535554038582675,향후 AI 사용 예정자,향후 AI 사용 예정자,True
36916,1,1,0.6319270787519414,향후 AI 사용 예정자,향후 AI 사용 예정자,True
44264,0,1,0.5848328361789997,현재 AI 사용자,향후 AI 사용 예정자,False
59303,1,1,0.9044532698821809,향후 AI 사용 예정자,향후 AI 사용 예정자,True
42085,1,1,0.8634764852584763,향후 AI 사용 예정자,향후 AI 사용 예정자,True
28198,0,0,0.23974586796853212,현재 AI 사용자,현재 AI 사용자,True
17774,1,0,0.1659540423243592,향후 AI 사용 예정자,현재 AI 사용자,False
34872,1,1,0.5316698577196971,향후 AI 사용 예정자,향후 AI 사용 예정자,True
29538,1,1,0.5695540420894352,향후 AI 사용 예정자,향후 AI 사용 예정자,True
461,0,0,0.42832325172897956,현재 AI 사용자,현재 AI 사용자,True
1963,1,1,0.5714770299045235,향후 AI 사용 예정자,향후 AI 사용 예정자,True
54379,1,1,0.7153214607227911,향후 AI 사용 예정자,향후 AI 사용 예정자,True
51916,1,1,0.8302100056439944,향후 AI 사용 예정자,향후 AI 사용 예정자,True
21457,0,1,0.8992815035897916,현재 AI 사용자,향후 AI 사용 예정자,False
8540,1,1,0.9182739316871591,향후 AI 사용 예정자,향후 AI 사용 예정자,True
18767,0,1,0.5801343048261722,현재 AI 사용자,향후 AI 사용 예정자,False
44004,0,0,0.46325173631468275,현재 AI 사용자,현재 AI 사용자,True
23507,1,1,0.987952369638685,향후 AI 사용 예정자,향후 AI 사용 예정자,True
35270,1,1,0.6172137007012658,향후 AI 사용 예정자,향후 AI 사용 예정자,True
37986,1,1,0.9687406007837427,향후 AI 사용 예정자,향후 AI 사용 예정자,True
7003,1,1,0.9936028877716676,향후 AI 사용 예정자,향후 AI 사용 예정자,True
28105,1,1,0.8088903777125438,향후 AI 사용 예정자,향후 AI 사용 예정자,True
18387,0,1,0.7170883510971093,현재 AI 사용자,향후 AI 사용 예정자,False
16748,0,0,0.21291453155026185,현재 AI 사용자,현재 AI 사용자,True
38451,0,0,0.494600015498417,현재 AI 사용자,현재 AI 사용자,True
42466,1,0,0.18426835744739184,향후 AI 사용 예정자,현재 AI 사용자,False
57144,0,1,0.6865462167147149,현재 AI 사용자,향후 AI 사용 예정자,False
33014,1,1,0.649168346812038,향후 AI 사용 예정자,향후 AI 사용 예정자,True
57766,0,0,0.2631360404268639,현재 AI 사용자,현재 AI 사용자,True
5564,0,0,0.41279883264904327,현재 AI 사용자,현재 AI 사용자,True
32632,0,1,0.6962429539975835,현재 AI 사용자,향후 AI 사용 예정자,False
54708,0,1,0.8164206896289701,현재 AI 사용자,향후 AI 사용 예정자,False
60712,1,1,0.6256382424877973,향후 AI 사용 예정자,향후 AI 사용 예정자,True
6474,0,0,0.36939275035130925,현재 AI 사용자,현재 AI 사용자,True
32013,0,0,0.19126747949821826,현재 AI 사용자,현재 AI 사용자,True
41819,1,1,0.8959609266520518,향후 AI 사용 예정자,향후 AI 사용 예정자,True
25796,0,0,0.28170635839202735,현재 AI 사용자,현재 AI 사용자,True
11048,1,1,0.9512099953303725,향후 AI 사용 예정자,향후 AI 사용 예정자,True
13340,1,1,0.9911622172199853,향후 AI 사용 예정자,향후 AI 사용 예정자,True
57590,1,1,0.975057382423411,향후 AI 사용 예정자,향후 AI 사용 예정자,True
35544,1,1,0.9409132084955114,향후 AI 사용 예정자,향후 AI 사용 예정자,True
40995,1,1,0.780919293457985,향후 AI 사용 예정자,향후 AI 사용 예정자,True
29648,0,0,0.29454617318516013,현재 AI 사용자,현재 AI 사용자,True
5325,1,0,0.18836238873001243,향후 AI 사용 예정자,현재 AI 사용자,False
52892,1,1,0.6944842090385247,향후 AI 사용 예정자,향후 AI 사용 예정자,True
27601,0,0,0.2623652949978964,현재 AI 사용자,현재 AI 사용자,True
22267,1,1,0.8790336033031062,향후 AI 사용 예정자,향후 AI 사용 예정자,True
57767,1,0,0.4427144352663615,향후 AI 사용 예정자,현재 AI 사용자,False
39608,1,1,0.8751470183723377,향후 AI 사용 예정자,향후 AI 사용 예정자,True
24780,1,0,0.14613583575569777,향후 AI 사용 예정자,현재 AI 사용자,False
37133,0,0,0.27014104466081085,현재 AI 사용자,현재 AI 사용자,True
56602,1,1,0.9735131585711085,향후 AI 사용 예정자,향후 AI 사용 예정자,True
16266,1,1,0.8224084610672862,향후 AI 사용 예정자,향후 AI 사용 예정자,True
55788,1,1,0.816638802093055,향후 AI 사용 예정자,향후 AI 사용 예정자,True
25209,1,1,0.8543727898194817,향후 AI 사용 예정자,향후 AI 사용 예정자,True
37846,0,1,0.7136810815273131,현재 AI 사용자,향후 AI 사용 예정자,False
27943,0,0,0.2447802298484848,현재 AI 사용자,현재 AI 사용자,True
32636,1,1,0.9848791439395836,향후 AI 사용 예정자,향후 AI 사용 예정자,True
16972,0,1,0.9066747335030119,현재 AI 사용자,향후 AI 사용 예정자,False
13741,0,0,0.35229466563071665,현재 AI 사용자,현재 AI 사용자,True
11431,1,1,0.9223636459165563,향후 AI 사용 예정자,향후 AI 사용 예정자,True
1531,1,1,0.9905491729765804,향후 AI 사용 예정자,향후 AI 사용 예정자,True
6859,1,0,0.47328797743533485,향후 AI 사용 예정자,현재 AI 사용자,False
6386,1,1,0.7823657378145565,향후 AI 사용 예정자,향후 AI 사용 예정자,True
9148,0,0,0.21580713681043348,현재 AI 사용자,현재 AI 사용자,True
2018,0,0,0.3815110395868253,현재 AI 사용자,현재 AI 사용자,True
16688,1,1,0.8788952115675855,향후 AI 사용 예정자,향후 AI 사용 예정자,True
58821,1,1,0.9804620499937664,향후 AI 사용 예정자,향후 AI 사용 예정자,True
59584,0,0,0.31857925423432476,현재 AI 사용자,현재 AI 사용자,True
4289,1,1,0.9935725261633669,향후 AI 사용 예정자,향후 AI 사용 예정자,True
37692,1,1,0.7095343759699729,향후 AI 사용 예정자,향후 AI 사용 예정자,True
39609,1,0,0.19595235492301563,향후 AI 사용 예정자,현재 AI 사용자,False
32476,0,0,0.32160970419532897,현재 AI 사용자,현재 AI 사용자,True
46681,0,1,0.880034802516408,현재 AI 사용자,향후 AI 사용 예정자,False
4061,1,1,0.9400848942341206,향후 AI 사용 예정자,향후 AI 사용 예정자,True
27379,0,0,0.14903530983139238,현재 AI 사용자,현재 AI 사용자,True
19905,1,1,0.9048859192191807,향후 AI 사용 예정자,향후 AI 사용 예정자,True
18655,0,0,0.28341676853026004,현재 AI 사용자,현재 AI 사용자,True
8109,0,0,0.3187692933583459,현재 AI 사용자,현재 AI 사용자,True
35348,1,1,0.5375260786408257,향후 AI 사용 예정자,향후 AI 사용 예정자,True
7755,0,0,0.32753205411619785,현재 AI 사용자,현재 AI 사용자,True
31694,0,0,0.14680973531207822,현재 AI 사용자,현재 AI 사용자,True
15451,1,1,0.9868313351357977,향후 AI 사용 예정자,향후 AI 사용 예정자,True
26056,0,0,0.31067271180292566,현재 AI 사용자,현재 AI 사용자,True
58618,0,0,0.1027352920990349,현재 AI 사용자,현재 AI 사용자,True
36795,0,1,0.602497649475004,현재 AI 사용자,향후 AI 사용 예정자,False
49649,0,1,0.7054699052735499,현재 AI 사용자,향후 AI 사용 예정자,False
21834,0,0,0.37175865915527334,현재 AI 사용자,현재 AI 사용자,True
3407,1,1,0.8252429685585627,향후 AI 사용 예정자,향후 AI 사용 예정자,True
28523,1,0,0.21240876509527737,향후 AI 사용 예정자,현재 AI 사용자,False
8955,1,1,0.690253673201704,향후 AI 사용 예정자,향후 AI 사용 예정자,True
19058,0,0,0.4663467806207651,현재 AI 사용자,현재 AI 사용자,True
47102,0,0,0.17324799382952305,현재 AI 사용자,현재 AI 사용자,True
14005,0,0,0.27074001918091867,현재 AI 사용자,현재 AI 사용자,True
44428,1,1,0.9397679455495257,향후 AI 사용 예정자,향후 AI 사용 예정자,True
3509,1,1,0.9868577072327438,향후 AI 사용 예정자,향후 AI 사용 예정자,True
25295,1,1,0.8662851589981589,향후 AI 사용 예정자,향후 AI 사용 예정자,True
56651,1,1,0.9042351734318811,향후 AI 사용 예정자,향후 AI 사용 예정자,True
405,0,1,0.8761109350450247,현재 AI 사용자,향후 AI 사용 예정자,False
13135,0,0,0.09297068986973238,현재 AI 사용자,현재 AI 사용자,True
45221,1,1,0.8793540502377165,향후 AI 사용 예정자,향후 AI 사용 예정자,True
24188,1,1,0.8470904306636348,향후 AI 사용 예정자,향후 AI 사용 예정자,True
21293,0,0,0.22518780840502625,현재 AI 사용자,현재 AI 사용자,True
825,1,1,0.9743599636222873,향후 AI 사용 예정자,향후 AI 사용 예정자,True
2431,1,1,0.9874881409657759,향후 AI 사용 예정자,향후 AI 사용 예정자,True
19895,1,1,0.8837081595695061,향후 AI 사용 예정자,향후 AI 사용 예정자,True
65030,1,1,0.862328760182424,향후 AI 사용 예정자,향후 AI 사용 예정자,True
4545,0,1,0.6733069360968786,현재 AI 사용자,향후 AI 사용 예정자,False
17632,0,0,0.3486077374808616,현재 AI 사용자,현재 AI 사용자,True
52861,0,0,0.3556768316346563,현재 AI 사용자,현재 AI 사용자,True
4814,1,1,0.6507783398814924,향후 AI 사용 예정자,향후 AI 사용 예정자,True
3253,1,1,0.6362039813132409,향후 AI 사용 예정자,향후 AI 사용 예정자,True
26181,0,1,0.5617490279417686,현재 AI 사용자,향후 AI 사용 예정자,False
11978,0,1,0.5631484690441209,현재 AI 사용자,향후 AI 사용 예정자,False
38714,1,1,0.8053529952994273,향후 AI 사용 예정자,향후 AI 사용 예정자,True
31007,1,1,0.6100263456681883,향후 AI 사용 예정자,향후 AI 사용 예정자,True
56768,1,1,0.5697481125139778,향후 AI 사용 예정자,향후 AI 사용 예정자,True
55242,1,1,0.5326305644089159,향후 AI 사용 예정자,향후 AI 사용 예정자,True
47854,1,1,0.8652372160384151,향후 AI 사용 예정자,향후 AI 사용 예정자,True
43650,1,0,0.3063684773579,향후 AI 사용 예정자,현재 AI 사용자,False
13698,0,0,0.3594736453564407,현재 AI 사용자,현재 AI 사용자,True
24630,1,1,0.7345683651593979,향후 AI 사용 예정자,향후 AI 사용 예정자,True
34862,0,0,0.1281519770348487,현재 AI 사용자,현재 AI 사용자,True
7731,1,0,0.39660670300734935,향후 AI 사용 예정자,현재 AI 사용자,False
50817,0,0,0.0638917901319655,현재 AI 사용자,현재 AI 사용자,True
5783,1,1,0.6076248046867306,향후 AI 사용 예정자,향후 AI 사용 예정자,True
57955,1,1,0.9630884116724956,향후 AI 사용 예정자,향후 AI 사용 예정자,True
64931,0,1,0.8377986160350611,현재 AI 사용자,향후 AI 사용 예정자,False
4422,1,1,0.584907052204313,향후 AI 사용 예정자,향후 AI 사용 예정자,True
10549,0,1,0.7899862737991142,현재 AI 사용자,향후 AI 사용 예정자,False
28124,1,1,0.7034464588131008,향후 AI 사용 예정자,향후 AI 사용 예정자,True
42765,0,0,0.4622705614022554,현재 AI 사용자,현재 AI 사용자,True
3646,1,0,0.3864611026560787,향후 AI 사용 예정자,현재 AI 사용자,False
30701,0,1,0.6082867790115929,현재 AI 사용자,향후 AI 사용 예정자,False
51946,1,1,0.5942096794249813,향후 AI 사용 예정자,향후 AI 사용 예정자,True
22472,1,0,0.4135348689618012,향후 AI 사용 예정자,현재 AI 사용자,False
29141,0,0,0.4782118053039743,현재 AI 사용자,현재 AI 사용자,True
8016,0,0,0.45227038493169414,현재 AI 사용자,현재 AI 사용자,True
50480,1,1,0.8370553815593041,향후 AI 사용 예정자,향후 AI 사용 예정자,True
16876,1,1,0.8056251617138693,향후 AI 사용 예정자,향후 AI 사용 예정자,True
64423,1,1,0.9891100010185145,향후 AI 사용 예정자,향후 AI 사용 예정자,True
34176,0,0,0.3012917476260501,현재 AI 사용자,현재 AI 사용자,True
38871,1,0,0.4903852580920178,향후 AI 사용 예정자,현재 AI 사용자,False
24048,1,1,0.7851397676152715,향후 AI 사용 예정자,향후 AI 사용 예정자,True
16487,0,0,0.39074391545527554,현재 AI 사용자,현재 AI 사용자,True
53457,0,0,0.3715502318222941,현재 AI 사용자,현재 AI 사용자,True
56520,1,1,0.86528509530993,향후 AI 사용 예정자,향후 AI 사용 예정자,True
40772,1,1,0.6125548972442229,향후 AI 사용 예정자,향후 AI 사용 예정자,True
31803,1,1,0.7600556641921704,향후 AI 사용 예정자,향후 AI 사용 예정자,True
41525,0,1,0.5132776410894132,현재 AI 사용자,향후 AI 사용 예정자,False
56359,1,1,0.822601246691638,향후 AI 사용 예정자,향후 AI 사용 예정자,True
32347,0,0,0.3901156773615805,현재 AI 사용자,현재 AI 사용자,True
19825,1,1,0.5998633143874208,향후 AI 사용 예정자,향후 AI 사용 예정자,True
36286,1,1,0.5825962940469621,향후 AI 사용 예정자,향후 AI 사용 예정자,True
58836,0,1,0.7147257243844768,현재 AI 사용자,향후 AI 사용 예정자,False
37561,0,0,0.2514246081770745,현재 AI 사용자,현재 AI 사용자,True
4979,0,0,0.3091032629789269,현재 AI 사용자,현재 AI 사용자,True
36619,0,1,0.582872328601544,현재 AI 사용자,향후 AI 사용 예정자,False
48616,1,1,0.9839356995289167,향후 AI 사용 예정자,향후 AI 사용 예정자,True
20364,1,0,0.4350270955681892,향후 AI 사용 예정자,현재 AI 사용자,False
11906,1,0,0.4300305651779536,향후 AI 사용 예정자,현재 AI 사용자,False
33861,1,1,0.9601087971394551,향후 AI 사용 예정자,향후 AI 사용 예정자,True
8369,1,1,0.5546586088331009,향후 AI 사용 예정자,향후 AI 사용 예정자,True
33281,1,1,0.6799252729307778,향후 AI 사용 예정자,향후 AI 사용 예정자,True
5682,1,0,0.4038061408714891,향후 AI 사용 예정자,현재 AI 사용자,False
8982,0,0,0.344397984310528,현재 AI 사용자,현재 AI 사용자,True
40378,1,1,0.8382791444837475,향후 AI 사용 예정자,향후 AI 사용 예정자,True
52768,1,1,0.9867593892348206,향후 AI 사용 예정자,향후 AI 사용 예정자,True
35103,0,1,0.6351886020629288,현재 AI 사용자,향후 AI 사용 예정자,False
5793,1,1,0.5420846289377645,향후 AI 사용 예정자,향후 AI 사용 예정자,True
23782,1,0,0.2848596646422976,향후 AI 사용 예정자,현재 AI 사용자,False
64217,1,1,0.7091042415942067,향후 AI 사용 예정자,향후 AI 사용 예정자,True
48113,1,1,0.8772210209667652,향후 AI 사용 예정자,향후 AI 사용 예정자,True
19889,1,1,0.6354983648010403,향후 AI 사용 예정자,향후 AI 사용 예정자,True
13661,0,0,0.3083928501519252,현재 AI 사용자,현재 AI 사용자,True
38471,1,1,0.5637695399754341,향후 AI 사용 예정자,향후 AI 사용 예정자,True
16684,1,0,0.32706129378820675,향후 AI 사용 예정자,현재 AI 사용자,False
39950,0,0,0.2944715240457433,현재 AI 사용자,현재 AI 사용자,True
39711,1,1,0.6897310781321916,향후 AI 사용 예정자,향후 AI 사용 예정자,True
65268,0,1,0.6753565217892505,현재 AI 사용자,향후 AI 사용 예정자,False
34203,1,1,0.9190937800131389,향후 AI 사용 예정자,향후 AI 사용 예정자,True
7321,1,1,0.8847488325902665,향후 AI 사용 예정자,향후 AI 사용 예정자,True
39445,1,1,0.9413481966741352,향후 AI 사용 예정자,향후 AI 사용 예정자,True
8072,1,1,0.9413136260940369,향후 AI 사용 예정자,향후 AI 사용 예정자,True
60484,0,0,0.4421243888116809,현재 AI 사용자,현재 AI 사용자,True
46545,1,1,0.753275322148548,향후 AI 사용 예정자,향후 AI 사용 예정자,True
10837,1,1,0.7669365757108574,향후 AI 사용 예정자,향후 AI 사용 예정자,True
39957,1,1,0.7800438750226002,향후 AI 사용 예정자,향후 AI 사용 예정자,True
10506,1,1,0.8060940315513343,향후 AI 사용 예정자,향후 AI 사용 예정자,True
35761,1,1,0.9368466731083154,향후 AI 사용 예정자,향후 AI 사용 예정자,True
57671,0,0,0.1520541622679575,현재 AI 사용자,현재 AI 사용자,True
33858,1,1,0.8503584182071725,향후 AI 사용 예정자,향후 AI 사용 예정자,True
1446,1,1,0.6773532392382285,향후 AI 사용 예정자,향후 AI 사용 예정자,True
35825,1,0,0.3092801230511838,향후 AI 사용 예정자,현재 AI 사용자,False
37289,0,0,0.09806791747083922,현재 AI 사용자,현재 AI 사용자,True
13395,0,0,0.28049151409978146,현재 AI 사용자,현재 AI 사용자,True
57930,1,0,0.361063157735157,향후 AI 사용 예정자,현재 AI 사용자,False
45115,0,0,0.2544821547538062,현재 AI 사용자,현재 AI 사용자,True
3471,1,1,0.7585813430658207,향후 AI 사용 예정자,향후 AI 사용 예정자,True
20871,1,1,0.7319612677527471,향후 AI 사용 예정자,향후 AI 사용 예정자,True
64978,1,1,0.8412364465155109,향후 AI 사용 예정자,향후 AI 사용 예정자,True
34855,1,1,0.9321289083079433,향후 AI 사용 예정자,향후 AI 사용 예정자,True
33898,0,0,0.2033098696618599,현재 AI 사용자,현재 AI 사용자,True
63453,0,1,0.7595750517399247,현재 AI 사용자,향후 AI 사용 예정자,False
38971,0,0,0.29701635784718744,현재 AI 사용자,현재 AI 사용자,True
51581,0,1,0.8977981950117239,현재 AI 사용자,향후 AI 사용 예정자,False
46725,1,1,0.8610393792798977,향후 AI 사용 예정자,향후 AI 사용 예정자,True
14157,0,0,0.13474242156354913,현재 AI 사용자,현재 AI 사용자,True
58012,0,1,0.646725201196948,현재 AI 사용자,향후 AI 사용 예정자,False
5334,1,1,0.8735610160972412,향후 AI 사용 예정자,향후 AI 사용 예정자,True
64021,1,1,0.8383757909058295,향후 AI 사용 예정자,향후 AI 사용 예정자,True
12559,0,0,0.3441949947363594,현재 AI 사용자,현재 AI 사용자,True
43417,0,0,0.34522285200906677,현재 AI 사용자,현재 AI 사용자,True
55427,1,0,0.395846652032428,향후 AI 사용 예정자,현재 AI 사용자,False
47909,1,1,0.5061807257439819,향후 AI 사용 예정자,향후 AI 사용 예정자,True
11738,0,0,0.4513637492381585,현재 AI 사용자,현재 AI 사용자,True
33496,1,1,0.7840163376393985,향후 AI 사용 예정자,향후 AI 사용 예정자,True
26267,0,0,0.3440230776310078,현재 AI 사용자,현재 AI 사용자,True
57999,1,0,0.38944655839968145,향후 AI 사용 예정자,현재 AI 사용자,False
41708,0,0,0.33892975276075105,현재 AI 사용자,현재 AI 사용자,True
2912,0,0,0.28770466725445837,현재 AI 사용자,현재 AI 사용자,True
8385,1,1,0.9515770799072691,향후 AI 사용 예정자,향후 AI 사용 예정자,True
7993,0,0,0.3526516123643035,현재 AI 사용자,현재 AI 사용자,True
17930,0,0,0.43988421537536265,현재 AI 사용자,현재 AI 사용자,True
24324,0,0,0.4436568239792513,현재 AI 사용자,현재 AI 사용자,True
31676,1,1,0.7465682792845807,향후 AI 사용 예정자,향후 AI 사용 예정자,True
47615,1,1,0.8114047249716103,향후 AI 사용 예정자,향후 AI 사용 예정자,True
13519,1,1,0.7420426295106068,향후 AI 사용 예정자,향후 AI 사용 예정자,True
41719,1,1,0.7245439213837398,향후 AI 사용 예정자,향후 AI 사용 예정자,True
15070,1,1,0.6464665454361143,향후 AI 사용 예정자,향후 AI 사용 예정자,True
58949,1,1,0.9830940721216442,향후 AI 사용 예정자,향후 AI 사용 예정자,True
7761,1,0,0.22225438495601194,향후 AI 사용 예정자,현재 AI 사용자,False
4552,0,0,0.05214167465986048,현재 AI 사용자,현재 AI 사용자,True
16857,0,1,0.756904754805617,현재 AI 사용자,향후 AI 사용 예정자,False
35983,0,0,0.22742098339770647,현재 AI 사용자,현재 AI 사용자,True
35018,0,1,0.5587136438744202,현재 AI 사용자,향후 AI 사용 예정자,False
50296,0,0,0.06554585447833759,현재 AI 사용자,현재 AI 사용자,True
14405,1,1,0.6788547062011286,향후 AI 사용 예정자,향후 AI 사용 예정자,True
58576,1,1,0.8334346255912713,향후 AI 사용 예정자,향후 AI 사용 예정자,True
21673,1,1,0.8680597899075801,향후 AI 사용 예정자,향후 AI 사용 예정자,True
36940,0,1,0.8666062606751969,현재 AI 사용자,향후 AI 사용 예정자,False
14447,1,1,0.8778837317762418,향후 AI 사용 예정자,향후 AI 사용 예정자,True
47757,0,0,0.1819509902435137,현재 AI 사용자,현재 AI 사용자,True
21471,0,0,0.1584710059312745,현재 AI 사용자,현재 AI 사용자,True
65000,1,1,0.6947524303606873,향후 AI 사용 예정자,향후 AI 사용 예정자,True
36576,0,0,0.4250238611927412,현재 AI 사용자,현재 AI 사용자,True
4270,1,0,0.42204742240164905,향후 AI 사용 예정자,현재 AI 사용자,False
60165,1,1,0.9584136448001079,향후 AI 사용 예정자,향후 AI 사용 예정자,True
32266,1,1,0.7752821958338185,향후 AI 사용 예정자,향후 AI 사용 예정자,True
54056,1,1,0.6516285713076394,향후 AI 사용 예정자,향후 AI 사용 예정자,True
2655,0,0,0.09941387374823892,현재 AI 사용자,현재 AI 사용자,True
6781,1,1,0.611108609617167,향후 AI 사용 예정자,향후 AI 사용 예정자,True
21746,1,1,0.548836572035226,향후 AI 사용 예정자,향후 AI 사용 예정자,True
39812,0,1,0.5126567902027745,현재 AI 사용자,향후 AI 사용 예정자,False
10970,1,1,0.9102228941634567,향후 AI 사용 예정자,향후 AI 사용 예정자,True
15241,0,1,0.6369212606507182,현재 AI 사용자,향후 AI 사용 예정자,False
45006,0,1,0.5872036914226137,현재 AI 사용자,향후 AI 사용 예정자,False
58694,1,1,0.8864650617390876,향후 AI 사용 예정자,향후 AI 사용 예정자,True
29063,1,1,0.8792019880777462,향후 AI 사용 예정자,향후 AI 사용 예정자,True
42434,0,1,0.6984565451898301,현재 AI 사용자,향후 AI 사용 예정자,False
35658,1,1,0.8881424508973439,향후 AI 사용 예정자,향후 AI 사용 예정자,True
40537,0,0,0.1541602640475916,현재 AI 사용자,현재 AI 사용자,True
56059,0,1,0.7424032986854563,현재 AI 사용자,향후 AI 사용 예정자,False
41015,1,1,0.9774434980551266,향후 AI 사용 예정자,향후 AI 사용 예정자,True
44009,0,1,0.5467930368682457,현재 AI 사용자,향후 AI 사용 예정자,False
39122,1,1,0.7071007866622818,향후 AI 사용 예정자,향후 AI 사용 예정자,True
59118,1,1,0.8329341019625783,향후 AI 사용 예정자,향후 AI 사용 예정자,True
60344,1,0,0.3997505720859695,향후 AI 사용 예정자,현재 AI 사용자,False
56160,0,0,0.42893446303658506,현재 AI 사용자,현재 AI 사용자,True
43763,0,0,0.46413493640054837,현재 AI 사용자,현재 AI 사용자,True
13745,0,0,0.2922139514321465,현재 AI 사용자,현재 AI 사용자,True
24584,1,1,0.9255498412918426,향후 AI 사용 예정자,향후 AI 사용 예정자,True
24207,0,0,0.41294212763237986,현재 AI 사용자,현재 AI 사용자,True
6203,1,1,0.5875460723335197,향후 AI 사용 예정자,향후 AI 사용 예정자,True
30353,1,1,0.9566340592337481,향후 AI 사용 예정자,향후 AI 사용 예정자,True
31746,0,0,0.30149155481743817,현재 AI 사용자,현재 AI 사용자,True
42867,0,0,0.16756857863495478,현재 AI 사용자,현재 AI 사용자,True
42775,1,1,0.9501535972471188,향후 AI 사용 예정자,향후 AI 사용 예정자,True
53429,1,1,0.9094442739134208,향후 AI 사용 예정자,향후 AI 사용 예정자,True
39623,1,1,0.5458454174115938,향후 AI 사용 예정자,향후 AI 사용 예정자,True
651,0,1,0.5513005651633803,현재 AI 사용자,향후 AI 사용 예정자,False
18709,0,1,0.7865025654137318,현재 AI 사용자,향후 AI 사용 예정자,False
58802,1,0,0.20794527377094935,향후 AI 사용 예정자,현재 AI 사용자,False
26244,0,0,0.22687126162980098,현재 AI 사용자,현재 AI 사용자,True
18734,1,0,0.4972729984831096,향후 AI 사용 예정자,현재 AI 사용자,False
34283,1,1,0.9698617307969749,향후 AI 사용 예정자,향후 AI 사용 예정자,True
42324,1,1,0.903064396431862,향후 AI 사용 예정자,향후 AI 사용 예정자,True
2183,1,1,0.9491928013276927,향후 AI 사용 예정자,향후 AI 사용 예정자,True
37610,0,0,0.4646473577992141,현재 AI 사용자,현재 AI 사용자,True
13977,1,0,0.3698353747696628,향후 AI 사용 예정자,현재 AI 사용자,False
61377,1,1,0.8088980926485247,향후 AI 사용 예정자,향후 AI 사용 예정자,True
48701,1,1,0.7565273254443429,향후 AI 사용 예정자,향후 AI 사용 예정자,True
64829,1,1,0.6885659678251519,향후 AI 사용 예정자,향후 AI 사용 예정자,True
8662,1,1,0.9066454070771803,향후 AI 사용 예정자,향후 AI 사용 예정자,True
53604,1,1,0.7242854061866558,향후 AI 사용 예정자,향후 AI 사용 예정자,True
47259,1,1,0.5536010635606452,향후 AI 사용 예정자,향후 AI 사용 예정자,True
52580,1,1,0.8494636622597533,향후 AI 사용 예정자,향후 AI 사용 예정자,True
12800,1,1,0.7486803886333196,향후 AI 사용 예정자,향후 AI 사용 예정자,True
48900,1,1,0.9368380756631048,향후 AI 사용 예정자,향후 AI 사용 예정자,True
24810,1,0,0.46290430225949736,향후 AI 사용 예정자,현재 AI 사용자,False
24380,1,1,0.6361516075383596,향후 AI 사용 예정자,향후 AI 사용 예정자,True
10575,1,1,0.988626088798679,향후 AI 사용 예정자,향후 AI 사용 예정자,True
40392,0,0,0.4087827045121329,현재 AI 사용자,현재 AI 사용자,True
13131,0,1,0.5887670311581644,현재 AI 사용자,향후 AI 사용 예정자,False
23480,1,1,0.9184661206468427,향후 AI 사용 예정자,향후 AI 사용 예정자,True
2559,1,1,0.688507563975645,향후 AI 사용 예정자,향후 AI 사용 예정자,True
2585,0,1,0.7340900452623809,현재 AI 사용자,향후 AI 사용 예정자,False
44276,1,1,0.9549344720075325,향후 AI 사용 예정자,향후 AI 사용 예정자,True
54043,0,0,0.49514820450856256,현재 AI 사용자,현재 AI 사용자,True
35611,1,1,0.8758177850068237,향후 AI 사용 예정자,향후 AI 사용 예정자,True
24485,0,1,0.5356337958966768,현재 AI 사용자,향후 AI 사용 예정자,False
24202,1,1,0.6155454545951251,향후 AI 사용 예정자,향후 AI 사용 예정자,True
17496,1,1,0.9314158762412632,향후 AI 사용 예정자,향후 AI 사용 예정자,True
34663,1,1,0.7691207494555726,향후 AI 사용 예정자,향후 AI 사용 예정자,True
6911,0,0,0.2363859482441531,현재 AI 사용자,현재 AI 사용자,True
963,1,1,0.5899468219851612,향후 AI 사용 예정자,향후 AI 사용 예정자,True
15727,1,1,0.9764342853173068,향후 AI 사용 예정자,향후 AI 사용 예정자,True
15340,1,1,0.7072077403904568,향후 AI 사용 예정자,향후 AI 사용 예정자,True
21718,1,1,0.8822959462071035,향후 AI 사용 예정자,향후 AI 사용 예정자,True
15087,1,1,0.9160157043052727,향후 AI 사용 예정자,향후 AI 사용 예정자,True
25838,1,0,0.45228952821884716,향후 AI 사용 예정자,현재 AI 사용자,False
20703,1,1,0.9444567256408787,향후 AI 사용 예정자,향후 AI 사용 예정자,True
61442,1,0,0.3494829423750025,향후 AI 사용 예정자,현재 AI 사용자,False
59620,1,1,0.6136069496549436,향후 AI 사용 예정자,향후 AI 사용 예정자,True
59326,0,0,0.14954921236562496,현재 AI 사용자,현재 AI 사용자,True
32091,1,1,0.506473314429872,향후 AI 사용 예정자,향후 AI 사용 예정자,True
8874,0,0,0.42016026694610586,현재 AI 사용자,현재 AI 사용자,True
8691,0,0,0.4547838987318471,현재 AI 사용자,현재 AI 사용자,True
18169,1,1,0.7838382201606096,향후 AI 사용 예정자,향후 AI 사용 예정자,True
26248,1,1,0.6663177130434008,향후 AI 사용 예정자,향후 AI 사용 예정자,True
53325,1,1,0.959430884940797,향후 AI 사용 예정자,향후 AI 사용 예정자,True
36537,1,0,0.2358587730657543,향후 AI 사용 예정자,현재 AI 사용자,False
25140,1,1,0.8970720869997302,향후 AI 사용 예정자,향후 AI 사용 예정자,True
41175,1,1,0.8779129381754659,향후 AI 사용 예정자,향후 AI 사용 예정자,True
34037,1,1,0.9075885097818926,향후 AI 사용 예정자,향후 AI 사용 예정자,True
20176,1,1,0.8648025454167281,향후 AI 사용 예정자,향후 AI 사용 예정자,True
16793,1,1,0.933144372864578,향후 AI 사용 예정자,향후 AI 사용 예정자,True
36077,0,1,0.8455820201000448,현재 AI 사용자,향후 AI 사용 예정자,False
11057,0,0,0.3050560380949218,현재 AI 사용자,현재 AI 사용자,True
30875,0,0,0.1287065105533312,현재 AI 사용자,현재 AI 사용자,True
62855,0,1,0.8798269187998258,현재 AI 사용자,향후 AI 사용 예정자,False
22424,0,1,0.6072584998480262,현재 AI 사용자,향후 AI 사용 예정자,False
62852,1,0,0.4330605136084975,향후 AI 사용 예정자,현재 AI 사용자,False
16954,1,1,0.8470915123178807,향후 AI 사용 예정자,향후 AI 사용 예정자,True
59270,0,1,0.554813492869804,현재 AI 사용자,향후 AI 사용 예정자,False
14232,1,1,0.9288135375834298,향후 AI 사용 예정자,향후 AI 사용 예정자,True
43586,1,1,0.8708269368627027,향후 AI 사용 예정자,향후 AI 사용 예정자,True
20733,1,0,0.4327101489663649,향후 AI 사용 예정자,현재 AI 사용자,False
42204,1,0,0.22603772598987132,향후 AI 사용 예정자,현재 AI 사용자,False
30837,1,1,0.7864654032740074,향후 AI 사용 예정자,향후 AI 사용 예정자,True
8023,1,1,0.6778629357454921,향후 AI 사용 예정자,향후 AI 사용 예정자,True
21916,0,0,0.16735808018657836,현재 AI 사용자,현재 AI 사용자,True
23498,1,0,0.1998989462308817,향후 AI 사용 예정자,현재 AI 사용자,False
44875,0,0,0.1509656760955039,현재 AI 사용자,현재 AI 사용자,True
10750,0,0,0.18881982533108252,현재 AI 사용자,현재 AI 사용자,True
65120,1,1,0.8543374393885179,향후 AI 사용 예정자,향후 AI 사용 예정자,True
39975,1,1,0.9868466260252956,향후 AI 사용 예정자,향후 AI 사용 예정자,True
58517,1,1,0.8853342021898652,향후 AI 사용 예정자,향후 AI 사용 예정자,True
37823,1,1,0.9665963514022705,향후 AI 사용 예정자,향후 AI 사용 예정자,True
41570,1,0,0.23181754721560074,향후 AI 사용 예정자,현재 AI 사용자,False
44259,0,0,0.23814267017137686,현재 AI 사용자,현재 AI 사용자,True
34362,0,0,0.21523724057835505,현재 AI 사용자,현재 AI 사용자,True
20377,0,0,0.3010083258242387,현재 AI 사용자,현재 AI 사용자,True
8467,0,0,0.29828781292096884,현재 AI 사용자,현재 AI 사용자,True
20323,1,0,0.4755780298568786,향후 AI 사용 예정자,현재 AI 사용자,False
40747,0,1,0.709934310782338,현재 AI 사용자,향후 AI 사용 예정자,False
36261,0,0,0.08870080892068632,현재 AI 사용자,현재 AI 사용자,True
17829,0,0,0.2195222563549024,현재 AI 사용자,현재 AI 사용자,True
37168,0,1,0.7193634534089958,현재 AI 사용자,향후 AI 사용 예정자,False
47926,1,1,0.6441835924938026,향후 AI 사용 예정자,향후 AI 사용 예정자,True
13690,1,1,0.6861448435518974,향후 AI 사용 예정자,향후 AI 사용 예정자,True
37358,0,0,0.1781593279925649,현재 AI 사용자,현재 AI 사용자,True
37548,1,1,0.9657130205120543,향후 AI 사용 예정자,향후 AI 사용 예정자,True
40613,1,1,0.8907026617620001,향후 AI 사용 예정자,향후 AI 사용 예정자,True
51230,0,1,0.7727063173692188,현재 AI 사용자,향후 AI 사용 예정자,False
60940,0,0,0.23400268686495207,현재 AI 사용자,현재 AI 사용자,True
28442,0,0,0.26666642161506465,현재 AI 사용자,현재 AI 사용자,True
58778,1,1,0.904673055307898,향후 AI 사용 예정자,향후 AI 사용 예정자,True
16675,1,1,0.9527651469795709,향후 AI 사용 예정자,향후 AI 사용 예정자,True
9569,0,0,0.3934242726599356,현재 AI 사용자,현재 AI 사용자,True
50026,0,0,0.3030607614192002,현재 AI 사용자,현재 AI 사용자,True
49647,0,0,0.39077893961365484,현재 AI 사용자,현재 AI 사용자,True
38309,0,0,0.24753229989714365,현재 AI 사용자,현재 AI 사용자,True
5236,1,1,0.8706503903092527,향후 AI 사용 예정자,향후 AI 사용 예정자,True
36339,0,0,0.28857138602957555,현재 AI 사용자,현재 AI 사용자,True
48381,1,1,0.9753842118138316,향후 AI 사용 예정자,향후 AI 사용 예정자,True
33751,1,1,0.9465254836995165,향후 AI 사용 예정자,향후 AI 사용 예정자,True
18292,0,0,0.4749522297599065,현재 AI 사용자,현재 AI 사용자,True
9139,0,1,0.8821057116472254,현재 AI 사용자,향후 AI 사용 예정자,False
55205,1,1,0.9917326650176526,향후 AI 사용 예정자,향후 AI 사용 예정자,True
39933,1,1,0.9153235104620198,향후 AI 사용 예정자,향후 AI 사용 예정자,True
53882,1,1,0.8547735426400723,향후 AI 사용 예정자,향후 AI 사용 예정자,True
11813,1,0,0.3401674452530534,향후 AI 사용 예정자,현재 AI 사용자,False
3417,1,1,0.7442452964411744,향후 AI 사용 예정자,향후 AI 사용 예정자,True
45279,0,0,0.29837851898216083,현재 AI 사용자,현재 AI 사용자,True
12770,0,1,0.6049393742660438,현재 AI 사용자,향후 AI 사용 예정자,False
54449,1,1,0.9229218328692402,향후 AI 사용 예정자,향후 AI 사용 예정자,True
13632,0,1,0.5681611776274005,현재 AI 사용자,향후 AI 사용 예정자,False
10922,1,1,0.9951265957851848,향후 AI 사용 예정자,향후 AI 사용 예정자,True
38806,1,1,0.9632671486677474,향후 AI 사용 예정자,향후 AI 사용 예정자,True
38966,0,0,0.1388058007730119,현재 AI 사용자,현재 AI 사용자,True
17041,0,0,0.18327135501736433,현재 AI 사용자,현재 AI 사용자,True
56657,1,0,0.20403301234089574,향후 AI 사용 예정자,현재 AI 사용자,False
15164,0,0,0.1694564382911429,현재 AI 사용자,현재 AI 사용자,True
14189,1,1,0.9609758563568247,향후 AI 사용 예정자,향후 AI 사용 예정자,True
15140,1,0,0.32759988459422196,향후 AI 사용 예정자,현재 AI 사용자,False
10237,0,0,0.4305801536772477,현재 AI 사용자,현재 AI 사용자,True
40821,0,0,0.40735217955541614,현재 AI 사용자,현재 AI 사용자,True
58485,1,1,0.9886757898668053,향후 AI 사용 예정자,향후 AI 사용 예정자,True
31818,0,1,0.5529614216438773,현재 AI 사용자,향후 AI 사용 예정자,False
50214,0,0,0.3265085150995549,현재 AI 사용자,현재 AI 사용자,True
18306,0,0,0.4674705822255773,현재 AI 사용자,현재 AI 사용자,True
15776,0,0,0.30273101896783744,현재 AI 사용자,현재 AI 사용자,True
30116,1,1,0.7939050416606965,향후 AI 사용 예정자,향후 AI 사용 예정자,True
7400,1,1,0.9839113867269081,향후 AI 사용 예정자,향후 AI 사용 예정자,True
28165,0,0,0.3413795186838657,현재 AI 사용자,현재 AI 사용자,True
3912,0,0,0.22160592188124834,현재 AI 사용자,현재 AI 사용자,True
25233,1,0,0.39838716887473774,향후 AI 사용 예정자,현재 AI 사용자,False
39459,0,0,0.39152571797430913,현재 AI 사용자,현재 AI 사용자,True
45810,1,1,0.5603279326775761,향후 AI 사용 예정자,향후 AI 사용 예정자,True
10873,1,1,0.9390007088393568,향후 AI 사용 예정자,향후 AI 사용 예정자,True
46655,0,0,0.26066744482796034,현재 AI 사용자,현재 AI 사용자,True
1600,0,0,0.3112989854211286,현재 AI 사용자,현재 AI 사용자,True
27707,0,1,0.7150120268843703,현재 AI 사용자,향후 AI 사용 예정자,False
23576,0,1,0.7029999490440357,현재 AI 사용자,향후 AI 사용 예정자,False
27801,1,1,0.7440714172375741,향후 AI 사용 예정자,향후 AI 사용 예정자,True
45140,0,0,0.28107116159661955,현재 AI 사용자,현재 AI 사용자,True
28910,1,0,0.4584431509741868,향후 AI 사용 예정자,현재 AI 사용자,False
48142,1,1,0.9069183721712137,향후 AI 사용 예정자,향후 AI 사용 예정자,True
39849,0,0,0.372494498307868,현재 AI 사용자,현재 AI 사용자,True
31945,1,0,0.21692572906618213,향후 AI 사용 예정자,현재 AI 사용자,False
18436,0,0,0.20945334275552213,현재 AI 사용자,현재 AI 사용자,True
55892,1,1,0.7210397286244074,향후 AI 사용 예정자,향후 AI 사용 예정자,True
37558,0,0,0.24689815592549408,현재 AI 사용자,현재 AI 사용자,True
8251,1,1,0.8341642968807174,향후 AI 사용 예정자,향후 AI 사용 예정자,True
23797,0,0,0.28870284230162657,현재 AI 사용자,현재 AI 사용자,True
21372,1,1,0.8673011106518359,향후 AI 사용 예정자,향후 AI 사용 예정자,True
45373,0,0,0.4039132964502449,현재 AI 사용자,현재 AI 사용자,True
46493,0,0,0.15698772260880228,현재 AI 사용자,현재 AI 사용자,True
43171,0,1,0.7681361469092064,현재 AI 사용자,향후 AI 사용 예정자,False
55787,1,1,0.7150783037741242,향후 AI 사용 예정자,향후 AI 사용 예정자,True
46756,0,0,0.4502185013118006,현재 AI 사용자,현재 AI 사용자,True
14579,1,1,0.9104693533594301,향후 AI 사용 예정자,향후 AI 사용 예정자,True
35519,0,0,0.18583374503312236,현재 AI 사용자,현재 AI 사용자,True
6276,0,0,0.14437606861881508,현재 AI 사용자,현재 AI 사용자,True
1381,0,0,0.13822920893983898,현재 AI 사용자,현재 AI 사용자,True
37868,1,1,0.8567715654648346,향후 AI 사용 예정자,향후 AI 사용 예정자,True
36963,0,0,0.38439465595576905,현재 AI 사용자,현재 AI 사용자,True
51156,0,0,0.21098177462733808,현재 AI 사용자,현재 AI 사용자,True
45539,1,0,0.37003247128189526,향후 AI 사용 예정자,현재 AI 사용자,False
23129,0,0,0.17897330106311268,현재 AI 사용자,현재 AI 사용자,True
33520,1,1,0.8870522755479936,향후 AI 사용 예정자,향후 AI 사용 예정자,True
58491,1,1,0.9554949425822652,향후 AI 사용 예정자,향후 AI 사용 예정자,True
47103,1,1,0.6817154361918619,향후 AI 사용 예정자,향후 AI 사용 예정자,True
52765,1,1,0.7883761214809443,향후 AI 사용 예정자,향후 AI 사용 예정자,True
36554,0,0,0.1695523469608094,현재 AI 사용자,현재 AI 사용자,True
46769,0,0,0.11379967129270588,현재 AI 사용자,현재 AI 사용자,True
9326,1,1,0.6766815511553879,향후 AI 사용 예정자,향후 AI 사용 예정자,True
7765,0,0,0.39747997598064366,현재 AI 사용자,현재 AI 사용자,True
9286,1,1,0.6817697931992149,향후 AI 사용 예정자,향후 AI 사용 예정자,True
53769,1,1,0.553235192118407,향후 AI 사용 예정자,향후 AI 사용 예정자,True
19826,1,1,0.703363430860975,향후 AI 사용 예정자,향후 AI 사용 예정자,True
56226,1,1,0.9752138629426297,향후 AI 사용 예정자,향후 AI 사용 예정자,True
50764,0,0,0.43621761644616786,현재 AI 사용자,현재 AI 사용자,True
51217,1,1,0.9490034767994652,향후 AI 사용 예정자,향후 AI 사용 예정자,True
5472,0,1,0.5011357638427641,현재 AI 사용자,향후 AI 사용 예정자,False
60019,1,1,0.7983074441544826,향후 AI 사용 예정자,향후 AI 사용 예정자,True
1062,1,1,0.8748772873100057,향후 AI 사용 예정자,향후 AI 사용 예정자,True
35666,0,1,0.5056318898925088,현재 AI 사용자,향후 AI 사용 예정자,False
51878,1,1,0.7703288598622766,향후 AI 사용 예정자,향후 AI 사용 예정자,True
8900,0,0,0.37332148192148074,현재 AI 사용자,현재 AI 사용자,True
26132,1,1,0.9937763085906364,향후 AI 사용 예정자,향후 AI 사용 예정자,True
6651,1,1,0.8320865318997466,향후 AI 사용 예정자,향후 AI 사용 예정자,True
54767,1,1,0.8605734107004993,향후 AI 사용 예정자,향후 AI 사용 예정자,True
1494,0,0,0.432968843893342,현재 AI 사용자,현재 AI 사용자,True
1631,1,1,0.5326611241289919,향후 AI 사용 예정자,향후 AI 사용 예정자,True
97,1,0,0.4663411708569821,향후 AI 사용 예정자,현재 AI 사용자,False
4838,0,0,0.26622357269209335,현재 AI 사용자,현재 AI 사용자,True
41371,1,1,0.7648208142481117,향후 AI 사용 예정자,향후 AI 사용 예정자,True
16120,1,1,0.9929878769334394,향후 AI 사용 예정자,향후 AI 사용 예정자,True
29474,1,1,0.8033934175290064,향후 AI 사용 예정자,향후 AI 사용 예정자,True
55467,0,1,0.591896596753388,현재 AI 사용자,향후 AI 사용 예정자,False
25387,1,1,0.6563611980220772,향후 AI 사용 예정자,향후 AI 사용 예정자,True
23980,0,1,0.550237289047194,현재 AI 사용자,향후 AI 사용 예정자,False
43441,1,1,0.9329097312118904,향후 AI 사용 예정자,향후 AI 사용 예정자,True
41246,0,0,0.2078567838221116,현재 AI 사용자,현재 AI 사용자,True
44726,1,1,0.7727501197074591,향후 AI 사용 예정자,향후 AI 사용 예정자,True
45488,0,0,0.3811295590610226,현재 AI 사용자,현재 AI 사용자,True
58584,0,1,0.780781254876217,현재 AI 사용자,향후 AI 사용 예정자,False
7651,1,1,0.9448638897741771,향후 AI 사용 예정자,향후 AI 사용 예정자,True
35113,1,1,0.6219575337394927,향후 AI 사용 예정자,향후 AI 사용 예정자,True
6602,1,1,0.7184764541369093,향후 AI 사용 예정자,향후 AI 사용 예정자,True
63779,0,1,0.6125132368199273,현재 AI 사용자,향후 AI 사용 예정자,False
38324,1,1,0.9615264349368691,향후 AI 사용 예정자,향후 AI 사용 예정자,True
40812,1,1,0.9838595532448314,향후 AI 사용 예정자,향후 AI 사용 예정자,True
37076,0,0,0.4349878219010673,현재 AI 사용자,현재 AI 사용자,True
39099,1,1,0.988979549154114,향후 AI 사용 예정자,향후 AI 사용 예정자,True
50190,0,0,0.3106574606349965,현재 AI 사용자,현재 AI 사용자,True
49769,0,0,0.08048123925037445,현재 AI 사용자,현재 AI 사용자,True
13983,1,1,0.5921850090141726,향후 AI 사용 예정자,향후 AI 사용 예정자,True
10161,0,0,0.49003940083619657,현재 AI 사용자,현재 AI 사용자,True
50845,0,0,0.19912523884737082,현재 AI 사용자,현재 AI 사용자,True
8832,1,1,0.6193709570935128,향후 AI 사용 예정자,향후 AI 사용 예정자,True
55345,1,1,0.9496289322757271,향후 AI 사용 예정자,향후 AI 사용 예정자,True
10200,1,1,0.9673712112013243,향후 AI 사용 예정자,향후 AI 사용 예정자,True
41220,1,1,0.8628500558206876,향후 AI 사용 예정자,향후 AI 사용 예정자,True
15067,1,1,0.8879660820218671,향후 AI 사용 예정자,향후 AI 사용 예정자,True
27245,0,0,0.2146067910012662,현재 AI 사용자,현재 AI 사용자,True
49404,0,0,0.3591221289361196,현재 AI 사용자,현재 AI 사용자,True
15862,1,0,0.3002693286070407,향후 AI 사용 예정자,현재 AI 사용자,False
34595,0,0,0.2876015356266427,현재 AI 사용자,현재 AI 사용자,True
14333,0,1,0.5200086314267156,현재 AI 사용자,향후 AI 사용 예정자,False
38469,1,1,0.9659180958392267,향후 AI 사용 예정자,향후 AI 사용 예정자,True
584,1,1,0.8835265365758194,향후 AI 사용 예정자,향후 AI 사용 예정자,True
7383,1,1,0.6195664976988233,향후 AI 사용 예정자,향후 AI 사용 예정자,True
52469,0,0,0.40953718305333375,현재 AI 사용자,현재 AI 사용자,True
25041,1,0,0.26006479257717896,향후 AI 사용 예정자,현재 AI 사용자,False
7267,0,1,0.6452780697178162,현재 AI 사용자,향후 AI 사용 예정자,False
28244,0,0,0.16798675995272477,현재 AI 사용자,현재 AI 사용자,True
57261,0,0,0.372815262129892,현재 AI 사용자,현재 AI 사용자,True
25909,1,0,0.28008274519909837,향후 AI 사용 예정자,현재 AI 사용자,False
44390,1,1,0.9723407276746026,향후 AI 사용 예정자,향후 AI 사용 예정자,True
49236,1,1,0.9478187205170504,향후 AI 사용 예정자,향후 AI 사용 예정자,True
9750,0,0,0.26677756067604347,현재 AI 사용자,현재 AI 사용자,True
15406,1,1,0.9834688584674445,향후 AI 사용 예정자,향후 AI 사용 예정자,True
15419,0,1,0.9615867453003739,현재 AI 사용자,향후 AI 사용 예정자,False
502,1,1,0.9299553363978158,향후 AI 사용 예정자,향후 AI 사용 예정자,True
4572,1,1,0.934513063910423,향후 AI 사용 예정자,향후 AI 사용 예정자,True
44039,1,1,0.567945930762909,향후 AI 사용 예정자,향후 AI 사용 예정자,True
34797,1,1,0.501771534707603,향후 AI 사용 예정자,향후 AI 사용 예정자,True
42730,0,0,0.2496219020579336,현재 AI 사용자,현재 AI 사용자,True
13068,1,0,0.46549019844679884,향후 AI 사용 예정자,현재 AI 사용자,False
55766,0,0,0.18558243228847618,현재 AI 사용자,현재 AI 사용자,True
4870,0,1,0.6276066851527298,현재 AI 사용자,향후 AI 사용 예정자,False
16285,1,1,0.9340998490057663,향후 AI 사용 예정자,향후 AI 사용 예정자,True
10931,1,0,0.37261252459165595,향후 AI 사용 예정자,현재 AI 사용자,False
60118,1,1,0.8414045720434462,향후 AI 사용 예정자,향후 AI 사용 예정자,True
8437,0,0,0.2679818893805876,현재 AI 사용자,현재 AI 사용자,True
31110,1,1,0.5908355804705266,향후 AI 사용 예정자,향후 AI 사용 예정자,True
58022,0,0,0.2746079018745134,현재 AI 사용자,현재 AI 사용자,True
41461,1,1,0.8829809091588353,향후 AI 사용 예정자,향후 AI 사용 예정자,True
30453,1,1,0.8742688349671882,향후 AI 사용 예정자,향후 AI 사용 예정자,True
64856,1,1,0.547093401034305,향후 AI 사용 예정자,향후 AI 사용 예정자,True
36387,1,0,0.27151735683688155,향후 AI 사용 예정자,현재 AI 사용자,False
22189,0,0,0.2842129917970433,현재 AI 사용자,현재 AI 사용자,True
33968,0,0,0.22977234778096697,현재 AI 사용자,현재 AI 사용자,True
38095,1,1,0.9775211243524046,향후 AI 사용 예정자,향후 AI 사용 예정자,True
10779,0,1,0.8038425485713309,현재 AI 사용자,향후 AI 사용 예정자,False
43515,1,0,0.2771165675711419,향후 AI 사용 예정자,현재 AI 사용자,False
50902,1,1,0.8973042007722447,향후 AI 사용 예정자,향후 AI 사용 예정자,True
58239,1,1,0.8875634850746822,향후 AI 사용 예정자,향후 AI 사용 예정자,True
44829,1,1,0.8752206834920883,향후 AI 사용 예정자,향후 AI 사용 예정자,True
4566,1,1,0.9248077213437564,향후 AI 사용 예정자,향후 AI 사용 예정자,True
15411,1,1,0.955280438226985,향후 AI 사용 예정자,향후 AI 사용 예정자,True
31415,0,0,0.3349060187180639,현재 AI 사용자,현재 AI 사용자,True
39291,0,0,0.4750033347301076,현재 AI 사용자,현재 AI 사용자,True
6616,1,1,0.8140933446736816,향후 AI 사용 예정자,향후 AI 사용 예정자,True
7675,1,1,0.986872960080758,향후 AI 사용 예정자,향후 AI 사용 예정자,True
41340,1,0,0.322322315217817,향후 AI 사용 예정자,현재 AI 사용자,False
25149,1,1,0.8766052938575076,향후 AI 사용 예정자,향후 AI 사용 예정자,True
35284,0,0,0.23993613479088788,현재 AI 사용자,현재 AI 사용자,True
60246,1,1,0.8754871407172068,향후 AI 사용 예정자,향후 AI 사용 예정자,True
30761,1,1,0.8425600813372446,향후 AI 사용 예정자,향후 AI 사용 예정자,True
53197,0,0,0.2935785180675899,현재 AI 사용자,현재 AI 사용자,True
26873,1,1,0.9221040091454599,향후 AI 사용 예정자,향후 AI 사용 예정자,True
16411,1,1,0.9195879583817735,향후 AI 사용 예정자,향후 AI 사용 예정자,True
2023,1,1,0.8944247966015558,향후 AI 사용 예정자,향후 AI 사용 예정자,True
27026,1,1,0.6038171824933234,향후 AI 사용 예정자,향후 AI 사용 예정자,True
55386,0,0,0.2746092267126318,현재 AI 사용자,현재 AI 사용자,True
12799,1,1,0.989706819179321,향후 AI 사용 예정자,향후 AI 사용 예정자,True
13414,1,1,0.8932449133130792,향후 AI 사용 예정자,향후 AI 사용 예정자,True
10709,1,1,0.6075373402617508,향후 AI 사용 예정자,향후 AI 사용 예정자,True
18149,1,1,0.7457756272941315,향후 AI 사용 예정자,향후 AI 사용 예정자,True
27531,1,0,0.4345106180945825,향후 AI 사용 예정자,현재 AI 사용자,False
22622,1,0,0.14639385207989797,향후 AI 사용 예정자,현재 AI 사용자,False
6782,1,1,0.9924278609181146,향후 AI 사용 예정자,향후 AI 사용 예정자,True
52122,1,1,0.550086441985787,향후 AI 사용 예정자,향후 AI 사용 예정자,True
55326,1,1,0.6374325853740319,향후 AI 사용 예정자,향후 AI 사용 예정자,True
5017,1,1,0.6328174132709011,향후 AI 사용 예정자,향후 AI 사용 예정자,True
12350,0,0,0.32243009320765514,현재 AI 사용자,현재 AI 사용자,True
59084,1,1,0.6414162417264714,향후 AI 사용 예정자,향후 AI 사용 예정자,True
9061,1,0,0.3889287457985837,향후 AI 사용 예정자,현재 AI 사용자,False
35139,0,0,0.08912448435038722,현재 AI 사용자,현재 AI 사용자,True
60750,1,1,0.7329170987207411,향후 AI 사용 예정자,향후 AI 사용 예정자,True
8000,1,1,0.7299522427120626,향후 AI 사용 예정자,향후 AI 사용 예정자,True
38091,1,1,0.9874436611011859,향후 AI 사용 예정자,향후 AI 사용 예정자,True
54712,1,1,0.6670645036266805,향후 AI 사용 예정자,향후 AI 사용 예정자,True
12858,1,1,0.6835069835479257,향후 AI 사용 예정자,향후 AI 사용 예정자,True
14166,0,1,0.5298897305847323,현재 AI 사용자,향후 AI 사용 예정자,False
27733,1,1,0.9606139355180291,향후 AI 사용 예정자,향후 AI 사용 예정자,True
17393,0,1,0.8057008812900976,현재 AI 사용자,향후 AI 사용 예정자,False
57713,1,1,0.909491128585803,향후 AI 사용 예정자,향후 AI 사용 예정자,True
9373,0,0,0.1357460852168272,현재 AI 사용자,현재 AI 사용자,True
20727,0,0,0.2422099484449016,현재 AI 사용자,현재 AI 사용자,True
63853,1,1,0.8207959354254952,향후 AI 사용 예정자,향후 AI 사용 예정자,True
17140,1,1,0.8449303203197882,향후 AI 사용 예정자,향후 AI 사용 예정자,True
947,1,1,0.6660104318865705,향후 AI 사용 예정자,향후 AI 사용 예정자,True
44376,1,1,0.9697936628414522,향후 AI 사용 예정자,향후 AI 사용 예정자,True
49882,0,1,0.9134912316202717,현재 AI 사용자,향후 AI 사용 예정자,False
416,0,1,0.8030538237573379,현재 AI 사용자,향후 AI 사용 예정자,False
22919,1,1,0.8269776043893727,향후 AI 사용 예정자,향후 AI 사용 예정자,True
27388,1,1,0.5959939494193351,향후 AI 사용 예정자,향후 AI 사용 예정자,True
39353,0,1,0.6499810262832346,현재 AI 사용자,향후 AI 사용 예정자,False
2713,0,1,0.7817869838789278,현재 AI 사용자,향후 AI 사용 예정자,False
35487,1,1,0.7634071151568632,향후 AI 사용 예정자,향후 AI 사용 예정자,True
38285,1,1,0.9044034346592037,향후 AI 사용 예정자,향후 AI 사용 예정자,True
22294,1,1,0.8465599655092704,향후 AI 사용 예정자,향후 AI 사용 예정자,True
6956,0,0,0.4451948596370064,현재 AI 사용자,현재 AI 사용자,True
38157,1,0,0.3479262150317504,향후 AI 사용 예정자,현재 AI 사용자,False
53634,1,1,0.6303595540623934,향후 AI 사용 예정자,향후 AI 사용 예정자,True
51877,1,1,0.9318880248896255,향후 AI 사용 예정자,향후 AI 사용 예정자,True
35500,1,1,0.9048556363763481,향후 AI 사용 예정자,향후 AI 사용 예정자,True
52065,1,1,0.6316840789855013,향후 AI 사용 예정자,향후 AI 사용 예정자,True
42176,1,0,0.2505157087339084,향후 AI 사용 예정자,현재 AI 사용자,False
8940,1,1,0.9777775283634088,향후 AI 사용 예정자,향후 AI 사용 예정자,True
44634,0,0,0.16143256588562055,현재 AI 사용자,현재 AI 사용자,True
61138,0,0,0.10843001632314384,현재 AI 사용자,현재 AI 사용자,True
15184,1,0,0.342980292295939,향후 AI 사용 예정자,현재 AI 사용자,False
28389,0,0,0.18469472057807396,현재 AI 사용자,현재 AI 사용자,True
14906,0,1,0.7613290107871442,현재 AI 사용자,향후 AI 사용 예정자,False
51933,0,0,0.15115891792183528,현재 AI 사용자,현재 AI 사용자,True
24241,1,0,0.38105983613130623,향후 AI 사용 예정자,현재 AI 사용자,False
50535,0,0,0.4133402818364345,현재 AI 사용자,현재 AI 사용자,True
52027,1,1,0.6614959869120522,향후 AI 사용 예정자,향후 AI 사용 예정자,True
12459,1,1,0.9228325077459356,향후 AI 사용 예정자,향후 AI 사용 예정자,True
48148,0,0,0.10937297337031235,현재 AI 사용자,현재 AI 사용자,True
944,1,1,0.8465947365265053,향후 AI 사용 예정자,향후 AI 사용 예정자,True
56841,1,1,0.5323206302813775,향후 AI 사용 예정자,향후 AI 사용 예정자,True
43860,1,1,0.6257980757451997,향후 AI 사용 예정자,향후 AI 사용 예정자,True
49581,1,1,0.6159235525712892,향후 AI 사용 예정자,향후 AI 사용 예정자,True
50658,0,0,0.190554018255604,현재 AI 사용자,현재 AI 사용자,True
44093,1,1,0.9405577505786612,향후 AI 사용 예정자,향후 AI 사용 예정자,True
30874,1,1,0.9944270950338097,향후 AI 사용 예정자,향후 AI 사용 예정자,True
41310,1,1,0.8615070166480187,향후 AI 사용 예정자,향후 AI 사용 예정자,True
59628,0,0,0.3906487231248051,현재 AI 사용자,현재 AI 사용자,True
2871,0,0,0.22126855185625935,현재 AI 사용자,현재 AI 사용자,True
13711,0,0,0.14732951121218915,현재 AI 사용자,현재 AI 사용자,True
41159,1,1,0.9654047807671742,향후 AI 사용 예정자,향후 AI 사용 예정자,True
11274,1,1,0.8825564301494347,향후 AI 사용 예정자,향후 AI 사용 예정자,True
14888,0,0,0.19785908523751186,현재 AI 사용자,현재 AI 사용자,True
23954,1,1,0.6525961958782346,향후 AI 사용 예정자,향후 AI 사용 예정자,True
44338,1,1,0.8959157349414603,향후 AI 사용 예정자,향후 AI 사용 예정자,True
57430,1,1,0.8203938882431421,향후 AI 사용 예정자,향후 AI 사용 예정자,True
44717,1,1,0.5948862611383784,향후 AI 사용 예정자,향후 AI 사용 예정자,True
981,1,1,0.8225163080009736,향후 AI 사용 예정자,향후 AI 사용 예정자,True
15496,1,0,0.2950203772157057,향후 AI 사용 예정자,현재 AI 사용자,False
60867,1,1,0.7874018008798597,향후 AI 사용 예정자,향후 AI 사용 예정자,True
36482,1,0,0.22979749340781574,향후 AI 사용 예정자,현재 AI 사용자,False
8054,0,0,0.4794622135632641,현재 AI 사용자,현재 AI 사용자,True
1782,0,0,0.18023236718565286,현재 AI 사용자,현재 AI 사용자,True
44611,0,0,0.20806850962337906,현재 AI 사용자,현재 AI 사용자,True
37170,1,1,0.925418495545909,향후 AI 사용 예정자,향후 AI 사용 예정자,True
4251,1,1,0.8905114400216797,향후 AI 사용 예정자,향후 AI 사용 예정자,True
38221,1,1,0.7147342162876722,향후 AI 사용 예정자,향후 AI 사용 예정자,True
23977,1,1,0.9781755333492154,향후 AI 사용 예정자,향후 AI 사용 예정자,True
47922,1,1,0.8172550495023102,향후 AI 사용 예정자,향후 AI 사용 예정자,True
44456,1,1,0.8902427244328799,향후 AI 사용 예정자,향후 AI 사용 예정자,True
6235,0,0,0.33393095410978296,현재 AI 사용자,현재 AI 사용자,True
37460,1,1,0.8140559015867626,향후 AI 사용 예정자,향후 AI 사용 예정자,True
39002,1,0,0.34718730839713063,향후 AI 사용 예정자,현재 AI 사용자,False
46813,0,0,0.470025045061335,현재 AI 사용자,현재 AI 사용자,True
3151,1,1,0.7699628743444155,향후 AI 사용 예정자,향후 AI 사용 예정자,True
38209,1,1,0.6392165135981945,향후 AI 사용 예정자,향후 AI 사용 예정자,True
13705,1,1,0.8968615247947119,향후 AI 사용 예정자,향후 AI 사용 예정자,True
64406,1,1,0.8722516908623799,향후 AI 사용 예정자,향후 AI 사용 예정자,True
42627,1,1,0.7919735844932448,향후 AI 사용 예정자,향후 AI 사용 예정자,True
14436,1,1,0.8788548878618909,향후 AI 사용 예정자,향후 AI 사용 예정자,True
28929,1,1,0.898670052951724,향후 AI 사용 예정자,향후 AI 사용 예정자,True
48621,1,1,0.7599717884507254,향후 AI 사용 예정자,향후 AI 사용 예정자,True
6291,1,1,0.9893376855128075,향후 AI 사용 예정자,향후 AI 사용 예정자,True
4141,1,1,0.8964333418440245,향후 AI 사용 예정자,향후 AI 사용 예정자,True
5701,1,1,0.9692933761228856,향후 AI 사용 예정자,향후 AI 사용 예정자,True
29168,1,1,0.8815670189407772,향후 AI 사용 예정자,향후 AI 사용 예정자,True
5850,0,1,0.7988878570533681,현재 AI 사용자,향후 AI 사용 예정자,False
1007,0,0,0.2396466469822551,현재 AI 사용자,현재 AI 사용자,True
12778,1,1,0.922765825733776,향후 AI 사용 예정자,향후 AI 사용 예정자,True
60962,1,1,0.749541600957488,향후 AI 사용 예정자,향후 AI 사용 예정자,True
29872,1,1,0.9238177121008524,향후 AI 사용 예정자,향후 AI 사용 예정자,True
31735,1,1,0.6947672385315631,향후 AI 사용 예정자,향후 AI 사용 예정자,True
26285,0,0,0.42241972914110637,현재 AI 사용자,현재 AI 사용자,True
47472,1,1,0.9545544765317006,향후 AI 사용 예정자,향후 AI 사용 예정자,True
30745,1,1,0.9770620198829206,향후 AI 사용 예정자,향후 AI 사용 예정자,True
11525,1,1,0.9498435268925899,향후 AI 사용 예정자,향후 AI 사용 예정자,True
10663,1,0,0.43194185821225173,향후 AI 사용 예정자,현재 AI 사용자,False
27989,1,1,0.7956971148986499,향후 AI 사용 예정자,향후 AI 사용 예정자,True
47233,1,1,0.9352025622788989,향후 AI 사용 예정자,향후 AI 사용 예정자,True
26487,0,1,0.7807730030214226,현재 AI 사용자,향후 AI 사용 예정자,False
30716,0,1,0.5918407107140835,현재 AI 사용자,향후 AI 사용 예정자,False
33205,0,1,0.9403777780203525,현재 AI 사용자,향후 AI 사용 예정자,False
26537,1,1,0.9865120153613263,향후 AI 사용 예정자,향후 AI 사용 예정자,True
19036,1,0,0.34465223103492776,향후 AI 사용 예정자,현재 AI 사용자,False
21779,1,1,0.7032426392060023,향후 AI 사용 예정자,향후 AI 사용 예정자,True
55273,1,1,0.9456356616453244,향후 AI 사용 예정자,향후 AI 사용 예정자,True
7538,0,0,0.20916669070744104,현재 AI 사용자,현재 AI 사용자,True
44410,1,1,0.6426301570471328,향후 AI 사용 예정자,향후 AI 사용 예정자,True
30569,0,0,0.3459950829463369,현재 AI 사용자,현재 AI 사용자,True
35898,0,0,0.2498386777406659,현재 AI 사용자,현재 AI 사용자,True
17413,1,1,0.9831217398668028,향후 AI 사용 예정자,향후 AI 사용 예정자,True
44378,1,1,0.6725344559852631,향후 AI 사용 예정자,향후 AI 사용 예정자,True
3322,0,1,0.7476927864144823,현재 AI 사용자,향후 AI 사용 예정자,False
42390,1,1,0.7570902590766178,향후 AI 사용 예정자,향후 AI 사용 예정자,True
45038,1,1,0.8866262678008296,향후 AI 사용 예정자,향후 AI 사용 예정자,True
47098,1,1,0.7461733549165708,향후 AI 사용 예정자,향후 AI 사용 예정자,True
42901,1,0,0.45924217665168404,향후 AI 사용 예정자,현재 AI 사용자,False
3524,1,1,0.9548443828335296,향후 AI 사용 예정자,향후 AI 사용 예정자,True
22163,1,1,0.7072265535489783,향후 AI 사용 예정자,향후 AI 사용 예정자,True
51340,0,0,0.2598202751390636,현재 AI 사용자,현재 AI 사용자,True
8869,1,1,0.9700829482443053,향후 AI 사용 예정자,향후 AI 사용 예정자,True
46841,1,1,0.9796443598571601,향후 AI 사용 예정자,향후 AI 사용 예정자,True
13389,1,1,0.9828851753975558,향후 AI 사용 예정자,향후 AI 사용 예정자,True
42289,1,1,0.9043548195646631,향후 AI 사용 예정자,향후 AI 사용 예정자,True
54554,1,1,0.8596350539072168,향후 AI 사용 예정자,향후 AI 사용 예정자,True
9314,0,0,0.3207332277555345,현재 AI 사용자,현재 AI 사용자,True
44694,1,1,0.6314839947050696,향후 AI 사용 예정자,향후 AI 사용 예정자,True
28674,0,1,0.6096197546533481,현재 AI 사용자,향후 AI 사용 예정자,False
18382,1,1,0.7216899836684433,향후 AI 사용 예정자,향후 AI 사용 예정자,True
53812,1,1,0.9731622909678813,향후 AI 사용 예정자,향후 AI 사용 예정자,True
60535,1,0,0.4915073044290785,향후 AI 사용 예정자,현재 AI 사용자,False
33345,0,0,0.21602936507463202,현재 AI 사용자,현재 AI 사용자,True
2741,0,0,0.2832083844693767,현재 AI 사용자,현재 AI 사용자,True
21501,0,0,0.08608044402986205,현재 AI 사용자,현재 AI 사용자,True
15136,1,1,0.5363003432248784,향후 AI 사용 예정자,향후 AI 사용 예정자,True
42217,1,1,0.7681826791032914,향후 AI 사용 예정자,향후 AI 사용 예정자,True
7724,0,0,0.12545340999812132,현재 AI 사용자,현재 AI 사용자,True
18602,1,0,0.25898085783453406,향후 AI 사용 예정자,현재 AI 사용자,False
53747,0,1,0.8194713602382205,현재 AI 사용자,향후 AI 사용 예정자,False
2147,1,1,0.987833387246452,향후 AI 사용 예정자,향후 AI 사용 예정자,True
61048,0,1,0.6424157845677082,현재 AI 사용자,향후 AI 사용 예정자,False
43380,1,1,0.8019049257569693,향후 AI 사용 예정자,향후 AI 사용 예정자,True
7429,0,0,0.18739635380925926,현재 AI 사용자,현재 AI 사용자,True
54113,0,0,0.2859913577385442,현재 AI 사용자,현재 AI 사용자,True
19712,1,1,0.9400088729257848,향후 AI 사용 예정자,향후 AI 사용 예정자,True
22110,1,1,0.6015299688251394,향후 AI 사용 예정자,향후 AI 사용 예정자,True
50463,1,1,0.5929966832002396,향후 AI 사용 예정자,향후 AI 사용 예정자,True
55535,1,1,0.8549219941440186,향후 AI 사용 예정자,향후 AI 사용 예정자,True
7072,0,0,0.4213645227931886,현재 AI 사용자,현재 AI 사용자,True
51769,0,0,0.16924073443027562,현재 AI 사용자,현재 AI 사용자,True
60575,0,1,0.5019708244307675,현재 AI 사용자,향후 AI 사용 예정자,False
62024,0,1,0.9410037972866544,현재 AI 사용자,향후 AI 사용 예정자,False
23697,0,0,0.08265108663210213,현재 AI 사용자,현재 AI 사용자,True
9564,1,1,0.7095817409389873,향후 AI 사용 예정자,향후 AI 사용 예정자,True
11053,1,1,0.9025798180817085,향후 AI 사용 예정자,향후 AI 사용 예정자,True
24130,1,1,0.6572771520880099,향후 AI 사용 예정자,향후 AI 사용 예정자,True
31281,1,1,0.7992731419821079,향후 AI 사용 예정자,향후 AI 사용 예정자,True
23656,0,0,0.47569215564828216,현재 AI 사용자,현재 AI 사용자,True
53650,0,1,0.8759177489156047,현재 AI 사용자,향후 AI 사용 예정자,False
52416,1,1,0.6457962859378814,향후 AI 사용 예정자,향후 AI 사용 예정자,True
43752,1,1,0.9221634406049886,향후 AI 사용 예정자,향후 AI 사용 예정자,True
45526,0,0,0.4752441200792026,현재 AI 사용자,현재 AI 사용자,True
27237,1,1,0.9658137929393363,향후 AI 사용 예정자,향후 AI 사용 예정자,True
31253,1,1,0.9551343391679917,향후 AI 사용 예정자,향후 AI 사용 예정자,True
19051,0,1,0.5723948139499243,현재 AI 사용자,향후 AI 사용 예정자,False
39061,0,0,0.49657334466571,현재 AI 사용자,현재 AI 사용자,True
34424,0,0,0.15444277327183725,현재 AI 사용자,현재 AI 사용자,True
49679,1,1,0.8541926749142589,향후 AI 사용 예정자,향후 AI 사용 예정자,True
47295,1,1,0.7702131544012571,향후 AI 사용 예정자,향후 AI 사용 예정자,True
2705,0,0,0.23896021727461816,현재 AI 사용자,현재 AI 사용자,True
49486,0,1,0.5609546036299304,현재 AI 사용자,향후 AI 사용 예정자,False
20157,1,1,0.7197443169958401,향후 AI 사용 예정자,향후 AI 사용 예정자,True
60032,1,1,0.9019697689537013,향후 AI 사용 예정자,향후 AI 사용 예정자,True
23370,1,1,0.8221520769086955,향후 AI 사용 예정자,향후 AI 사용 예정자,True
26954,1,1,0.9094264286241226,향후 AI 사용 예정자,향후 AI 사용 예정자,True
55108,1,0,0.4329736221674023,향후 AI 사용 예정자,현재 AI 사용자,False
44032,1,0,0.42154714672805216,향후 AI 사용 예정자,현재 AI 사용자,False
31820,1,1,0.9830359359189247,향후 AI 사용 예정자,향후 AI 사용 예정자,True
49717,1,1,0.5161831105393471,향후 AI 사용 예정자,향후 AI 사용 예정자,True
22107,0,0,0.35064579057344514,현재 AI 사용자,현재 AI 사용자,True
55910,0,1,0.603364577354853,현재 AI 사용자,향후 AI 사용 예정자,False
45508,0,1,0.503265689082086,현재 AI 사용자,향후 AI 사용 예정자,False
27124,0,0,0.29181559040396043,현재 AI 사용자,현재 AI 사용자,True
32748,1,1,0.8548229669976283,향후 AI 사용 예정자,향후 AI 사용 예정자,True
2002,0,1,0.5076984741173416,현재 AI 사용자,향후 AI 사용 예정자,False
35313,0,0,0.3206179173868742,현재 AI 사용자,현재 AI 사용자,True
21163,0,0,0.14850343197316548,현재 AI 사용자,현재 AI 사용자,True
24169,1,1,0.9750516385629858,향후 AI 사용 예정자,향후 AI 사용 예정자,True
50931,0,0,0.1158250987822723,현재 AI 사용자,현재 AI 사용자,True
44835,1,1,0.9870707278768933,향후 AI 사용 예정자,향후 AI 사용 예정자,True
47954,1,0,0.1867739878265581,향후 AI 사용 예정자,현재 AI 사용자,False
21945,1,1,0.8695282637721222,향후 AI 사용 예정자,향후 AI 사용 예정자,True
47834,0,0,0.40774531907067174,현재 AI 사용자,현재 AI 사용자,True
10830,1,1,0.8147205867433673,향후 AI 사용 예정자,향후 AI 사용 예정자,True
58591,0,0,0.17704046202563686,현재 AI 사용자,현재 AI 사용자,True
21637,1,1,0.951100857344528,향후 AI 사용 예정자,향후 AI 사용 예정자,True
20626,0,0,0.1762442513356057,현재 AI 사용자,현재 AI 사용자,True
54534,1,1,0.8201749791869445,향후 AI 사용 예정자,향후 AI 사용 예정자,True
50000,1,1,0.9642861616984166,향후 AI 사용 예정자,향후 AI 사용 예정자,True
4134,0,1,0.6908051379578276,현재 AI 사용자,향후 AI 사용 예정자,False
61198,1,1,0.8838084430982998,향후 AI 사용 예정자,향후 AI 사용 예정자,True
59792,1,1,0.9879417510451532,향후 AI 사용 예정자,향후 AI 사용 예정자,True
1281,0,0,0.20629365544385664,현재 AI 사용자,현재 AI 사용자,True
15175,0,0,0.3124187120489554,현재 AI 사용자,현재 AI 사용자,True
13845,0,0,0.4233867705625365,현재 AI 사용자,현재 AI 사용자,True
55090,1,1,0.8484097386561253,향후 AI 사용 예정자,향후 AI 사용 예정자,True
32834,1,1,0.8808802962707128,향후 AI 사용 예정자,향후 AI 사용 예정자,True
25226,1,1,0.9042435354463105,향후 AI 사용 예정자,향후 AI 사용 예정자,True
46347,0,0,0.3362755515037665,현재 AI 사용자,현재 AI 사용자,True
1433,0,0,0.20832689509937202,현재 AI 사용자,현재 AI 사용자,True
47544,1,1,0.8858077771398575,향후 AI 사용 예정자,향후 AI 사용 예정자,True
30719,1,1,0.6649287619703107,향후 AI 사용 예정자,향후 AI 사용 예정자,True
29016,0,1,0.7526603946532481,현재 AI 사용자,향후 AI 사용 예정자,False
41602,1,1,0.8083546928474038,향후 AI 사용 예정자,향후 AI 사용 예정자,True
19098,1,1,0.9195279810722212,향후 AI 사용 예정자,향후 AI 사용 예정자,True
20006,1,1,0.9665475169246419,향후 AI 사용 예정자,향후 AI 사용 예정자,True
34248,1,1,0.6178379390722388,향후 AI 사용 예정자,향후 AI 사용 예정자,True
8538,1,1,0.9248505453745602,향후 AI 사용 예정자,향후 AI 사용 예정자,True
22483,1,1,0.581637188170966,향후 AI 사용 예정자,향후 AI 사용 예정자,True
5011,1,1,0.7427918139278367,향후 AI 사용 예정자,향후 AI 사용 예정자,True
40618,1,1,0.9613459298346371,향후 AI 사용 예정자,향후 AI 사용 예정자,True
57807,1,1,0.6174969245939625,향후 AI 사용 예정자,향후 AI 사용 예정자,True
25869,1,0,0.43018694748677333,향후 AI 사용 예정자,현재 AI 사용자,False
7192,1,1,0.8371897198561675,향후 AI 사용 예정자,향후 AI 사용 예정자,True
13758,0,1,0.8334659153768986,현재 AI 사용자,향후 AI 사용 예정자,False
8430,1,1,0.9185330770706636,향후 AI 사용 예정자,향후 AI 사용 예정자,True
58715,1,1,0.6517208667053046,향후 AI 사용 예정자,향후 AI 사용 예정자,True
11986,0,1,0.6532734707189656,현재 AI 사용자,향후 AI 사용 예정자,False
8884,0,1,0.51478455795253,현재 AI 사용자,향후 AI 사용 예정자,False
26962,0,0,0.38353821519938786,현재 AI 사용자,현재 AI 사용자,True
9781,1,0,0.26446311036725334,향후 AI 사용 예정자,현재 AI 사용자,False
56136,1,1,0.8136098849919077,향후 AI 사용 예정자,향후 AI 사용 예정자,True
46107,1,1,0.6326907501831289,향후 AI 사용 예정자,향후 AI 사용 예정자,True
31805,1,1,0.5129787036785493,향후 AI 사용 예정자,향후 AI 사용 예정자,True
60841,1,1,0.8554928026131725,향후 AI 사용 예정자,향후 AI 사용 예정자,True
53215,0,0,0.4949086156063761,현재 AI 사용자,현재 AI 사용자,True
44442,1,1,0.994287512096711,향후 AI 사용 예정자,향후 AI 사용 예정자,True
10411,1,1,0.9658601507938283,향후 AI 사용 예정자,향후 AI 사용 예정자,True
7095,1,1,0.8665067623994697,향후 AI 사용 예정자,향후 AI 사용 예정자,True
24636,1,1,0.9624948383106979,향후 AI 사용 예정자,향후 AI 사용 예정자,True
10331,1,1,0.8572211628634689,향후 AI 사용 예정자,향후 AI 사용 예정자,True
44948,1,1,0.8327354093110679,향후 AI 사용 예정자,향후 AI 사용 예정자,True
4664,1,1,0.9238083633484298,향후 AI 사용 예정자,향후 AI 사용 예정자,True
14109,1,0,0.29427172115661365,향후 AI 사용 예정자,현재 AI 사용자,False
57201,1,1,0.8973706606952152,향후 AI 사용 예정자,향후 AI 사용 예정자,True
44822,1,1,0.7913346764513997,향후 AI 사용 예정자,향후 AI 사용 예정자,True
25656,0,1,0.7917142238895051,현재 AI 사용자,향후 AI 사용 예정자,False
46852,0,0,0.41114838951664856,현재 AI 사용자,현재 AI 사용자,True
17386,1,0,0.4836949374422364,향후 AI 사용 예정자,현재 AI 사용자,False
6465,0,0,0.12254083070800488,현재 AI 사용자,현재 AI 사용자,True
11976,1,1,0.725137512353241,향후 AI 사용 예정자,향후 AI 사용 예정자,True
20694,0,1,0.9616481807681102,현재 AI 사용자,향후 AI 사용 예정자,False
5247,0,0,0.17450921110922632,현재 AI 사용자,현재 AI 사용자,True
36881,1,1,0.9417372528454755,향후 AI 사용 예정자,향후 AI 사용 예정자,True
9035,1,1,0.9847880251405904,향후 AI 사용 예정자,향후 AI 사용 예정자,True
42692,0,1,0.6923627977253445,현재 AI 사용자,향후 AI 사용 예정자,False
23212,1,1,0.9282194120372799,향후 AI 사용 예정자,향후 AI 사용 예정자,True
2745,0,0,0.19777424576905392,현재 AI 사용자,현재 AI 사용자,True
58734,1,1,0.9288664242023599,향후 AI 사용 예정자,향후 AI 사용 예정자,True
40612,0,1,0.6490700011911326,현재 AI 사용자,향후 AI 사용 예정자,False
5877,1,1,0.9850911972967351,향후 AI 사용 예정자,향후 AI 사용 예정자,True
51323,1,1,0.7043236329290465,향후 AI 사용 예정자,향후 AI 사용 예정자,True
39300,1,0,0.318434948650189,향후 AI 사용 예정자,현재 AI 사용자,False
7885,1,1,0.9895522451969013,향후 AI 사용 예정자,향후 AI 사용 예정자,True
30593,0,0,0.242136694315016,현재 AI 사용자,현재 AI 사용자,True
35779,1,1,0.9247483958007113,향후 AI 사용 예정자,향후 AI 사용 예정자,True
51559,1,1,0.9307117064094846,향후 AI 사용 예정자,향후 AI 사용 예정자,True
4796,0,1,0.6838523097740643,현재 AI 사용자,향후 AI 사용 예정자,False
33261,1,1,0.5432699729340689,향후 AI 사용 예정자,향후 AI 사용 예정자,True
39512,0,1,0.6916310899982498,현재 AI 사용자,향후 AI 사용 예정자,False
17788,0,0,0.09080984175256743,현재 AI 사용자,현재 AI 사용자,True
21137,1,1,0.9869864727149409,향후 AI 사용 예정자,향후 AI 사용 예정자,True
63998,1,1,0.8602359975191992,향후 AI 사용 예정자,향후 AI 사용 예정자,True
50201,0,1,0.5644002578883488,현재 AI 사용자,향후 AI 사용 예정자,False
62692,1,1,0.8080969925893806,향후 AI 사용 예정자,향후 AI 사용 예정자,True
56867,1,1,0.9775548356120017,향후 AI 사용 예정자,향후 AI 사용 예정자,True
25745,1,1,0.7944285768998962,향후 AI 사용 예정자,향후 AI 사용 예정자,True
21976,1,1,0.7116190234138808,향후 AI 사용 예정자,향후 AI 사용 예정자,True
19975,1,1,0.8230436328596009,향후 AI 사용 예정자,향후 AI 사용 예정자,True
27624,1,1,0.8797926393796244,향후 AI 사용 예정자,향후 AI 사용 예정자,True
38685,1,0,0.4600814827594332,향후 AI 사용 예정자,현재 AI 사용자,False
52036,1,0,0.3651463483889532,향후 AI 사용 예정자,현재 AI 사용자,False
46981,0,0,0.19646672657674732,현재 AI 사용자,현재 AI 사용자,True
61118,0,1,0.6201586087628185,현재 AI 사용자,향후 AI 사용 예정자,False
30035,1,1,0.9026635494984262,향후 AI 사용 예정자,향후 AI 사용 예정자,True
64313,0,0,0.16171431885197204,현재 AI 사용자,현재 AI 사용자,True
53397,1,1,0.9016339899811079,향후 AI 사용 예정자,향후 AI 사용 예정자,True
49360,1,1,0.5046872219420436,향후 AI 사용 예정자,향후 AI 사용 예정자,True
60883,0,1,0.8213703001146977,현재 AI 사용자,향후 AI 사용 예정자,False
58056,0,1,0.5207842278599051,현재 AI 사용자,향후 AI 사용 예정자,False
19458,1,1,0.9751799329698538,향후 AI 사용 예정자,향후 AI 사용 예정자,True
2197,0,0,0.11330010052664906,현재 AI 사용자,현재 AI 사용자,True
23662,1,1,0.7786242348664908,향후 AI 사용 예정자,향후 AI 사용 예정자,True
45177,1,1,0.8831650098478356,향후 AI 사용 예정자,향후 AI 사용 예정자,True
28427,0,0,0.30376358871407466,현재 AI 사용자,현재 AI 사용자,True
24872,0,0,0.3713558598279724,현재 AI 사용자,현재 AI 사용자,True
15501,1,1,0.9016310376145661,향후 AI 사용 예정자,향후 AI 사용 예정자,True
63469,1,1,0.9803948452027698,향후 AI 사용 예정자,향후 AI 사용 예정자,True
1426,1,1,0.746320006203105,향후 AI 사용 예정자,향후 AI 사용 예정자,True
45205,1,1,0.5001382553200322,향후 AI 사용 예정자,향후 AI 사용 예정자,True
49891,0,0,0.45467341236079806,현재 AI 사용자,현재 AI 사용자,True
57791,1,1,0.9680757499127497,향후 AI 사용 예정자,향후 AI 사용 예정자,True
51300,1,0,0.2631747291388948,향후 AI 사용 예정자,현재 AI 사용자,False
52350,1,1,0.8111030202940049,향후 AI 사용 예정자,향후 AI 사용 예정자,True
21269,1,1,0.6247403364256804,향후 AI 사용 예정자,향후 AI 사용 예정자,True
42868,0,0,0.3553754358293944,현재 AI 사용자,현재 AI 사용자,True
6449,1,1,0.9582950256073955,향후 AI 사용 예정자,향후 AI 사용 예정자,True
58251,0,0,0.35138231280930965,현재 AI 사용자,현재 AI 사용자,True
57753,0,0,0.47040747403211,현재 AI 사용자,현재 AI 사용자,True
13401,1,1,0.9800716514008649,향후 AI 사용 예정자,향후 AI 사용 예정자,True
41444,0,0,0.26822422440003185,현재 AI 사용자,현재 AI 사용자,True
28733,1,1,0.946685626309443,향후 AI 사용 예정자,향후 AI 사용 예정자,True
24093,1,1,0.6763811839545374,향후 AI 사용 예정자,향후 AI 사용 예정자,True
46618,0,1,0.6458735022999706,현재 AI 사용자,향후 AI 사용 예정자,False
34699,1,1,0.9471213662184931,향후 AI 사용 예정자,향후 AI 사용 예정자,True
6902,1,0,0.4739949829173717,향후 AI 사용 예정자,현재 AI 사용자,False
21044,0,1,0.6529193396879786,현재 AI 사용자,향후 AI 사용 예정자,False
64305,1,1,0.8996973131196087,향후 AI 사용 예정자,향후 AI 사용 예정자,True
44358,1,1,0.9240583211276328,향후 AI 사용 예정자,향후 AI 사용 예정자,True
64930,0,0,0.24529698330810468,현재 AI 사용자,현재 AI 사용자,True
51566,1,1,0.5599576396595676,향후 AI 사용 예정자,향후 AI 사용 예정자,True
678,1,0,0.4129139034953815,향후 AI 사용 예정자,현재 AI 사용자,False
41226,1,1,0.7207117115731253,향후 AI 사용 예정자,향후 AI 사용 예정자,True
29071,1,1,0.9286284722629412,향후 AI 사용 예정자,향후 AI 사용 예정자,True
53779,0,0,0.22777725407584717,현재 AI 사용자,현재 AI 사용자,True
13303,0,1,0.8441410832078718,현재 AI 사용자,향후 AI 사용 예정자,False
20843,1,1,0.6610302776587437,향후 AI 사용 예정자,향후 AI 사용 예정자,True
20837,1,1,0.9432964365295182,향후 AI 사용 예정자,향후 AI 사용 예정자,True
271,1,1,0.6973693202099857,향후 AI 사용 예정자,향후 AI 사용 예정자,True
55635,0,0,0.21990121420111383,현재 AI 사용자,현재 AI 사용자,True
27246,1,1,0.755945041200387,향후 AI 사용 예정자,향후 AI 사용 예정자,True
43350,0,0,0.2371664472842258,현재 AI 사용자,현재 AI 사용자,True
53099,1,1,0.5438365356143182,향후 AI 사용 예정자,향후 AI 사용 예정자,True
17142,1,0,0.4753699129286558,향후 AI 사용 예정자,현재 AI 사용자,False
50544,1,1,0.6352516964611645,향후 AI 사용 예정자,향후 AI 사용 예정자,True
33435,0,1,0.6335438801481577,현재 AI 사용자,향후 AI 사용 예정자,False
29333,1,0,0.3138891388429335,향후 AI 사용 예정자,현재 AI 사용자,False
874,0,0,0.15290758273079988,현재 AI 사용자,현재 AI 사용자,True
17837,1,1,0.5482276014628576,향후 AI 사용 예정자,향후 AI 사용 예정자,True
31758,0,1,0.8182431116880287,현재 AI 사용자,향후 AI 사용 예정자,False
27640,1,1,0.9254631442135265,향후 AI 사용 예정자,향후 AI 사용 예정자,True
25499,0,1,0.5198728141163821,현재 AI 사용자,향후 AI 사용 예정자,False
9142,1,1,0.5137575236008798,향후 AI 사용 예정자,향후 AI 사용 예정자,True
34001,1,1,0.9446781959441015,향후 AI 사용 예정자,향후 AI 사용 예정자,True
17981,0,0,0.2715113245525803,현재 AI 사용자,현재 AI 사용자,True
23724,0,1,0.5747446590218896,현재 AI 사용자,향후 AI 사용 예정자,False
41946,1,1,0.8239913269302225,향후 AI 사용 예정자,향후 AI 사용 예정자,True
15043,0,1,0.9645530701968943,현재 AI 사용자,향후 AI 사용 예정자,False
15965,0,1,0.9000196056991253,현재 AI 사용자,향후 AI 사용 예정자,False
40199,0,1,0.574817548094756,현재 AI 사용자,향후 AI 사용 예정자,False
63303,0,1,0.856936165112702,현재 AI 사용자,향후 AI 사용 예정자,False
10282,1,1,0.7994224612939316,향후 AI 사용 예정자,향후 AI 사용 예정자,True
29210,1,1,0.9190217844694952,향후 AI 사용 예정자,향후 AI 사용 예정자,True
8326,0,1,0.6205985201217141,현재 AI 사용자,향후 AI 사용 예정자,False
40596,1,0,0.38661774845861707,향후 AI 사용 예정자,현재 AI 사용자,False
23753,1,0,0.2876000812375517,향후 AI 사용 예정자,현재 AI 사용자,False
6008,1,0,0.2647549979926996,향후 AI 사용 예정자,현재 AI 사용자,False
52423,1,1,0.8154094037992725,향후 AI 사용 예정자,향후 AI 사용 예정자,True
11625,1,1,0.8792051986931918,향후 AI 사용 예정자,향후 AI 사용 예정자,True
4584,1,0,0.45144044873130806,향후 AI 사용 예정자,현재 AI 사용자,False
63323,1,1,0.8338024822640414,향후 AI 사용 예정자,향후 AI 사용 예정자,True
5121,0,0,0.23910164253126107,현재 AI 사용자,현재 AI 사용자,True
58295,1,1,0.9221984949620193,향후 AI 사용 예정자,향후 AI 사용 예정자,True
41840,1,1,0.8096001330090288,향후 AI 사용 예정자,향후 AI 사용 예정자,True
16553,1,1,0.6358957633728333,향후 AI 사용 예정자,향후 AI 사용 예정자,True
27977,0,0,0.27101076591237366,현재 AI 사용자,현재 AI 사용자,True
22027,1,1,0.7513838094186943,향후 AI 사용 예정자,향후 AI 사용 예정자,True
44645,1,1,0.5029077033026254,향후 AI 사용 예정자,향후 AI 사용 예정자,True
1209,0,0,0.09347029843418408,현재 AI 사용자,현재 AI 사용자,True
63215,1,1,0.862328760182424,향후 AI 사용 예정자,향후 AI 사용 예정자,True
45768,1,0,0.26406665568414767,향후 AI 사용 예정자,현재 AI 사용자,False
12354,1,1,0.9520227386037926,향후 AI 사용 예정자,향후 AI 사용 예정자,True
57880,1,1,0.5984833057971233,향후 AI 사용 예정자,향후 AI 사용 예정자,True
35906,1,1,0.937542421307044,향후 AI 사용 예정자,향후 AI 사용 예정자,True
48122,1,0,0.2691351890979889,향후 AI 사용 예정자,현재 AI 사용자,False
16212,1,1,0.6930536767960783,향후 AI 사용 예정자,향후 AI 사용 예정자,True
2330,0,0,0.4460195488774843,현재 AI 사용자,현재 AI 사용자,True
7057,0,1,0.5727308898760678,현재 AI 사용자,향후 AI 사용 예정자,False
14069,1,1,0.8832553092276911,향후 AI 사용 예정자,향후 AI 사용 예정자,True
15278,1,0,0.07921572658177985,향후 AI 사용 예정자,현재 AI 사용자,False
27959,1,1,0.6664371555054287,향후 AI 사용 예정자,향후 AI 사용 예정자,True
62137,1,1,0.6265346423860585,향후 AI 사용 예정자,향후 AI 사용 예정자,True
27266,1,1,0.5385558384275015,향후 AI 사용 예정자,향후 AI 사용 예정자,True
4701,1,1,0.9710519159959009,향후 AI 사용 예정자,향후 AI 사용 예정자,True
1260,1,0,0.4697774559114399,향후 AI 사용 예정자,현재 AI 사용자,False
18057,1,1,0.9616964175960216,향후 AI 사용 예정자,향후 AI 사용 예정자,True
58888,1,1,0.990418735483365,향후 AI 사용 예정자,향후 AI 사용 예정자,True
5955,0,1,0.5833410927646895,현재 AI 사용자,향후 AI 사용 예정자,False
45486,1,1,0.8219359504880499,향후 AI 사용 예정자,향후 AI 사용 예정자,True
43095,1,1,0.9384194670928571,향후 AI 사용 예정자,향후 AI 사용 예정자,True
4746,0,0,0.07861801472846562,현재 AI 사용자,현재 AI 사용자,True
50744,1,1,0.7099061451139713,향후 AI 사용 예정자,향후 AI 사용 예정자,True
7637,1,1,0.9413029277293915,향후 AI 사용 예정자,향후 AI 사용 예정자,True
13293,1,1,0.7822033182754045,향후 AI 사용 예정자,향후 AI 사용 예정자,True
10377,1,0,0.42675520603835976,향후 AI 사용 예정자,현재 AI 사용자,False
62059,1,1,0.9111641978620573,향후 AI 사용 예정자,향후 AI 사용 예정자,True
39549,1,1,0.8049100567178822,향후 AI 사용 예정자,향후 AI 사용 예정자,True
28076,0,0,0.31966885887718754,현재 AI 사용자,현재 AI 사용자,True
60370,1,1,0.8496979446847809,향후 AI 사용 예정자,향후 AI 사용 예정자,True
5089,1,1,0.6206314926376734,향후 AI 사용 예정자,향후 AI 사용 예정자,True
38749,1,1,0.8275045695527801,향후 AI 사용 예정자,향후 AI 사용 예정자,True
16373,1,1,0.9038510127509757,향후 AI 사용 예정자,향후 AI 사용 예정자,True
30261,0,0,0.1698692633890807,현재 AI 사용자,현재 AI 사용자,True
42786,1,1,0.7678922154514071,향후 AI 사용 예정자,향후 AI 사용 예정자,True
24917,1,1,0.5417854015311108,향후 AI 사용 예정자,향후 AI 사용 예정자,True
25998,1,0,0.42464913249096464,향후 AI 사용 예정자,현재 AI 사용자,False
18751,1,1,0.6695832287932937,향후 AI 사용 예정자,향후 AI 사용 예정자,True
18530,1,1,0.9529780719847962,향후 AI 사용 예정자,향후 AI 사용 예정자,True
21932,1,0,0.3524655162205878,향후 AI 사용 예정자,현재 AI 사용자,False
39736,1,1,0.6525492785225369,향후 AI 사용 예정자,향후 AI 사용 예정자,True
30245,1,1,0.6764957778780724,향후 AI 사용 예정자,향후 AI 사용 예정자,True
45588,0,0,0.14826055017721548,현재 AI 사용자,현재 AI 사용자,True
41437,1,1,0.9536114619557459,향후 AI 사용 예정자,향후 AI 사용 예정자,True
27344,1,1,0.9651231552038415,향후 AI 사용 예정자,향후 AI 사용 예정자,True
22675,1,1,0.9646659645486155,향후 AI 사용 예정자,향후 AI 사용 예정자,True
27962,1,1,0.9760257863229502,향후 AI 사용 예정자,향후 AI 사용 예정자,True
48909,1,1,0.7706530439752348,향후 AI 사용 예정자,향후 AI 사용 예정자,True
4332,0,0,0.4344987623777654,현재 AI 사용자,현재 AI 사용자,True
32349,1,1,0.8139050177005343,향후 AI 사용 예정자,향후 AI 사용 예정자,True
9300,0,0,0.2611901658893654,현재 AI 사용자,현재 AI 사용자,True
18062,1,1,0.7720652703010306,향후 AI 사용 예정자,향후 AI 사용 예정자,True
19232,0,0,0.33506320957951535,현재 AI 사용자,현재 AI 사용자,True
31283,0,1,0.8845862326143852,현재 AI 사용자,향후 AI 사용 예정자,False
6454,1,1,0.9362670358550896,향후 AI 사용 예정자,향후 AI 사용 예정자,True
19834,1,1,0.9110758615538033,향후 AI 사용 예정자,향후 AI 사용 예정자,True
8915,0,0,0.3020296100224962,현재 AI 사용자,현재 AI 사용자,True
7586,1,1,0.9918279199500324,향후 AI 사용 예정자,향후 AI 사용 예정자,True
872,1,0,0.31771172190038777,향후 AI 사용 예정자,현재 AI 사용자,False
64198,1,1,0.8692108942356123,향후 AI 사용 예정자,향후 AI 사용 예정자,True
13876,1,0,0.34052232567924257,향후 AI 사용 예정자,현재 AI 사용자,False
23673,1,1,0.534895144522845,향후 AI 사용 예정자,향후 AI 사용 예정자,True
57757,1,1,0.753275322148548,향후 AI 사용 예정자,향후 AI 사용 예정자,True
45647,0,0,0.19581922258451587,현재 AI 사용자,현재 AI 사용자,True
59294,1,1,0.6308074567032137,향후 AI 사용 예정자,향후 AI 사용 예정자,True
668,1,1,0.8360052120850207,향후 AI 사용 예정자,향후 AI 사용 예정자,True
11965,0,1,0.8169258487184269,현재 AI 사용자,향후 AI 사용 예정자,False
22663,1,1,0.9892784952877716,향후 AI 사용 예정자,향후 AI 사용 예정자,True
38481,0,0,0.14950136142375794,현재 AI 사용자,현재 AI 사용자,True
25418,0,0,0.0390291197893719,현재 AI 사용자,현재 AI 사용자,True
24745,1,1,0.9908988722957778,향후 AI 사용 예정자,향후 AI 사용 예정자,True
20642,0,1,0.6675578350711945,현재 AI 사용자,향후 AI 사용 예정자,False
31009,0,1,0.6475100550172005,현재 AI 사용자,향후 AI 사용 예정자,False
20116,1,1,0.9598944654845579,향후 AI 사용 예정자,향후 AI 사용 예정자,True
40988,1,1,0.8874339138113926,향후 AI 사용 예정자,향후 AI 사용 예정자,True
48628,0,1,0.7026613307553563,현재 AI 사용자,향후 AI 사용 예정자,False
4156,0,0,0.18710271863823888,현재 AI 사용자,현재 AI 사용자,True
11559,0,0,0.3719907344026898,현재 AI 사용자,현재 AI 사용자,True
16424,1,1,0.63422764528855,향후 AI 사용 예정자,향후 AI 사용 예정자,True
27185,1,1,0.9467222507269287,향후 AI 사용 예정자,향후 AI 사용 예정자,True
19486,1,1,0.9206342935426706,향후 AI 사용 예정자,향후 AI 사용 예정자,True
8825,1,1,0.8971972370851762,향후 AI 사용 예정자,향후 AI 사용 예정자,True
8963,0,0,0.30824709600002526,현재 AI 사용자,현재 AI 사용자,True
14264,1,1,0.9094423580596382,향후 AI 사용 예정자,향후 AI 사용 예정자,True
7065,1,1,0.5873138180981767,향후 AI 사용 예정자,향후 AI 사용 예정자,True
50471,0,1,0.7000741682983165,현재 AI 사용자,향후 AI 사용 예정자,False
24936,1,1,0.9770327593292119,향후 AI 사용 예정자,향후 AI 사용 예정자,True
36129,0,0,0.4194836585208807,현재 AI 사용자,현재 AI 사용자,True
11290,0,0,0.24379876795871025,현재 AI 사용자,현재 AI 사용자,True
10236,1,0,0.3142922678327092,향후 AI 사용 예정자,현재 AI 사용자,False
37889,1,1,0.8779640729944364,향후 AI 사용 예정자,향후 AI 사용 예정자,True
29987,0,0,0.4966687412428193,현재 AI 사용자,현재 AI 사용자,True
53691,1,1,0.7595076366825245,향후 AI 사용 예정자,향후 AI 사용 예정자,True
9447,1,1,0.966684354865617,향후 AI 사용 예정자,향후 AI 사용 예정자,True
55355,1,1,0.8734677487909023,향후 AI 사용 예정자,향후 AI 사용 예정자,True
19369,0,1,0.5896447184359415,현재 AI 사용자,향후 AI 사용 예정자,False
11642,1,1,0.9912748178630015,향후 AI 사용 예정자,향후 AI 사용 예정자,True
23634,0,1,0.5829100782159773,현재 AI 사용자,향후 AI 사용 예정자,False
60599,1,1,0.7268821097702007,향후 AI 사용 예정자,향후 AI 사용 예정자,True
56011,0,0,0.19547265440946676,현재 AI 사용자,현재 AI 사용자,True
41902,1,1,0.9802775616916151,향후 AI 사용 예정자,향후 AI 사용 예정자,True
15396,1,1,0.8232185259607259,향후 AI 사용 예정자,향후 AI 사용 예정자,True
56887,1,1,0.8201125147509002,향후 AI 사용 예정자,향후 AI 사용 예정자,True
24153,1,1,0.9720403558673743,향후 AI 사용 예정자,향후 AI 사용 예정자,True
3657,0,0,0.17240291787257844,현재 AI 사용자,현재 AI 사용자,True
55097,1,1,0.9171927522870709,향후 AI 사용 예정자,향후 AI 사용 예정자,True
36193,0,1,0.8559088446730891,현재 AI 사용자,향후 AI 사용 예정자,False
11871,0,0,0.12093132938193533,현재 AI 사용자,현재 AI 사용자,True
57341,0,0,0.2533971796261939,현재 AI 사용자,현재 AI 사용자,True
22130,0,0,0.23082840832082088,현재 AI 사용자,현재 AI 사용자,True
51492,0,0,0.24806248540281617,현재 AI 사용자,현재 AI 사용자,True
24353,1,1,0.98802487112635,향후 AI 사용 예정자,향후 AI 사용 예정자,True
51320,0,0,0.1790329827931311,현재 AI 사용자,현재 AI 사용자,True
25088,0,1,0.5296379544983146,현재 AI 사용자,향후 AI 사용 예정자,False
20713,0,0,0.08789750911703566,현재 AI 사용자,현재 AI 사용자,True
46590,1,1,0.9673739400079767,향후 AI 사용 예정자,향후 AI 사용 예정자,True
15643,1,0,0.4387868298082189,향후 AI 사용 예정자,현재 AI 사용자,False
58894,1,1,0.6641217727093679,향후 AI 사용 예정자,향후 AI 사용 예정자,True
20149,0,0,0.2657457987297687,현재 AI 사용자,현재 AI 사용자,True
22492,1,1,0.6697012646530967,향후 AI 사용 예정자,향후 AI 사용 예정자,True
28006,0,1,0.6804414401715488,현재 AI 사용자,향후 AI 사용 예정자,False
4199,0,0,0.15051697441033976,현재 AI 사용자,현재 AI 사용자,True
35026,0,0,0.23437466543928018,현재 AI 사용자,현재 AI 사용자,True
60223,1,1,0.8769992548409791,향후 AI 사용 예정자,향후 AI 사용 예정자,True
1784,1,1,0.9503638557382169,향후 AI 사용 예정자,향후 AI 사용 예정자,True
34711,1,1,0.7475682539216246,향후 AI 사용 예정자,향후 AI 사용 예정자,True
59260,0,0,0.3679239169826068,현재 AI 사용자,현재 AI 사용자,True
28035,1,1,0.5405630385668363,향후 AI 사용 예정자,향후 AI 사용 예정자,True
11587,0,0,0.16539718044404395,현재 AI 사용자,현재 AI 사용자,True
36520,1,1,0.6384541542926726,향후 AI 사용 예정자,향후 AI 사용 예정자,True
2086,1,1,0.9670956944870116,향후 AI 사용 예정자,향후 AI 사용 예정자,True
36307,1,1,0.658334195143209,향후 AI 사용 예정자,향후 AI 사용 예정자,True
44058,0,0,0.2030336772339637,현재 AI 사용자,현재 AI 사용자,True
3908,0,1,0.6153500293138298,현재 AI 사용자,향후 AI 사용 예정자,False
2022,0,1,0.5924812335314033,현재 AI 사용자,향후 AI 사용 예정자,False
13318,1,1,0.6275798100676051,향후 AI 사용 예정자,향후 AI 사용 예정자,True
7827,1,1,0.647063588324788,향후 AI 사용 예정자,향후 AI 사용 예정자,True
57363,0,0,0.24759752066260493,현재 AI 사용자,현재 AI 사용자,True
27975,1,0,0.354910883069342,향후 AI 사용 예정자,현재 AI 사용자,False
9050,1,1,0.5832433262610164,향후 AI 사용 예정자,향후 AI 사용 예정자,True
64848,1,1,0.8070140127117169,향후 AI 사용 예정자,향후 AI 사용 예정자,True
7001,1,1,0.82941341910459,향후 AI 사용 예정자,향후 AI 사용 예정자,True
38450,1,1,0.897700567848656,향후 AI 사용 예정자,향후 AI 사용 예정자,True
18194,0,0,0.3300858343114814,현재 AI 사용자,현재 AI 사용자,True
36865,0,0,0.3174626418109451,현재 AI 사용자,현재 AI 사용자,True
11532,0,0,0.15527821882810325,현재 AI 사용자,현재 AI 사용자,True
37924,1,1,0.7056402936222315,향후 AI 사용 예정자,향후 AI 사용 예정자,True
47845,1,0,0.4659350601695151,향후 AI 사용 예정자,현재 AI 사용자,False
34556,0,0,0.2765387063733035,현재 AI 사용자,현재 AI 사용자,True
62953,1,1,0.905657120059787,향후 AI 사용 예정자,향후 AI 사용 예정자,True
39909,1,0,0.28257799412557966,향후 AI 사용 예정자,현재 AI 사용자,False
21884,1,1,0.7360195110086989,향후 AI 사용 예정자,향후 AI 사용 예정자,True
38089,0,1,0.5290708337393616,현재 AI 사용자,향후 AI 사용 예정자,False
28672,1,1,0.9299790201144031,향후 AI 사용 예정자,향후 AI 사용 예정자,True
58430,1,1,0.6362915929813322,향후 AI 사용 예정자,향후 AI 사용 예정자,True
8342,1,1,0.6164755939347238,향후 AI 사용 예정자,향후 AI 사용 예정자,True
63601,1,1,0.9788995479561856,향후 AI 사용 예정자,향후 AI 사용 예정자,True
31532,1,1,0.7383609252696031,향후 AI 사용 예정자,향후 AI 사용 예정자,True
294,1,1,0.9174549713207533,향후 AI 사용 예정자,향후 AI 사용 예정자,True
59571,1,1,0.784687126412782,향후 AI 사용 예정자,향후 AI 사용 예정자,True
49731,1,1,0.9572084017021492,향후 AI 사용 예정자,향후 AI 사용 예정자,True
39680,1,0,0.45377202689794677,향후 AI 사용 예정자,현재 AI 사용자,False
11876,0,0,0.2870686236015607,현재 AI 사용자,현재 AI 사용자,True
18127,0,0,0.15462684611510824,현재 AI 사용자,현재 AI 사용자,True
51640,0,0,0.4919041949064546,현재 AI 사용자,현재 AI 사용자,True
42055,0,0,0.492398109380473,현재 AI 사용자,현재 AI 사용자,True
42259,1,1,0.9052580617819985,향후 AI 사용 예정자,향후 AI 사용 예정자,True
27409,0,0,0.43015177369498,현재 AI 사용자,현재 AI 사용자,True
31422,1,1,0.9700676849692798,향후 AI 사용 예정자,향후 AI 사용 예정자,True
10838,1,1,0.9061401582875438,향후 AI 사용 예정자,향후 AI 사용 예정자,True
45151,1,1,0.7238273277611807,향후 AI 사용 예정자,향후 AI 사용 예정자,True
4945,1,1,0.5053322408512488,향후 AI 사용 예정자,향후 AI 사용 예정자,True
39914,1,1,0.9009223961601202,향후 AI 사용 예정자,향후 AI 사용 예정자,True
41726,0,0,0.2687426955383435,현재 AI 사용자,현재 AI 사용자,True
58667,1,1,0.5390830634133689,향후 AI 사용 예정자,향후 AI 사용 예정자,True
10852,1,1,0.6144297338353436,향후 AI 사용 예정자,향후 AI 사용 예정자,True
47042,0,1,0.5408210009756381,현재 AI 사용자,향후 AI 사용 예정자,False
55220,1,1,0.5848038837336679,향후 AI 사용 예정자,향후 AI 사용 예정자,True
28685,1,1,0.7951431946100833,향후 AI 사용 예정자,향후 AI 사용 예정자,True
56121,1,1,0.5144112321554031,향후 AI 사용 예정자,향후 AI 사용 예정자,True
26429,0,0,0.3596157513377734,현재 AI 사용자,현재 AI 사용자,True
34186,1,1,0.9457237034921679,향후 AI 사용 예정자,향후 AI 사용 예정자,True
22363,1,0,0.20532200347269314,향후 AI 사용 예정자,현재 AI 사용자,False
48766,0,0,0.15425934219540438,현재 AI 사용자,현재 AI 사용자,True
34726,1,0,0.2774002237449163,향후 AI 사용 예정자,현재 AI 사용자,False
21667,1,1,0.9350546259899499,향후 AI 사용 예정자,향후 AI 사용 예정자,True
17539,1,1,0.776614165952656,향후 AI 사용 예정자,향후 AI 사용 예정자,True
40809,1,1,0.6635774437534011,향후 AI 사용 예정자,향후 AI 사용 예정자,True
6522,0,1,0.6367708230125443,현재 AI 사용자,향후 AI 사용 예정자,False
32254,1,1,0.7199293083756856,향후 AI 사용 예정자,향후 AI 사용 예정자,True
37235,1,1,0.7636277026247129,향후 AI 사용 예정자,향후 AI 사용 예정자,True
56017,1,1,0.8579799641720677,향후 AI 사용 예정자,향후 AI 사용 예정자,True
58562,0,0,0.27994077285242014,현재 AI 사용자,현재 AI 사용자,True
42903,0,0,0.28023112615674756,현재 AI 사용자,현재 AI 사용자,True
3299,0,0,0.12864915929515194,현재 AI 사용자,현재 AI 사용자,True
4743,1,1,0.5834941287586102,향후 AI 사용 예정자,향후 AI 사용 예정자,True
29976,1,1,0.9111351559576882,향후 AI 사용 예정자,향후 AI 사용 예정자,True
4354,0,1,0.795828448875071,현재 AI 사용자,향후 AI 사용 예정자,False
36367,1,1,0.9164968543183121,향후 AI 사용 예정자,향후 AI 사용 예정자,True
4475,1,1,0.9694048995784555,향후 AI 사용 예정자,향후 AI 사용 예정자,True
51189,1,1,0.9659250366476624,향후 AI 사용 예정자,향후 AI 사용 예정자,True
55286,1,1,0.539602523173541,향후 AI 사용 예정자,향후 AI 사용 예정자,True
49076,1,1,0.917975063611407,향후 AI 사용 예정자,향후 AI 사용 예정자,True
22676,0,0,0.3841243950950187,현재 AI 사용자,현재 AI 사용자,True
16981,1,1,0.8519154278349869,향후 AI 사용 예정자,향후 AI 사용 예정자,True
6142,1,0,0.4692431964814513,향후 AI 사용 예정자,현재 AI 사용자,False
11142,0,0,0.48674127667601974,현재 AI 사용자,현재 AI 사용자,True
64214,1,1,0.803512408879671,향후 AI 사용 예정자,향후 AI 사용 예정자,True
27312,0,1,0.5825998541078306,현재 AI 사용자,향후 AI 사용 예정자,False
33498,1,1,0.7003497718976962,향후 AI 사용 예정자,향후 AI 사용 예정자,True
52330,0,0,0.23591300030843207,현재 AI 사용자,현재 AI 사용자,True
49272,1,1,0.9712964192891352,향후 AI 사용 예정자,향후 AI 사용 예정자,True
52649,0,0,0.43171329269440717,현재 AI 사용자,현재 AI 사용자,True
20668,0,0,0.19000841092684637,현재 AI 사용자,현재 AI 사용자,True
52466,1,1,0.500920774780834,향후 AI 사용 예정자,향후 AI 사용 예정자,True
15437,1,1,0.9388839102224583,향후 AI 사용 예정자,향후 AI 사용 예정자,True
4809,1,1,0.7278424560933927,향후 AI 사용 예정자,향후 AI 사용 예정자,True
56388,1,1,0.8989068248317525,향후 AI 사용 예정자,향후 AI 사용 예정자,True
50854,0,0,0.2658694922743828,현재 AI 사용자,현재 AI 사용자,True
30230,1,1,0.9104743414850985,향후 AI 사용 예정자,향후 AI 사용 예정자,True
33916,1,1,0.9785020492460348,향후 AI 사용 예정자,향후 AI 사용 예정자,True
4349,1,1,0.5101658682037502,향후 AI 사용 예정자,향후 AI 사용 예정자,True
32296,0,0,0.43060892007483387,현재 AI 사용자,현재 AI 사용자,True
47629,0,0,0.47046675310753544,현재 AI 사용자,현재 AI 사용자,True
61098,1,1,0.9644202924608032,향후 AI 사용 예정자,향후 AI 사용 예정자,True
17340,1,1,0.9758950263911066,향후 AI 사용 예정자,향후 AI 사용 예정자,True
59382,1,1,0.9159469204928912,향후 AI 사용 예정자,향후 AI 사용 예정자,True
42691,1,1,0.7015129716756361,향후 AI 사용 예정자,향후 AI 사용 예정자,True
25624,1,1,0.9414897011178246,향후 AI 사용 예정자,향후 AI 사용 예정자,True
30787,0,0,0.17818858006810592,현재 AI 사용자,현재 AI 사용자,True
10450,1,0,0.25148159758760935,향후 AI 사용 예정자,현재 AI 사용자,False
4989,1,1,0.7810809197690313,향후 AI 사용 예정자,향후 AI 사용 예정자,True
15195,1,1,0.8988000691039018,향후 AI 사용 예정자,향후 AI 사용 예정자,True
50199,1,1,0.6335602363499928,향후 AI 사용 예정자,향후 AI 사용 예정자,True
21289,1,1,0.9463577122085556,향후 AI 사용 예정자,향후 AI 사용 예정자,True
39271,0,1,0.8649857027082762,현재 AI 사용자,향후 AI 사용 예정자,False
33826,0,0,0.11104533799750485,현재 AI 사용자,현재 AI 사용자,True
27797,0,0,0.09078452992180518,현재 AI 사용자,현재 AI 사용자,True
50678,1,1,0.9689216713550982,향후 AI 사용 예정자,향후 AI 사용 예정자,True
7485,0,1,0.5476598623658098,현재 AI 사용자,향후 AI 사용 예정자,False
21415,1,1,0.9148285723762847,향후 AI 사용 예정자,향후 AI 사용 예정자,True
28531,0,1,0.7649005982498295,현재 AI 사용자,향후 AI 사용 예정자,False
48937,1,1,0.6841803146211821,향후 AI 사용 예정자,향후 AI 사용 예정자,True
29183,0,1,0.7144586706086908,현재 AI 사용자,향후 AI 사용 예정자,False
3650,0,0,0.2744878307670031,현재 AI 사용자,현재 AI 사용자,True
42675,0,0,0.36400822110482045,현재 AI 사용자,현재 AI 사용자,True
13272,1,1,0.9849330067032248,향후 AI 사용 예정자,향후 AI 사용 예정자,True
23594,0,1,0.7884585187352751,현재 AI 사용자,향후 AI 사용 예정자,False
24094,1,1,0.7116810354104653,향후 AI 사용 예정자,향후 AI 사용 예정자,True
43388,0,0,0.19991757349063904,현재 AI 사용자,현재 AI 사용자,True
34238,1,1,0.9647767894353177,향후 AI 사용 예정자,향후 AI 사용 예정자,True
35173,1,1,0.9314869496871703,향후 AI 사용 예정자,향후 AI 사용 예정자,True
30373,1,1,0.5935811221041625,향후 AI 사용 예정자,향후 AI 사용 예정자,True
49828,1,0,0.4258535706254901,향후 AI 사용 예정자,현재 AI 사용자,False
41245,0,0,0.2694127470114997,현재 AI 사용자,현재 AI 사용자,True
33433,1,1,0.905855306818437,향후 AI 사용 예정자,향후 AI 사용 예정자,True
563,0,1,0.6350787610386076,현재 AI 사용자,향후 AI 사용 예정자,False
13358,0,0,0.379734062666284,현재 AI 사용자,현재 AI 사용자,True
25529,1,1,0.5668479383087759,향후 AI 사용 예정자,향후 AI 사용 예정자,True
34043,0,1,0.5697145371204085,현재 AI 사용자,향후 AI 사용 예정자,False
522,0,1,0.7880548291755624,현재 AI 사용자,향후 AI 사용 예정자,False
16634,0,0,0.4263494698704932,현재 AI 사용자,현재 AI 사용자,True
23762,1,1,0.8529432827951501,향후 AI 사용 예정자,향후 AI 사용 예정자,True
43135,0,1,0.8655800960759163,현재 AI 사용자,향후 AI 사용 예정자,False
3948,0,0,0.10736325624015121,현재 AI 사용자,현재 AI 사용자,True
38667,1,0,0.2685809688927774,향후 AI 사용 예정자,현재 AI 사용자,False
24598,1,0,0.27495612233551897,향후 AI 사용 예정자,현재 AI 사용자,False
25889,0,0,0.33310167874763424,현재 AI 사용자,현재 AI 사용자,True
24232,0,0,0.2369961292940849,현재 AI 사용자,현재 AI 사용자,True
43874,1,1,0.8498573850348007,향후 AI 사용 예정자,향후 AI 사용 예정자,True
58301,1,1,0.6490199107746718,향후 AI 사용 예정자,향후 AI 사용 예정자,True
35896,0,1,0.9072165758172448,현재 AI 사용자,향후 AI 사용 예정자,False
15229,1,1,0.7851906113513071,향후 AI 사용 예정자,향후 AI 사용 예정자,True
34846,0,1,0.6521597909633265,현재 AI 사용자,향후 AI 사용 예정자,False
19790,1,1,0.7927760109151676,향후 AI 사용 예정자,향후 AI 사용 예정자,True
45156,1,0,0.29932865415679577,향후 AI 사용 예정자,현재 AI 사용자,False
45933,1,1,0.7939991084600915,향후 AI 사용 예정자,향후 AI 사용 예정자,True
50354,1,1,0.9788418180237985,향후 AI 사용 예정자,향후 AI 사용 예정자,True
39167,1,1,0.9405896749545305,향후 AI 사용 예정자,향후 AI 사용 예정자,True
65220,1,1,0.9632203871983858,향후 AI 사용 예정자,향후 AI 사용 예정자,True
8214,1,1,0.8721944457563113,향후 AI 사용 예정자,향후 AI 사용 예정자,True
31003,1,1,0.9408629285577332,향후 AI 사용 예정자,향후 AI 사용 예정자,True
25036,1,1,0.6259751050149772,향후 AI 사용 예정자,향후 AI 사용 예정자,True
5192,1,0,0.23209588546133073,향후 AI 사용 예정자,현재 AI 사용자,False
22357,1,1,0.8794947143076649,향후 AI 사용 예정자,향후 AI 사용 예정자,True
10602,0,0,0.16329127564383053,현재 AI 사용자,현재 AI 사용자,True
3089,0,0,0.351585620393447,현재 AI 사용자,현재 AI 사용자,True
31103,0,0,0.2662875452894853,현재 AI 사용자,현재 AI 사용자,True
20650,1,1,0.9351935792372067,향후 AI 사용 예정자,향후 AI 사용 예정자,True
36311,0,1,0.7281267136925287,현재 AI 사용자,향후 AI 사용 예정자,False
54081,1,1,0.8947810970804883,향후 AI 사용 예정자,향후 AI 사용 예정자,True
34051,1,1,0.9526568307729733,향후 AI 사용 예정자,향후 AI 사용 예정자,True
44350,1,0,0.2797389980908862,향후 AI 사용 예정자,현재 AI 사용자,False
64134,0,1,0.7386823539283414,현재 AI 사용자,향후 AI 사용 예정자,False
28762,0,1,0.5704931097507849,현재 AI 사용자,향후 AI 사용 예정자,False
9067,0,1,0.5752504068868124,현재 AI 사용자,향후 AI 사용 예정자,False
29883,1,0,0.3145945062751213,향후 AI 사용 예정자,현재 AI 사용자,False
48387,1,1,0.9690899283062528,향후 AI 사용 예정자,향후 AI 사용 예정자,True
14288,1,1,0.7689151361576382,향후 AI 사용 예정자,향후 AI 사용 예정자,True
27299,0,0,0.2315558583971464,현재 AI 사용자,현재 AI 사용자,True
31904,0,0,0.11474140997602676,현재 AI 사용자,현재 AI 사용자,True
2401,1,1,0.9197601563989372,향후 AI 사용 예정자,향후 AI 사용 예정자,True
12891,0,1,0.8752343871187404,현재 AI 사용자,향후 AI 사용 예정자,False
9453,1,0,0.23685474591271227,향후 AI 사용 예정자,현재 AI 사용자,False
19793,0,0,0.3098244985315137,현재 AI 사용자,현재 AI 사용자,True
9127,1,1,0.9577522243779871,향후 AI 사용 예정자,향후 AI 사용 예정자,True
32979,1,0,0.3763955062508027,향후 AI 사용 예정자,현재 AI 사용자,False
14608,1,1,0.8514666917131256,향후 AI 사용 예정자,향후 AI 사용 예정자,True
56475,1,1,0.8680610426503552,향후 AI 사용 예정자,향후 AI 사용 예정자,True
40016,1,1,0.8246833718230931,향후 AI 사용 예정자,향후 AI 사용 예정자,True
28155,1,1,0.9939130215155555,향후 AI 사용 예정자,향후 AI 사용 예정자,True
4927,1,0,0.08502382245490024,향후 AI 사용 예정자,현재 AI 사용자,False
61543,0,1,0.5395822906510592,현재 AI 사용자,향후 AI 사용 예정자,False
58703,0,0,0.15543704675468814,현재 AI 사용자,현재 AI 사용자,True
19437,1,0,0.48212326325669097,향후 AI 사용 예정자,현재 AI 사용자,False
11891,1,1,0.9781089928712644,향후 AI 사용 예정자,향후 AI 사용 예정자,True
55368,1,1,0.789592188372277,향후 AI 사용 예정자,향후 AI 사용 예정자,True
3710,1,0,0.4051088527396668,향후 AI 사용 예정자,현재 AI 사용자,False
47354,1,1,0.9657554270758173,향후 AI 사용 예정자,향후 AI 사용 예정자,True
45697,0,0,0.2869320268579865,현재 AI 사용자,현재 AI 사용자,True
6927,1,1,0.9359430140018676,향후 AI 사용 예정자,향후 AI 사용 예정자,True
36190,1,1,0.9882818143416582,향후 AI 사용 예정자,향후 AI 사용 예정자,True
40420,1,1,0.6868214825915475,향후 AI 사용 예정자,향후 AI 사용 예정자,True
19115,0,0,0.10969375176646594,현재 AI 사용자,현재 AI 사용자,True
7358,1,1,0.9073832015953268,향후 AI 사용 예정자,향후 AI 사용 예정자,True
20690,1,1,0.7254974810316528,향후 AI 사용 예정자,향후 AI 사용 예정자,True
32201,1,1,0.8152265115820477,향후 AI 사용 예정자,향후 AI 사용 예정자,True
26633,1,1,0.7384731775024661,향후 AI 사용 예정자,향후 AI 사용 예정자,True
33162,1,1,0.8961947924685041,향후 AI 사용 예정자,향후 AI 사용 예정자,True
6336,0,1,0.8730527303895587,현재 AI 사용자,향후 AI 사용 예정자,False
10498,0,0,0.3978435291750257,현재 AI 사용자,현재 AI 사용자,True
1832,1,1,0.5512040664159268,향후 AI 사용 예정자,향후 AI 사용 예정자,True
9157,1,0,0.3317325597891914,향후 AI 사용 예정자,현재 AI 사용자,False
9397,1,1,0.9580551938160743,향후 AI 사용 예정자,향후 AI 사용 예정자,True
24730,1,0,0.16971767316386918,향후 AI 사용 예정자,현재 AI 사용자,False
56174,0,1,0.5947070371567114,현재 AI 사용자,향후 AI 사용 예정자,False
56722,1,1,0.753275322148548,향후 AI 사용 예정자,향후 AI 사용 예정자,True
34806,1,1,0.9478299286961168,향후 AI 사용 예정자,향후 AI 사용 예정자,True
21234,1,1,0.6834437441728541,향후 AI 사용 예정자,향후 AI 사용 예정자,True
23327,0,1,0.7085649408943578,현재 AI 사용자,향후 AI 사용 예정자,False
17541,0,0,0.20436950032304402,현재 AI 사용자,현재 AI 사용자,True
19782,1,1,0.7524769777461314,향후 AI 사용 예정자,향후 AI 사용 예정자,True
44823,1,1,0.9378579080033208,향후 AI 사용 예정자,향후 AI 사용 예정자,True
12088,0,0,0.4596755483808393,현재 AI 사용자,현재 AI 사용자,True
44160,1,1,0.9734203822306065,향후 AI 사용 예정자,향후 AI 사용 예정자,True
43963,0,0,0.25668677676064716,현재 AI 사용자,현재 AI 사용자,True
53260,1,1,0.8286570748945108,향후 AI 사용 예정자,향후 AI 사용 예정자,True
2158,1,1,0.9479725488527191,향후 AI 사용 예정자,향후 AI 사용 예정자,True
54265,0,0,0.23033924266665054,현재 AI 사용자,현재 AI 사용자,True
46642,1,1,0.9780013214085067,향후 AI 사용 예정자,향후 AI 사용 예정자,True
53671,0,1,0.5253754831987897,현재 AI 사용자,향후 AI 사용 예정자,False
449,0,1,0.5432881525020568,현재 AI 사용자,향후 AI 사용 예정자,False
12497,0,0,0.45139548202883367,현재 AI 사용자,현재 AI 사용자,True
21813,1,0,0.4425481586777662,향후 AI 사용 예정자,현재 AI 사용자,False
64937,0,1,0.6665925338905562,현재 AI 사용자,향후 AI 사용 예정자,False
52325,1,1,0.7520321637801488,향후 AI 사용 예정자,향후 AI 사용 예정자,True
43199,1,1,0.504365049999414,향후 AI 사용 예정자,향후 AI 사용 예정자,True
56748,1,1,0.5431520788537993,향후 AI 사용 예정자,향후 AI 사용 예정자,True
46929,1,1,0.9773027423116633,향후 AI 사용 예정자,향후 AI 사용 예정자,True
18190,1,0,0.26415627008695153,향후 AI 사용 예정자,현재 AI 사용자,False
53451,1,1,0.8177977048123133,향후 AI 사용 예정자,향후 AI 사용 예정자,True
32134,0,0,0.1647205410688434,현재 AI 사용자,현재 AI 사용자,True
36175,1,0,0.327052888417307,향후 AI 사용 예정자,현재 AI 사용자,False
65010,0,0,0.20144718732892408,현재 AI 사용자,현재 AI 사용자,True
29983,1,1,0.9300453881028364,향후 AI 사용 예정자,향후 AI 사용 예정자,True
27235,0,0,0.24645908114385492,현재 AI 사용자,현재 AI 사용자,True
11118,1,1,0.5335758507412272,향후 AI 사용 예정자,향후 AI 사용 예정자,True
52310,1,1,0.6674412729637429,향후 AI 사용 예정자,향후 AI 사용 예정자,True
58130,1,1,0.8780289742584273,향후 AI 사용 예정자,향후 AI 사용 예정자,True
3460,1,0,0.21043320401032287,향후 AI 사용 예정자,현재 AI 사용자,False
61976,1,0,0.47109594753618345,향후 AI 사용 예정자,현재 AI 사용자,False
16039,0,0,0.08434293738594491,현재 AI 사용자,현재 AI 사용자,True
33673,1,1,0.8772190103281438,향후 AI 사용 예정자,향후 AI 사용 예정자,True
20197,1,1,0.8094549657177715,향후 AI 사용 예정자,향후 AI 사용 예정자,True
40507,0,1,0.8705381487688619,현재 AI 사용자,향후 AI 사용 예정자,False
45203,1,1,0.8819491849836504,향후 AI 사용 예정자,향후 AI 사용 예정자,True
25613,1,1,0.7260042152326861,향후 AI 사용 예정자,향후 AI 사용 예정자,True
34126,1,1,0.9558574343395297,향후 AI 사용 예정자,향후 AI 사용 예정자,True
29256,0,1,0.8090235155535178,현재 AI 사용자,향후 AI 사용 예정자,False
35307,1,1,0.6627459518581647,향후 AI 사용 예정자,향후 AI 사용 예정자,True
18123,1,1,0.8434382864009612,향후 AI 사용 예정자,향후 AI 사용 예정자,True
56019,1,1,0.9981205147729728,향후 AI 사용 예정자,향후 AI 사용 예정자,True
58052,0,0,0.20079542107540058,현재 AI 사용자,현재 AI 사용자,True
4576,0,0,0.2750990009570482,현재 AI 사용자,현재 AI 사용자,True
37233,1,1,0.9177367373754988,향후 AI 사용 예정자,향후 AI 사용 예정자,True
37467,0,1,0.7465323340878113,현재 AI 사용자,향후 AI 사용 예정자,False
56791,1,1,0.8999953493676254,향후 AI 사용 예정자,향후 AI 사용 예정자,True
47445,1,1,0.8660791809963714,향후 AI 사용 예정자,향후 AI 사용 예정자,True
24698,0,0,0.10194954314978558,현재 AI 사용자,현재 AI 사용자,True
52575,1,1,0.6060635560694645,향후 AI 사용 예정자,향후 AI 사용 예정자,True
16317,0,1,0.8434074407183406,현재 AI 사용자,향후 AI 사용 예정자,False
37876,1,0,0.31348143434188497,향후 AI 사용 예정자,현재 AI 사용자,False
41529,0,0,0.3245026327511928,현재 AI 사용자,현재 AI 사용자,True
30834,1,0,0.42898028329221677,향후 AI 사용 예정자,현재 AI 사용자,False
40497,1,1,0.9536197631544786,향후 AI 사용 예정자,향후 AI 사용 예정자,True
33367,0,0,0.2186367634545982,현재 AI 사용자,현재 AI 사용자,True
13114,0,0,0.10195299903166274,현재 AI 사용자,현재 AI 사용자,True
479,1,0,0.10575098484638666,향후 AI 사용 예정자,현재 AI 사용자,False
45483,1,1,0.6578999110432482,향후 AI 사용 예정자,향후 AI 사용 예정자,True
60546,1,1,0.7223568895104352,향후 AI 사용 예정자,향후 AI 사용 예정자,True
37791,1,1,0.9271100017705342,향후 AI 사용 예정자,향후 AI 사용 예정자,True
27451,0,1,0.8324591311322044,현재 AI 사용자,향후 AI 사용 예정자,False
58439,1,1,0.7926061696567451,향후 AI 사용 예정자,향후 AI 사용 예정자,True
36577,1,1,0.6954395580069388,향후 AI 사용 예정자,향후 AI 사용 예정자,True
58953,1,0,0.3664817769652438,향후 AI 사용 예정자,현재 AI 사용자,False
3290,0,0,0.15483968906376006,현재 AI 사용자,현재 AI 사용자,True
50092,1,1,0.9919275532416444,향후 AI 사용 예정자,향후 AI 사용 예정자,True
14665,1,1,0.9532274327565843,향후 AI 사용 예정자,향후 AI 사용 예정자,True
20339,1,1,0.8488071678705444,향후 AI 사용 예정자,향후 AI 사용 예정자,True
41195,0,1,0.6773012935971638,현재 AI 사용자,향후 AI 사용 예정자,False
31232,0,0,0.10000842101156739,현재 AI 사용자,현재 AI 사용자,True
29897,0,0,0.3701265400657979,현재 AI 사용자,현재 AI 사용자,True
58552,1,1,0.9755308632217065,향후 AI 사용 예정자,향후 AI 사용 예정자,True
25491,0,0,0.314805281236114,현재 AI 사용자,현재 AI 사용자,True
46759,0,0,0.483321364818032,현재 AI 사용자,현재 AI 사용자,True
2442,1,1,0.5426847210966365,향후 AI 사용 예정자,향후 AI 사용 예정자,True
45942,1,1,0.5363234580184475,향후 AI 사용 예정자,향후 AI 사용 예정자,True
6808,0,0,0.3232484179969998,현재 AI 사용자,현재 AI 사용자,True
19901,1,1,0.9267881545156964,향후 AI 사용 예정자,향후 AI 사용 예정자,True
10058,0,0,0.3668738274849427,현재 AI 사용자,현재 AI 사용자,True
52057,1,1,0.9943369152615663,향후 AI 사용 예정자,향후 AI 사용 예정자,True
48760,1,1,0.9628036910156674,향후 AI 사용 예정자,향후 AI 사용 예정자,True
11647,1,1,0.9289470514002834,향후 AI 사용 예정자,향후 AI 사용 예정자,True
57710,1,0,0.47489925044753606,향후 AI 사용 예정자,현재 AI 사용자,False
37718,1,1,0.9322059348734756,향후 AI 사용 예정자,향후 AI 사용 예정자,True
21178,1,0,0.42513638042019625,향후 AI 사용 예정자,현재 AI 사용자,False
5629,0,0,0.4008777253331388,현재 AI 사용자,현재 AI 사용자,True
27436,0,0,0.32190843959113863,현재 AI 사용자,현재 AI 사용자,True
56218,1,1,0.9830097888247509,향후 AI 사용 예정자,향후 AI 사용 예정자,True
1355,1,0,0.30029403228800944,향후 AI 사용 예정자,현재 AI 사용자,False
39921,1,0,0.34968878562121714,향후 AI 사용 예정자,현재 AI 사용자,False
6314,1,1,0.9834218452309256,향후 AI 사용 예정자,향후 AI 사용 예정자,True
13315,0,0,0.11150904846729566,현재 AI 사용자,현재 AI 사용자,True
5332,1,1,0.6553564943276293,향후 AI 사용 예정자,향후 AI 사용 예정자,True
23787,0,1,0.6337002764765769,현재 AI 사용자,향후 AI 사용 예정자,False
58354,0,0,0.34414973006082344,현재 AI 사용자,현재 AI 사용자,True
17428,1,1,0.9252120165661744,향후 AI 사용 예정자,향후 AI 사용 예정자,True
45341,1,1,0.8906972095820053,향후 AI 사용 예정자,향후 AI 사용 예정자,True
47504,1,1,0.8106201455751562,향후 AI 사용 예정자,향후 AI 사용 예정자,True
19244,1,1,0.994117499826942,향후 AI 사용 예정자,향후 AI 사용 예정자,True
63967,0,0,0.42547950221123526,현재 AI 사용자,현재 AI 사용자,True
42879,0,0,0.1270928618429273,현재 AI 사용자,현재 AI 사용자,True
23760,1,1,0.8051697660773744,향후 AI 사용 예정자,향후 AI 사용 예정자,True
19444,1,1,0.5001640479559268,향후 AI 사용 예정자,향후 AI 사용 예정자,True
8218,1,1,0.7346813621743259,향후 AI 사용 예정자,향후 AI 사용 예정자,True
15160,0,1,0.5066603928055583,현재 AI 사용자,향후 AI 사용 예정자,False
18953,0,0,0.37577340749084753,현재 AI 사용자,현재 AI 사용자,True
50325,1,0,0.2722473774941366,향후 AI 사용 예정자,현재 AI 사용자,False
41174,0,0,0.44728362296040886,현재 AI 사용자,현재 AI 사용자,True
11184,1,1,0.9404835842315363,향후 AI 사용 예정자,향후 AI 사용 예정자,True
852,0,0,0.2584637284728118,현재 AI 사용자,현재 AI 사용자,True
899,1,1,0.9707368032399794,향후 AI 사용 예정자,향후 AI 사용 예정자,True
27726,0,0,0.2946352725678353,현재 AI 사용자,현재 AI 사용자,True
8194,1,1,0.5786801279856486,향후 AI 사용 예정자,향후 AI 사용 예정자,True
38950,0,1,0.6555993855800855,현재 AI 사용자,향후 AI 사용 예정자,False
31826,1,1,0.9367908772761606,향후 AI 사용 예정자,향후 AI 사용 예정자,True
23510,1,0,0.3045452949068716,향후 AI 사용 예정자,현재 AI 사용자,False
18812,1,1,0.8106339972971631,향후 AI 사용 예정자,향후 AI 사용 예정자,True
36379,1,1,0.7973641512059769,향후 AI 사용 예정자,향후 AI 사용 예정자,True
35057,1,1,0.8993251687096999,향후 AI 사용 예정자,향후 AI 사용 예정자,True
55304,1,0,0.20950188110328197,향후 AI 사용 예정자,현재 AI 사용자,False
12379,1,1,0.5179919880858203,향후 AI 사용 예정자,향후 AI 사용 예정자,True
17571,1,0,0.47079751543286363,향후 AI 사용 예정자,현재 AI 사용자,False
40084,1,0,0.257822322985185,향후 AI 사용 예정자,현재 AI 사용자,False
43177,0,0,0.4640160450069273,현재 AI 사용자,현재 AI 사용자,True
31872,1,1,0.5720683325780268,향후 AI 사용 예정자,향후 AI 사용 예정자,True
4862,1,0,0.3112303516486894,향후 AI 사용 예정자,현재 AI 사용자,False
58783,1,1,0.9423995930351299,향후 AI 사용 예정자,향후 AI 사용 예정자,True
19837,1,1,0.8733949696951905,향후 AI 사용 예정자,향후 AI 사용 예정자,True
36388,1,1,0.8431310123054417,향후 AI 사용 예정자,향후 AI 사용 예정자,True
42836,1,1,0.9066534477840792,향후 AI 사용 예정자,향후 AI 사용 예정자,True
500,1,1,0.9051732689998381,향후 AI 사용 예정자,향후 AI 사용 예정자,True
44779,1,0,0.32745864923408086,향후 AI 사용 예정자,현재 AI 사용자,False
46541,0,0,0.2775304516804481,현재 AI 사용자,현재 AI 사용자,True
3754,1,1,0.8798672773742147,향후 AI 사용 예정자,향후 AI 사용 예정자,True
12160,1,1,0.8346543086199447,향후 AI 사용 예정자,향후 AI 사용 예정자,True
55119,0,1,0.6934461525109528,현재 AI 사용자,향후 AI 사용 예정자,False
25353,1,1,0.961954634449965,향후 AI 사용 예정자,향후 AI 사용 예정자,True
34244,1,0,0.35863498521288234,향후 AI 사용 예정자,현재 AI 사용자,False
38454,0,0,0.4993047120928619,현재 AI 사용자,현재 AI 사용자,True
22278,0,0,0.2403091732292678,현재 AI 사용자,현재 AI 사용자,True
39827,0,1,0.500485325107617,현재 AI 사용자,향후 AI 사용 예정자,False
52670,1,1,0.5435839605555001,향후 AI 사용 예정자,향후 AI 사용 예정자,True
34868,1,1,0.9932572010384516,향후 AI 사용 예정자,향후 AI 사용 예정자,True
58391,1,0,0.4061328271254338,향후 AI 사용 예정자,현재 AI 사용자,False
14461,1,1,0.6266950341099773,향후 AI 사용 예정자,향후 AI 사용 예정자,True
58358,1,1,0.853280808046527,향후 AI 사용 예정자,향후 AI 사용 예정자,True
12150,1,1,0.566922844185914,향후 AI 사용 예정자,향후 AI 사용 예정자,True
17799,1,1,0.9377232413364933,향후 AI 사용 예정자,향후 AI 사용 예정자,True
19818,1,1,0.9531355308260062,향후 AI 사용 예정자,향후 AI 사용 예정자,True
14413,1,1,0.8827229934890489,향후 AI 사용 예정자,향후 AI 사용 예정자,True
61414,0,0,0.42703928113778694,현재 AI 사용자,현재 AI 사용자,True
44631,1,1,0.9963670987315932,향후 AI 사용 예정자,향후 AI 사용 예정자,True
46012,0,1,0.7721368712020905,현재 AI 사용자,향후 AI 사용 예정자,False
15777,0,1,0.6834820560802675,현재 AI 사용자,향후 AI 사용 예정자,False
21364,1,1,0.9171369694204893,향후 AI 사용 예정자,향후 AI 사용 예정자,True
36011,1,1,0.7448574114251321,향후 AI 사용 예정자,향후 AI 사용 예정자,True
46987,1,0,0.25727559696228464,향후 AI 사용 예정자,현재 AI 사용자,False
65283,1,1,0.7130639253214087,향후 AI 사용 예정자,향후 AI 사용 예정자,True
36403,1,1,0.5346262257397004,향후 AI 사용 예정자,향후 AI 사용 예정자,True
36487,1,0,0.38224872665622706,향후 AI 사용 예정자,현재 AI 사용자,False
15524,1,0,0.374610062659053,향후 AI 사용 예정자,현재 AI 사용자,False
59690,0,0,0.2836336715917886,현재 AI 사용자,현재 AI 사용자,True
46110,0,0,0.2086262013822936,현재 AI 사용자,현재 AI 사용자,True
10726,1,1,0.7865843112558962,향후 AI 사용 예정자,향후 AI 사용 예정자,True
64243,1,1,0.8810239089202603,향후 AI 사용 예정자,향후 AI 사용 예정자,True
22323,1,1,0.9631085903982377,향후 AI 사용 예정자,향후 AI 사용 예정자,True
39744,0,0,0.13046074952797365,현재 AI 사용자,현재 AI 사용자,True
5590,0,0,0.10778285457508113,현재 AI 사용자,현재 AI 사용자,True
54917,1,1,0.8800899012316478,향후 AI 사용 예정자,향후 AI 사용 예정자,True
23441,1,1,0.9296014689233253,향후 AI 사용 예정자,향후 AI 사용 예정자,True
27803,1,1,0.9393564456330009,향후 AI 사용 예정자,향후 AI 사용 예정자,True
4676,1,0,0.2584249003671947,향후 AI 사용 예정자,현재 AI 사용자,False
55207,0,0,0.07846530925731933,현재 AI 사용자,현재 AI 사용자,True
64395,1,1,0.9852676852840493,향후 AI 사용 예정자,향후 AI 사용 예정자,True
29576,1,1,0.8415895002026226,향후 AI 사용 예정자,향후 AI 사용 예정자,True
18185,0,1,0.7114229806579214,현재 AI 사용자,향후 AI 사용 예정자,False
21836,1,1,0.9550509346872385,향후 AI 사용 예정자,향후 AI 사용 예정자,True
36623,1,1,0.9287897679780928,향후 AI 사용 예정자,향후 AI 사용 예정자,True
21649,0,0,0.35030758193037875,현재 AI 사용자,현재 AI 사용자,True
35605,0,1,0.8467973995935872,현재 AI 사용자,향후 AI 사용 예정자,False
38218,1,1,0.6843911294044265,향후 AI 사용 예정자,향후 AI 사용 예정자,True
34490,1,1,0.8959876041682132,향후 AI 사용 예정자,향후 AI 사용 예정자,True
3422,0,0,0.35076886144855357,현재 AI 사용자,현재 AI 사용자,True
55348,0,0,0.4503987277648173,현재 AI 사용자,현재 AI 사용자,True
37918,0,0,0.3753110184166254,현재 AI 사용자,현재 AI 사용자,True
8274,0,1,0.5024799539455508,현재 AI 사용자,향후 AI 사용 예정자,False
10443,0,0,0.4993640028127758,현재 AI 사용자,현재 AI 사용자,True
14244,0,0,0.08307640874146978,현재 AI 사용자,현재 AI 사용자,True
6406,1,0,0.31227969071559564,향후 AI 사용 예정자,현재 AI 사용자,False
2051,0,0,0.20306245258893219,현재 AI 사용자,현재 AI 사용자,True
24133,1,1,0.5069860344286271,향후 AI 사용 예정자,향후 AI 사용 예정자,True
56969,1,0,0.4906234777120178,향후 AI 사용 예정자,현재 AI 사용자,False
28848,0,0,0.18870517430244726,현재 AI 사용자,현재 AI 사용자,True
7214,0,0,0.24105628636155307,현재 AI 사용자,현재 AI 사용자,True
33978,0,0,0.4928844945534906,현재 AI 사용자,현재 AI 사용자,True
62227,1,1,0.8768201184139677,향후 AI 사용 예정자,향후 AI 사용 예정자,True
59165,1,1,0.8794044908963723,향후 AI 사용 예정자,향후 AI 사용 예정자,True
19792,1,0,0.336512642752011,향후 AI 사용 예정자,현재 AI 사용자,False
60752,1,1,0.97740830216197,향후 AI 사용 예정자,향후 AI 사용 예정자,True
34165,1,1,0.9546106382251597,향후 AI 사용 예정자,향후 AI 사용 예정자,True
25558,1,1,0.9595264792965043,향후 AI 사용 예정자,향후 AI 사용 예정자,True
54914,1,1,0.7690973189526341,향후 AI 사용 예정자,향후 AI 사용 예정자,True
6492,1,1,0.6920768665697827,향후 AI 사용 예정자,향후 AI 사용 예정자,True
39386,1,1,0.9626582538144223,향후 AI 사용 예정자,향후 AI 사용 예정자,True
11257,1,1,0.8895135844074791,향후 AI 사용 예정자,향후 AI 사용 예정자,True
14817,1,0,0.4704551599348039,향후 AI 사용 예정자,현재 AI 사용자,False
50076,0,1,0.8808734589205147,현재 AI 사용자,향후 AI 사용 예정자,False
51076,0,1,0.8965013333070107,현재 AI 사용자,향후 AI 사용 예정자,False
12324,0,1,0.9045506111480065,현재 AI 사용자,향후 AI 사용 예정자,False
52716,1,1,0.9396198728905558,향후 AI 사용 예정자,향후 AI 사용 예정자,True
63197,0,1,0.7378349328335374,현재 AI 사용자,향후 AI 사용 예정자,False
36538,1,1,0.9849294221722118,향후 AI 사용 예정자,향후 AI 사용 예정자,True
4507,1,1,0.5220659855512374,향후 AI 사용 예정자,향후 AI 사용 예정자,True
10565,1,1,0.983015239124388,향후 AI 사용 예정자,향후 AI 사용 예정자,True
34512,1,0,0.31881404339505526,향후 AI 사용 예정자,현재 AI 사용자,False
46296,0,0,0.4590052649767525,현재 AI 사용자,현재 AI 사용자,True
52537,1,1,0.861566137338545,향후 AI 사용 예정자,향후 AI 사용 예정자,True
6939,0,0,0.2055878528078024,현재 AI 사용자,현재 AI 사용자,True
47344,0,1,0.8379903530264073,현재 AI 사용자,향후 AI 사용 예정자,False
5928,0,1,0.8080560350799231,현재 AI 사용자,향후 AI 사용 예정자,False
46940,1,1,0.9032261587341833,향후 AI 사용 예정자,향후 AI 사용 예정자,True
13097,0,0,0.17361291839139156,현재 AI 사용자,현재 AI 사용자,True
15325,0,0,0.07253058941565199,현재 AI 사용자,현재 AI 사용자,True
52939,1,1,0.9010885111289585,향후 AI 사용 예정자,향후 AI 사용 예정자,True
39733,1,1,0.8179300409553707,향후 AI 사용 예정자,향후 AI 사용 예정자,True
51679,1,1,0.9417817673220312,향후 AI 사용 예정자,향후 AI 사용 예정자,True
60175,1,1,0.9303282000439121,향후 AI 사용 예정자,향후 AI 사용 예정자,True
11062,1,1,0.9024173144555264,향후 AI 사용 예정자,향후 AI 사용 예정자,True
41914,0,0,0.20698483906007914,현재 AI 사용자,현재 AI 사용자,True
4577,0,0,0.33786028298786525,현재 AI 사용자,현재 AI 사용자,True
62542,0,1,0.7538217317756075,현재 AI 사용자,향후 AI 사용 예정자,False
58751,1,0,0.43994249460453944,향후 AI 사용 예정자,현재 AI 사용자,False
52490,1,1,0.6915663453469054,향후 AI 사용 예정자,향후 AI 사용 예정자,True
9831,0,1,0.5577421162952276,현재 AI 사용자,향후 AI 사용 예정자,False
65430,1,1,0.8620663742897736,향후 AI 사용 예정자,향후 AI 사용 예정자,True
40789,1,0,0.29959169517897005,향후 AI 사용 예정자,현재 AI 사용자,False
14553,0,0,0.2327964484584568,현재 AI 사용자,현재 AI 사용자,True
28411,1,0,0.20339518683505908,향후 AI 사용 예정자,현재 AI 사용자,False
20070,1,1,0.9638547483885932,향후 AI 사용 예정자,향후 AI 사용 예정자,True
14172,1,1,0.9297793656104403,향후 AI 사용 예정자,향후 AI 사용 예정자,True
46518,1,1,0.9919765694398534,향후 AI 사용 예정자,향후 AI 사용 예정자,True
6533,0,0,0.15718926041594267,현재 AI 사용자,현재 AI 사용자,True
57873,1,1,0.5920453604969323,향후 AI 사용 예정자,향후 AI 사용 예정자,True
55707,0,0,0.2534872674819728,현재 AI 사용자,현재 AI 사용자,True
49354,1,0,0.16341879449054236,향후 AI 사용 예정자,현재 AI 사용자,False
11948,0,1,0.8047884611592866,현재 AI 사용자,향후 AI 사용 예정자,False
41025,1,1,0.9653821707283752,향후 AI 사용 예정자,향후 AI 사용 예정자,True
11424,1,1,0.9706422661942722,향후 AI 사용 예정자,향후 AI 사용 예정자,True
30326,1,1,0.9884686761559603,향후 AI 사용 예정자,향후 AI 사용 예정자,True
3849,0,1,0.9049277509340249,현재 AI 사용자,향후 AI 사용 예정자,False
35944,1,1,0.9182356254607219,향후 AI 사용 예정자,향후 AI 사용 예정자,True
59829,0,1,0.6786227352815697,현재 AI 사용자,향후 AI 사용 예정자,False
19580,0,0,0.2564552849935841,현재 AI 사용자,현재 AI 사용자,True
5519,0,0,0.44363776221163437,현재 AI 사용자,현재 AI 사용자,True
62840,1,1,0.8708269368627027,향후 AI 사용 예정자,향후 AI 사용 예정자,True
53675,1,0,0.49657681554932476,향후 AI 사용 예정자,현재 AI 사용자,False
21684,0,0,0.2983769331337744,현재 AI 사용자,현재 AI 사용자,True
32006,0,0,0.1760563271688332,현재 AI 사용자,현재 AI 사용자,True
40667,1,0,0.21380612665114018,향후 AI 사용 예정자,현재 AI 사용자,False
53297,1,1,0.8325937538532897,향후 AI 사용 예정자,향후 AI 사용 예정자,True
49251,0,1,0.6230270647070314,현재 AI 사용자,향후 AI 사용 예정자,False
8389,0,1,0.8933637751495818,현재 AI 사용자,향후 AI 사용 예정자,False
46360,0,0,0.15077560962442635,현재 AI 사용자,현재 AI 사용자,True
49399,1,1,0.8973897497780704,향후 AI 사용 예정자,향후 AI 사용 예정자,True
32977,1,0,0.35518655755145667,향후 AI 사용 예정자,현재 AI 사용자,False
13490,0,0,0.4028615402086167,현재 AI 사용자,현재 AI 사용자,True
48509,1,1,0.7666154339354472,향후 AI 사용 예정자,향후 AI 사용 예정자,True
21187,0,0,0.3610837225825553,현재 AI 사용자,현재 AI 사용자,True
34725,0,0,0.3572031388724591,현재 AI 사용자,현재 AI 사용자,True
14359,1,1,0.9647982491632874,향후 AI 사용 예정자,향후 AI 사용 예정자,True
21652,1,0,0.1857323722105613,향후 AI 사용 예정자,현재 AI 사용자,False
42263,1,1,0.8680451573752828,향후 AI 사용 예정자,향후 AI 사용 예정자,True
12123,1,1,0.6634491239453668,향후 AI 사용 예정자,향후 AI 사용 예정자,True
13192,1,0,0.4548493804092254,향후 AI 사용 예정자,현재 AI 사용자,False
15794,1,1,0.9873399137842461,향후 AI 사용 예정자,향후 AI 사용 예정자,True
20581,1,1,0.8785784507880147,향후 AI 사용 예정자,향후 AI 사용 예정자,True
12000,1,1,0.8445686481887267,향후 AI 사용 예정자,향후 AI 사용 예정자,True
9463,0,0,0.24498954063569017,현재 AI 사용자,현재 AI 사용자,True
19763,1,1,0.7711047533822079,향후 AI 사용 예정자,향후 AI 사용 예정자,True
54163,0,0,0.262357776362858,현재 AI 사용자,현재 AI 사용자,True
50539,0,0,0.3038676328750461,현재 AI 사용자,현재 AI 사용자,True
748,1,1,0.9731860756366127,향후 AI 사용 예정자,향후 AI 사용 예정자,True
45277,0,1,0.5589723836306124,현재 AI 사용자,향후 AI 사용 예정자,False
29229,1,1,0.9277731888133646,향후 AI 사용 예정자,향후 AI 사용 예정자,True
23012,1,0,0.4167174701924979,향후 AI 사용 예정자,현재 AI 사용자,False
26191,0,0,0.25798417020021347,현재 AI 사용자,현재 AI 사용자,True
55117,0,1,0.8776772174709041,현재 AI 사용자,향후 AI 사용 예정자,False
48907,1,0,0.39984333974401837,향후 AI 사용 예정자,현재 AI 사용자,False
30289,1,1,0.934622920177908,향후 AI 사용 예정자,향후 AI 사용 예정자,True
6009,1,1,0.5225633013577874,향후 AI 사용 예정자,향후 AI 사용 예정자,True
21121,1,1,0.9941875662957822,향후 AI 사용 예정자,향후 AI 사용 예정자,True
25196,0,0,0.1825687988255529,현재 AI 사용자,현재 AI 사용자,True
2381,1,1,0.9842331871037658,향후 AI 사용 예정자,향후 AI 사용 예정자,True
16851,0,0,0.1035152070888905,현재 AI 사용자,현재 AI 사용자,True
12063,1,0,0.3978071746372109,향후 AI 사용 예정자,현재 AI 사용자,False
23651,1,1,0.7798283882651798,향후 AI 사용 예정자,향후 AI 사용 예정자,True
3911,0,0,0.48682629402269517,현재 AI 사용자,현재 AI 사용자,True
49926,0,1,0.9225097923166894,현재 AI 사용자,향후 AI 사용 예정자,False
28362,1,1,0.9868409799087277,향후 AI 사용 예정자,향후 AI 사용 예정자,True
27421,0,1,0.5994817550824968,현재 AI 사용자,향후 AI 사용 예정자,False
30085,1,0,0.20459949279922413,향후 AI 사용 예정자,현재 AI 사용자,False
35869,1,0,0.36996314233409394,향후 AI 사용 예정자,현재 AI 사용자,False
44341,1,1,0.9129529003493452,향후 AI 사용 예정자,향후 AI 사용 예정자,True
51759,1,1,0.9560495445815835,향후 AI 사용 예정자,향후 AI 사용 예정자,True
40880,0,0,0.3994503663755237,현재 AI 사용자,현재 AI 사용자,True
59990,1,1,0.9355618243191959,향후 AI 사용 예정자,향후 AI 사용 예정자,True
47426,0,1,0.5328667353137438,현재 AI 사용자,향후 AI 사용 예정자,False
20325,1,0,0.3698424117353386,향후 AI 사용 예정자,현재 AI 사용자,False
56292,1,1,0.9292472732960707,향후 AI 사용 예정자,향후 AI 사용 예정자,True
9479,0,0,0.40666382639312215,현재 AI 사용자,현재 AI 사용자,True
46297,0,0,0.25859968275419076,현재 AI 사용자,현재 AI 사용자,True
62674,0,1,0.714760584461839,현재 AI 사용자,향후 AI 사용 예정자,False
49342,0,0,0.39775585820325227,현재 AI 사용자,현재 AI 사용자,True
10344,0,0,0.15702024030601738,현재 AI 사용자,현재 AI 사용자,True
23497,0,0,0.40082428578424356,현재 AI 사용자,현재 AI 사용자,True
28032,1,1,0.8987162198875154,향후 AI 사용 예정자,향후 AI 사용 예정자,True
43084,1,1,0.929124924153708,향후 AI 사용 예정자,향후 AI 사용 예정자,True
38086,1,1,0.8081416960941791,향후 AI 사용 예정자,향후 AI 사용 예정자,True
25640,1,1,0.9789627795238641,향후 AI 사용 예정자,향후 AI 사용 예정자,True
35648,0,1,0.8500561218719594,현재 AI 사용자,향후 AI 사용 예정자,False
25437,0,0,0.21490128344307322,현재 AI 사용자,현재 AI 사용자,True
160,1,1,0.8010538800787733,향후 AI 사용 예정자,향후 AI 사용 예정자,True
34575,0,1,0.5631884617484185,현재 AI 사용자,향후 AI 사용 예정자,False
8465,0,1,0.7745500810241704,현재 AI 사용자,향후 AI 사용 예정자,False
65005,1,1,0.8416628368551212,향후 AI 사용 예정자,향후 AI 사용 예정자,True
52646,1,0,0.4197590770248537,향후 AI 사용 예정자,현재 AI 사용자,False
44881,0,0,0.21656378505176196,현재 AI 사용자,현재 AI 사용자,True
58684,1,1,0.9060891942125276,향후 AI 사용 예정자,향후 AI 사용 예정자,True
31160,1,1,0.9750216276698027,향후 AI 사용 예정자,향후 AI 사용 예정자,True
32994,0,0,0.052202938302856605,현재 AI 사용자,현재 AI 사용자,True
9496,1,1,0.9311967857791236,향후 AI 사용 예정자,향후 AI 사용 예정자,True
58021,1,0,0.1714117867457103,향후 AI 사용 예정자,현재 AI 사용자,False
41547,1,1,0.618423158148872,향후 AI 사용 예정자,향후 AI 사용 예정자,True
9509,1,1,0.9866853192867304,향후 AI 사용 예정자,향후 AI 사용 예정자,True
11827,1,1,0.8280389916840897,향후 AI 사용 예정자,향후 AI 사용 예정자,True
16344,1,1,0.8045423879360549,향후 AI 사용 예정자,향후 AI 사용 예정자,True
15115,1,0,0.39210422208813706,향후 AI 사용 예정자,현재 AI 사용자,False
62571,1,1,0.8021284780151886,향후 AI 사용 예정자,향후 AI 사용 예정자,True
6219,0,0,0.26867689391869304,현재 AI 사용자,현재 AI 사용자,True
5124,0,1,0.5927537941578112,현재 AI 사용자,향후 AI 사용 예정자,False
57913,1,1,0.8618534168024238,향후 AI 사용 예정자,향후 AI 사용 예정자,True
7391,1,1,0.9115691777433709,향후 AI 사용 예정자,향후 AI 사용 예정자,True
24691,0,0,0.24600282080029343,현재 AI 사용자,현재 AI 사용자,True
9819,1,1,0.9382229507655352,향후 AI 사용 예정자,향후 AI 사용 예정자,True
12697,0,0,0.30181930202247875,현재 AI 사용자,현재 AI 사용자,True
29537,1,1,0.9437605990689522,향후 AI 사용 예정자,향후 AI 사용 예정자,True
30018,1,1,0.9742558583802787,향후 AI 사용 예정자,향후 AI 사용 예정자,True
27554,1,1,0.857859190032523,향후 AI 사용 예정자,향후 AI 사용 예정자,True
2750,1,1,0.6739536341694461,향후 AI 사용 예정자,향후 AI 사용 예정자,True
46853,1,1,0.7434103015079692,향후 AI 사용 예정자,향후 AI 사용 예정자,True
61671,0,0,0.11698168102751302,현재 AI 사용자,현재 AI 사용자,True
50746,0,1,0.513211804700617,현재 AI 사용자,향후 AI 사용 예정자,False
54797,0,0,0.47461678869603424,현재 AI 사용자,현재 AI 사용자,True
48525,0,0,0.1879234971886644,현재 AI 사용자,현재 AI 사용자,True
2623,0,0,0.07944140613706775,현재 AI 사용자,현재 AI 사용자,True
32479,1,1,0.525150482755414,향후 AI 사용 예정자,향후 AI 사용 예정자,True
32087,0,0,0.14671241909057806,현재 AI 사용자,현재 AI 사용자,True
42759,1,1,0.8893827016752281,향후 AI 사용 예정자,향후 AI 사용 예정자,True
8795,1,1,0.8782220192396898,향후 AI 사용 예정자,향후 AI 사용 예정자,True
11425,0,0,0.2274052575326957,현재 AI 사용자,현재 AI 사용자,True
37052,0,0,0.414549942556638,현재 AI 사용자,현재 AI 사용자,True
21313,0,0,0.14718349515668927,현재 AI 사용자,현재 AI 사용자,True
2480,0,0,0.4234913916222432,현재 AI 사용자,현재 AI 사용자,True
11907,0,0,0.35567824502920947,현재 AI 사용자,현재 AI 사용자,True
57565,1,1,0.5897853142691233,향후 AI 사용 예정자,향후 AI 사용 예정자,True
8483,1,1,0.9893091708563381,향후 AI 사용 예정자,향후 AI 사용 예정자,True
10017,1,1,0.9007002810804856,향후 AI 사용 예정자,향후 AI 사용 예정자,True
52719,1,1,0.8052575467442664,향후 AI 사용 예정자,향후 AI 사용 예정자,True
54227,0,0,0.24674530073352294,현재 AI 사용자,현재 AI 사용자,True
47359,1,1,0.9975296636111172,향후 AI 사용 예정자,향후 AI 사용 예정자,True
53179,0,0,0.4603802926491639,현재 AI 사용자,현재 AI 사용자,True
1322,0,0,0.34287758536588653,현재 AI 사용자,현재 AI 사용자,True
6481,1,1,0.8951608726143767,향후 AI 사용 예정자,향후 AI 사용 예정자,True
28268,1,1,0.7860294248100987,향후 AI 사용 예정자,향후 AI 사용 예정자,True
58498,1,1,0.8382715034421527,향후 AI 사용 예정자,향후 AI 사용 예정자,True
27184,1,1,0.5306690571279551,향후 AI 사용 예정자,향후 AI 사용 예정자,True
58571,1,1,0.897254609658743,향후 AI 사용 예정자,향후 AI 사용 예정자,True
20389,1,1,0.7764669142282318,향후 AI 사용 예정자,향후 AI 사용 예정자,True
44709,0,0,0.17224532975452317,현재 AI 사용자,현재 AI 사용자,True
58223,0,1,0.6428404811097084,현재 AI 사용자,향후 AI 사용 예정자,False
38702,1,1,0.9950483225572285,향후 AI 사용 예정자,향후 AI 사용 예정자,True
42494,0,0,0.16234301482390998,현재 AI 사용자,현재 AI 사용자,True
34075,1,1,0.8282283318211279,향후 AI 사용 예정자,향후 AI 사용 예정자,True
21391,0,0,0.3462488552483588,현재 AI 사용자,현재 AI 사용자,True
24091,1,0,0.2829368136085948,향후 AI 사용 예정자,현재 AI 사용자,False
46276,1,1,0.9603943871298324,향후 AI 사용 예정자,향후 AI 사용 예정자,True
7519,1,1,0.5534124017436985,향후 AI 사용 예정자,향후 AI 사용 예정자,True
13431,0,1,0.6735587453010404,현재 AI 사용자,향후 AI 사용 예정자,False
45609,0,0,0.11830667504925256,현재 AI 사용자,현재 AI 사용자,True
8693,0,1,0.5569805975494715,현재 AI 사용자,향후 AI 사용 예정자,False
57775,1,1,0.9429871659657596,향후 AI 사용 예정자,향후 AI 사용 예정자,True
18302,0,1,0.5718323833003164,현재 AI 사용자,향후 AI 사용 예정자,False
41493,0,0,0.17335515041663105,현재 AI 사용자,현재 AI 사용자,True
51904,1,1,0.9380799895570706,향후 AI 사용 예정자,향후 AI 사용 예정자,True
15515,1,1,0.9614992953590905,향후 AI 사용 예정자,향후 AI 사용 예정자,True
3462,1,1,0.9285714931490727,향후 AI 사용 예정자,향후 AI 사용 예정자,True
61406,0,1,0.8834548574278464,현재 AI 사용자,향후 AI 사용 예정자,False
50275,1,1,0.9357257716980527,향후 AI 사용 예정자,향후 AI 사용 예정자,True
32009,1,1,0.8678725784374502,향후 AI 사용 예정자,향후 AI 사용 예정자,True
42387,0,0,0.4061142117620332,현재 AI 사용자,현재 AI 사용자,True
58397,1,0,0.44284875962686476,향후 AI 사용 예정자,현재 AI 사용자,False
21030,0,0,0.2799397327070739,현재 AI 사용자,현재 AI 사용자,True
50565,0,0,0.30799562990040796,현재 AI 사용자,현재 AI 사용자,True
2012,0,0,0.20612477654644173,현재 AI 사용자,현재 AI 사용자,True
1256,1,0,0.4855283350776209,향후 AI 사용 예정자,현재 AI 사용자,False
20211,0,1,0.5293970301706128,현재 AI 사용자,향후 AI 사용 예정자,False
52035,0,0,0.27286211917247266,현재 AI 사용자,현재 AI 사용자,True
21646,1,1,0.944734716246454,향후 AI 사용 예정자,향후 AI 사용 예정자,True
59588,1,1,0.8582941523044357,향후 AI 사용 예정자,향후 AI 사용 예정자,True
62954,1,1,0.8642966675763374,향후 AI 사용 예정자,향후 AI 사용 예정자,True
46731,1,1,0.754450596435145,향후 AI 사용 예정자,향후 AI 사용 예정자,True
35025,1,1,0.9525094516505804,향후 AI 사용 예정자,향후 AI 사용 예정자,True
16710,0,0,0.4624826423050036,현재 AI 사용자,현재 AI 사용자,True
51071,1,1,0.941791741619097,향후 AI 사용 예정자,향후 AI 사용 예정자,True
4861,1,1,0.8753308377592494,향후 AI 사용 예정자,향후 AI 사용 예정자,True
20494,1,1,0.9278281413432393,향후 AI 사용 예정자,향후 AI 사용 예정자,True
24287,1,1,0.9424355553748798,향후 AI 사용 예정자,향후 AI 사용 예정자,True
51662,0,0,0.22168203934825212,현재 AI 사용자,현재 AI 사용자,True
16758,1,1,0.9216325101534873,향후 AI 사용 예정자,향후 AI 사용 예정자,True
53499,0,0,0.3542036196883839,현재 AI 사용자,현재 AI 사용자,True
44739,1,0,0.49449323187082017,향후 AI 사용 예정자,현재 AI 사용자,False
55536,1,1,0.8881358578323816,향후 AI 사용 예정자,향후 AI 사용 예정자,True
22783,1,1,0.8728720522709497,향후 AI 사용 예정자,향후 AI 사용 예정자,True
1919,1,1,0.9476828489514673,향후 AI 사용 예정자,향후 AI 사용 예정자,True
30774,0,0,0.4084339083971769,현재 AI 사용자,현재 AI 사용자,True
6855,0,0,0.2573754259675902,현재 AI 사용자,현재 AI 사용자,True
20779,1,1,0.94204385136215,향후 AI 사용 예정자,향후 AI 사용 예정자,True
44168,0,0,0.3393593878439687,현재 AI 사용자,현재 AI 사용자,True
47333,1,1,0.9608920188264873,향후 AI 사용 예정자,향후 AI 사용 예정자,True
16587,0,0,0.05437801476731805,현재 AI 사용자,현재 AI 사용자,True
17362,1,0,0.3374473711935085,향후 AI 사용 예정자,현재 AI 사용자,False
30226,1,1,0.6571464917683231,향후 AI 사용 예정자,향후 AI 사용 예정자,True
50881,1,1,0.9501088564826796,향후 AI 사용 예정자,향후 AI 사용 예정자,True
3187,1,1,0.7864279542635876,향후 AI 사용 예정자,향후 AI 사용 예정자,True
51236,0,0,0.42967008952136826,현재 AI 사용자,현재 AI 사용자,True
60633,0,0,0.1350615590648182,현재 AI 사용자,현재 AI 사용자,True
22011,0,0,0.31484453651380545,현재 AI 사용자,현재 AI 사용자,True
9887,1,1,0.633797794405276,향후 AI 사용 예정자,향후 AI 사용 예정자,True
42471,1,1,0.8774018447887417,향후 AI 사용 예정자,향후 AI 사용 예정자,True
25684,0,1,0.9912732302677004,현재 AI 사용자,향후 AI 사용 예정자,False
22190,0,0,0.10516910367710358,현재 AI 사용자,현재 AI 사용자,True
39607,1,0,0.4107774941938673,향후 AI 사용 예정자,현재 AI 사용자,False
2749,0,0,0.43405727115173154,현재 AI 사용자,현재 AI 사용자,True
41786,0,0,0.16128276505371728,현재 AI 사용자,현재 AI 사용자,True
5142,1,1,0.9321115394098142,향후 AI 사용 예정자,향후 AI 사용 예정자,True
40395,1,1,0.552408045372958,향후 AI 사용 예정자,향후 AI 사용 예정자,True
25595,1,0,0.32091422275340425,향후 AI 사용 예정자,현재 AI 사용자,False
15709,0,1,0.9033491534425138,현재 AI 사용자,향후 AI 사용 예정자,False
52895,1,1,0.697283049730737,향후 AI 사용 예정자,향후 AI 사용 예정자,True
10096,1,0,0.3945275749828708,향후 AI 사용 예정자,현재 AI 사용자,False
42569,1,1,0.936202759381292,향후 AI 사용 예정자,향후 AI 사용 예정자,True
53551,0,0,0.2043799266847191,현재 AI 사용자,현재 AI 사용자,True
50415,1,1,0.8625733016874557,향후 AI 사용 예정자,향후 AI 사용 예정자,True
29129,0,0,0.4436065681331082,현재 AI 사용자,현재 AI 사용자,True
59997,1,1,0.9817749708789418,향후 AI 사용 예정자,향후 AI 사용 예정자,True
50832,0,0,0.41515836723621524,현재 AI 사용자,현재 AI 사용자,True
16103,0,1,0.5298859092244348,현재 AI 사용자,향후 AI 사용 예정자,False
35527,1,0,0.4775431565295362,향후 AI 사용 예정자,현재 AI 사용자,False
1212,1,1,0.9723211042389877,향후 AI 사용 예정자,향후 AI 사용 예정자,True
49423,0,1,0.5536013115362499,현재 AI 사용자,향후 AI 사용 예정자,False
45786,1,1,0.7578033161801407,향후 AI 사용 예정자,향후 AI 사용 예정자,True
59207,0,1,0.7987232047142508,현재 AI 사용자,향후 AI 사용 예정자,False
7987,0,1,0.7150251606965042,현재 AI 사용자,향후 AI 사용 예정자,False
39155,1,0,0.42708197959646166,향후 AI 사용 예정자,현재 AI 사용자,False
58980,1,1,0.5186110724806798,향후 AI 사용 예정자,향후 AI 사용 예정자,True
15856,1,1,0.5128512816891628,향후 AI 사용 예정자,향후 AI 사용 예정자,True
57655,0,1,0.6661362350183311,현재 AI 사용자,향후 AI 사용 예정자,False
41528,1,1,0.5579402632097047,향후 AI 사용 예정자,향후 AI 사용 예정자,True
64285,1,1,0.8666049693844737,향후 AI 사용 예정자,향후 AI 사용 예정자,True
40655,1,1,0.9347630079743862,향후 AI 사용 예정자,향후 AI 사용 예정자,True
11013,1,1,0.9494514405229038,향후 AI 사용 예정자,향후 AI 사용 예정자,True
29261,0,1,0.5551083416937707,현재 AI 사용자,향후 AI 사용 예정자,False
39931,1,1,0.7992643160486245,향후 AI 사용 예정자,향후 AI 사용 예정자,True
37343,1,1,0.5212883676580479,향후 AI 사용 예정자,향후 AI 사용 예정자,True
30056,0,1,0.81780460216325,현재 AI 사용자,향후 AI 사용 예정자,False
31185,0,1,0.6991385755538488,현재 AI 사용자,향후 AI 사용 예정자,False
39762,1,1,0.8746096420355464,향후 AI 사용 예정자,향후 AI 사용 예정자,True
19375,1,0,0.42940748636025305,향후 AI 사용 예정자,현재 AI 사용자,False
30521,0,1,0.7378135734551599,현재 AI 사용자,향후 AI 사용 예정자,False
42076,0,0,0.3814984363930435,현재 AI 사용자,현재 AI 사용자,True
58688,0,0,0.1597651712449884,현재 AI 사용자,현재 AI 사용자,True
4699,0,0,0.12576946976386857,현재 AI 사용자,현재 AI 사용자,True
47539,0,0,0.2472596421905484,현재 AI 사용자,현재 AI 사용자,True
45505,1,0,0.2973471024180789,향후 AI 사용 예정자,현재 AI 사용자,False
21661,1,0,0.30003670543071087,향후 AI 사용 예정자,현재 AI 사용자,False
25556,0,0,0.3514853233368464,현재 AI 사용자,현재 AI 사용자,True
52345,1,1,0.8832034606713856,향후 AI 사용 예정자,향후 AI 사용 예정자,True
14675,0,1,0.5489314825848925,현재 AI 사용자,향후 AI 사용 예정자,False
28495,1,1,0.5759688474470279,향후 AI 사용 예정자,향후 AI 사용 예정자,True
3481,1,1,0.8472019432163218,향후 AI 사용 예정자,향후 AI 사용 예정자,True
63987,1,1,0.8469652103363983,향후 AI 사용 예정자,향후 AI 사용 예정자,True
55549,0,1,0.50130350152151,현재 AI 사용자,향후 AI 사용 예정자,False
29632,1,1,0.9536710660680306,향후 AI 사용 예정자,향후 AI 사용 예정자,True
43766,1,1,0.984403679496363,향후 AI 사용 예정자,향후 AI 사용 예정자,True
26037,0,0,0.3611810941332317,현재 AI 사용자,현재 AI 사용자,True
51743,1,1,0.6153087362277705,향후 AI 사용 예정자,향후 AI 사용 예정자,True
21220,1,1,0.7646060986397399,향후 AI 사용 예정자,향후 AI 사용 예정자,True
58475,1,1,0.8771760091135307,향후 AI 사용 예정자,향후 AI 사용 예정자,True
37534,1,1,0.9354294058422471,향후 AI 사용 예정자,향후 AI 사용 예정자,True
58443,0,1,0.846589044576568,현재 AI 사용자,향후 AI 사용 예정자,False
34095,0,1,0.5941420862783361,현재 AI 사용자,향후 AI 사용 예정자,False
50430,1,0,0.4490193815775293,향후 AI 사용 예정자,현재 AI 사용자,False
17642,0,1,0.5081096494159201,현재 AI 사용자,향후 AI 사용 예정자,False
35744,0,0,0.3979871582201888,현재 AI 사용자,현재 AI 사용자,True
17084,1,1,0.9545935715009098,향후 AI 사용 예정자,향후 AI 사용 예정자,True
5131,1,1,0.9973791045779307,향후 AI 사용 예정자,향후 AI 사용 예정자,True
9099,0,1,0.5109136400789183,현재 AI 사용자,향후 AI 사용 예정자,False
30079,0,0,0.34749740643386806,현재 AI 사용자,현재 AI 사용자,True
8453,1,0,0.30480325793657725,향후 AI 사용 예정자,현재 AI 사용자,False
55,0,0,0.43641015545610645,현재 AI 사용자,현재 AI 사용자,True
13439,1,1,0.9750786457534307,향후 AI 사용 예정자,향후 AI 사용 예정자,True
20662,1,1,0.9263056039148115,향후 AI 사용 예정자,향후 AI 사용 예정자,True
22038,1,1,0.9974337826289992,향후 AI 사용 예정자,향후 AI 사용 예정자,True
24931,1,1,0.8649160958821368,향후 AI 사용 예정자,향후 AI 사용 예정자,True
37109,0,0,0.20576356730261489,현재 AI 사용자,현재 AI 사용자,True
4378,1,1,0.9181620891484787,향후 AI 사용 예정자,향후 AI 사용 예정자,True
3802,0,0,0.11795100400829517,현재 AI 사용자,현재 AI 사용자,True
51053,1,1,0.9093255009219035,향후 AI 사용 예정자,향후 AI 사용 예정자,True
10675,1,1,0.8587665896979938,향후 AI 사용 예정자,향후 AI 사용 예정자,True
11436,1,1,0.7100342086056548,향후 AI 사용 예정자,향후 AI 사용 예정자,True
5266,0,1,0.5407255515734432,현재 AI 사용자,향후 AI 사용 예정자,False
40523,1,1,0.8917210712375666,향후 AI 사용 예정자,향후 AI 사용 예정자,True
44510,0,0,0.36343466501493915,현재 AI 사용자,현재 AI 사용자,True
30979,1,1,0.7656228942390961,향후 AI 사용 예정자,향후 AI 사용 예정자,True
41748,1,1,0.995004791374524,향후 AI 사용 예정자,향후 AI 사용 예정자,True
6292,1,0,0.49150205476764636,향후 AI 사용 예정자,현재 AI 사용자,False
15619,1,1,0.7321092801794896,향후 AI 사용 예정자,향후 AI 사용 예정자,True
43370,0,0,0.05449340771723975,현재 AI 사용자,현재 AI 사용자,True
7694,0,0,0.4991140081452917,현재 AI 사용자,현재 AI 사용자,True
29736,0,1,0.6794609731290612,현재 AI 사용자,향후 AI 사용 예정자,False
20887,0,0,0.4500583215773781,현재 AI 사용자,현재 AI 사용자,True
51384,1,0,0.4790331540499523,향후 AI 사용 예정자,현재 AI 사용자,False
50298,1,1,0.5903777498648094,향후 AI 사용 예정자,향후 AI 사용 예정자,True
31205,1,1,0.9296206275239157,향후 AI 사용 예정자,향후 AI 사용 예정자,True
31383,0,0,0.1922270651443515,현재 AI 사용자,현재 AI 사용자,True
36622,0,1,0.8091961080779642,현재 AI 사용자,향후 AI 사용 예정자,False
45840,0,1,0.6969633582467443,현재 AI 사용자,향후 AI 사용 예정자,False
14881,0,0,0.4139469598909155,현재 AI 사용자,현재 AI 사용자,True
14076,0,0,0.17577384146074057,현재 AI 사용자,현재 AI 사용자,True
12811,0,0,0.2388972574824169,현재 AI 사용자,현재 AI 사용자,True
44256,1,1,0.7860089598523461,향후 AI 사용 예정자,향후 AI 사용 예정자,True
37804,0,0,0.40114915405756457,현재 AI 사용자,현재 AI 사용자,True
12420,0,0,0.17892769977004758,현재 AI 사용자,현재 AI 사용자,True
4219,1,1,0.9370809929651553,향후 AI 사용 예정자,향후 AI 사용 예정자,True
38592,0,1,0.5510636215801593,현재 AI 사용자,향후 AI 사용 예정자,False
20952,1,1,0.9641946473600942,향후 AI 사용 예정자,향후 AI 사용 예정자,True
58770,1,1,0.6176893390389023,향후 AI 사용 예정자,향후 AI 사용 예정자,True
30822,1,1,0.9324940083904838,향후 AI 사용 예정자,향후 AI 사용 예정자,True
6247,1,1,0.7345161582411166,향후 AI 사용 예정자,향후 AI 사용 예정자,True
21062,0,0,0.4615762174539606,현재 AI 사용자,현재 AI 사용자,True
46825,1,1,0.9867521702870339,향후 AI 사용 예정자,향후 AI 사용 예정자,True
27613,1,1,0.6147145199466111,향후 AI 사용 예정자,향후 AI 사용 예정자,True
19643,1,1,0.8578452663114078,향후 AI 사용 예정자,향후 AI 사용 예정자,True
16327,1,0,0.4134623266704059,향후 AI 사용 예정자,현재 AI 사용자,False
35662,1,1,0.6830613927436056,향후 AI 사용 예정자,향후 AI 사용 예정자,True
62710,0,1,0.8263366880193279,현재 AI 사용자,향후 AI 사용 예정자,False
42119,0,0,0.4599848909067117,현재 AI 사용자,현재 AI 사용자,True
33817,1,1,0.8374256919625864,향후 AI 사용 예정자,향후 AI 사용 예정자,True
63064,1,1,0.9015846360702617,향후 AI 사용 예정자,향후 AI 사용 예정자,True
47840,1,0,0.2645243961203291,향후 AI 사용 예정자,현재 AI 사용자,False
15443,1,1,0.9287830433487841,향후 AI 사용 예정자,향후 AI 사용 예정자,True
19991,1,1,0.6494601629666106,향후 AI 사용 예정자,향후 AI 사용 예정자,True
11924,0,1,0.6333402688085887,현재 AI 사용자,향후 AI 사용 예정자,False
51549,0,0,0.2564252946290205,현재 AI 사용자,현재 AI 사용자,True
56284,0,0,0.33974735571781434,현재 AI 사용자,현재 AI 사용자,True
40398,0,0,0.24274333264331877,현재 AI 사용자,현재 AI 사용자,True
23849,0,0,0.10798242637946869,현재 AI 사용자,현재 AI 사용자,True
4486,1,1,0.9899268063167768,향후 AI 사용 예정자,향후 AI 사용 예정자,True
10914,1,1,0.5614537298185662,향후 AI 사용 예정자,향후 AI 사용 예정자,True
51448,1,1,0.9806377127845688,향후 AI 사용 예정자,향후 AI 사용 예정자,True
38868,1,1,0.9097018576707584,향후 AI 사용 예정자,향후 AI 사용 예정자,True
63563,1,1,0.8740223938747219,향후 AI 사용 예정자,향후 AI 사용 예정자,True
25873,1,1,0.9686276160450717,향후 AI 사용 예정자,향후 AI 사용 예정자,True
63809,0,1,0.9489132537549319,현재 AI 사용자,향후 AI 사용 예정자,False
34775,1,0,0.2523477453262994,향후 AI 사용 예정자,현재 AI 사용자,False
21545,0,0,0.37011346677563184,현재 AI 사용자,현재 AI 사용자,True
14223,1,1,0.935155959362544,향후 AI 사용 예정자,향후 AI 사용 예정자,True
4160,1,1,0.808225034727036,향후 AI 사용 예정자,향후 AI 사용 예정자,True
41473,1,1,0.8638260077467592,향후 AI 사용 예정자,향후 AI 사용 예정자,True
29083,1,1,0.8903734855386438,향후 AI 사용 예정자,향후 AI 사용 예정자,True
48018,1,1,0.8329896527280978,향후 AI 사용 예정자,향후 AI 사용 예정자,True
33331,1,1,0.909118918668627,향후 AI 사용 예정자,향후 AI 사용 예정자,True
11250,1,0,0.4407909573813846,향후 AI 사용 예정자,현재 AI 사용자,False
16477,1,0,0.3499057798658941,향후 AI 사용 예정자,현재 AI 사용자,False
11289,1,1,0.777415745167026,향후 AI 사용 예정자,향후 AI 사용 예정자,True
44325,1,1,0.7697327706738925,향후 AI 사용 예정자,향후 AI 사용 예정자,True
18364,1,0,0.19231516586786612,향후 AI 사용 예정자,현재 AI 사용자,False
3079,0,0,0.38824661391491827,현재 AI 사용자,현재 AI 사용자,True
12498,1,1,0.7659149647123825,향후 AI 사용 예정자,향후 AI 사용 예정자,True
32930,0,0,0.3322715850978677,현재 AI 사용자,현재 AI 사용자,True
48069,1,1,0.6128222062855111,향후 AI 사용 예정자,향후 AI 사용 예정자,True
2877,1,1,0.7436276099844766,향후 AI 사용 예정자,향후 AI 사용 예정자,True
56299,0,1,0.8574124410534035,현재 AI 사용자,향후 AI 사용 예정자,False
31844,1,1,0.5474504444313689,향후 AI 사용 예정자,향후 AI 사용 예정자,True
11708,1,0,0.3708896691877899,향후 AI 사용 예정자,현재 AI 사용자,False
43626,1,1,0.9635740972452074,향후 AI 사용 예정자,향후 AI 사용 예정자,True
12026,1,1,0.936475591638357,향후 AI 사용 예정자,향후 AI 사용 예정자,True
40733,0,0,0.261654605925103,현재 AI 사용자,현재 AI 사용자,True
53195,1,1,0.9543479979010934,향후 AI 사용 예정자,향후 AI 사용 예정자,True
3782,1,1,0.9242128043180976,향후 AI 사용 예정자,향후 AI 사용 예정자,True
24619,1,0,0.4463067517678483,향후 AI 사용 예정자,현재 AI 사용자,False
16396,0,0,0.46324704610477585,현재 AI 사용자,현재 AI 사용자,True
18107,1,1,0.64878713891853,향후 AI 사용 예정자,향후 AI 사용 예정자,True
8475,1,1,0.9648570364604631,향후 AI 사용 예정자,향후 AI 사용 예정자,True
24240,0,0,0.31527329920950575,현재 AI 사용자,현재 AI 사용자,True
52281,1,1,0.9367731439550312,향후 AI 사용 예정자,향후 AI 사용 예정자,True
25713,0,1,0.8225787027415695,현재 AI 사용자,향후 AI 사용 예정자,False
6042,0,0,0.17647334899293948,현재 AI 사용자,현재 AI 사용자,True
34800,1,1,0.6964656427906538,향후 AI 사용 예정자,향후 AI 사용 예정자,True
62052,1,0,0.45313823512244605,향후 AI 사용 예정자,현재 AI 사용자,False
61598,1,1,0.7513613222336086,향후 AI 사용 예정자,향후 AI 사용 예정자,True
3186,1,1,0.8470045077798629,향후 AI 사용 예정자,향후 AI 사용 예정자,True
52597,1,1,0.7434703206747014,향후 AI 사용 예정자,향후 AI 사용 예정자,True
51921,0,0,0.07265244330395028,현재 AI 사용자,현재 AI 사용자,True
57692,0,0,0.26428789427138544,현재 AI 사용자,현재 AI 사용자,True
19025,1,0,0.21871434511346702,향후 AI 사용 예정자,현재 AI 사용자,False
60100,1,1,0.8709752391555313,향후 AI 사용 예정자,향후 AI 사용 예정자,True
33759,1,1,0.6744660025426854,향후 AI 사용 예정자,향후 AI 사용 예정자,True
699,1,1,0.9825609314498446,향후 AI 사용 예정자,향후 AI 사용 예정자,True
60700,1,1,0.7384558246308521,향후 AI 사용 예정자,향후 AI 사용 예정자,True
21049,1,0,0.44745530852293364,향후 AI 사용 예정자,현재 AI 사용자,False
44552,1,1,0.5117709545001086,향후 AI 사용 예정자,향후 AI 사용 예정자,True
5731,1,1,0.6483847973536236,향후 AI 사용 예정자,향후 AI 사용 예정자,True
61156,0,0,0.46601446108034217,현재 AI 사용자,현재 AI 사용자,True
20065,1,1,0.8755749672168543,향후 AI 사용 예정자,향후 AI 사용 예정자,True
47947,1,1,0.8346098969739331,향후 AI 사용 예정자,향후 AI 사용 예정자,True
53806,1,1,0.824645630701672,향후 AI 사용 예정자,향후 AI 사용 예정자,True
13509,1,1,0.8737870326607181,향후 AI 사용 예정자,향후 AI 사용 예정자,True
40578,1,1,0.808890194342699,향후 AI 사용 예정자,향후 AI 사용 예정자,True
29754,1,0,0.2403468608422367,향후 AI 사용 예정자,현재 AI 사용자,False
64035,0,1,0.6263696185911992,현재 AI 사용자,향후 AI 사용 예정자,False
37043,0,0,0.3274686799576197,현재 AI 사용자,현재 AI 사용자,True
614,1,1,0.734525348749275,향후 AI 사용 예정자,향후 AI 사용 예정자,True
44905,0,0,0.34495963079965697,현재 AI 사용자,현재 AI 사용자,True
49268,0,1,0.5320232292426412,현재 AI 사용자,향후 AI 사용 예정자,False
41441,1,1,0.9640162305024162,향후 AI 사용 예정자,향후 AI 사용 예정자,True
28054,1,1,0.8946371767705114,향후 AI 사용 예정자,향후 AI 사용 예정자,True
12538,1,1,0.6203110396755377,향후 AI 사용 예정자,향후 AI 사용 예정자,True
65146,1,1,0.8671046749178141,향후 AI 사용 예정자,향후 AI 사용 예정자,True
5978,1,1,0.9282176123252471,향후 AI 사용 예정자,향후 AI 사용 예정자,True
58603,1,1,0.5168184110204915,향후 AI 사용 예정자,향후 AI 사용 예정자,True
190,0,0,0.38079505736253133,현재 AI 사용자,현재 AI 사용자,True
6201,1,1,0.8358544458433016,향후 AI 사용 예정자,향후 AI 사용 예정자,True
47561,1,1,0.7244634301232773,향후 AI 사용 예정자,향후 AI 사용 예정자,True
59389,1,1,0.8175417062632677,향후 AI 사용 예정자,향후 AI 사용 예정자,True
3811,1,1,0.9257996515695713,향후 AI 사용 예정자,향후 AI 사용 예정자,True
46101,1,1,0.9943811955678186,향후 AI 사용 예정자,향후 AI 사용 예정자,True
1175,0,0,0.367914403986907,현재 AI 사용자,현재 AI 사용자,True
8084,0,0,0.2733027146197816,현재 AI 사용자,현재 AI 사용자,True
4958,1,1,0.8942706959169057,향후 AI 사용 예정자,향후 AI 사용 예정자,True
1893,1,1,0.8087971039368784,향후 AI 사용 예정자,향후 AI 사용 예정자,True
43531,1,1,0.9076297023337487,향후 AI 사용 예정자,향후 AI 사용 예정자,True
4167,1,1,0.9350166821526276,향후 AI 사용 예정자,향후 AI 사용 예정자,True
16532,1,1,0.779781976363417,향후 AI 사용 예정자,향후 AI 사용 예정자,True
41476,0,0,0.29547701176991054,현재 AI 사용자,현재 AI 사용자,True
52226,1,1,0.9300557106681709,향후 AI 사용 예정자,향후 AI 사용 예정자,True
40475,1,1,0.6627550236670814,향후 AI 사용 예정자,향후 AI 사용 예정자,True
42380,0,0,0.25145575464786973,현재 AI 사용자,현재 AI 사용자,True
55249,1,1,0.7971920656973643,향후 AI 사용 예정자,향후 AI 사용 예정자,True
25941,1,1,0.935204298078209,향후 AI 사용 예정자,향후 AI 사용 예정자,True
42491,1,1,0.8651215785725355,향후 AI 사용 예정자,향후 AI 사용 예정자,True
50797,0,1,0.9518961987552637,현재 AI 사용자,향후 AI 사용 예정자,False
23940,1,0,0.45515369122733856,향후 AI 사용 예정자,현재 AI 사용자,False
10135,0,0,0.3925985628056897,현재 AI 사용자,현재 AI 사용자,True
59845,1,1,0.7049149971897823,향후 AI 사용 예정자,향후 AI 사용 예정자,True
45558,1,0,0.3648109139648955,향후 AI 사용 예정자,현재 AI 사용자,False
4138,1,1,0.9512205338132498,향후 AI 사용 예정자,향후 AI 사용 예정자,True
64212,0,1,0.5722070542218344,현재 AI 사용자,향후 AI 사용 예정자,False
63591,1,1,0.8553234879496256,향후 AI 사용 예정자,향후 AI 사용 예정자,True
37767,1,1,0.7624268661533429,향후 AI 사용 예정자,향후 AI 사용 예정자,True
8244,1,1,0.7602745361983049,향후 AI 사용 예정자,향후 AI 사용 예정자,True
45017,1,0,0.37036579990056606,향후 AI 사용 예정자,현재 AI 사용자,False
4962,1,1,0.9601797615260647,향후 AI 사용 예정자,향후 AI 사용 예정자,True
59419,0,0,0.43109199614496163,현재 AI 사용자,현재 AI 사용자,True
38237,1,1,0.9323429996044292,향후 AI 사용 예정자,향후 AI 사용 예정자,True
8208,0,0,0.17817904691332642,현재 AI 사용자,현재 AI 사용자,True
41352,1,1,0.8103704896196403,향후 AI 사용 예정자,향후 AI 사용 예정자,True
52897,1,1,0.9631056926427024,향후 AI 사용 예정자,향후 AI 사용 예정자,True
6829,1,1,0.932375493733402,향후 AI 사용 예정자,향후 AI 사용 예정자,True
43064,1,1,0.6336740891071578,향후 AI 사용 예정자,향후 AI 사용 예정자,True
50903,0,0,0.1860343450611178,현재 AI 사용자,현재 AI 사용자,True
57122,1,1,0.7085701549904426,향후 AI 사용 예정자,향후 AI 사용 예정자,True
5576,0,0,0.4288056941429657,현재 AI 사용자,현재 AI 사용자,True
37961,1,1,0.9034717163394076,향후 AI 사용 예정자,향후 AI 사용 예정자,True
17649,1,0,0.39255007129723507,향후 AI 사용 예정자,현재 AI 사용자,False
43721,0,0,0.20266578376918187,현재 AI 사용자,현재 AI 사용자,True
48613,1,1,0.9717569500376345,향후 AI 사용 예정자,향후 AI 사용 예정자,True
34809,0,1,0.9071870484177693,현재 AI 사용자,향후 AI 사용 예정자,False
3154,0,0,0.08659135775222272,현재 AI 사용자,현재 AI 사용자,True
54747,1,1,0.9254473393889191,향후 AI 사용 예정자,향후 AI 사용 예정자,True
10546,1,1,0.7473013932358621,향후 AI 사용 예정자,향후 AI 사용 예정자,True
57920,1,1,0.8694560262188525,향후 AI 사용 예정자,향후 AI 사용 예정자,True
6129,1,1,0.7031390926845735,향후 AI 사용 예정자,향후 AI 사용 예정자,True
25631,1,1,0.9234116018340125,향후 AI 사용 예정자,향후 AI 사용 예정자,True
54078,1,1,0.8708269368627027,향후 AI 사용 예정자,향후 AI 사용 예정자,True
10906,1,1,0.9100034789121605,향후 AI 사용 예정자,향후 AI 사용 예정자,True
16889,1,1,0.604528954345249,향후 AI 사용 예정자,향후 AI 사용 예정자,True
8866,1,1,0.824145446304297,향후 AI 사용 예정자,향후 AI 사용 예정자,True
18573,1,0,0.2944323737333325,향후 AI 사용 예정자,현재 AI 사용자,False
51778,1,1,0.7125356022219153,향후 AI 사용 예정자,향후 AI 사용 예정자,True
60829,1,1,0.8632287389749256,향후 AI 사용 예정자,향후 AI 사용 예정자,True
7484,1,1,0.7583801655284411,향후 AI 사용 예정자,향후 AI 사용 예정자,True
27356,1,1,0.9288968977405615,향후 AI 사용 예정자,향후 AI 사용 예정자,True
53950,0,0,0.27109203948675537,현재 AI 사용자,현재 AI 사용자,True
31913,1,1,0.9772797968711371,향후 AI 사용 예정자,향후 AI 사용 예정자,True
18475,0,0,0.3851954369330829,현재 AI 사용자,현재 AI 사용자,True
37117,0,0,0.25799648880606024,현재 AI 사용자,현재 AI 사용자,True
13528,1,1,0.6345104421069093,향후 AI 사용 예정자,향후 AI 사용 예정자,True
32459,0,1,0.9172242585895745,현재 AI 사용자,향후 AI 사용 예정자,False
15225,0,0,0.33845427114060156,현재 AI 사용자,현재 AI 사용자,True
49584,0,0,0.26801297770911314,현재 AI 사용자,현재 AI 사용자,True
43833,0,0,0.26809532880205655,현재 AI 사용자,현재 AI 사용자,True
12651,1,1,0.8713526125765783,향후 AI 사용 예정자,향후 AI 사용 예정자,True
36054,0,1,0.6778185481050965,현재 AI 사용자,향후 AI 사용 예정자,False
58106,1,1,0.5091102937601507,향후 AI 사용 예정자,향후 AI 사용 예정자,True
12002,1,1,0.742601310324882,향후 AI 사용 예정자,향후 AI 사용 예정자,True
6661,1,1,0.996697162992614,향후 AI 사용 예정자,향후 AI 사용 예정자,True
23440,1,1,0.5949806239180936,향후 AI 사용 예정자,향후 AI 사용 예정자,True
31666,1,1,0.6265145992665595,향후 AI 사용 예정자,향후 AI 사용 예정자,True
25584,1,1,0.9763564744902413,향후 AI 사용 예정자,향후 AI 사용 예정자,True
8937,0,0,0.15342277994165204,현재 AI 사용자,현재 AI 사용자,True
46967,0,0,0.3594839511912076,현재 AI 사용자,현재 AI 사용자,True
34474,0,0,0.2721626578690147,현재 AI 사용자,현재 AI 사용자,True
58566,0,0,0.49295253796383487,현재 AI 사용자,현재 AI 사용자,True
33901,1,1,0.8515802537991967,향후 AI 사용 예정자,향후 AI 사용 예정자,True
21350,1,1,0.5842287118914556,향후 AI 사용 예정자,향후 AI 사용 예정자,True
27746,0,0,0.2730181571437102,현재 AI 사용자,현재 AI 사용자,True
13764,1,1,0.9726548078447153,향후 AI 사용 예정자,향후 AI 사용 예정자,True
42815,0,1,0.8084536450111053,현재 AI 사용자,향후 AI 사용 예정자,False
20884,0,0,0.21620397563096078,현재 AI 사용자,현재 AI 사용자,True
26737,1,1,0.8124423937360717,향후 AI 사용 예정자,향후 AI 사용 예정자,True
641,1,1,0.9645657932949744,향후 AI 사용 예정자,향후 AI 사용 예정자,True
45112,0,1,0.673652873307456,현재 AI 사용자,향후 AI 사용 예정자,False
44487,1,1,0.8726677607828531,향후 AI 사용 예정자,향후 AI 사용 예정자,True
29589,0,1,0.8075811897305822,현재 AI 사용자,향후 AI 사용 예정자,False
33775,1,0,0.3685487040557026,향후 AI 사용 예정자,현재 AI 사용자,False
63307,1,1,0.8798269187998258,향후 AI 사용 예정자,향후 AI 사용 예정자,True
28119,0,0,0.4453569949592576,현재 AI 사용자,현재 AI 사용자,True
38634,0,0,0.21617020452511582,현재 AI 사용자,현재 AI 사용자,True
52010,0,0,0.3127378884019278,현재 AI 사용자,현재 AI 사용자,True
22556,1,0,0.32869098943702985,향후 AI 사용 예정자,현재 AI 사용자,False
7997,0,0,0.28108066478835475,현재 AI 사용자,현재 AI 사용자,True
25583,1,1,0.7532987999162657,향후 AI 사용 예정자,향후 AI 사용 예정자,True
47458,0,0,0.10865617783981199,현재 AI 사용자,현재 AI 사용자,True
23814,0,0,0.05746888574357052,현재 AI 사용자,현재 AI 사용자,True
20629,1,0,0.43367184426350175,향후 AI 사용 예정자,현재 AI 사용자,False
55854,1,1,0.607527930555023,향후 AI 사용 예정자,향후 AI 사용 예정자,True
44983,0,0,0.4537763793978522,현재 AI 사용자,현재 AI 사용자,True
41254,1,0,0.20441935995448168,향후 AI 사용 예정자,현재 AI 사용자,False
18681,0,0,0.16878006698169185,현재 AI 사용자,현재 AI 사용자,True
4656,1,1,0.9300973844929418,향후 AI 사용 예정자,향후 AI 사용 예정자,True
60302,0,0,0.47900704312102405,현재 AI 사용자,현재 AI 사용자,True
5616,1,1,0.5234007362377876,향후 AI 사용 예정자,향후 AI 사용 예정자,True
437,1,1,0.8991452452391425,향후 AI 사용 예정자,향후 AI 사용 예정자,True
30509,1,1,0.7289515129832344,향후 AI 사용 예정자,향후 AI 사용 예정자,True
11359,1,0,0.4040987079184032,향후 AI 사용 예정자,현재 AI 사용자,False
40836,0,0,0.17779734735682634,현재 AI 사용자,현재 AI 사용자,True
2162,0,0,0.1222399660823978,현재 AI 사용자,현재 AI 사용자,True
6582,0,0,0.39135437683800955,현재 AI 사용자,현재 AI 사용자,True
41777,1,1,0.9722786786659011,향후 AI 사용 예정자,향후 AI 사용 예정자,True
22338,1,1,0.9934716845355999,향후 AI 사용 예정자,향후 AI 사용 예정자,True
32945,0,0,0.27262926638718105,현재 AI 사용자,현재 AI 사용자,True
31779,1,1,0.9628936723453617,향후 AI 사용 예정자,향후 AI 사용 예정자,True
13567,0,1,0.6430118591018638,현재 AI 사용자,향후 AI 사용 예정자,False
1165,0,0,0.08496578903587836,현재 AI 사용자,현재 AI 사용자,True
5370,0,1,0.6776567525710242,현재 AI 사용자,향후 AI 사용 예정자,False
33574,0,0,0.23447017033574735,현재 AI 사용자,현재 AI 사용자,True
5982,1,1,0.7365644578106987,향후 AI 사용 예정자,향후 AI 사용 예정자,True
7163,1,1,0.5868527986291506,향후 AI 사용 예정자,향후 AI 사용 예정자,True
43951,1,0,0.2783171709839766,향후 AI 사용 예정자,현재 AI 사용자,False
10055,1,0,0.3800925258579015,향후 AI 사용 예정자,현재 AI 사용자,False
37687,0,0,0.27369600949847545,현재 AI 사용자,현재 AI 사용자,True
11804,1,1,0.9777792176628739,향후 AI 사용 예정자,향후 AI 사용 예정자,True
57147,1,1,0.9447122430781169,향후 AI 사용 예정자,향후 AI 사용 예정자,True
33640,1,1,0.8714860984249451,향후 AI 사용 예정자,향후 AI 사용 예정자,True
60972,1,1,0.9170894655779422,향후 AI 사용 예정자,향후 AI 사용 예정자,True
36922,1,1,0.9682405951609979,향후 AI 사용 예정자,향후 AI 사용 예정자,True
55080,1,1,0.9639926182313927,향후 AI 사용 예정자,향후 AI 사용 예정자,True
28880,1,1,0.8445456303040026,향후 AI 사용 예정자,향후 AI 사용 예정자,True
4254,0,0,0.3490983050604472,현재 AI 사용자,현재 AI 사용자,True
11576,1,1,0.9562038409207374,향후 AI 사용 예정자,향후 AI 사용 예정자,True
18435,0,0,0.14493492529272067,현재 AI 사용자,현재 AI 사용자,True
29994,0,0,0.13734204143927536,현재 AI 사용자,현재 AI 사용자,True
30489,1,1,0.9700522925513697,향후 AI 사용 예정자,향후 AI 사용 예정자,True
58162,0,0,0.414605129990615,현재 AI 사용자,현재 AI 사용자,True
11905,1,1,0.9072079024552266,향후 AI 사용 예정자,향후 AI 사용 예정자,True
19136,1,1,0.590717539612741,향후 AI 사용 예정자,향후 AI 사용 예정자,True
48315,0,0,0.4887789110310207,현재 AI 사용자,현재 AI 사용자,True
33232,0,0,0.2689230106750085,현재 AI 사용자,현재 AI 사용자,True
38670,1,1,0.6084331791150788,향후 AI 사용 예정자,향후 AI 사용 예정자,True
18539,1,1,0.6305939672545331,향후 AI 사용 예정자,향후 AI 사용 예정자,True
32671,1,1,0.9417910711098744,향후 AI 사용 예정자,향후 AI 사용 예정자,True
15202,0,1,0.6123213017889205,현재 AI 사용자,향후 AI 사용 예정자,False
39360,1,1,0.9371663745706594,향후 AI 사용 예정자,향후 AI 사용 예정자,True
22101,1,1,0.9757629094257082,향후 AI 사용 예정자,향후 AI 사용 예정자,True
30939,1,1,0.7104853405872372,향후 AI 사용 예정자,향후 AI 사용 예정자,True
21525,1,1,0.9405982113114782,향후 AI 사용 예정자,향후 AI 사용 예정자,True
38496,0,0,0.3138802231883776,현재 AI 사용자,현재 AI 사용자,True
59231,1,1,0.5485985529419007,향후 AI 사용 예정자,향후 AI 사용 예정자,True
14168,0,1,0.6206301376630072,현재 AI 사용자,향후 AI 사용 예정자,False
33939,0,0,0.1843772129228655,현재 AI 사용자,현재 AI 사용자,True
30391,0,0,0.29579734085375736,현재 AI 사용자,현재 AI 사용자,True
44170,0,0,0.35937849225499635,현재 AI 사용자,현재 AI 사용자,True
6988,1,1,0.7813206017435333,향후 AI 사용 예정자,향후 AI 사용 예정자,True
47456,1,1,0.9194648030293733,향후 AI 사용 예정자,향후 AI 사용 예정자,True
51480,1,1,0.9121259534876431,향후 AI 사용 예정자,향후 AI 사용 예정자,True
19536,1,1,0.8069764219628527,향후 AI 사용 예정자,향후 AI 사용 예정자,True
24420,1,1,0.6463347291197412,향후 AI 사용 예정자,향후 AI 사용 예정자,True
6030,1,1,0.9299833848715167,향후 AI 사용 예정자,향후 AI 사용 예정자,True
15547,1,1,0.6283893189313521,향후 AI 사용 예정자,향후 AI 사용 예정자,True
50210,0,0,0.2382445312341615,현재 AI 사용자,현재 AI 사용자,True
29521,1,1,0.9403408965577909,향후 AI 사용 예정자,향후 AI 사용 예정자,True
63388,0,1,0.8254997468530824,현재 AI 사용자,향후 AI 사용 예정자,False
29269,0,0,0.1319162323182535,현재 AI 사용자,현재 AI 사용자,True
15694,1,1,0.7711533643671901,향후 AI 사용 예정자,향후 AI 사용 예정자,True
41641,1,0,0.34397242306848236,향후 AI 사용 예정자,현재 AI 사용자,False
29616,1,1,0.9946129017006373,향후 AI 사용 예정자,향후 AI 사용 예정자,True
42413,1,1,0.9697863563492211,향후 AI 사용 예정자,향후 AI 사용 예정자,True
53556,1,1,0.8602590860413721,향후 AI 사용 예정자,향후 AI 사용 예정자,True
50170,0,0,0.14686356388030042,현재 AI 사용자,현재 AI 사용자,True
54048,0,0,0.47536651680449593,현재 AI 사용자,현재 AI 사용자,True
41938,1,0,0.33773715910597957,향후 AI 사용 예정자,현재 AI 사용자,False
31132,1,1,0.8799881519323743,향후 AI 사용 예정자,향후 AI 사용 예정자,True
11727,1,1,0.857743799571436,향후 AI 사용 예정자,향후 AI 사용 예정자,True
18097,1,1,0.8629480529232204,향후 AI 사용 예정자,향후 AI 사용 예정자,True
62363,1,1,0.814900592453754,향후 AI 사용 예정자,향후 AI 사용 예정자,True
55175,1,1,0.5789035943140317,향후 AI 사용 예정자,향후 AI 사용 예정자,True
15289,0,1,0.8596808322931072,현재 AI 사용자,향후 AI 사용 예정자,False
568,1,1,0.6545414588772536,향후 AI 사용 예정자,향후 AI 사용 예정자,True
19266,1,1,0.9685578308943719,향후 AI 사용 예정자,향후 AI 사용 예정자,True
54634,1,1,0.8671019632140209,향후 AI 사용 예정자,향후 AI 사용 예정자,True
58963,1,1,0.9222915123725027,향후 AI 사용 예정자,향후 AI 사용 예정자,True
51504,1,1,0.9261154923156812,향후 AI 사용 예정자,향후 AI 사용 예정자,True
12633,0,1,0.8339821880907564,현재 AI 사용자,향후 AI 사용 예정자,False
37304,1,1,0.9506249786565841,향후 AI 사용 예정자,향후 AI 사용 예정자,True
43687,0,0,0.10069645713187574,현재 AI 사용자,현재 AI 사용자,True
57969,1,1,0.6089385574591983,향후 AI 사용 예정자,향후 AI 사용 예정자,True
8120,1,0,0.4704871055715353,향후 AI 사용 예정자,현재 AI 사용자,False
33674,0,0,0.47106113780040754,현재 AI 사용자,현재 AI 사용자,True
42245,0,0,0.24522760902470292,현재 AI 사용자,현재 AI 사용자,True
54322,1,1,0.8847255087315719,향후 AI 사용 예정자,향후 AI 사용 예정자,True
35368,1,1,0.5371881588164763,향후 AI 사용 예정자,향후 AI 사용 예정자,True
63559,0,1,0.6326716777438846,현재 AI 사용자,향후 AI 사용 예정자,False
2940,1,1,0.5306154213535182,향후 AI 사용 예정자,향후 AI 사용 예정자,True
53771,0,0,0.23371023047030898,현재 AI 사용자,현재 AI 사용자,True
31363,0,1,0.7672652853019868,현재 AI 사용자,향후 AI 사용 예정자,False
50353,1,0,0.18791684368967282,향후 AI 사용 예정자,현재 AI 사용자,False
40877,1,1,0.813692491011828,향후 AI 사용 예정자,향후 AI 사용 예정자,True
43926,1,1,0.9484071179842711,향후 AI 사용 예정자,향후 AI 사용 예정자,True
11628,0,1,0.7979911009614146,현재 AI 사용자,향후 AI 사용 예정자,False
39531,1,1,0.9445154045959884,향후 AI 사용 예정자,향후 AI 사용 예정자,True
20289,1,1,0.6020309308424915,향후 AI 사용 예정자,향후 AI 사용 예정자,True
315,1,1,0.8588063068965633,향후 AI 사용 예정자,향후 AI 사용 예정자,True
56278,1,1,0.5573316060506607,향후 AI 사용 예정자,향후 AI 사용 예정자,True
43145,1,1,0.7399639765075878,향후 AI 사용 예정자,향후 AI 사용 예정자,True
25622,1,0,0.4512499902272762,향후 AI 사용 예정자,현재 AI 사용자,False
10288,1,0,0.4360832674236432,향후 AI 사용 예정자,현재 AI 사용자,False
8712,1,0,0.44863820918546765,향후 AI 사용 예정자,현재 AI 사용자,False
45169,1,0,0.2206795903681491,향후 AI 사용 예정자,현재 AI 사용자,False
43642,0,1,0.6429144387982555,현재 AI 사용자,향후 AI 사용 예정자,False
61536,1,0,0.2799436244816028,향후 AI 사용 예정자,현재 AI 사용자,False
19509,1,1,0.6114005636555147,향후 AI 사용 예정자,향후 AI 사용 예정자,True
47423,0,0,0.24957938735987775,현재 AI 사용자,현재 AI 사용자,True
42225,1,1,0.6646796293694225,향후 AI 사용 예정자,향후 AI 사용 예정자,True
2970,1,1,0.7643635032200046,향후 AI 사용 예정자,향후 AI 사용 예정자,True
46033,1,1,0.8022868599882522,향후 AI 사용 예정자,향후 AI 사용 예정자,True
58347,0,0,0.3451617984702094,현재 AI 사용자,현재 AI 사용자,True
1934,0,0,0.3695891347125299,현재 AI 사용자,현재 AI 사용자,True
61772,1,1,0.8855985052905686,향후 AI 사용 예정자,향후 AI 사용 예정자,True
32755,0,0,0.1031760824013485,현재 AI 사용자,현재 AI 사용자,True
16354,0,0,0.47878684514427433,현재 AI 사용자,현재 AI 사용자,True
464,0,1,0.7544453733688011,현재 AI 사용자,향후 AI 사용 예정자,False
44748,1,0,0.3990648855902577,향후 AI 사용 예정자,현재 AI 사용자,False
49866,1,1,0.8740223938747219,향후 AI 사용 예정자,향후 AI 사용 예정자,True
13525,0,0,0.3904253174301408,현재 AI 사용자,현재 AI 사용자,True
5560,1,1,0.9767940643517289,향후 AI 사용 예정자,향후 AI 사용 예정자,True
54503,1,0,0.48094656527966784,향후 AI 사용 예정자,현재 AI 사용자,False
36277,1,1,0.8109735288720131,향후 AI 사용 예정자,향후 AI 사용 예정자,True
54174,0,1,0.5322919411871889,현재 AI 사용자,향후 AI 사용 예정자,False
8668,1,1,0.6405269182985666,향후 AI 사용 예정자,향후 AI 사용 예정자,True
13180,1,1,0.9807661323953064,향후 AI 사용 예정자,향후 AI 사용 예정자,True
50079,1,1,0.8415316619042248,향후 AI 사용 예정자,향후 AI 사용 예정자,True
44140,1,1,0.9810638926483989,향후 AI 사용 예정자,향후 AI 사용 예정자,True
53348,0,1,0.897457348538667,현재 AI 사용자,향후 AI 사용 예정자,False
2016,0,1,0.6707535694537685,현재 AI 사용자,향후 AI 사용 예정자,False
54846,1,1,0.8173247059151453,향후 AI 사용 예정자,향후 AI 사용 예정자,True
52898,0,0,0.32818142835998576,현재 AI 사용자,현재 AI 사용자,True
37251,1,1,0.9389024638469169,향후 AI 사용 예정자,향후 AI 사용 예정자,True
250,0,0,0.4769240706594987,현재 AI 사용자,현재 AI 사용자,True
61828,1,1,0.856097309295953,향후 AI 사용 예정자,향후 AI 사용 예정자,True
7052,0,1,0.6169644746442368,현재 AI 사용자,향후 AI 사용 예정자,False
65306,0,0,0.13142098338169478,현재 AI 사용자,현재 AI 사용자,True
37589,1,1,0.9089483510601174,향후 AI 사용 예정자,향후 AI 사용 예정자,True
2412,1,1,0.6634203088071173,향후 AI 사용 예정자,향후 AI 사용 예정자,True
16161,0,1,0.5718740632190222,현재 AI 사용자,향후 AI 사용 예정자,False
6791,0,0,0.44647005358282704,현재 AI 사용자,현재 AI 사용자,True
61179,0,0,0.4520289873624575,현재 AI 사용자,현재 AI 사용자,True
50986,0,1,0.7441672402915852,현재 AI 사용자,향후 AI 사용 예정자,False
21712,0,0,0.41329218076680657,현재 AI 사용자,현재 AI 사용자,True
49744,0,1,0.8711195381625975,현재 AI 사용자,향후 AI 사용 예정자,False
25945,1,1,0.9915266211857517,향후 AI 사용 예정자,향후 AI 사용 예정자,True
57439,1,1,0.9365170787286383,향후 AI 사용 예정자,향후 AI 사용 예정자,True
27500,1,1,0.8436947567252717,향후 AI 사용 예정자,향후 AI 사용 예정자,True
38092,0,0,0.20856346325787722,현재 AI 사용자,현재 AI 사용자,True
10988,0,1,0.7730266677830663,현재 AI 사용자,향후 AI 사용 예정자,False
2622,0,1,0.6854311302706869,현재 AI 사용자,향후 AI 사용 예정자,False
6544,0,0,0.3650819764703586,현재 AI 사용자,현재 AI 사용자,True
46095,1,1,0.6144855328480527,향후 AI 사용 예정자,향후 AI 사용 예정자,True
25795,0,1,0.6841091920748888,현재 AI 사용자,향후 AI 사용 예정자,False
55741,1,1,0.9784256672374309,향후 AI 사용 예정자,향후 AI 사용 예정자,True
30755,1,1,0.9515488743834755,향후 AI 사용 예정자,향후 AI 사용 예정자,True
34440,1,1,0.7271061988670798,향후 AI 사용 예정자,향후 AI 사용 예정자,True
8895,1,1,0.9160987022336725,향후 AI 사용 예정자,향후 AI 사용 예정자,True
53958,0,0,0.08828944824302645,현재 AI 사용자,현재 AI 사용자,True
55983,0,1,0.5733279784324531,현재 AI 사용자,향후 AI 사용 예정자,False
2102,0,0,0.21558700778813034,현재 AI 사용자,현재 AI 사용자,True
38956,1,1,0.8783713182409798,향후 AI 사용 예정자,향후 AI 사용 예정자,True
37107,1,1,0.8923260713202364,향후 AI 사용 예정자,향후 AI 사용 예정자,True
45894,1,0,0.23702555567652853,향후 AI 사용 예정자,현재 AI 사용자,False
59199,0,0,0.35661610023513374,현재 AI 사용자,현재 AI 사용자,True
30034,1,1,0.9008385456480018,향후 AI 사용 예정자,향후 AI 사용 예정자,True
29488,1,0,0.354550694675777,향후 AI 사용 예정자,현재 AI 사용자,False
28972,1,0,0.2949621607342879,향후 AI 사용 예정자,현재 AI 사용자,False
62994,1,1,0.8558100312822811,향후 AI 사용 예정자,향후 AI 사용 예정자,True
13813,1,1,0.8913009533934626,향후 AI 사용 예정자,향후 AI 사용 예정자,True
12257,0,0,0.38152657986192423,현재 AI 사용자,현재 AI 사용자,True
7962,0,0,0.40551311920169436,현재 AI 사용자,현재 AI 사용자,True
54586,1,1,0.5634933141333807,향후 AI 사용 예정자,향후 AI 사용 예정자,True
44219,1,1,0.9043457025602186,향후 AI 사용 예정자,향후 AI 사용 예정자,True
56914,0,0,0.27216071965073685,현재 AI 사용자,현재 AI 사용자,True
18620,0,0,0.4980748159025019,현재 AI 사용자,현재 AI 사용자,True
59613,0,1,0.9122560123684823,현재 AI 사용자,향후 AI 사용 예정자,False
57057,0,1,0.5577195987311167,현재 AI 사용자,향후 AI 사용 예정자,False
18729,1,1,0.9669456571697292,향후 AI 사용 예정자,향후 AI 사용 예정자,True
7297,1,0,0.190077369880577,향후 AI 사용 예정자,현재 AI 사용자,False
15285,1,0,0.3466208223713671,향후 AI 사용 예정자,현재 AI 사용자,False
36972,0,0,0.366313394583074,현재 AI 사용자,현재 AI 사용자,True
15992,0,0,0.307146086363479,현재 AI 사용자,현재 AI 사용자,True
35614,0,0,0.11165567964977884,현재 AI 사용자,현재 AI 사용자,True
8516,0,0,0.18887317500336007,현재 AI 사용자,현재 AI 사용자,True
6772,1,1,0.951518344824366,향후 AI 사용 예정자,향후 AI 사용 예정자,True
6903,0,0,0.22278806637914206,현재 AI 사용자,현재 AI 사용자,True
35082,0,1,0.5019820396183162,현재 AI 사용자,향후 AI 사용 예정자,False
26015,0,1,0.6105010605491932,현재 AI 사용자,향후 AI 사용 예정자,False
32111,1,0,0.3869018723352291,향후 AI 사용 예정자,현재 AI 사용자,False
26502,0,1,0.6150824360385285,현재 AI 사용자,향후 AI 사용 예정자,False
44332,1,1,0.9786364216820063,향후 AI 사용 예정자,향후 AI 사용 예정자,True
64725,0,0,0.29834462811721596,현재 AI 사용자,현재 AI 사용자,True
6417,1,1,0.5486115678556361,향후 AI 사용 예정자,향후 AI 사용 예정자,True
11676,1,1,0.6318173448157464,향후 AI 사용 예정자,향후 AI 사용 예정자,True
48705,0,0,0.42290742076161103,현재 AI 사용자,현재 AI 사용자,True
6669,0,1,0.5846352238348335,현재 AI 사용자,향후 AI 사용 예정자,False
46176,0,0,0.4947764595573381,현재 AI 사용자,현재 AI 사용자,True
17514,1,1,0.9239394478195183,향후 AI 사용 예정자,향후 AI 사용 예정자,True
3656,1,1,0.8395586012915326,향후 AI 사용 예정자,향후 AI 사용 예정자,True
58663,1,1,0.5585060732205447,향후 AI 사용 예정자,향후 AI 사용 예정자,True
42661,1,1,0.5561161023528055,향후 AI 사용 예정자,향후 AI 사용 예정자,True
56303,1,1,0.8985260491888859,향후 AI 사용 예정자,향후 AI 사용 예정자,True
4271,0,0,0.20188200902413717,현재 AI 사용자,현재 AI 사용자,True
34033,1,1,0.8719263876854262,향후 AI 사용 예정자,향후 AI 사용 예정자,True
37529,1,1,0.8911869576610194,향후 AI 사용 예정자,향후 AI 사용 예정자,True
21414,1,1,0.9808168795102814,향후 AI 사용 예정자,향후 AI 사용 예정자,True
1123,1,0,0.29798575664280624,향후 AI 사용 예정자,현재 AI 사용자,False
20750,1,0,0.3925396944891008,향후 AI 사용 예정자,현재 AI 사용자,False
8322,0,1,0.6401485990907156,현재 AI 사용자,향후 AI 사용 예정자,False
10801,0,0,0.1294897203377119,현재 AI 사용자,현재 AI 사용자,True
28255,1,1,0.9152185879205206,향후 AI 사용 예정자,향후 AI 사용 예정자,True
49952,1,1,0.574743382970334,향후 AI 사용 예정자,향후 AI 사용 예정자,True
28264,1,1,0.9168245258923607,향후 AI 사용 예정자,향후 AI 사용 예정자,True
46736,1,1,0.8649631279035644,향후 AI 사용 예정자,향후 AI 사용 예정자,True
36301,1,1,0.956747503175358,향후 AI 사용 예정자,향후 AI 사용 예정자,True
20059,1,1,0.6371933525183746,향후 AI 사용 예정자,향후 AI 사용 예정자,True
24518,0,0,0.2364085692377038,현재 AI 사용자,현재 AI 사용자,True
30600,1,1,0.9222004442690118,향후 AI 사용 예정자,향후 AI 사용 예정자,True
18040,1,1,0.7221805556199854,향후 AI 사용 예정자,향후 AI 사용 예정자,True
61885,0,1,0.5217467847023723,현재 AI 사용자,향후 AI 사용 예정자,False
22704,0,0,0.10257730156463792,현재 AI 사용자,현재 AI 사용자,True
15799,1,1,0.9619904411649104,향후 AI 사용 예정자,향후 AI 사용 예정자,True
7977,1,0,0.21324774822954998,향후 AI 사용 예정자,현재 AI 사용자,False
34719,0,0,0.22591516542211101,현재 AI 사용자,현재 AI 사용자,True
6794,1,1,0.523743432975043,향후 AI 사용 예정자,향후 AI 사용 예정자,True
30046,1,0,0.4566668039958407,향후 AI 사용 예정자,현재 AI 사용자,False
62289,1,1,0.7586373578198342,향후 AI 사용 예정자,향후 AI 사용 예정자,True
60622,1,1,0.8781789406083571,향후 AI 사용 예정자,향후 AI 사용 예정자,True
6407,0,0,0.09616870491062329,현재 AI 사용자,현재 AI 사용자,True
56376,0,0,0.35259281425781347,현재 AI 사용자,현재 AI 사용자,True
26,0,0,0.2526359115695972,현재 AI 사용자,현재 AI 사용자,True
59255,1,1,0.8496979446847809,향후 AI 사용 예정자,향후 AI 사용 예정자,True
53527,1,0,0.4268795709180663,향후 AI 사용 예정자,현재 AI 사용자,False
50206,0,0,0.4137449115078617,현재 AI 사용자,현재 AI 사용자,True
56640,1,1,0.7548500032536141,향후 AI 사용 예정자,향후 AI 사용 예정자,True
50745,1,1,0.9872072963392315,향후 AI 사용 예정자,향후 AI 사용 예정자,True
56691,1,1,0.9137202958284364,향후 AI 사용 예정자,향후 AI 사용 예정자,True
58614,0,1,0.5003134495589183,현재 AI 사용자,향후 AI 사용 예정자,False
49192,1,1,0.680760644669352,향후 AI 사용 예정자,향후 AI 사용 예정자,True
1021,0,1,0.9150960279303441,현재 AI 사용자,향후 AI 사용 예정자,False
47769,1,1,0.9841699823404856,향후 AI 사용 예정자,향후 AI 사용 예정자,True
42936,1,1,0.9386296108090375,향후 AI 사용 예정자,향후 AI 사용 예정자,True
18395,0,0,0.3618353244707331,현재 AI 사용자,현재 AI 사용자,True
39878,1,0,0.45989576803385385,향후 AI 사용 예정자,현재 AI 사용자,False
1261,0,0,0.19513889753394734,현재 AI 사용자,현재 AI 사용자,True
25904,1,1,0.636598625191838,향후 AI 사용 예정자,향후 AI 사용 예정자,True
41179,1,1,0.7968232464998785,향후 AI 사용 예정자,향후 AI 사용 예정자,True
50334,1,1,0.9722916515232722,향후 AI 사용 예정자,향후 AI 사용 예정자,True
29368,0,0,0.4562690510227893,현재 AI 사용자,현재 AI 사용자,True
5845,1,0,0.16624362193147235,향후 AI 사용 예정자,현재 AI 사용자,False
22090,0,0,0.2729217507589528,현재 AI 사용자,현재 AI 사용자,True
2316,0,1,0.5243270624879323,현재 AI 사용자,향후 AI 사용 예정자,False
23049,0,1,0.5040727707379922,현재 AI 사용자,향후 AI 사용 예정자,False
36372,0,1,0.6565320470863456,현재 AI 사용자,향후 AI 사용 예정자,False
60566,1,0,0.45808402634899065,향후 AI 사용 예정자,현재 AI 사용자,False
30926,1,1,0.5472437236559868,향후 AI 사용 예정자,향후 AI 사용 예정자,True
45658,1,0,0.1673257428363443,향후 AI 사용 예정자,현재 AI 사용자,False
28521,1,1,0.6766970725469488,향후 AI 사용 예정자,향후 AI 사용 예정자,True
9924,1,1,0.6231063036499485,향후 AI 사용 예정자,향후 AI 사용 예정자,True
63001,1,1,0.6901165892471014,향후 AI 사용 예정자,향후 AI 사용 예정자,True
54836,0,0,0.26961975989874665,현재 AI 사용자,현재 AI 사용자,True
22408,0,0,0.32132963605094716,현재 AI 사용자,현재 AI 사용자,True
24677,1,1,0.9637671705919504,향후 AI 사용 예정자,향후 AI 사용 예정자,True
3923,1,1,0.7836917459511535,향후 AI 사용 예정자,향후 AI 사용 예정자,True
31144,0,0,0.3098066686875562,현재 AI 사용자,현재 AI 사용자,True
34659,0,0,0.22671376106247118,현재 AI 사용자,현재 AI 사용자,True
40756,1,1,0.7294428018674837,향후 AI 사용 예정자,향후 AI 사용 예정자,True
19003,1,1,0.9445721757208314,향후 AI 사용 예정자,향후 AI 사용 예정자,True
16493,1,1,0.9198648499676971,향후 AI 사용 예정자,향후 AI 사용 예정자,True
53684,1,0,0.38434325159487076,향후 AI 사용 예정자,현재 AI 사용자,False
43371,1,1,0.720322655164353,향후 AI 사용 예정자,향후 AI 사용 예정자,True
16938,0,0,0.3996714372606671,현재 AI 사용자,현재 AI 사용자,True
5710,1,1,0.8332528681552185,향후 AI 사용 예정자,향후 AI 사용 예정자,True
47532,1,1,0.975230780554159,향후 AI 사용 예정자,향후 AI 사용 예정자,True
30630,0,0,0.2753520054766321,현재 AI 사용자,현재 AI 사용자,True
50955,0,1,0.6674545066380991,현재 AI 사용자,향후 AI 사용 예정자,False
46698,0,1,0.5306794502610221,현재 AI 사용자,향후 AI 사용 예정자,False
6516,1,1,0.857571399949503,향후 AI 사용 예정자,향후 AI 사용 예정자,True
39810,0,0,0.09510026325702356,현재 AI 사용자,현재 AI 사용자,True
34814,1,1,0.6394644576604555,향후 AI 사용 예정자,향후 AI 사용 예정자,True
55288,1,1,0.7930914122108694,향후 AI 사용 예정자,향후 AI 사용 예정자,True
45960,0,0,0.4079101757592357,현재 AI 사용자,현재 AI 사용자,True
62430,0,0,0.2343197299471031,현재 AI 사용자,현재 AI 사용자,True
56022,0,0,0.44570848954971337,현재 AI 사용자,현재 AI 사용자,True
45231,0,0,0.3764287700134276,현재 AI 사용자,현재 AI 사용자,True
22877,1,1,0.995327943183506,향후 AI 사용 예정자,향후 AI 사용 예정자,True
63954,1,1,0.7682151890099953,향후 AI 사용 예정자,향후 AI 사용 예정자,True
29369,1,1,0.938769751270466,향후 AI 사용 예정자,향후 AI 사용 예정자,True
44342,1,1,0.9576930617206167,향후 AI 사용 예정자,향후 AI 사용 예정자,True
58442,0,0,0.3427318162786777,현재 AI 사용자,현재 AI 사용자,True
26820,1,1,0.7964595749130097,향후 AI 사용 예정자,향후 AI 사용 예정자,True
24397,1,1,0.9814249665593757,향후 AI 사용 예정자,향후 AI 사용 예정자,True
5911,1,1,0.8125329602277842,향후 AI 사용 예정자,향후 AI 사용 예정자,True
50839,1,1,0.7959792825249467,향후 AI 사용 예정자,향후 AI 사용 예정자,True
18526,1,1,0.958948214998987,향후 AI 사용 예정자,향후 AI 사용 예정자,True
38104,0,1,0.5146085473709854,현재 AI 사용자,향후 AI 사용 예정자,False
19852,0,0,0.4536634113370176,현재 AI 사용자,현재 AI 사용자,True
41462,1,1,0.7789630668569992,향후 AI 사용 예정자,향후 AI 사용 예정자,True
22242,0,0,0.48036040805680774,현재 AI 사용자,현재 AI 사용자,True
16448,1,1,0.7351726086610052,향후 AI 사용 예정자,향후 AI 사용 예정자,True
35517,0,1,0.9291105437519115,현재 AI 사용자,향후 AI 사용 예정자,False
65257,1,1,0.7611770720492853,향후 AI 사용 예정자,향후 AI 사용 예정자,True
31637,1,1,0.9793375198584815,향후 AI 사용 예정자,향후 AI 사용 예정자,True
23543,1,1,0.8812654869425647,향후 AI 사용 예정자,향후 AI 사용 예정자,True
42292,0,0,0.4789752882337507,현재 AI 사용자,현재 AI 사용자,True
9339,1,1,0.9656005664363031,향후 AI 사용 예정자,향후 AI 사용 예정자,True
743,1,0,0.2813117124850345,향후 AI 사용 예정자,현재 AI 사용자,False
52627,1,0,0.4783844924322647,향후 AI 사용 예정자,현재 AI 사용자,False
1188,0,0,0.13439131389032818,현재 AI 사용자,현재 AI 사용자,True
15148,1,1,0.9794605850959269,향후 AI 사용 예정자,향후 AI 사용 예정자,True
46712,1,1,0.9091864568471363,향후 AI 사용 예정자,향후 AI 사용 예정자,True
51997,0,0,0.15076603355301416,현재 AI 사용자,현재 AI 사용자,True
10406,0,1,0.6981620279111869,현재 AI 사용자,향후 AI 사용 예정자,False
45968,1,1,0.9450971834226816,향후 AI 사용 예정자,향후 AI 사용 예정자,True
21328,0,0,0.15483495891513915,현재 AI 사용자,현재 AI 사용자,True
13015,1,1,0.9291064772813762,향후 AI 사용 예정자,향후 AI 사용 예정자,True
51749,1,1,0.9755969159934219,향후 AI 사용 예정자,향후 AI 사용 예정자,True
16107,0,1,0.5271236504338072,현재 AI 사용자,향후 AI 사용 예정자,False
5310,1,1,0.8882369363920126,향후 AI 사용 예정자,향후 AI 사용 예정자,True
12134,1,1,0.965764624627966,향후 AI 사용 예정자,향후 AI 사용 예정자,True
34779,0,1,0.5867788706751124,현재 AI 사용자,향후 AI 사용 예정자,False
2083,0,0,0.3250386119133685,현재 AI 사용자,현재 AI 사용자,True
33929,1,1,0.9771454628056199,향후 AI 사용 예정자,향후 AI 사용 예정자,True
58189,1,1,0.8107579769962394,향후 AI 사용 예정자,향후 AI 사용 예정자,True
10464,0,0,0.2695154611635861,현재 AI 사용자,현재 AI 사용자,True
13148,0,0,0.073578330756474,현재 AI 사용자,현재 AI 사용자,True
43484,0,1,0.7755676803510342,현재 AI 사용자,향후 AI 사용 예정자,False
51519,1,1,0.6468544174266628,향후 AI 사용 예정자,향후 AI 사용 예정자,True
20036,1,1,0.9405733456552573,향후 AI 사용 예정자,향후 AI 사용 예정자,True
51994,1,1,0.9492082543632484,향후 AI 사용 예정자,향후 AI 사용 예정자,True
62218,1,1,0.8781579498642598,향후 AI 사용 예정자,향후 AI 사용 예정자,True
45103,1,1,0.9963023747471556,향후 AI 사용 예정자,향후 AI 사용 예정자,True
61444,1,1,0.5949159990834243,향후 AI 사용 예정자,향후 AI 사용 예정자,True
48633,0,1,0.812486296639099,현재 AI 사용자,향후 AI 사용 예정자,False
17777,1,1,0.8603104830257393,향후 AI 사용 예정자,향후 AI 사용 예정자,True
60909,1,1,0.8829782786969768,향후 AI 사용 예정자,향후 AI 사용 예정자,True
34132,1,1,0.5799604988728468,향후 AI 사용 예정자,향후 AI 사용 예정자,True
59498,1,1,0.5168038806967608,향후 AI 사용 예정자,향후 AI 사용 예정자,True
58002,1,1,0.9168570253744632,향후 AI 사용 예정자,향후 AI 사용 예정자,True
27525,1,1,0.9574557078841485,향후 AI 사용 예정자,향후 AI 사용 예정자,True
36169,1,1,0.7306816947684978,향후 AI 사용 예정자,향후 AI 사용 예정자,True
50628,0,0,0.1290358989960508,현재 AI 사용자,현재 AI 사용자,True
52727,1,1,0.6609398248247494,향후 AI 사용 예정자,향후 AI 사용 예정자,True
35475,0,1,0.5229757931620646,현재 AI 사용자,향후 AI 사용 예정자,False
2848,1,0,0.4772713134258768,향후 AI 사용 예정자,현재 AI 사용자,False
48728,1,1,0.8840771087066348,향후 AI 사용 예정자,향후 AI 사용 예정자,True
2996,1,1,0.6518899605124409,향후 AI 사용 예정자,향후 AI 사용 예정자,True
17069,0,0,0.11981202370771285,현재 AI 사용자,현재 AI 사용자,True
1447,1,1,0.721446871239929,향후 AI 사용 예정자,향후 AI 사용 예정자,True
22133,1,1,0.9126882202091215,향후 AI 사용 예정자,향후 AI 사용 예정자,True
48851,0,0,0.21902286921100345,현재 AI 사용자,현재 AI 사용자,True
57473,0,1,0.8038418369623654,현재 AI 사용자,향후 AI 사용 예정자,False
3887,0,1,0.7094062644197631,현재 AI 사용자,향후 AI 사용 예정자,False
47631,0,0,0.2604108326996295,현재 AI 사용자,현재 AI 사용자,True
12512,1,1,0.9903801102782438,향후 AI 사용 예정자,향후 AI 사용 예정자,True
57544,1,1,0.9909192228562881,향후 AI 사용 예정자,향후 AI 사용 예정자,True
60080,1,1,0.7404065899362509,향후 AI 사용 예정자,향후 AI 사용 예정자,True
43624,1,1,0.8976917626609285,향후 AI 사용 예정자,향후 AI 사용 예정자,True
28499,1,1,0.7517815391142416,향후 AI 사용 예정자,향후 AI 사용 예정자,True
45980,0,0,0.46192985014246535,현재 AI 사용자,현재 AI 사용자,True
29518,0,0,0.2688151233970929,현재 AI 사용자,현재 AI 사용자,True
29993,1,1,0.7032616246670345,향후 AI 사용 예정자,향후 AI 사용 예정자,True
533,1,1,0.8507239759162946,향후 AI 사용 예정자,향후 AI 사용 예정자,True
2687,0,1,0.5535624237479134,현재 AI 사용자,향후 AI 사용 예정자,False
11990,1,1,0.9910071243537513,향후 AI 사용 예정자,향후 AI 사용 예정자,True
19644,0,0,0.20111302331096154,현재 AI 사용자,현재 AI 사용자,True
43178,0,0,0.303728447810917,현재 AI 사용자,현재 AI 사용자,True
30099,1,1,0.6193672448489821,향후 AI 사용 예정자,향후 AI 사용 예정자,True
36742,1,1,0.9065602835273242,향후 AI 사용 예정자,향후 AI 사용 예정자,True
30,1,0,0.3032574842292667,향후 AI 사용 예정자,현재 AI 사용자,False
51203,0,0,0.43311159960171086,현재 AI 사용자,현재 AI 사용자,True
17527,0,0,0.21352881312930244,현재 AI 사용자,현재 AI 사용자,True
25471,1,1,0.7795948394883628,향후 AI 사용 예정자,향후 AI 사용 예정자,True
33656,1,1,0.8127904790821084,향후 AI 사용 예정자,향후 AI 사용 예정자,True
30272,1,1,0.9803904937757293,향후 AI 사용 예정자,향후 AI 사용 예정자,True
39046,0,0,0.3825211138614215,현재 AI 사용자,현재 AI 사용자,True
35312,1,1,0.5955702364001231,향후 AI 사용 예정자,향후 AI 사용 예정자,True
51136,1,1,0.5992285828935167,향후 AI 사용 예정자,향후 AI 사용 예정자,True
48933,1,1,0.8896514077803647,향후 AI 사용 예정자,향후 AI 사용 예정자,True
32553,1,0,0.32198118308722024,향후 AI 사용 예정자,현재 AI 사용자,False
36338,0,1,0.8980955873317131,현재 AI 사용자,향후 AI 사용 예정자,False
12305,1,1,0.8543538012972091,향후 AI 사용 예정자,향후 AI 사용 예정자,True
440,0,1,0.7317139259568148,현재 AI 사용자,향후 AI 사용 예정자,False
25709,0,1,0.589099289349998,현재 AI 사용자,향후 AI 사용 예정자,False
55595,0,1,0.6146845882931797,현재 AI 사용자,향후 AI 사용 예정자,False
13502,0,0,0.15932558454156714,현재 AI 사용자,현재 AI 사용자,True
55721,1,1,0.9776428584108453,향후 AI 사용 예정자,향후 AI 사용 예정자,True
5458,0,0,0.2544842411929855,현재 AI 사용자,현재 AI 사용자,True
28265,1,0,0.29201065137185794,향후 AI 사용 예정자,현재 AI 사용자,False
26380,1,1,0.9713777661903984,향후 AI 사용 예정자,향후 AI 사용 예정자,True
64674,0,0,0.4135117412714829,현재 AI 사용자,현재 AI 사용자,True
34908,1,1,0.975572790363504,향후 AI 사용 예정자,향후 AI 사용 예정자,True
22978,1,1,0.6377688747794739,향후 AI 사용 예정자,향후 AI 사용 예정자,True
19434,1,1,0.7150887271887848,향후 AI 사용 예정자,향후 AI 사용 예정자,True
4025,0,0,0.3173146654544572,현재 AI 사용자,현재 AI 사용자,True
46321,1,0,0.2247018589070753,향후 AI 사용 예정자,현재 AI 사용자,False
22368,0,1,0.5200031672409218,현재 AI 사용자,향후 AI 사용 예정자,False
35951,1,1,0.9413913390828262,향후 AI 사용 예정자,향후 AI 사용 예정자,True
32916,1,1,0.6347347952614695,향후 AI 사용 예정자,향후 AI 사용 예정자,True
41864,1,0,0.35021943361517327,향후 AI 사용 예정자,현재 AI 사용자,False
17257,0,1,0.7024949474612059,현재 AI 사용자,향후 AI 사용 예정자,False
39553,0,0,0.4476032481650832,현재 AI 사용자,현재 AI 사용자,True
56104,1,1,0.8576521624144755,향후 AI 사용 예정자,향후 AI 사용 예정자,True
50368,1,0,0.375413712567323,향후 AI 사용 예정자,현재 AI 사용자,False
3156,0,0,0.48172347357328354,현재 AI 사용자,현재 AI 사용자,True
27457,1,1,0.5812348083427995,향후 AI 사용 예정자,향후 AI 사용 예정자,True
59410,1,0,0.4528075311380788,향후 AI 사용 예정자,현재 AI 사용자,False
39848,0,1,0.6225648669155378,현재 AI 사용자,향후 AI 사용 예정자,False
47250,0,0,0.2522520692215295,현재 AI 사용자,현재 AI 사용자,True
10478,1,1,0.7826647338414822,향후 AI 사용 예정자,향후 AI 사용 예정자,True
39469,1,0,0.3411311822197073,향후 AI 사용 예정자,현재 AI 사용자,False
15997,1,1,0.9123076547428653,향후 AI 사용 예정자,향후 AI 사용 예정자,True
45670,1,0,0.19567974068167787,향후 AI 사용 예정자,현재 AI 사용자,False
52478,1,1,0.7298082908527649,향후 AI 사용 예정자,향후 AI 사용 예정자,True
38738,1,1,0.8343341176249894,향후 AI 사용 예정자,향후 AI 사용 예정자,True
45752,0,1,0.5531437201383083,현재 AI 사용자,향후 AI 사용 예정자,False
30578,1,1,0.720951729194047,향후 AI 사용 예정자,향후 AI 사용 예정자,True
2945,1,0,0.46123849987879045,향후 AI 사용 예정자,현재 AI 사용자,False
60135,1,1,0.7127748295025227,향후 AI 사용 예정자,향후 AI 사용 예정자,True
45696,0,0,0.25201945914700485,현재 AI 사용자,현재 AI 사용자,True
52482,1,1,0.8754648382360645,향후 AI 사용 예정자,향후 AI 사용 예정자,True
39518,0,1,0.7065672757863878,현재 AI 사용자,향후 AI 사용 예정자,False
28215,0,0,0.3549971626411785,현재 AI 사용자,현재 AI 사용자,True
24483,0,1,0.5974704172436834,현재 AI 사용자,향후 AI 사용 예정자,False
30649,1,1,0.6913731240826222,향후 AI 사용 예정자,향후 AI 사용 예정자,True
7775,0,0,0.31229037645230995,현재 AI 사용자,현재 AI 사용자,True
51686,1,1,0.9128590624967458,향후 AI 사용 예정자,향후 AI 사용 예정자,True
5949,0,0,0.23816153504490833,현재 AI 사용자,현재 AI 사용자,True
47030,0,0,0.44861009516591377,현재 AI 사용자,현재 AI 사용자,True
16744,1,1,0.8525957095956813,향후 AI 사용 예정자,향후 AI 사용 예정자,True
36225,1,1,0.8492181510463277,향후 AI 사용 예정자,향후 AI 사용 예정자,True
619,0,0,0.29556044605334525,현재 AI 사용자,현재 AI 사용자,True
18331,1,1,0.8467335257664321,향후 AI 사용 예정자,향후 AI 사용 예정자,True
36376,1,1,0.7740781226005421,향후 AI 사용 예정자,향후 AI 사용 예정자,True
57094,0,0,0.09749611663253838,현재 AI 사용자,현재 AI 사용자,True
2884,1,1,0.8089935476171908,향후 AI 사용 예정자,향후 AI 사용 예정자,True
59984,0,0,0.06937304104940382,현재 AI 사용자,현재 AI 사용자,True
44214,0,0,0.2551484479490774,현재 AI 사용자,현재 AI 사용자,True
29794,1,0,0.1829359862560886,향후 AI 사용 예정자,현재 AI 사용자,False
37024,1,0,0.3304590464633004,향후 AI 사용 예정자,현재 AI 사용자,False
33326,0,0,0.05173095043598585,현재 AI 사용자,현재 AI 사용자,True
56586,0,0,0.4412029702184996,현재 AI 사용자,현재 AI 사용자,True
44138,0,0,0.20611957758894073,현재 AI 사용자,현재 AI 사용자,True
20225,1,1,0.9761971904376591,향후 AI 사용 예정자,향후 AI 사용 예정자,True
22169,0,0,0.4542818649415668,현재 AI 사용자,현재 AI 사용자,True
11417,1,1,0.7973291979275411,향후 AI 사용 예정자,향후 AI 사용 예정자,True
122,1,0,0.3798129540828487,향후 AI 사용 예정자,현재 AI 사용자,False
38969,0,0,0.2724597858572314,현재 AI 사용자,현재 AI 사용자,True
55977,0,1,0.9039588077114059,현재 AI 사용자,향후 AI 사용 예정자,False
40080,1,1,0.9409192433911538,향후 AI 사용 예정자,향후 AI 사용 예정자,True
19316,1,1,0.9899495874255861,향후 AI 사용 예정자,향후 AI 사용 예정자,True
13003,1,1,0.9224559045935586,향후 AI 사용 예정자,향후 AI 사용 예정자,True
49965,1,1,0.9910477138285351,향후 AI 사용 예정자,향후 AI 사용 예정자,True
65251,1,1,0.8679383513164581,향후 AI 사용 예정자,향후 AI 사용 예정자,True
6841,0,1,0.5023636864406005,현재 AI 사용자,향후 AI 사용 예정자,False
760,1,1,0.6885555257242368,향후 AI 사용 예정자,향후 AI 사용 예정자,True
24977,1,1,0.8307808607637899,향후 AI 사용 예정자,향후 AI 사용 예정자,True
43799,1,1,0.6676105488384042,향후 AI 사용 예정자,향후 AI 사용 예정자,True
53503,1,0,0.21615358700779116,향후 AI 사용 예정자,현재 AI 사용자,False
58173,0,1,0.7042595610375916,현재 AI 사용자,향후 AI 사용 예정자,False
42543,0,0,0.13354986067249405,현재 AI 사용자,현재 AI 사용자,True
22221,0,0,0.1762056613280797,현재 AI 사용자,현재 AI 사용자,True
57061,1,0,0.4025548440692747,향후 AI 사용 예정자,현재 AI 사용자,False
16563,0,0,0.46408116962635376,현재 AI 사용자,현재 AI 사용자,True
56944,0,1,0.927634912238121,현재 AI 사용자,향후 AI 사용 예정자,False
49820,1,1,0.926700859686875,향후 AI 사용 예정자,향후 AI 사용 예정자,True
25286,1,1,0.9114236642871562,향후 AI 사용 예정자,향후 AI 사용 예정자,True
20001,1,1,0.9500006214162681,향후 AI 사용 예정자,향후 AI 사용 예정자,True
4313,0,0,0.20262421093717853,현재 AI 사용자,현재 AI 사용자,True
24678,1,1,0.8830938092387126,향후 AI 사용 예정자,향후 AI 사용 예정자,True
17439,0,0,0.34694846148632874,현재 AI 사용자,현재 AI 사용자,True
5906,0,0,0.37196889171498226,현재 AI 사용자,현재 AI 사용자,True
36040,1,0,0.4885065913489276,향후 AI 사용 예정자,현재 AI 사용자,False
51680,0,1,0.8035150355245484,현재 AI 사용자,향후 AI 사용 예정자,False
16801,1,1,0.9616319021889481,향후 AI 사용 예정자,향후 AI 사용 예정자,True
11148,0,1,0.624042140945466,현재 AI 사용자,향후 AI 사용 예정자,False
61650,1,1,0.8816392906885226,향후 AI 사용 예정자,향후 AI 사용 예정자,True
8877,1,1,0.7071979623410418,향후 AI 사용 예정자,향후 AI 사용 예정자,True
56107,1,0,0.3196860076682486,향후 AI 사용 예정자,현재 AI 사용자,False
27691,1,1,0.9294958627931726,향후 AI 사용 예정자,향후 AI 사용 예정자,True
2228,1,0,0.3562653569323242,향후 AI 사용 예정자,현재 AI 사용자,False
17866,1,1,0.8242399819782463,향후 AI 사용 예정자,향후 AI 사용 예정자,True
4886,0,1,0.5840416936438365,현재 AI 사용자,향후 AI 사용 예정자,False
13496,1,1,0.948749348660289,향후 AI 사용 예정자,향후 AI 사용 예정자,True
17137,0,1,0.7873602142887449,현재 AI 사용자,향후 AI 사용 예정자,False
9688,1,1,0.911453239372696,향후 AI 사용 예정자,향후 AI 사용 예정자,True
52259,1,0,0.08755089945263914,향후 AI 사용 예정자,현재 AI 사용자,False
28382,0,1,0.5887361916120343,현재 AI 사용자,향후 AI 사용 예정자,False
44049,0,0,0.3652257941349899,현재 AI 사용자,현재 AI 사용자,True
63638,0,1,0.5258061725067305,현재 AI 사용자,향후 AI 사용 예정자,False
11127,1,1,0.9937748831524408,향후 AI 사용 예정자,향후 AI 사용 예정자,True
56496,1,1,0.5613084760013467,향후 AI 사용 예정자,향후 AI 사용 예정자,True
25561,0,0,0.18268246485587836,현재 AI 사용자,현재 AI 사용자,True
13767,1,1,0.9312901824997358,향후 AI 사용 예정자,향후 AI 사용 예정자,True
2363,1,1,0.9628192527996071,향후 AI 사용 예정자,향후 AI 사용 예정자,True
61293,1,0,0.4880562327024981,향후 AI 사용 예정자,현재 AI 사용자,False
57772,1,1,0.9741134896956397,향후 AI 사용 예정자,향후 AI 사용 예정자,True
8714,1,1,0.8531842968256508,향후 AI 사용 예정자,향후 AI 사용 예정자,True
40396,0,0,0.28132048377353824,현재 AI 사용자,현재 AI 사용자,True
32026,0,0,0.4199468365680065,현재 AI 사용자,현재 AI 사용자,True
58104,0,0,0.3225929785283529,현재 AI 사용자,현재 AI 사용자,True
13049,1,1,0.9614339445358994,향후 AI 사용 예정자,향후 AI 사용 예정자,True
15170,0,1,0.6364622193965506,현재 AI 사용자,향후 AI 사용 예정자,False
6002,1,1,0.5260519726100118,향후 AI 사용 예정자,향후 AI 사용 예정자,True
49381,1,1,0.9061853776091142,향후 AI 사용 예정자,향후 AI 사용 예정자,True
30383,0,0,0.3721516380980277,현재 AI 사용자,현재 AI 사용자,True
26616,0,0,0.41323934222243136,현재 AI 사용자,현재 AI 사용자,True
19135,1,0,0.4285381802735587,향후 AI 사용 예정자,현재 AI 사용자,False
31560,0,1,0.5734678561566198,현재 AI 사용자,향후 AI 사용 예정자,False
37839,0,0,0.24251691217430188,현재 AI 사용자,현재 AI 사용자,True
27310,1,1,0.936968652630329,향후 AI 사용 예정자,향후 AI 사용 예정자,True
23350,0,1,0.6587895197503129,현재 AI 사용자,향후 AI 사용 예정자,False
26466,1,1,0.6008525100722367,향후 AI 사용 예정자,향후 AI 사용 예정자,True
34191,1,1,0.8940319069667797,향후 AI 사용 예정자,향후 AI 사용 예정자,True
29548,0,0,0.2008345294697735,현재 AI 사용자,현재 AI 사용자,True
52082,0,0,0.4086438429045118,현재 AI 사용자,현재 AI 사용자,True
31890,0,0,0.20677287401173017,현재 AI 사용자,현재 AI 사용자,True
33078,1,1,0.9792555477657046,향후 AI 사용 예정자,향후 AI 사용 예정자,True
40263,1,1,0.8706619491487053,향후 AI 사용 예정자,향후 AI 사용 예정자,True
45230,1,1,0.5668778473102315,향후 AI 사용 예정자,향후 AI 사용 예정자,True
31947,0,0,0.1626125897953648,현재 AI 사용자,현재 AI 사용자,True
871,1,1,0.5720867647637062,향후 AI 사용 예정자,향후 AI 사용 예정자,True
48356,0,0,0.299553960687956,현재 AI 사용자,현재 AI 사용자,True
24369,1,0,0.4521609674186319,향후 AI 사용 예정자,현재 AI 사용자,False
40925,0,0,0.17688352657880552,현재 AI 사용자,현재 AI 사용자,True
32024,0,0,0.45966923287395883,현재 AI 사용자,현재 AI 사용자,True
17973,0,1,0.6802115742677325,현재 AI 사용자,향후 AI 사용 예정자,False
22289,1,1,0.9205438039204342,향후 AI 사용 예정자,향후 AI 사용 예정자,True
45742,1,1,0.9958706029959561,향후 AI 사용 예정자,향후 AI 사용 예정자,True
24638,0,0,0.2671807990947454,현재 AI 사용자,현재 AI 사용자,True
12851,0,1,0.7089589544639857,현재 AI 사용자,향후 AI 사용 예정자,False
40048,1,1,0.9542672909922213,향후 AI 사용 예정자,향후 AI 사용 예정자,True
2507,0,1,0.506137670220666,현재 AI 사용자,향후 AI 사용 예정자,False
46945,1,1,0.8469591185979713,향후 AI 사용 예정자,향후 AI 사용 예정자,True
19622,0,0,0.06435640765948725,현재 AI 사용자,현재 AI 사용자,True
53944,1,1,0.9745406910735028,향후 AI 사용 예정자,향후 AI 사용 예정자,True
41187,0,0,0.4208771759302577,현재 AI 사용자,현재 AI 사용자,True
44145,0,0,0.09842305801586586,현재 AI 사용자,현재 AI 사용자,True
39369,0,0,0.09463779369665028,현재 AI 사용자,현재 AI 사용자,True
2896,1,1,0.9768119928305892,향후 AI 사용 예정자,향후 AI 사용 예정자,True
17229,0,0,0.14393405803598694,현재 AI 사용자,현재 AI 사용자,True
61926,1,0,0.48739124027941527,향후 AI 사용 예정자,현재 AI 사용자,False
52123,0,0,0.4591401611185477,현재 AI 사용자,현재 AI 사용자,True
21644,0,1,0.6594438501750652,현재 AI 사용자,향후 AI 사용 예정자,False
20395,1,1,0.8989624433280596,향후 AI 사용 예정자,향후 AI 사용 예정자,True
47929,1,1,0.989457580846951,향후 AI 사용 예정자,향후 AI 사용 예정자,True
61703,1,1,0.8422353963054615,향후 AI 사용 예정자,향후 AI 사용 예정자,True
53896,0,0,0.46074940975230466,현재 AI 사용자,현재 AI 사용자,True
49120,0,1,0.7902821393253611,현재 AI 사용자,향후 AI 사용 예정자,False
54772,1,1,0.8164515923428889,향후 AI 사용 예정자,향후 AI 사용 예정자,True
23316,1,0,0.21294105716370432,향후 AI 사용 예정자,현재 AI 사용자,False
26364,0,1,0.8905962557449179,현재 AI 사용자,향후 AI 사용 예정자,False
30364,1,1,0.8724371015500855,향후 AI 사용 예정자,향후 AI 사용 예정자,True
22033,1,1,0.9784547519037333,향후 AI 사용 예정자,향후 AI 사용 예정자,True
33003,0,1,0.6486982777966436,현재 AI 사용자,향후 AI 사용 예정자,False
43865,0,0,0.24163097088729885,현재 AI 사용자,현재 AI 사용자,True
7969,0,0,0.3890542704979079,현재 AI 사용자,현재 AI 사용자,True
40269,1,1,0.7709716969440675,향후 AI 사용 예정자,향후 AI 사용 예정자,True
41627,1,1,0.8749867073836627,향후 AI 사용 예정자,향후 AI 사용 예정자,True
27958,0,1,0.5017012709808429,현재 AI 사용자,향후 AI 사용 예정자,False
30533,1,0,0.45773672919903646,향후 AI 사용 예정자,현재 AI 사용자,False
65315,1,1,0.8798449666859665,향후 AI 사용 예정자,향후 AI 사용 예정자,True
35334,0,0,0.23549840288949403,현재 AI 사용자,현재 AI 사용자,True
58165,1,1,0.8691139291533565,향후 AI 사용 예정자,향후 AI 사용 예정자,True
40490,1,1,0.9440135189828754,향후 AI 사용 예정자,향후 AI 사용 예정자,True
13305,0,0,0.15836280061415545,현재 AI 사용자,현재 AI 사용자,True
31921,0,0,0.22293080188466252,현재 AI 사용자,현재 AI 사용자,True
40824,1,1,0.789381216367804,향후 AI 사용 예정자,향후 AI 사용 예정자,True
9897,1,1,0.9560167753601778,향후 AI 사용 예정자,향후 AI 사용 예정자,True
30438,1,1,0.7646544392556358,향후 AI 사용 예정자,향후 AI 사용 예정자,True
11648,0,1,0.6664120326138511,현재 AI 사용자,향후 AI 사용 예정자,False
30456,0,0,0.15690214481345477,현재 AI 사용자,현재 AI 사용자,True
64945,1,1,0.8858601358684836,향후 AI 사용 예정자,향후 AI 사용 예정자,True
17161,1,1,0.9432588856575704,향후 AI 사용 예정자,향후 AI 사용 예정자,True
25516,1,1,0.9328400655223892,향후 AI 사용 예정자,향후 AI 사용 예정자,True
51074,0,0,0.3331569014900071,현재 AI 사용자,현재 AI 사용자,True
32077,0,0,0.4786987639709844,현재 AI 사용자,현재 AI 사용자,True
61514,1,1,0.648641534497247,향후 AI 사용 예정자,향후 AI 사용 예정자,True
38455,1,1,0.9740928569142466,향후 AI 사용 예정자,향후 AI 사용 예정자,True
23411,1,1,0.8819242560325031,향후 AI 사용 예정자,향후 AI 사용 예정자,True
29058,0,1,0.9374417501242097,현재 AI 사용자,향후 AI 사용 예정자,False
52202,0,0,0.14019821919653372,현재 AI 사용자,현재 AI 사용자,True
19113,1,1,0.8017972399387012,향후 AI 사용 예정자,향후 AI 사용 예정자,True
29441,1,1,0.940563155678111,향후 AI 사용 예정자,향후 AI 사용 예정자,True
34416,1,1,0.9442089990805755,향후 AI 사용 예정자,향후 AI 사용 예정자,True
16438,1,1,0.5320533711687222,향후 AI 사용 예정자,향후 AI 사용 예정자,True
31962,0,1,0.5337913521177955,현재 AI 사용자,향후 AI 사용 예정자,False
30825,1,1,0.8096257865518334,향후 AI 사용 예정자,향후 AI 사용 예정자,True
4773,1,1,0.7159578929622887,향후 AI 사용 예정자,향후 AI 사용 예정자,True
1090,1,0,0.4342381240401759,향후 AI 사용 예정자,현재 AI 사용자,False
29922,0,1,0.7459822536493144,현재 AI 사용자,향후 AI 사용 예정자,False
3649,0,1,0.7349893458258457,현재 AI 사용자,향후 AI 사용 예정자,False
32390,0,0,0.36294847692149357,현재 AI 사용자,현재 AI 사용자,True
32662,0,0,0.14846909641781814,현재 AI 사용자,현재 AI 사용자,True
21302,1,1,0.8842834238500671,향후 AI 사용 예정자,향후 AI 사용 예정자,True
27551,1,1,0.9884504392197656,향후 AI 사용 예정자,향후 AI 사용 예정자,True
32761,0,0,0.46652772120096586,현재 AI 사용자,현재 AI 사용자,True
32315,0,0,0.18333498064683051,현재 AI 사용자,현재 AI 사용자,True
42846,0,0,0.1432628951160785,현재 AI 사용자,현재 AI 사용자,True
17811,0,0,0.3222181377173903,현재 AI 사용자,현재 AI 사용자,True
49434,1,1,0.861038100333327,향후 AI 사용 예정자,향후 AI 사용 예정자,True
31958,0,0,0.25881116633697393,현재 AI 사용자,현재 AI 사용자,True
41837,0,1,0.5974594282603619,현재 AI 사용자,향후 AI 사용 예정자,False
16282,0,0,0.29227559829872574,현재 AI 사용자,현재 AI 사용자,True
38301,1,1,0.6233573405402238,향후 AI 사용 예정자,향후 AI 사용 예정자,True
22892,1,0,0.13222684887143113,향후 AI 사용 예정자,현재 AI 사용자,False
25824,1,1,0.8151961716781253,향후 AI 사용 예정자,향후 AI 사용 예정자,True
12031,1,1,0.8565595652776813,향후 AI 사용 예정자,향후 AI 사용 예정자,True
39789,0,1,0.528733794803308,현재 AI 사용자,향후 AI 사용 예정자,False
51302,1,1,0.9799274106232161,향후 AI 사용 예정자,향후 AI 사용 예정자,True
9039,0,1,0.8039004812036422,현재 AI 사용자,향후 AI 사용 예정자,False
439,0,0,0.4489024642564577,현재 AI 사용자,현재 AI 사용자,True
5567,1,1,0.9632735726494118,향후 AI 사용 예정자,향후 AI 사용 예정자,True
55291,1,0,0.2680444360064919,향후 AI 사용 예정자,현재 AI 사용자,False
48476,0,1,0.8185202414622498,현재 AI 사용자,향후 AI 사용 예정자,False
30620,1,1,0.9555177376384772,향후 AI 사용 예정자,향후 AI 사용 예정자,True
7511,0,0,0.4139177437012572,현재 AI 사용자,현재 AI 사용자,True
20028,0,0,0.3788761038522336,현재 AI 사용자,현재 AI 사용자,True
35174,1,1,0.902577790436023,향후 AI 사용 예정자,향후 AI 사용 예정자,True
15649,1,1,0.9487358637848579,향후 AI 사용 예정자,향후 AI 사용 예정자,True
50558,1,1,0.7729022211384071,향후 AI 사용 예정자,향후 AI 사용 예정자,True
12585,1,1,0.9230499556141195,향후 AI 사용 예정자,향후 AI 사용 예정자,True
21658,0,1,0.5631784400878338,현재 AI 사용자,향후 AI 사용 예정자,False
1521,0,0,0.23250204665016827,현재 AI 사용자,현재 AI 사용자,True
36002,1,1,0.7222105380345079,향후 AI 사용 예정자,향후 AI 사용 예정자,True
8182,1,1,0.9633383293349955,향후 AI 사용 예정자,향후 AI 사용 예정자,True
57956,1,1,0.5797255191819808,향후 AI 사용 예정자,향후 AI 사용 예정자,True
37714,0,1,0.6306577727995207,현재 AI 사용자,향후 AI 사용 예정자,False
23357,1,1,0.6220029941536518,향후 AI 사용 예정자,향후 AI 사용 예정자,True
18891,1,1,0.9201665407769706,향후 AI 사용 예정자,향후 AI 사용 예정자,True
5739,1,1,0.9655797489952934,향후 AI 사용 예정자,향후 AI 사용 예정자,True
17124,1,1,0.9805594408025746,향후 AI 사용 예정자,향후 AI 사용 예정자,True
25870,1,1,0.979480707668298,향후 AI 사용 예정자,향후 AI 사용 예정자,True
23838,1,1,0.6015272342164641,향후 AI 사용 예정자,향후 AI 사용 예정자,True
8094,1,1,0.9824566105187507,향후 AI 사용 예정자,향후 AI 사용 예정자,True
26794,1,1,0.9299298063362424,향후 AI 사용 예정자,향후 AI 사용 예정자,True
54370,1,1,0.8451831278478478,향후 AI 사용 예정자,향후 AI 사용 예정자,True
64655,0,1,0.9140820415033687,현재 AI 사용자,향후 AI 사용 예정자,False
30893,0,0,0.3647144600691248,현재 AI 사용자,현재 AI 사용자,True
16002,0,0,0.3756805539967909,현재 AI 사용자,현재 AI 사용자,True
36572,1,1,0.9918665102059996,향후 AI 사용 예정자,향후 AI 사용 예정자,True
34765,0,1,0.6845377355843545,현재 AI 사용자,향후 AI 사용 예정자,False
57146,0,0,0.4319898743745891,현재 AI 사용자,현재 AI 사용자,True
7010,0,0,0.28418891709973515,현재 AI 사용자,현재 AI 사용자,True
37549,1,1,0.9406674319242072,향후 AI 사용 예정자,향후 AI 사용 예정자,True
12825,1,1,0.9713020206632377,향후 AI 사용 예정자,향후 AI 사용 예정자,True
26647,1,1,0.5579621007018987,향후 AI 사용 예정자,향후 AI 사용 예정자,True
41976,1,0,0.21895374809217472,향후 AI 사용 예정자,현재 AI 사용자,False
5257,0,1,0.8538000366422575,현재 AI 사용자,향후 AI 사용 예정자,False
48493,0,0,0.16454577840668697,현재 AI 사용자,현재 AI 사용자,True
18252,0,1,0.6117855210813856,현재 AI 사용자,향후 AI 사용 예정자,False
40412,1,1,0.5537840754332543,향후 AI 사용 예정자,향후 AI 사용 예정자,True
57464,1,1,0.956335110563505,향후 AI 사용 예정자,향후 AI 사용 예정자,True
39584,1,1,0.8698978919447092,향후 AI 사용 예정자,향후 AI 사용 예정자,True
38165,0,0,0.10011108371888436,현재 AI 사용자,현재 AI 사용자,True
17294,0,0,0.2715754483397346,현재 AI 사용자,현재 AI 사용자,True
58692,0,0,0.20082764007717663,현재 AI 사용자,현재 AI 사용자,True
35181,0,1,0.9330170779087255,현재 AI 사용자,향후 AI 사용 예정자,False
40149,0,1,0.9163100490484727,현재 AI 사용자,향후 AI 사용 예정자,False
7714,1,1,0.8289781585823288,향후 AI 사용 예정자,향후 AI 사용 예정자,True
44992,0,1,0.5557106246011743,현재 AI 사용자,향후 AI 사용 예정자,False
46168,1,1,0.79948410165678,향후 AI 사용 예정자,향후 AI 사용 예정자,True
54872,1,1,0.65334401708751,향후 AI 사용 예정자,향후 AI 사용 예정자,True
27497,0,0,0.4925618164544946,현재 AI 사용자,현재 AI 사용자,True
44054,1,1,0.8574128830564849,향후 AI 사용 예정자,향후 AI 사용 예정자,True
12239,1,1,0.9772012201094641,향후 AI 사용 예정자,향후 AI 사용 예정자,True
49563,1,1,0.9144564532660068,향후 AI 사용 예정자,향후 AI 사용 예정자,True
54647,1,0,0.3028573300868918,향후 AI 사용 예정자,현재 AI 사용자,False
19772,1,1,0.7928386734052497,향후 AI 사용 예정자,향후 AI 사용 예정자,True
42565,1,1,0.6691721587279995,향후 AI 사용 예정자,향후 AI 사용 예정자,True
62151,1,1,0.8795998898228838,향후 AI 사용 예정자,향후 AI 사용 예정자,True
20172,1,0,0.4501885638744421,향후 AI 사용 예정자,현재 AI 사용자,False
327,1,0,0.29475790631118337,향후 AI 사용 예정자,현재 AI 사용자,False
39491,1,0,0.3853582165470624,향후 AI 사용 예정자,현재 AI 사용자,False
13691,0,0,0.3368448122700854,현재 AI 사용자,현재 AI 사용자,True
37051,1,0,0.11193919058519088,향후 AI 사용 예정자,현재 AI 사용자,False
55266,1,1,0.9483959364200455,향후 AI 사용 예정자,향후 AI 사용 예정자,True
17319,1,0,0.4517149635732897,향후 AI 사용 예정자,현재 AI 사용자,False
12729,1,1,0.9076383709896328,향후 AI 사용 예정자,향후 AI 사용 예정자,True
54787,0,1,0.539905637398083,현재 AI 사용자,향후 AI 사용 예정자,False
2755,1,1,0.9766372192203132,향후 AI 사용 예정자,향후 AI 사용 예정자,True
8724,0,1,0.5429092318688924,현재 AI 사용자,향후 AI 사용 예정자,False
46532,1,1,0.8315014369369755,향후 AI 사용 예정자,향후 AI 사용 예정자,True
63822,1,1,0.8254997468530824,향후 AI 사용 예정자,향후 AI 사용 예정자,True
54829,1,0,0.4989091630931865,향후 AI 사용 예정자,현재 AI 사용자,False
5049,0,0,0.17846607246531646,현재 AI 사용자,현재 AI 사용자,True
17975,0,0,0.3953701709051366,현재 AI 사용자,현재 AI 사용자,True
19498,1,1,0.7623296641465338,향후 AI 사용 예정자,향후 AI 사용 예정자,True
30195,1,1,0.8671149659715555,향후 AI 사용 예정자,향후 AI 사용 예정자,True
23911,1,1,0.9853055228192272,향후 AI 사용 예정자,향후 AI 사용 예정자,True
30725,0,0,0.3774942723025523,현재 AI 사용자,현재 AI 사용자,True
6640,1,1,0.9034670369705866,향후 AI 사용 예정자,향후 AI 사용 예정자,True
48585,1,1,0.7511922565956949,향후 AI 사용 예정자,향후 AI 사용 예정자,True
39245,0,0,0.07486287388877717,현재 AI 사용자,현재 AI 사용자,True
29688,1,1,0.9176990940473266,향후 AI 사용 예정자,향후 AI 사용 예정자,True
54752,1,1,0.8139798958385943,향후 AI 사용 예정자,향후 AI 사용 예정자,True
26372,1,0,0.4962420905996212,향후 AI 사용 예정자,현재 AI 사용자,False
11885,0,1,0.6203100352834359,현재 AI 사용자,향후 AI 사용 예정자,False
22611,1,1,0.7716740802186275,향후 AI 사용 예정자,향후 AI 사용 예정자,True
50998,0,0,0.46712050716777054,현재 AI 사용자,현재 AI 사용자,True
3560,1,1,0.9431386431644077,향후 AI 사용 예정자,향후 AI 사용 예정자,True
50021,0,0,0.24012978239070482,현재 AI 사용자,현재 AI 사용자,True
26326,1,1,0.7443015086288609,향후 AI 사용 예정자,향후 AI 사용 예정자,True
53703,1,1,0.9869724417011726,향후 AI 사용 예정자,향후 AI 사용 예정자,True
18392,0,1,0.75178114217873,현재 AI 사용자,향후 AI 사용 예정자,False
5941,1,1,0.8788055798996753,향후 AI 사용 예정자,향후 AI 사용 예정자,True
2859,1,1,0.9292836529717767,향후 AI 사용 예정자,향후 AI 사용 예정자,True
49333,0,0,0.3398888655538447,현재 AI 사용자,현재 AI 사용자,True
19832,1,1,0.9796034106805037,향후 AI 사용 예정자,향후 AI 사용 예정자,True
47852,1,1,0.992449229635052,향후 AI 사용 예정자,향후 AI 사용 예정자,True
61329,1,1,0.7048283306827422,향후 AI 사용 예정자,향후 AI 사용 예정자,True
60047,0,0,0.15160642723257578,현재 AI 사용자,현재 AI 사용자,True
59496,0,1,0.8387084112765048,현재 AI 사용자,향후 AI 사용 예정자,False
956,0,0,0.29511191617311666,현재 AI 사용자,현재 AI 사용자,True
58989,1,1,0.9888611158459477,향후 AI 사용 예정자,향후 AI 사용 예정자,True
31742,1,1,0.8937527357905698,향후 AI 사용 예정자,향후 AI 사용 예정자,True
3933,1,0,0.3687990974086717,향후 AI 사용 예정자,현재 AI 사용자,False
47708,1,1,0.7845029112065944,향후 AI 사용 예정자,향후 AI 사용 예정자,True
5722,1,1,0.9747538959256701,향후 AI 사용 예정자,향후 AI 사용 예정자,True
25349,0,1,0.5252723143926548,현재 AI 사용자,향후 AI 사용 예정자,False
32497,1,1,0.9724121623526341,향후 AI 사용 예정자,향후 AI 사용 예정자,True
20410,1,1,0.9656866663760204,향후 AI 사용 예정자,향후 AI 사용 예정자,True
22646,1,0,0.36374565167461975,향후 AI 사용 예정자,현재 AI 사용자,False
27085,0,0,0.4058514828340193,현재 AI 사용자,현재 AI 사용자,True
31624,1,1,0.9962911110400668,향후 AI 사용 예정자,향후 AI 사용 예정자,True
26362,1,1,0.945527493626287,향후 AI 사용 예정자,향후 AI 사용 예정자,True
927,1,0,0.2889161716440889,향후 AI 사용 예정자,현재 AI 사용자,False
18945,0,0,0.35095899234139644,현재 AI 사용자,현재 AI 사용자,True
57032,1,1,0.8985460943687926,향후 AI 사용 예정자,향후 AI 사용 예정자,True
56790,0,0,0.20932375573957024,현재 AI 사용자,현재 AI 사용자,True
15141,0,0,0.23889471174327614,현재 AI 사용자,현재 AI 사용자,True
21614,1,1,0.992140104585742,향후 AI 사용 예정자,향후 AI 사용 예정자,True
16261,0,0,0.3580283513818945,현재 AI 사용자,현재 AI 사용자,True
13031,0,0,0.22237746983519568,현재 AI 사용자,현재 AI 사용자,True
57228,0,0,0.3816005834741148,현재 AI 사용자,현재 AI 사용자,True
36410,0,1,0.5116324751500513,현재 AI 사용자,향후 AI 사용 예정자,False
57427,0,0,0.39235387984993836,현재 AI 사용자,현재 AI 사용자,True
10240,0,0,0.41094191059630014,현재 AI 사용자,현재 AI 사용자,True
5043,0,1,0.6391749460922199,현재 AI 사용자,향후 AI 사용 예정자,False
22623,0,0,0.3323972378152444,현재 AI 사용자,현재 AI 사용자,True
56550,0,0,0.17892566315707084,현재 AI 사용자,현재 AI 사용자,True
33203,1,1,0.8269707389411464,향후 AI 사용 예정자,향후 AI 사용 예정자,True
5003,1,0,0.3947036062315565,향후 AI 사용 예정자,현재 AI 사용자,False
49940,1,1,0.9271040977847186,향후 AI 사용 예정자,향후 AI 사용 예정자,True
62979,0,0,0.24197524714031401,현재 AI 사용자,현재 AI 사용자,True
26003,1,1,0.9286719381718044,향후 AI 사용 예정자,향후 AI 사용 예정자,True
40628,0,1,0.8098530642563484,현재 AI 사용자,향후 AI 사용 예정자,False
27413,0,0,0.4595367469682019,현재 AI 사용자,현재 AI 사용자,True
13579,0,1,0.8880213379855612,현재 AI 사용자,향후 AI 사용 예정자,False
9390,1,1,0.5327208184720958,향후 AI 사용 예정자,향후 AI 사용 예정자,True
36370,0,1,0.900169268502907,현재 AI 사용자,향후 AI 사용 예정자,False
61990,1,1,0.9874037204726612,향후 AI 사용 예정자,향후 AI 사용 예정자,True
33757,0,0,0.2508173288897329,현재 AI 사용자,현재 AI 사용자,True
19161,1,1,0.8777099971463189,향후 AI 사용 예정자,향후 AI 사용 예정자,True
2410,1,0,0.311311433568536,향후 AI 사용 예정자,현재 AI 사용자,False
689,1,1,0.9061485953687746,향후 AI 사용 예정자,향후 AI 사용 예정자,True
56838,0,0,0.24507422298389886,현재 AI 사용자,현재 AI 사용자,True
26006,0,0,0.2680238970174969,현재 AI 사용자,현재 AI 사용자,True
31908,1,0,0.4529036067147242,향후 AI 사용 예정자,현재 AI 사용자,False
34756,0,0,0.40431212526229615,현재 AI 사용자,현재 AI 사용자,True
11002,1,1,0.8744560977659944,향후 AI 사용 예정자,향후 AI 사용 예정자,True
13654,1,1,0.9970671383601923,향후 AI 사용 예정자,향후 AI 사용 예정자,True
5523,1,1,0.9923105043209586,향후 AI 사용 예정자,향후 AI 사용 예정자,True
11374,1,1,0.683199768083374,향후 AI 사용 예정자,향후 AI 사용 예정자,True
6484,1,0,0.43633913245284933,향후 AI 사용 예정자,현재 AI 사용자,False
59259,1,1,0.8937666895769582,향후 AI 사용 예정자,향후 AI 사용 예정자,True
60559,1,1,0.9248265092478979,향후 AI 사용 예정자,향후 AI 사용 예정자,True
53908,0,1,0.5000159048204035,현재 AI 사용자,향후 AI 사용 예정자,False
21102,0,1,0.5837497507070292,현재 AI 사용자,향후 AI 사용 예정자,False
28816,1,1,0.9166185991757351,향후 AI 사용 예정자,향후 AI 사용 예정자,True
26421,1,1,0.9919844858309741,향후 AI 사용 예정자,향후 AI 사용 예정자,True
49883,1,1,0.8550208440380158,향후 AI 사용 예정자,향후 AI 사용 예정자,True
31157,0,1,0.5207810402849344,현재 AI 사용자,향후 AI 사용 예정자,False
36153,1,1,0.9828563496088295,향후 AI 사용 예정자,향후 AI 사용 예정자,True
24425,1,1,0.7152818416509521,향후 AI 사용 예정자,향후 AI 사용 예정자,True
61637,1,1,0.9313354672017574,향후 AI 사용 예정자,향후 AI 사용 예정자,True
56336,1,1,0.9152992663638406,향후 AI 사용 예정자,향후 AI 사용 예정자,True
33029,1,1,0.94362247750665,향후 AI 사용 예정자,향후 AI 사용 예정자,True
12020,1,1,0.8872152454938445,향후 AI 사용 예정자,향후 AI 사용 예정자,True
10324,1,1,0.9578757810930372,향후 AI 사용 예정자,향후 AI 사용 예정자,True
16519,1,1,0.9306081274593927,향후 AI 사용 예정자,향후 AI 사용 예정자,True
20967,1,1,0.8028369268186216,향후 AI 사용 예정자,향후 AI 사용 예정자,True
40428,0,0,0.1744471906499026,현재 AI 사용자,현재 AI 사용자,True
23826,1,1,0.8358425350529167,향후 AI 사용 예정자,향후 AI 사용 예정자,True
281,1,1,0.8719909960514279,향후 AI 사용 예정자,향후 AI 사용 예정자,True
40265,1,1,0.6195321469459607,향후 AI 사용 예정자,향후 AI 사용 예정자,True
32448,1,1,0.7532449950876872,향후 AI 사용 예정자,향후 AI 사용 예정자,True
864,1,1,0.6403258131420252,향후 AI 사용 예정자,향후 AI 사용 예정자,True
46323,1,1,0.696327326396345,향후 AI 사용 예정자,향후 AI 사용 예정자,True
28098,0,0,0.10228986587119351,현재 AI 사용자,현재 AI 사용자,True
3894,1,0,0.13272585493866673,향후 AI 사용 예정자,현재 AI 사용자,False
53380,0,0,0.33574717250025915,현재 AI 사용자,현재 AI 사용자,True
4911,1,0,0.4718604836589023,향후 AI 사용 예정자,현재 AI 사용자,False
25344,1,1,0.5954863804309771,향후 AI 사용 예정자,향후 AI 사용 예정자,True
17874,1,1,0.8389801019078388,향후 AI 사용 예정자,향후 AI 사용 예정자,True
34382,0,0,0.4152190640751298,현재 AI 사용자,현재 AI 사용자,True
39828,0,0,0.23910024556396817,현재 AI 사용자,현재 AI 사용자,True
55737,0,0,0.3551989545306218,현재 AI 사용자,현재 AI 사용자,True
38843,0,0,0.3208453104379341,현재 AI 사용자,현재 AI 사용자,True
29726,0,1,0.5765636048019414,현재 AI 사용자,향후 AI 사용 예정자,False
3191,1,0,0.4640216096340404,향후 AI 사용 예정자,현재 AI 사용자,False
9318,0,0,0.2641448439294223,현재 AI 사용자,현재 AI 사용자,True
12306,0,1,0.8798205190730517,현재 AI 사용자,향후 AI 사용 예정자,False
9476,1,1,0.6118664144716894,향후 AI 사용 예정자,향후 AI 사용 예정자,True
7521,0,1,0.9117764268004744,현재 AI 사용자,향후 AI 사용 예정자,False
16546,1,1,0.7698980126116464,향후 AI 사용 예정자,향후 AI 사용 예정자,True
28367,0,1,0.8754736103824481,현재 AI 사용자,향후 AI 사용 예정자,False
34893,1,1,0.7921033546461498,향후 AI 사용 예정자,향후 AI 사용 예정자,True
16511,1,1,0.9691583754213159,향후 AI 사용 예정자,향후 AI 사용 예정자,True
25704,1,1,0.8813333632041492,향후 AI 사용 예정자,향후 AI 사용 예정자,True
13450,1,1,0.7550415629373792,향후 AI 사용 예정자,향후 AI 사용 예정자,True
18505,1,1,0.7209512204281844,향후 AI 사용 예정자,향후 AI 사용 예정자,True
52148,0,0,0.3672062166030446,현재 AI 사용자,현재 AI 사용자,True
1717,1,1,0.587801408194594,향후 AI 사용 예정자,향후 AI 사용 예정자,True
40822,1,1,0.7463859554800746,향후 AI 사용 예정자,향후 AI 사용 예정자,True
23067,1,1,0.9098826814520072,향후 AI 사용 예정자,향후 AI 사용 예정자,True
19072,0,0,0.19435968281339913,현재 AI 사용자,현재 AI 사용자,True
3893,0,1,0.5960379160067409,현재 AI 사용자,향후 AI 사용 예정자,False
988,1,1,0.8716094740106543,향후 AI 사용 예정자,향후 AI 사용 예정자,True
61751,1,1,0.8271735336795633,향후 AI 사용 예정자,향후 AI 사용 예정자,True
42391,1,1,0.9069385552787789,향후 AI 사용 예정자,향후 AI 사용 예정자,True
22767,1,1,0.9629208368990521,향후 AI 사용 예정자,향후 AI 사용 예정자,True
11332,0,1,0.7162965671221304,현재 AI 사용자,향후 AI 사용 예정자,False
30995,1,1,0.7286761068883065,향후 AI 사용 예정자,향후 AI 사용 예정자,True
6969,0,0,0.24982331156611418,현재 AI 사용자,현재 AI 사용자,True
56670,0,0,0.13800086281842597,현재 AI 사용자,현재 AI 사용자,True
29067,1,1,0.5868225300795563,향후 AI 사용 예정자,향후 AI 사용 예정자,True
32190,1,1,0.63936160972276,향후 AI 사용 예정자,향후 AI 사용 예정자,True
52880,0,0,0.12867207116798987,현재 AI 사용자,현재 AI 사용자,True
61617,1,1,0.976506813631223,향후 AI 사용 예정자,향후 AI 사용 예정자,True
43782,1,1,0.9457838654814934,향후 AI 사용 예정자,향후 AI 사용 예정자,True
35315,1,1,0.9602424417777687,향후 AI 사용 예정자,향후 AI 사용 예정자,True
29827,0,0,0.35462899272254406,현재 AI 사용자,현재 AI 사용자,True
59467,1,1,0.8596783435320022,향후 AI 사용 예정자,향후 AI 사용 예정자,True
10009,0,0,0.18901729370479514,현재 AI 사용자,현재 AI 사용자,True
49818,0,0,0.3225025327791477,현재 AI 사용자,현재 AI 사용자,True
3848,1,1,0.9212473288437492,향후 AI 사용 예정자,향후 AI 사용 예정자,True
51893,1,1,0.5814129364909499,향후 AI 사용 예정자,향후 AI 사용 예정자,True
58255,0,0,0.49663501423422657,현재 AI 사용자,현재 AI 사용자,True
42308,1,1,0.9807572873003202,향후 AI 사용 예정자,향후 AI 사용 예정자,True
44201,1,0,0.4581717408793248,향후 AI 사용 예정자,현재 AI 사용자,False
48940,1,1,0.9488913894139913,향후 AI 사용 예정자,향후 AI 사용 예정자,True
28742,0,1,0.5116701915824264,현재 AI 사용자,향후 AI 사용 예정자,False
61989,1,1,0.6807169528189342,향후 AI 사용 예정자,향후 AI 사용 예정자,True
20807,0,0,0.4446510356880434,현재 AI 사용자,현재 AI 사용자,True
51064,1,1,0.9780730564468356,향후 AI 사용 예정자,향후 AI 사용 예정자,True
20813,1,1,0.9643674625474694,향후 AI 사용 예정자,향후 AI 사용 예정자,True
56240,0,1,0.5671916667425355,현재 AI 사용자,향후 AI 사용 예정자,False
16426,1,1,0.8590962893966507,향후 AI 사용 예정자,향후 AI 사용 예정자,True
23918,0,0,0.1524543198210976,현재 AI 사용자,현재 AI 사용자,True
113,1,1,0.879495520306397,향후 AI 사용 예정자,향후 AI 사용 예정자,True
58415,1,1,0.8795782226814042,향후 AI 사용 예정자,향후 AI 사용 예정자,True
19240,1,0,0.47615653275553615,향후 AI 사용 예정자,현재 AI 사용자,False
28755,1,1,0.8989134389145372,향후 AI 사용 예정자,향후 AI 사용 예정자,True
26516,0,0,0.3809469475495888,현재 AI 사용자,현재 AI 사용자,True
39971,0,0,0.14025926176380749,현재 AI 사용자,현재 AI 사용자,True
20827,0,0,0.22981473437641153,현재 AI 사용자,현재 AI 사용자,True
60526,1,1,0.9554168331350367,향후 AI 사용 예정자,향후 AI 사용 예정자,True
22195,1,1,0.5101653301943522,향후 AI 사용 예정자,향후 AI 사용 예정자,True
3823,1,1,0.521115331278762,향후 AI 사용 예정자,향후 AI 사용 예정자,True
38734,1,1,0.9816463706117137,향후 AI 사용 예정자,향후 AI 사용 예정자,True
42040,1,1,0.9459102425032709,향후 AI 사용 예정자,향후 AI 사용 예정자,True
6096,1,1,0.6522045063258776,향후 AI 사용 예정자,향후 AI 사용 예정자,True
24134,0,1,0.6586064581638156,현재 AI 사용자,향후 AI 사용 예정자,False
37651,1,1,0.9007933226321656,향후 AI 사용 예정자,향후 AI 사용 예정자,True
3026,0,0,0.20168443833940178,현재 AI 사용자,현재 AI 사용자,True
40077,1,1,0.7436714124184353,향후 AI 사용 예정자,향후 AI 사용 예정자,True
45947,0,0,0.37514230499058093,현재 AI 사용자,현재 AI 사용자,True
40804,0,0,0.3747523337808532,현재 AI 사용자,현재 AI 사용자,True
13209,1,1,0.8940578114186376,향후 AI 사용 예정자,향후 AI 사용 예정자,True
30910,1,1,0.9146881101877097,향후 AI 사용 예정자,향후 AI 사용 예정자,True
20564,0,0,0.12394510307325496,현재 AI 사용자,현재 AI 사용자,True
26339,1,1,0.696044090506793,향후 AI 사용 예정자,향후 AI 사용 예정자,True
61361,1,1,0.847819761492115,향후 AI 사용 예정자,향후 AI 사용 예정자,True
44536,0,1,0.7748300910232726,현재 AI 사용자,향후 AI 사용 예정자,False
29704,1,0,0.3080031484238849,향후 AI 사용 예정자,현재 AI 사용자,False
22589,0,0,0.06100156614693003,현재 AI 사용자,현재 AI 사용자,True
42508,0,0,0.2748822025003024,현재 AI 사용자,현재 AI 사용자,True
50504,1,1,0.8425806017175667,향후 AI 사용 예정자,향후 AI 사용 예정자,True
48572,1,1,0.82087895662366,향후 AI 사용 예정자,향후 AI 사용 예정자,True
34573,0,0,0.32931694451558224,현재 AI 사용자,현재 AI 사용자,True
31619,0,0,0.22068192993640556,현재 AI 사용자,현재 AI 사용자,True
44924,1,1,0.9125929607720525,향후 AI 사용 예정자,향후 AI 사용 예정자,True
61786,1,1,0.9497559924847886,향후 AI 사용 예정자,향후 AI 사용 예정자,True
58367,1,1,0.7106231397692425,향후 AI 사용 예정자,향후 AI 사용 예정자,True
29359,0,1,0.7401080693328991,현재 AI 사용자,향후 AI 사용 예정자,False
16496,0,1,0.9125871470277905,현재 AI 사용자,향후 AI 사용 예정자,False
29446,1,1,0.6034383459283782,향후 AI 사용 예정자,향후 AI 사용 예정자,True
36861,1,1,0.9734582975450186,향후 AI 사용 예정자,향후 AI 사용 예정자,True
39642,0,1,0.5476811891891051,현재 AI 사용자,향후 AI 사용 예정자,False
51615,0,0,0.3991557330687824,현재 AI 사용자,현재 AI 사용자,True
45662,1,0,0.20766637455537632,향후 AI 사용 예정자,현재 AI 사용자,False
58578,1,1,0.8932443580201469,향후 AI 사용 예정자,향후 AI 사용 예정자,True
5822,1,1,0.7995145965390806,향후 AI 사용 예정자,향후 AI 사용 예정자,True
36251,1,1,0.9109369384788375,향후 AI 사용 예정자,향후 AI 사용 예정자,True
44069,1,1,0.9879974525973684,향후 AI 사용 예정자,향후 AI 사용 예정자,True
37131,1,1,0.815550754119939,향후 AI 사용 예정자,향후 AI 사용 예정자,True
45182,0,0,0.2631278219257682,현재 AI 사용자,현재 AI 사용자,True
5165,1,0,0.39170436614273313,향후 AI 사용 예정자,현재 AI 사용자,False
56910,0,0,0.045618194785031554,현재 AI 사용자,현재 AI 사용자,True
5463,0,0,0.4757539777051799,현재 AI 사용자,현재 AI 사용자,True
44455,0,1,0.5144713430022156,현재 AI 사용자,향후 AI 사용 예정자,False
16181,1,1,0.5876904400820827,향후 AI 사용 예정자,향후 AI 사용 예정자,True
23215,1,1,0.8666205223042772,향후 AI 사용 예정자,향후 AI 사용 예정자,True
5719,0,0,0.3827942207646714,현재 AI 사용자,현재 AI 사용자,True
13944,1,0,0.46043206814911875,향후 AI 사용 예정자,현재 AI 사용자,False
61704,1,1,0.7982993059949054,향후 AI 사용 예정자,향후 AI 사용 예정자,True
5390,1,1,0.8702814419370282,향후 AI 사용 예정자,향후 AI 사용 예정자,True
35446,1,0,0.08500495050250101,향후 AI 사용 예정자,현재 AI 사용자,False
46687,1,1,0.6802145487805333,향후 AI 사용 예정자,향후 AI 사용 예정자,True
9687,1,1,0.8705376796218632,향후 AI 사용 예정자,향후 AI 사용 예정자,True
50571,1,1,0.7326145996294994,향후 AI 사용 예정자,향후 AI 사용 예정자,True
31547,0,0,0.29686169943381113,현재 AI 사용자,현재 AI 사용자,True
27013,1,1,0.7453881851236702,향후 AI 사용 예정자,향후 AI 사용 예정자,True
32608,1,1,0.6651047642344913,향후 AI 사용 예정자,향후 AI 사용 예정자,True
6284,1,1,0.8115185758958697,향후 AI 사용 예정자,향후 AI 사용 예정자,True
49923,0,1,0.5619025243844706,현재 AI 사용자,향후 AI 사용 예정자,False
17761,0,0,0.3040717856523184,현재 AI 사용자,현재 AI 사용자,True
57771,1,1,0.8004881800532818,향후 AI 사용 예정자,향후 AI 사용 예정자,True
39749,1,1,0.9506512118543667,향후 AI 사용 예정자,향후 AI 사용 예정자,True
47342,1,1,0.8419531836553906,향후 AI 사용 예정자,향후 AI 사용 예정자,True
19856,1,1,0.6376516637584193,향후 AI 사용 예정자,향후 AI 사용 예정자,True
47182,1,1,0.9177632965427098,향후 AI 사용 예정자,향후 AI 사용 예정자,True
1507,0,1,0.5922130829362173,현재 AI 사용자,향후 AI 사용 예정자,False
11633,1,1,0.8872611325232198,향후 AI 사용 예정자,향후 AI 사용 예정자,True
28635,1,0,0.4541312575863177,향후 AI 사용 예정자,현재 AI 사용자,False
5685,0,0,0.35189235067776814,현재 AI 사용자,현재 AI 사용자,True
39127,1,0,0.35282721317959304,향후 AI 사용 예정자,현재 AI 사용자,False
33090,1,1,0.8571484540058507,향후 AI 사용 예정자,향후 AI 사용 예정자,True
24920,1,1,0.7274269594185548,향후 AI 사용 예정자,향후 AI 사용 예정자,True
16501,1,1,0.9588154429704575,향후 AI 사용 예정자,향후 AI 사용 예정자,True
6265,1,1,0.6134151505620298,향후 AI 사용 예정자,향후 AI 사용 예정자,True
46630,0,1,0.749952939561284,현재 AI 사용자,향후 AI 사용 예정자,False
65050,0,1,0.652180297458726,현재 AI 사용자,향후 AI 사용 예정자,False
34048,1,0,0.49006557872117495,향후 AI 사용 예정자,현재 AI 사용자,False
52383,0,1,0.6220873015235251,현재 AI 사용자,향후 AI 사용 예정자,False
44934,1,1,0.9156248180803269,향후 AI 사용 예정자,향후 AI 사용 예정자,True
11721,1,1,0.9110902029871197,향후 AI 사용 예정자,향후 AI 사용 예정자,True
22916,1,1,0.9725030626701742,향후 AI 사용 예정자,향후 AI 사용 예정자,True
39202,0,1,0.5768485211645726,현재 AI 사용자,향후 AI 사용 예정자,False
36706,1,1,0.9569052845886618,향후 AI 사용 예정자,향후 AI 사용 예정자,True
1243,1,1,0.9224854053825267,향후 AI 사용 예정자,향후 AI 사용 예정자,True
18086,0,0,0.48054574737721106,현재 AI 사용자,현재 AI 사용자,True
47643,1,1,0.7748524926546002,향후 AI 사용 예정자,향후 AI 사용 예정자,True
504,1,0,0.32916380433690157,향후 AI 사용 예정자,현재 AI 사용자,False
24071,1,1,0.6030327328748133,향후 AI 사용 예정자,향후 AI 사용 예정자,True
11047,0,0,0.264934273130952,현재 AI 사용자,현재 AI 사용자,True
4162,0,0,0.07760028082835398,현재 AI 사용자,현재 AI 사용자,True
15449,1,1,0.9036015149773695,향후 AI 사용 예정자,향후 AI 사용 예정자,True
26929,1,0,0.47757483026104786,향후 AI 사용 예정자,현재 AI 사용자,False
56362,0,0,0.33680429271628054,현재 AI 사용자,현재 AI 사용자,True
1912,0,0,0.1705053207772677,현재 AI 사용자,현재 AI 사용자,True
462,1,1,0.9878826526570079,향후 AI 사용 예정자,향후 AI 사용 예정자,True
25553,1,1,0.6388882061341695,향후 AI 사용 예정자,향후 AI 사용 예정자,True
49102,1,1,0.7829227141460434,향후 AI 사용 예정자,향후 AI 사용 예정자,True
52446,1,1,0.8376218674538548,향후 AI 사용 예정자,향후 AI 사용 예정자,True
1292,0,0,0.2602812504810424,현재 AI 사용자,현재 AI 사용자,True
23902,1,1,0.9980139399676418,향후 AI 사용 예정자,향후 AI 사용 예정자,True
38917,1,0,0.2048111073453,향후 AI 사용 예정자,현재 AI 사용자,False
34648,1,1,0.9633452977592342,향후 AI 사용 예정자,향후 AI 사용 예정자,True
30427,1,1,0.594302106821927,향후 AI 사용 예정자,향후 AI 사용 예정자,True
31336,0,0,0.49536654457292584,현재 AI 사용자,현재 AI 사용자,True
49135,1,1,0.8994277454429812,향후 AI 사용 예정자,향후 AI 사용 예정자,True
41133,1,1,0.5044267231497515,향후 AI 사용 예정자,향후 AI 사용 예정자,True
42610,0,0,0.15929812149591785,현재 AI 사용자,현재 AI 사용자,True
7195,0,1,0.5848640037620617,현재 AI 사용자,향후 AI 사용 예정자,False
41163,0,0,0.14748353230936043,현재 AI 사용자,현재 AI 사용자,True
41456,1,1,0.8292002787665412,향후 AI 사용 예정자,향후 AI 사용 예정자,True
46499,1,1,0.9662500617096274,향후 AI 사용 예정자,향후 AI 사용 예정자,True
22303,1,1,0.6662236365564699,향후 AI 사용 예정자,향후 AI 사용 예정자,True
9446,1,1,0.9012437046035457,향후 AI 사용 예정자,향후 AI 사용 예정자,True
29413,1,0,0.40977364123743554,향후 AI 사용 예정자,현재 AI 사용자,False
5857,0,0,0.18097168437838232,현재 AI 사용자,현재 AI 사용자,True
2153,1,1,0.8604386587083355,향후 AI 사용 예정자,향후 AI 사용 예정자,True
41205,1,1,0.9305910211494132,향후 AI 사용 예정자,향후 AI 사용 예정자,True
42356,0,0,0.10459544175964869,현재 AI 사용자,현재 AI 사용자,True
35000,1,1,0.9304022316573426,향후 AI 사용 예정자,향후 AI 사용 예정자,True
15880,1,1,0.562056697179784,향후 AI 사용 예정자,향후 AI 사용 예정자,True
25874,1,0,0.4417315335425289,향후 AI 사용 예정자,현재 AI 사용자,False
18804,1,1,0.8825721768122079,향후 AI 사용 예정자,향후 AI 사용 예정자,True
17683,1,1,0.7472625302262909,향후 AI 사용 예정자,향후 AI 사용 예정자,True
15082,1,0,0.2993998980506998,향후 AI 사용 예정자,현재 AI 사용자,False
8367,0,0,0.32979533346838774,현재 AI 사용자,현재 AI 사용자,True
35212,0,0,0.3016947041443725,현재 AI 사용자,현재 AI 사용자,True
19139,1,1,0.7016227950703423,향후 AI 사용 예정자,향후 AI 사용 예정자,True
56305,1,1,0.698047985485852,향후 AI 사용 예정자,향후 AI 사용 예정자,True
17680,1,1,0.8706944635703948,향후 AI 사용 예정자,향후 AI 사용 예정자,True
22803,0,0,0.44349289319506513,현재 AI 사용자,현재 AI 사용자,True
49924,0,0,0.3813340699995315,현재 AI 사용자,현재 AI 사용자,True
18465,1,1,0.7558432637417221,향후 AI 사용 예정자,향후 AI 사용 예정자,True
23135,1,1,0.8719126374129824,향후 AI 사용 예정자,향후 AI 사용 예정자,True
8012,1,1,0.8163239550497787,향후 AI 사용 예정자,향후 AI 사용 예정자,True
57354,0,1,0.542023582734822,현재 AI 사용자,향후 AI 사용 예정자,False
62398,0,1,0.7305374186364321,현재 AI 사용자,향후 AI 사용 예정자,False
26567,0,0,0.20239625489846125,현재 AI 사용자,현재 AI 사용자,True
10531,0,1,0.7696362232864391,현재 AI 사용자,향후 AI 사용 예정자,False
35502,1,1,0.9828568460544123,향후 AI 사용 예정자,향후 AI 사용 예정자,True
27452,1,0,0.24782439992314567,향후 AI 사용 예정자,현재 AI 사용자,False
60204,0,1,0.9480517018057579,현재 AI 사용자,향후 AI 사용 예정자,False
15089,0,0,0.09736314396936877,현재 AI 사용자,현재 AI 사용자,True
45307,1,1,0.9841496583443443,향후 AI 사용 예정자,향후 AI 사용 예정자,True
30956,1,1,0.8715894500278335,향후 AI 사용 예정자,향후 AI 사용 예정자,True
8524,0,0,0.37325128950004915,현재 AI 사용자,현재 AI 사용자,True
21186,1,1,0.6823596593827909,향후 AI 사용 예정자,향후 AI 사용 예정자,True
50098,1,1,0.8908658430581038,향후 AI 사용 예정자,향후 AI 사용 예정자,True
52331,1,1,0.5862021443097417,향후 AI 사용 예정자,향후 AI 사용 예정자,True
13191,1,1,0.6993509413570385,향후 AI 사용 예정자,향후 AI 사용 예정자,True
2537,0,0,0.4398279049764069,현재 AI 사용자,현재 AI 사용자,True
28354,1,1,0.9817019423706774,향후 AI 사용 예정자,향후 AI 사용 예정자,True
25317,1,1,0.9420325440961256,향후 AI 사용 예정자,향후 AI 사용 예정자,True
56431,0,0,0.251576794045149,현재 AI 사용자,현재 AI 사용자,True
23469,1,1,0.8153528244343928,향후 AI 사용 예정자,향후 AI 사용 예정자,True
56247,1,1,0.853346535524269,향후 AI 사용 예정자,향후 AI 사용 예정자,True
5412,0,0,0.14147156547227288,현재 AI 사용자,현재 AI 사용자,True
47953,1,1,0.6210766818963864,향후 AI 사용 예정자,향후 AI 사용 예정자,True
16887,1,1,0.9780100543481028,향후 AI 사용 예정자,향후 AI 사용 예정자,True
29587,0,1,0.5991826407491883,현재 AI 사용자,향후 AI 사용 예정자,False
43162,0,0,0.22949029613646488,현재 AI 사용자,현재 AI 사용자,True
18297,0,0,0.2839133573053716,현재 AI 사용자,현재 AI 사용자,True
30827,1,1,0.8766707945265185,향후 AI 사용 예정자,향후 AI 사용 예정자,True
21595,1,1,0.7179555524501285,향후 AI 사용 예정자,향후 AI 사용 예정자,True
38415,1,1,0.9440453099102337,향후 AI 사용 예정자,향후 AI 사용 예정자,True
59285,1,1,0.8596714122980323,향후 AI 사용 예정자,향후 AI 사용 예정자,True
18231,1,1,0.8424784231736514,향후 AI 사용 예정자,향후 AI 사용 예정자,True
30773,0,0,0.26487854668752897,현재 AI 사용자,현재 AI 사용자,True
428,1,1,0.7708231279318914,향후 AI 사용 예정자,향후 AI 사용 예정자,True
13014,0,0,0.24514487439778126,현재 AI 사용자,현재 AI 사용자,True
46671,1,1,0.6262066394902208,향후 AI 사용 예정자,향후 AI 사용 예정자,True
51381,1,1,0.7777339485665073,향후 AI 사용 예정자,향후 AI 사용 예정자,True
6865,1,1,0.9134646968982314,향후 AI 사용 예정자,향후 AI 사용 예정자,True
21467,1,1,0.97351641590239,향후 AI 사용 예정자,향후 AI 사용 예정자,True
46068,1,1,0.7240818313989656,향후 AI 사용 예정자,향후 AI 사용 예정자,True
56961,0,1,0.5377363806961449,현재 AI 사용자,향후 AI 사용 예정자,False
5027,0,0,0.4652461944772874,현재 AI 사용자,현재 AI 사용자,True
14292,1,1,0.8808301569058311,향후 AI 사용 예정자,향후 AI 사용 예정자,True
49138,0,0,0.2206574379601458,현재 AI 사용자,현재 AI 사용자,True
34275,1,1,0.9839792496079992,향후 AI 사용 예정자,향후 AI 사용 예정자,True
2478,0,0,0.18736514415284153,현재 AI 사용자,현재 AI 사용자,True
6194,0,0,0.44544126680669127,현재 AI 사용자,현재 AI 사용자,True
46384,0,0,0.259501520213161,현재 AI 사용자,현재 AI 사용자,True
47719,1,1,0.8069241854135909,향후 AI 사용 예정자,향후 AI 사용 예정자,True
33602,1,1,0.9618823204491315,향후 AI 사용 예정자,향후 AI 사용 예정자,True
47309,0,0,0.09764778859761508,현재 AI 사용자,현재 AI 사용자,True
54675,0,0,0.4151408864079369,현재 AI 사용자,현재 AI 사용자,True
6338,1,1,0.9355252014905813,향후 AI 사용 예정자,향후 AI 사용 예정자,True
9784,1,0,0.3218911555108393,향후 AI 사용 예정자,현재 AI 사용자,False
10238,1,1,0.6033066417677424,향후 AI 사용 예정자,향후 AI 사용 예정자,True
31798,0,0,0.11823743882486132,현재 AI 사용자,현재 AI 사용자,True
7089,1,1,0.6208355619227569,향후 AI 사용 예정자,향후 AI 사용 예정자,True
43463,0,0,0.23676003461684622,현재 AI 사용자,현재 AI 사용자,True
40638,1,1,0.5057547378130981,향후 AI 사용 예정자,향후 AI 사용 예정자,True
12122,1,1,0.9316292095581834,향후 AI 사용 예정자,향후 AI 사용 예정자,True
5319,0,1,0.6358890794622181,현재 AI 사용자,향후 AI 사용 예정자,False
28506,0,0,0.42533550989087743,현재 AI 사용자,현재 AI 사용자,True
22291,0,1,0.5641711583263405,현재 AI 사용자,향후 AI 사용 예정자,False
12482,1,1,0.5924955384941936,향후 AI 사용 예정자,향후 AI 사용 예정자,True
18105,1,1,0.9095422117672681,향후 AI 사용 예정자,향후 AI 사용 예정자,True
7889,1,1,0.9871946906972376,향후 AI 사용 예정자,향후 AI 사용 예정자,True
44833,0,0,0.27840888018015847,현재 AI 사용자,현재 AI 사용자,True
21346,1,1,0.8606254094186185,향후 AI 사용 예정자,향후 AI 사용 예정자,True
19364,1,1,0.8643484729467206,향후 AI 사용 예정자,향후 AI 사용 예정자,True
41579,0,0,0.22408198789251496,현재 AI 사용자,현재 AI 사용자,True
63302,0,0,0.4540553010538365,현재 AI 사용자,현재 AI 사용자,True
6380,1,1,0.7512232021001248,향후 AI 사용 예정자,향후 AI 사용 예정자,True
33391,1,1,0.9261305757960312,향후 AI 사용 예정자,향후 AI 사용 예정자,True
28714,0,0,0.2625480814374683,현재 AI 사용자,현재 AI 사용자,True
51899,0,0,0.3399431378538262,현재 AI 사용자,현재 AI 사용자,True
22894,1,1,0.5778037194860929,향후 AI 사용 예정자,향후 AI 사용 예정자,True
32080,0,0,0.4521130261824088,현재 AI 사용자,현재 AI 사용자,True
43049,1,1,0.9068235621661641,향후 AI 사용 예정자,향후 AI 사용 예정자,True
18865,0,0,0.24898944263121098,현재 AI 사용자,현재 AI 사용자,True
48947,1,0,0.2716798028306911,향후 AI 사용 예정자,현재 AI 사용자,False
37414,1,1,0.6808217559641502,향후 AI 사용 예정자,향후 AI 사용 예정자,True
3037,0,0,0.1614702914213168,현재 AI 사용자,현재 AI 사용자,True
52313,0,0,0.04451189068452442,현재 AI 사용자,현재 AI 사용자,True
44200,0,0,0.28729898239047036,현재 AI 사용자,현재 AI 사용자,True
49954,1,1,0.9698455172483447,향후 AI 사용 예정자,향후 AI 사용 예정자,True
49746,1,1,0.9680099426664966,향후 AI 사용 예정자,향후 AI 사용 예정자,True
21982,0,0,0.45167847771820374,현재 AI 사용자,현재 AI 사용자,True
21877,0,0,0.4736512128963455,현재 AI 사용자,현재 AI 사용자,True
20488,1,1,0.9391746309496274,향후 AI 사용 예정자,향후 AI 사용 예정자,True
48663,1,0,0.23845864404934136,향후 AI 사용 예정자,현재 AI 사용자,False
11390,0,0,0.4874012334730994,현재 AI 사용자,현재 AI 사용자,True
28805,1,1,0.968527678800199,향후 AI 사용 예정자,향후 AI 사용 예정자,True
33038,1,1,0.7544603887858305,향후 AI 사용 예정자,향후 AI 사용 예정자,True
1297,1,1,0.9792590274395411,향후 AI 사용 예정자,향후 AI 사용 예정자,True
35916,1,1,0.8852647843888127,향후 AI 사용 예정자,향후 AI 사용 예정자,True
60985,1,1,0.8334930317685859,향후 AI 사용 예정자,향후 AI 사용 예정자,True
23009,1,1,0.7253818192508712,향후 AI 사용 예정자,향후 AI 사용 예정자,True
32735,1,1,0.8854276677282978,향후 AI 사용 예정자,향후 AI 사용 예정자,True
9843,1,0,0.220656054668048,향후 AI 사용 예정자,현재 AI 사용자,False
53816,0,1,0.5392286826809916,현재 AI 사용자,향후 AI 사용 예정자,False
25289,1,1,0.9230086048619117,향후 AI 사용 예정자,향후 AI 사용 예정자,True
61265,1,1,0.6250216618057508,향후 AI 사용 예정자,향후 AI 사용 예정자,True
10913,1,1,0.9870358979744668,향후 AI 사용 예정자,향후 AI 사용 예정자,True
20122,1,1,0.9769173807144022,향후 AI 사용 예정자,향후 AI 사용 예정자,True
14735,0,0,0.16506515947596917,현재 AI 사용자,현재 AI 사용자,True
60679,1,1,0.7832103680813546,향후 AI 사용 예정자,향후 AI 사용 예정자,True
23093,1,1,0.6802520406743598,향후 AI 사용 예정자,향후 AI 사용 예정자,True
43083,1,1,0.8476676123455207,향후 AI 사용 예정자,향후 AI 사용 예정자,True
27677,1,1,0.7842297470966381,향후 AI 사용 예정자,향후 AI 사용 예정자,True
51819,1,1,0.8931425838841205,향후 AI 사용 예정자,향후 AI 사용 예정자,True
43523,0,1,0.780381428605521,현재 AI 사용자,향후 AI 사용 예정자,False
48694,0,1,0.7447445839132549,현재 AI 사용자,향후 AI 사용 예정자,False
59181,1,1,0.9691369146459012,향후 AI 사용 예정자,향후 AI 사용 예정자,True
29386,0,0,0.2878558667756441,현재 AI 사용자,현재 AI 사용자,True
42058,0,1,0.7453333756442521,현재 AI 사용자,향후 AI 사용 예정자,False
9719,0,0,0.4888159441799556,현재 AI 사용자,현재 AI 사용자,True
33708,1,0,0.22117245518936576,향후 AI 사용 예정자,현재 AI 사용자,False
41210,1,0,0.3684154682923844,향후 AI 사용 예정자,현재 AI 사용자,False
32768,0,0,0.29451109337874487,현재 AI 사용자,현재 AI 사용자,True
14820,1,1,0.5695806465728372,향후 AI 사용 예정자,향후 AI 사용 예정자,True
50813,1,1,0.6617264392734117,향후 AI 사용 예정자,향후 AI 사용 예정자,True
64199,0,0,0.35131169644565247,현재 AI 사용자,현재 AI 사용자,True
59136,0,1,0.5796398454441373,현재 AI 사용자,향후 AI 사용 예정자,False
19304,1,1,0.8983470940807385,향후 AI 사용 예정자,향후 AI 사용 예정자,True
9205,0,0,0.3743365665514144,현재 AI 사용자,현재 AI 사용자,True
11033,0,0,0.07182338178340454,현재 AI 사용자,현재 AI 사용자,True
20857,0,1,0.6458184139342836,현재 AI 사용자,향후 AI 사용 예정자,False
43635,1,1,0.8653089403611242,향후 AI 사용 예정자,향후 AI 사용 예정자,True
21781,1,1,0.9904116508774939,향후 AI 사용 예정자,향후 AI 사용 예정자,True
54895,0,0,0.30917342887170157,현재 AI 사용자,현재 AI 사용자,True
35877,1,1,0.944204988780834,향후 AI 사용 예정자,향후 AI 사용 예정자,True
2539,0,0,0.11798241963795057,현재 AI 사용자,현재 AI 사용자,True
40882,1,0,0.37152497533537465,향후 AI 사용 예정자,현재 AI 사용자,False
12299,1,1,0.8624570279455152,향후 AI 사용 예정자,향후 AI 사용 예정자,True
18648,0,0,0.22653050308805564,현재 AI 사용자,현재 AI 사용자,True
2161,1,1,0.9823413509065939,향후 AI 사용 예정자,향후 AI 사용 예정자,True
55359,0,0,0.2516265613543961,현재 AI 사용자,현재 AI 사용자,True
21711,1,0,0.4262775377940536,향후 AI 사용 예정자,현재 AI 사용자,False
31121,1,1,0.6231187043670883,향후 AI 사용 예정자,향후 AI 사용 예정자,True
46009,0,0,0.24345471139604108,현재 AI 사용자,현재 AI 사용자,True
9715,0,1,0.6213774361011609,현재 AI 사용자,향후 AI 사용 예정자,False
51575,0,0,0.10176341438644958,현재 AI 사용자,현재 AI 사용자,True
52618,1,1,0.771930403649719,향후 AI 사용 예정자,향후 AI 사용 예정자,True
28227,1,1,0.9558211865125815,향후 AI 사용 예정자,향후 AI 사용 예정자,True
27680,1,1,0.9808196184528364,향후 AI 사용 예정자,향후 AI 사용 예정자,True
3470,1,1,0.8394008557995413,향후 AI 사용 예정자,향후 AI 사용 예정자,True
57223,0,1,0.8581591107603919,현재 AI 사용자,향후 AI 사용 예정자,False
7449,1,1,0.5602734667471125,향후 AI 사용 예정자,향후 AI 사용 예정자,True
17147,1,1,0.5412687102032835,향후 AI 사용 예정자,향후 AI 사용 예정자,True
37705,1,1,0.9663022208370836,향후 AI 사용 예정자,향후 AI 사용 예정자,True
53191,0,1,0.5013885073536322,현재 AI 사용자,향후 AI 사용 예정자,False
28881,1,0,0.2672482556310233,향후 AI 사용 예정자,현재 AI 사용자,False
22240,0,0,0.1960275979418421,현재 AI 사용자,현재 AI 사용자,True
23925,1,1,0.615103510155634,향후 AI 사용 예정자,향후 AI 사용 예정자,True
21310,1,1,0.6060226017486879,향후 AI 사용 예정자,향후 AI 사용 예정자,True
60723,1,1,0.8885302347770883,향후 AI 사용 예정자,향후 AI 사용 예정자,True
762,0,0,0.2989335477939094,현재 AI 사용자,현재 AI 사용자,True
55035,0,0,0.0846792095160037,현재 AI 사용자,현재 AI 사용자,True
59297,1,1,0.9593751838896342,향후 AI 사용 예정자,향후 AI 사용 예정자,True
3847,1,0,0.2520045793971181,향후 AI 사용 예정자,현재 AI 사용자,False
412,0,0,0.17838837663959978,현재 AI 사용자,현재 AI 사용자,True
15092,1,1,0.5262607595140751,향후 AI 사용 예정자,향후 AI 사용 예정자,True
11759,0,0,0.2798371017809326,현재 AI 사용자,현재 AI 사용자,True
34997,1,0,0.20857062064279802,향후 AI 사용 예정자,현재 AI 사용자,False
4812,1,1,0.7424636735340839,향후 AI 사용 예정자,향후 AI 사용 예정자,True
111,1,1,0.8334330961170442,향후 AI 사용 예정자,향후 AI 사용 예정자,True
45633,0,1,0.5348932296109633,현재 AI 사용자,향후 AI 사용 예정자,False
14293,0,0,0.3354469867120368,현재 AI 사용자,현재 AI 사용자,True
26418,1,1,0.9410725571741938,향후 AI 사용 예정자,향후 AI 사용 예정자,True
41686,0,1,0.9074342852568534,현재 AI 사용자,향후 AI 사용 예정자,False
42769,1,1,0.636213277649806,향후 AI 사용 예정자,향후 AI 사용 예정자,True
48099,1,1,0.632885502909806,향후 AI 사용 예정자,향후 AI 사용 예정자,True
28248,1,1,0.8906282832279807,향후 AI 사용 예정자,향후 AI 사용 예정자,True
25573,1,1,0.9220683871537934,향후 AI 사용 예정자,향후 AI 사용 예정자,True
42096,1,0,0.49166450829953334,향후 AI 사용 예정자,현재 AI 사용자,False
21906,0,0,0.24481450953263625,현재 AI 사용자,현재 AI 사용자,True
40856,1,1,0.8769305159740153,향후 AI 사용 예정자,향후 AI 사용 예정자,True
36030,0,0,0.1136000849264767,현재 AI 사용자,현재 AI 사용자,True
346,1,1,0.9599743475321882,향후 AI 사용 예정자,향후 AI 사용 예정자,True
35083,1,1,0.8057369893436594,향후 AI 사용 예정자,향후 AI 사용 예정자,True
21136,1,1,0.6412228946708117,향후 AI 사용 예정자,향후 AI 사용 예정자,True
24656,1,1,0.9584694386132597,향후 AI 사용 예정자,향후 AI 사용 예정자,True
26095,1,1,0.8926323137862386,향후 AI 사용 예정자,향후 AI 사용 예정자,True
36921,0,0,0.06261204953440158,현재 AI 사용자,현재 AI 사용자,True
41412,1,1,0.8927701893442476,향후 AI 사용 예정자,향후 AI 사용 예정자,True
34473,0,1,0.5173348791007796,현재 AI 사용자,향후 AI 사용 예정자,False
41540,1,1,0.9419437866099973,향후 AI 사용 예정자,향후 AI 사용 예정자,True
16526,1,0,0.2831458638926914,향후 AI 사용 예정자,현재 AI 사용자,False
37055,1,1,0.8639360473956441,향후 AI 사용 예정자,향후 AI 사용 예정자,True
2407,1,1,0.6501243687961612,향후 AI 사용 예정자,향후 AI 사용 예정자,True
46266,0,1,0.5449485967052746,현재 AI 사용자,향후 AI 사용 예정자,False
17766,1,1,0.81165844808953,향후 AI 사용 예정자,향후 AI 사용 예정자,True
49747,1,1,0.9022602694278838,향후 AI 사용 예정자,향후 AI 사용 예정자,True
42900,0,1,0.5998506607112271,현재 AI 사용자,향후 AI 사용 예정자,False
51744,1,1,0.9839778100559634,향후 AI 사용 예정자,향후 AI 사용 예정자,True
14911,0,0,0.2596507809691032,현재 AI 사용자,현재 AI 사용자,True
40360,1,1,0.6908960490963917,향후 AI 사용 예정자,향후 AI 사용 예정자,True
24997,0,0,0.20172905089891677,현재 AI 사용자,현재 AI 사용자,True
53237,1,1,0.8673645832568264,향후 AI 사용 예정자,향후 AI 사용 예정자,True
10841,1,0,0.49105391788085967,향후 AI 사용 예정자,현재 AI 사용자,False
17796,1,1,0.9357992201945057,향후 AI 사용 예정자,향후 AI 사용 예정자,True
24604,0,0,0.37990561209538676,현재 AI 사용자,현재 AI 사용자,True
30161,0,0,0.18040725555419637,현재 AI 사용자,현재 AI 사용자,True
33607,0,1,0.7263156234040531,현재 AI 사용자,향후 AI 사용 예정자,False
32547,0,1,0.5488495463732455,현재 AI 사용자,향후 AI 사용 예정자,False
49409,1,1,0.7953566463502627,향후 AI 사용 예정자,향후 AI 사용 예정자,True
38215,0,0,0.3644083358679946,현재 AI 사용자,현재 AI 사용자,True
23237,1,1,0.8801794102860035,향후 AI 사용 예정자,향후 AI 사용 예정자,True
8865,1,1,0.8261223901122446,향후 AI 사용 예정자,향후 AI 사용 예정자,True
43892,0,0,0.056882239570848245,현재 AI 사용자,현재 AI 사용자,True
40181,0,0,0.2878239493315194,현재 AI 사용자,현재 AI 사용자,True
45776,0,1,0.8888636557101094,현재 AI 사용자,향후 AI 사용 예정자,False
24383,0,0,0.20146537546027224,현재 AI 사용자,현재 AI 사용자,True
33805,1,1,0.9643716235236424,향후 AI 사용 예정자,향후 AI 사용 예정자,True
58388,0,0,0.1975771683853347,현재 AI 사용자,현재 AI 사용자,True
41082,1,1,0.7415487815760707,향후 AI 사용 예정자,향후 AI 사용 예정자,True
31153,1,1,0.7599013739795017,향후 AI 사용 예정자,향후 AI 사용 예정자,True
16737,1,0,0.234132326571755,향후 AI 사용 예정자,현재 AI 사용자,False
30796,1,0,0.29840287518342523,향후 AI 사용 예정자,현재 AI 사용자,False
22376,1,1,0.8135973825866173,향후 AI 사용 예정자,향후 AI 사용 예정자,True
30188,0,0,0.4774141757550105,현재 AI 사용자,현재 AI 사용자,True
23056,1,1,0.8945714464421356,향후 AI 사용 예정자,향후 AI 사용 예정자,True
7200,0,1,0.6990966704003623,현재 AI 사용자,향후 AI 사용 예정자,False
50439,1,0,0.47947009906615057,향후 AI 사용 예정자,현재 AI 사용자,False
46348,1,1,0.8516796490091588,향후 AI 사용 예정자,향후 AI 사용 예정자,True
49703,1,1,0.738632776528228,향후 AI 사용 예정자,향후 AI 사용 예정자,True
31279,0,0,0.3737011418555168,현재 AI 사용자,현재 AI 사용자,True
32670,0,0,0.1604394720601515,현재 AI 사용자,현재 AI 사용자,True
56149,1,1,0.993709197829999,향후 AI 사용 예정자,향후 AI 사용 예정자,True
7884,1,1,0.6114344793397238,향후 AI 사용 예정자,향후 AI 사용 예정자,True
8007,1,1,0.593706363997242,향후 AI 사용 예정자,향후 AI 사용 예정자,True
29610,1,0,0.4602260653993145,향후 AI 사용 예정자,현재 AI 사용자,False
27289,1,1,0.9216041618324926,향후 AI 사용 예정자,향후 AI 사용 예정자,True
55774,0,0,0.11803069323747183,현재 AI 사용자,현재 AI 사용자,True
47004,1,1,0.9794051941567806,향후 AI 사용 예정자,향후 AI 사용 예정자,True
58412,0,0,0.14452438416152166,현재 AI 사용자,현재 AI 사용자,True
44780,0,0,0.142964560785738,현재 AI 사용자,현재 AI 사용자,True
49905,1,1,0.8551859187755214,향후 AI 사용 예정자,향후 AI 사용 예정자,True
54864,1,0,0.19228956210531384,향후 AI 사용 예정자,현재 AI 사용자,False
56544,0,0,0.17499108680319525,현재 AI 사용자,현재 AI 사용자,True
4272,1,1,0.881225468444255,향후 AI 사용 예정자,향후 AI 사용 예정자,True
62500,1,1,0.831005768823742,향후 AI 사용 예정자,향후 AI 사용 예정자,True
4800,0,0,0.2331304634900565,현재 AI 사용자,현재 AI 사용자,True
11427,1,1,0.8589870519065258,향후 AI 사용 예정자,향후 AI 사용 예정자,True
32011,1,1,0.7250937492718531,향후 AI 사용 예정자,향후 AI 사용 예정자,True
31018,0,1,0.5002068262374468,현재 AI 사용자,향후 AI 사용 예정자,False
5730,1,1,0.5980056536060613,향후 AI 사용 예정자,향후 AI 사용 예정자,True
44263,1,1,0.8793900953027491,향후 AI 사용 예정자,향후 AI 사용 예정자,True
54482,0,0,0.2467852076427444,현재 AI 사용자,현재 AI 사용자,True
54547,1,1,0.6952089874831152,향후 AI 사용 예정자,향후 AI 사용 예정자,True
15035,0,0,0.205893085912861,현재 AI 사용자,현재 AI 사용자,True
31857,0,0,0.37259631636388996,현재 AI 사용자,현재 AI 사용자,True
4781,0,0,0.1962413618065716,현재 AI 사용자,현재 AI 사용자,True
23685,0,1,0.9044163711855192,현재 AI 사용자,향후 AI 사용 예정자,False
62107,0,0,0.40987690001364113,현재 AI 사용자,현재 AI 사용자,True
59673,1,1,0.919830802021723,향후 AI 사용 예정자,향후 AI 사용 예정자,True
24795,1,1,0.9581918370051227,향후 AI 사용 예정자,향후 AI 사용 예정자,True
21456,1,0,0.4682125497506198,향후 AI 사용 예정자,현재 AI 사용자,False
44238,0,0,0.2234507486815817,현재 AI 사용자,현재 AI 사용자,True
44038,1,1,0.6272076410058568,향후 AI 사용 예정자,향후 AI 사용 예정자,True
56951,0,1,0.6984411387947321,현재 AI 사용자,향후 AI 사용 예정자,False
47765,1,0,0.44213945607332017,향후 AI 사용 예정자,현재 AI 사용자,False
27455,1,0,0.18088532990829534,향후 AI 사용 예정자,현재 AI 사용자,False
49897,0,1,0.6741303184827022,현재 AI 사용자,향후 AI 사용 예정자,False
2832,1,1,0.9026626013250475,향후 AI 사용 예정자,향후 AI 사용 예정자,True
54932,1,1,0.6052274325535276,향후 AI 사용 예정자,향후 AI 사용 예정자,True
34338,0,0,0.10640406031097754,현재 AI 사용자,현재 AI 사용자,True
63477,0,1,0.9646801890181045,현재 AI 사용자,향후 AI 사용 예정자,False
51950,0,0,0.16787254675010913,현재 AI 사용자,현재 AI 사용자,True
9309,1,0,0.2281425461701019,향후 AI 사용 예정자,현재 AI 사용자,False
48304,1,1,0.9921658335534485,향후 AI 사용 예정자,향후 AI 사용 예정자,True
8973,1,1,0.9845384526210108,향후 AI 사용 예정자,향후 AI 사용 예정자,True
1424,0,0,0.2924140783205356,현재 AI 사용자,현재 AI 사용자,True
48782,1,1,0.8781789406083571,향후 AI 사용 예정자,향후 AI 사용 예정자,True
28633,1,1,0.7237599125059142,향후 AI 사용 예정자,향후 AI 사용 예정자,True
5259,0,0,0.4980393109293101,현재 AI 사용자,현재 AI 사용자,True
39381,0,0,0.2271035096310195,현재 AI 사용자,현재 AI 사용자,True
40448,1,0,0.26418932480721496,향후 AI 사용 예정자,현재 AI 사용자,False
29379,1,0,0.46097938205900874,향후 AI 사용 예정자,현재 AI 사용자,False
54285,1,1,0.7800943573360697,향후 AI 사용 예정자,향후 AI 사용 예정자,True
54553,1,1,0.6910830091427156,향후 AI 사용 예정자,향후 AI 사용 예정자,True
49678,0,0,0.33990244327166313,현재 AI 사용자,현재 AI 사용자,True
27061,1,1,0.6851306805551696,향후 AI 사용 예정자,향후 AI 사용 예정자,True
30797,1,1,0.8615981467944538,향후 AI 사용 예정자,향후 AI 사용 예정자,True
49910,0,0,0.2922148144013467,현재 AI 사용자,현재 AI 사용자,True
20013,1,1,0.7625506376364407,향후 AI 사용 예정자,향후 AI 사용 예정자,True
36078,1,1,0.5112858066447737,향후 AI 사용 예정자,향후 AI 사용 예정자,True
1908,1,1,0.5254908017091815,향후 AI 사용 예정자,향후 AI 사용 예정자,True
11923,1,1,0.9256605382932089,향후 AI 사용 예정자,향후 AI 사용 예정자,True
18225,0,1,0.6828668588971109,현재 AI 사용자,향후 AI 사용 예정자,False
36690,0,0,0.14468132168047323,현재 AI 사용자,현재 AI 사용자,True
15334,0,0,0.30714288524138744,현재 AI 사용자,현재 AI 사용자,True
13451,0,1,0.5127229842877948,현재 AI 사용자,향후 AI 사용 예정자,False
5581,1,1,0.5156879649494309,향후 AI 사용 예정자,향후 AI 사용 예정자,True
39705,1,0,0.436542037284665,향후 AI 사용 예정자,현재 AI 사용자,False
31163,1,0,0.4716270608242631,향후 AI 사용 예정자,현재 AI 사용자,False
24671,1,1,0.6318054115751452,향후 AI 사용 예정자,향후 AI 사용 예정자,True
57317,0,0,0.2500391665591497,현재 AI 사용자,현재 AI 사용자,True
31223,1,1,0.9650184613238477,향후 AI 사용 예정자,향후 AI 사용 예정자,True
6845,1,1,0.9711868614880287,향후 AI 사용 예정자,향후 AI 사용 예정자,True
29119,1,1,0.743750246037639,향후 AI 사용 예정자,향후 AI 사용 예정자,True
26803,1,1,0.9877267735133023,향후 AI 사용 예정자,향후 AI 사용 예정자,True
11194,1,1,0.8889776676639225,향후 AI 사용 예정자,향후 AI 사용 예정자,True
27806,1,1,0.920946424294085,향후 AI 사용 예정자,향후 AI 사용 예정자,True
58741,1,1,0.8035579766671868,향후 AI 사용 예정자,향후 AI 사용 예정자,True
1019,1,1,0.9779390745153737,향후 AI 사용 예정자,향후 AI 사용 예정자,True
11170,1,1,0.9605582106732199,향후 AI 사용 예정자,향후 AI 사용 예정자,True
17736,1,1,0.9808006625064891,향후 AI 사용 예정자,향후 AI 사용 예정자,True
44365,1,1,0.8360638915631552,향후 AI 사용 예정자,향후 AI 사용 예정자,True
16239,1,0,0.44483847213564515,향후 AI 사용 예정자,현재 AI 사용자,False
1249,0,1,0.5597770219000727,현재 AI 사용자,향후 AI 사용 예정자,False
18591,1,1,0.9873892728019814,향후 AI 사용 예정자,향후 AI 사용 예정자,True
12772,0,0,0.36663832718228545,현재 AI 사용자,현재 AI 사용자,True
54351,0,0,0.20558469485196668,현재 AI 사용자,현재 AI 사용자,True
31652,1,1,0.8457777298911678,향후 AI 사용 예정자,향후 AI 사용 예정자,True
31600,0,0,0.2332533571555169,현재 AI 사용자,현재 AI 사용자,True
36420,1,1,0.706536236481465,향후 AI 사용 예정자,향후 AI 사용 예정자,True
20201,1,1,0.9867523990766409,향후 AI 사용 예정자,향후 AI 사용 예정자,True
37755,0,1,0.808100626737382,현재 AI 사용자,향후 AI 사용 예정자,False
1087,1,0,0.4215808373206144,향후 AI 사용 예정자,현재 AI 사용자,False
57150,0,0,0.22073306780940286,현재 AI 사용자,현재 AI 사용자,True
54790,1,1,0.5860143702910395,향후 AI 사용 예정자,향후 AI 사용 예정자,True
11800,1,0,0.4676391743521528,향후 AI 사용 예정자,현재 AI 사용자,False
60921,1,1,0.8076413421735683,향후 AI 사용 예정자,향후 AI 사용 예정자,True
35069,1,1,0.6506288900916859,향후 AI 사용 예정자,향후 AI 사용 예정자,True
20761,1,1,0.860616931688684,향후 AI 사용 예정자,향후 AI 사용 예정자,True
11542,1,1,0.930778021211825,향후 AI 사용 예정자,향후 AI 사용 예정자,True
8095,0,0,0.05463522771240956,현재 AI 사용자,현재 AI 사용자,True
37753,1,1,0.8961056896311176,향후 AI 사용 예정자,향후 AI 사용 예정자,True
51518,1,0,0.42062267513788815,향후 AI 사용 예정자,현재 AI 사용자,False
52974,1,0,0.23291205067331885,향후 AI 사용 예정자,현재 AI 사용자,False
34956,0,1,0.9118259672757013,현재 AI 사용자,향후 AI 사용 예정자,False
1812,0,1,0.847638196987361,현재 AI 사용자,향후 AI 사용 예정자,False
50139,1,1,0.8151970475824029,향후 AI 사용 예정자,향후 AI 사용 예정자,True
14822,1,1,0.8640051952130366,향후 AI 사용 예정자,향후 AI 사용 예정자,True
11337,1,1,0.9302632359036017,향후 AI 사용 예정자,향후 AI 사용 예정자,True
952,0,0,0.28319167480292107,현재 AI 사용자,현재 AI 사용자,True
34998,0,0,0.31905155778745564,현재 AI 사용자,현재 AI 사용자,True
20335,0,0,0.3973256073946631,현재 AI 사용자,현재 AI 사용자,True
18195,0,0,0.3911756382753018,현재 AI 사용자,현재 AI 사용자,True
15608,1,1,0.6248744270695827,향후 AI 사용 예정자,향후 AI 사용 예정자,True
56908,0,0,0.11189297562064075,현재 AI 사용자,현재 AI 사용자,True
20661,1,1,0.7529462470651919,향후 AI 사용 예정자,향후 AI 사용 예정자,True
64871,0,0,0.40890281194999983,현재 AI 사용자,현재 AI 사용자,True
12113,0,0,0.4001822704024968,현재 AI 사용자,현재 AI 사용자,True
23914,0,0,0.3078482843691854,현재 AI 사용자,현재 AI 사용자,True
25417,1,0,0.4019876124376954,향후 AI 사용 예정자,현재 AI 사용자,False
19145,1,1,0.9597168421878861,향후 AI 사용 예정자,향후 AI 사용 예정자,True
27123,1,1,0.7357911333831159,향후 AI 사용 예정자,향후 AI 사용 예정자,True
55749,1,1,0.6777812641597325,향후 AI 사용 예정자,향후 AI 사용 예정자,True
52242,0,0,0.3561581105460453,현재 AI 사용자,현재 AI 사용자,True
30835,0,0,0.27224249768873177,현재 AI 사용자,현재 AI 사용자,True
13082,1,1,0.5229998579133576,향후 AI 사용 예정자,향후 AI 사용 예정자,True
36173,1,1,0.9559893712054527,향후 AI 사용 예정자,향후 AI 사용 예정자,True
6362,1,1,0.7340634224811668,향후 AI 사용 예정자,향후 AI 사용 예정자,True
42229,0,0,0.1773174799715616,현재 AI 사용자,현재 AI 사용자,True
40674,0,1,0.7295998210801967,현재 AI 사용자,향후 AI 사용 예정자,False
36042,1,1,0.7990999525381332,향후 AI 사용 예정자,향후 AI 사용 예정자,True
47268,1,0,0.44845370291054715,향후 AI 사용 예정자,현재 AI 사용자,False
48897,0,1,0.8084118638990664,현재 AI 사용자,향후 AI 사용 예정자,False
23283,1,0,0.40036219879220736,향후 AI 사용 예정자,현재 AI 사용자,False
55167,0,0,0.2704442731256237,현재 AI 사용자,현재 AI 사용자,True
21695,1,1,0.8444229406381765,향후 AI 사용 예정자,향후 AI 사용 예정자,True
8363,1,1,0.8002359001122963,향후 AI 사용 예정자,향후 AI 사용 예정자,True
2709,0,0,0.25247308908554017,현재 AI 사용자,현재 AI 사용자,True
45865,0,0,0.3559826845087191,현재 AI 사용자,현재 AI 사용자,True
9163,1,0,0.40861917877991594,향후 AI 사용 예정자,현재 AI 사용자,False
35288,0,0,0.375554314218146,현재 AI 사용자,현재 AI 사용자,True
1280,1,0,0.2647631020677534,향후 AI 사용 예정자,현재 AI 사용자,False
19327,1,0,0.21292697163684823,향후 AI 사용 예정자,현재 AI 사용자,False
41387,1,1,0.9654331093908417,향후 AI 사용 예정자,향후 AI 사용 예정자,True
3257,0,0,0.2127580775237488,현재 AI 사용자,현재 AI 사용자,True
22628,1,1,0.9434068257374445,향후 AI 사용 예정자,향후 AI 사용 예정자,True
28926,1,1,0.5827416778488953,향후 AI 사용 예정자,향후 AI 사용 예정자,True
34458,0,1,0.785909587113555,현재 AI 사용자,향후 AI 사용 예정자,False
15240,1,1,0.9873152552769869,향후 AI 사용 예정자,향후 AI 사용 예정자,True
9026,1,1,0.5286022876044779,향후 AI 사용 예정자,향후 AI 사용 예정자,True
47032,1,1,0.6902012642412972,향후 AI 사용 예정자,향후 AI 사용 예정자,True
38303,1,1,0.7394051907908861,향후 AI 사용 예정자,향후 AI 사용 예정자,True
56577,1,1,0.9302923345231005,향후 AI 사용 예정자,향후 AI 사용 예정자,True
17276,1,0,0.48479954969083155,향후 AI 사용 예정자,현재 AI 사용자,False
65280,1,1,0.6224171086071133,향후 AI 사용 예정자,향후 AI 사용 예정자,True
9451,1,0,0.2575826522733026,향후 AI 사용 예정자,현재 AI 사용자,False
7469,1,1,0.9403181292054396,향후 AI 사용 예정자,향후 AI 사용 예정자,True
64895,0,1,0.8729654556791,현재 AI 사용자,향후 AI 사용 예정자,False
47654,0,1,0.9273434109513089,현재 AI 사용자,향후 AI 사용 예정자,False
18217,1,1,0.9169431668692082,향후 AI 사용 예정자,향후 AI 사용 예정자,True
35972,1,1,0.6952602030649576,향후 AI 사용 예정자,향후 AI 사용 예정자,True
21676,0,0,0.16285010443090273,현재 AI 사용자,현재 AI 사용자,True
58270,0,0,0.2292663058007983,현재 AI 사용자,현재 AI 사용자,True
42146,0,0,0.1334730597512502,현재 AI 사용자,현재 AI 사용자,True
39142,1,1,0.959658100694512,향후 AI 사용 예정자,향후 AI 사용 예정자,True
15647,1,1,0.9643640201664464,향후 AI 사용 예정자,향후 AI 사용 예정자,True
50001,1,1,0.9192152447181478,향후 AI 사용 예정자,향후 AI 사용 예정자,True
11358,1,1,0.5901780998842229,향후 AI 사용 예정자,향후 AI 사용 예정자,True
47422,1,1,0.9240245407361394,향후 AI 사용 예정자,향후 AI 사용 예정자,True
21575,0,0,0.1327892842935707,현재 AI 사용자,현재 AI 사용자,True
7875,1,1,0.948824878593807,향후 AI 사용 예정자,향후 AI 사용 예정자,True
18268,1,1,0.8995796389065859,향후 AI 사용 예정자,향후 AI 사용 예정자,True
9106,1,1,0.8370424444218003,향후 AI 사용 예정자,향후 AI 사용 예정자,True
48426,0,0,0.16562318263094658,현재 AI 사용자,현재 AI 사용자,True
33812,0,0,0.15722751780882407,현재 AI 사용자,현재 AI 사용자,True
20701,1,0,0.20406346017775204,향후 AI 사용 예정자,현재 AI 사용자,False
10421,0,0,0.12017695875457317,현재 AI 사용자,현재 AI 사용자,True
31775,0,0,0.346386619270088,현재 AI 사용자,현재 AI 사용자,True
16581,0,1,0.8880944198800006,현재 AI 사용자,향후 AI 사용 예정자,False
15126,1,1,0.9101035058319737,향후 AI 사용 예정자,향후 AI 사용 예정자,True
30671,0,0,0.44701604418629,현재 AI 사용자,현재 AI 사용자,True
43280,0,0,0.1541311194981937,현재 AI 사용자,현재 AI 사용자,True
21820,0,1,0.889206622530999,현재 AI 사용자,향후 AI 사용 예정자,False
42418,1,1,0.7730719536720942,향후 AI 사용 예정자,향후 AI 사용 예정자,True
61863,1,1,0.8496979446847809,향후 AI 사용 예정자,향후 AI 사용 예정자,True
14416,0,0,0.14616684803842236,현재 AI 사용자,현재 AI 사용자,True
36453,0,0,0.2911186669259776,현재 AI 사용자,현재 AI 사용자,True
28201,0,1,0.9825274830876207,현재 AI 사용자,향후 AI 사용 예정자,False
60439,1,1,0.9114393773248192,향후 AI 사용 예정자,향후 AI 사용 예정자,True
36575,1,1,0.59490589572299,향후 AI 사용 예정자,향후 AI 사용 예정자,True
10247,0,0,0.21842819122961726,현재 AI 사용자,현재 AI 사용자,True
33148,1,1,0.9871527661969512,향후 AI 사용 예정자,향후 AI 사용 예정자,True
8017,1,1,0.8375921471173167,향후 AI 사용 예정자,향후 AI 사용 예정자,True
10568,0,0,0.26550600262974366,현재 AI 사용자,현재 AI 사용자,True
15894,1,1,0.827749642986478,향후 AI 사용 예정자,향후 AI 사용 예정자,True
8111,0,0,0.1173574466567762,현재 AI 사용자,현재 AI 사용자,True
11131,1,1,0.9524901307020356,향후 AI 사용 예정자,향후 AI 사용 예정자,True
31520,0,1,0.7770472304031909,현재 AI 사용자,향후 AI 사용 예정자,False
48867,1,1,0.9328209009780518,향후 AI 사용 예정자,향후 AI 사용 예정자,True
55029,1,1,0.5923863283386855,향후 AI 사용 예정자,향후 AI 사용 예정자,True
43410,0,1,0.5538875239293236,현재 AI 사용자,향후 AI 사용 예정자,False
33744,0,0,0.12296574585236208,현재 AI 사용자,현재 AI 사용자,True
27526,1,1,0.976218705302928,향후 AI 사용 예정자,향후 AI 사용 예정자,True
4358,1,1,0.751003789395331,향후 AI 사용 예정자,향후 AI 사용 예정자,True
51239,1,1,0.8635764592389723,향후 AI 사용 예정자,향후 AI 사용 예정자,True
47132,1,0,0.2959682725013372,향후 AI 사용 예정자,현재 AI 사용자,False
33,1,0,0.38277577085579073,향후 AI 사용 예정자,현재 AI 사용자,False
49190,1,1,0.5173820245194454,향후 AI 사용 예정자,향후 AI 사용 예정자,True
19960,1,1,0.5680098620298586,향후 AI 사용 예정자,향후 AI 사용 예정자,True
55927,1,1,0.9338574615068486,향후 AI 사용 예정자,향후 AI 사용 예정자,True
33009,0,0,0.19617699413413814,현재 AI 사용자,현재 AI 사용자,True
28703,1,1,0.6653213866317725,향후 AI 사용 예정자,향후 AI 사용 예정자,True
64955,1,1,0.9944483118823009,향후 AI 사용 예정자,향후 AI 사용 예정자,True
4645,0,0,0.4558010047291359,현재 AI 사용자,현재 AI 사용자,True
12775,1,1,0.9482719994561662,향후 AI 사용 예정자,향후 AI 사용 예정자,True
19394,1,1,0.8198548103942014,향후 AI 사용 예정자,향후 AI 사용 예정자,True
27712,0,0,0.3553758614984893,현재 AI 사용자,현재 AI 사용자,True
27314,1,1,0.7915275068444914,향후 AI 사용 예정자,향후 AI 사용 예정자,True
6534,0,0,0.23005138522653856,현재 AI 사용자,현재 AI 사용자,True
15487,1,1,0.5136946393899001,향후 AI 사용 예정자,향후 AI 사용 예정자,True
32283,0,1,0.5390017233787507,현재 AI 사용자,향후 AI 사용 예정자,False
21795,1,1,0.8307858255725054,향후 AI 사용 예정자,향후 AI 사용 예정자,True
19128,0,1,0.513406811522979,현재 AI 사용자,향후 AI 사용 예정자,False
52099,1,1,0.9673893793129192,향후 AI 사용 예정자,향후 AI 사용 예정자,True
48050,1,1,0.5968254493760022,향후 AI 사용 예정자,향후 AI 사용 예정자,True
55982,0,0,0.4580542090626406,현재 AI 사용자,현재 AI 사용자,True
21724,0,0,0.4880954029706834,현재 AI 사용자,현재 AI 사용자,True
14498,0,0,0.26473748110870093,현재 AI 사용자,현재 AI 사용자,True
41608,1,1,0.9835784418421211,향후 AI 사용 예정자,향후 AI 사용 예정자,True
7264,1,1,0.9611177469319764,향후 AI 사용 예정자,향후 AI 사용 예정자,True
35309,1,1,0.7791772176435483,향후 AI 사용 예정자,향후 AI 사용 예정자,True
7428,1,0,0.3330108658744817,향후 AI 사용 예정자,현재 AI 사용자,False
18000,1,0,0.24753832383558358,향후 AI 사용 예정자,현재 AI 사용자,False
58290,1,1,0.7939837085807248,향후 AI 사용 예정자,향후 AI 사용 예정자,True
62422,1,0,0.3721653820552903,향후 AI 사용 예정자,현재 AI 사용자,False
52399,0,0,0.11390302778469183,현재 AI 사용자,현재 AI 사용자,True
29091,1,1,0.9246451756960093,향후 AI 사용 예정자,향후 AI 사용 예정자,True
28829,0,1,0.7410337473278157,현재 AI 사용자,향후 AI 사용 예정자,False
33740,1,1,0.7166829738184449,향후 AI 사용 예정자,향후 AI 사용 예정자,True
33517,0,0,0.19267306520980287,현재 AI 사용자,현재 AI 사용자,True
29388,1,1,0.6868688998909129,향후 AI 사용 예정자,향후 AI 사용 예정자,True
6334,0,0,0.11504306364336907,현재 AI 사용자,현재 AI 사용자,True
12745,0,0,0.22999887128572344,현재 AI 사용자,현재 AI 사용자,True
46350,0,0,0.14349159011789514,현재 AI 사용자,현재 AI 사용자,True
16417,1,1,0.8633656713334841,향후 AI 사용 예정자,향후 AI 사용 예정자,True
50192,0,0,0.3901855777181141,현재 AI 사용자,현재 AI 사용자,True
7787,1,1,0.8962292291493013,향후 AI 사용 예정자,향후 AI 사용 예정자,True
6213,1,1,0.9838663097993872,향후 AI 사용 예정자,향후 AI 사용 예정자,True
13352,1,1,0.633434769125799,향후 AI 사용 예정자,향후 AI 사용 예정자,True
52630,0,0,0.10056156635411542,현재 AI 사용자,현재 AI 사용자,True
22797,1,1,0.9807317590670656,향후 AI 사용 예정자,향후 AI 사용 예정자,True
35667,1,1,0.9478562721156305,향후 AI 사용 예정자,향후 AI 사용 예정자,True
11805,1,1,0.9307441838409718,향후 AI 사용 예정자,향후 AI 사용 예정자,True
56764,0,0,0.35864435265482386,현재 AI 사용자,현재 AI 사용자,True
30940,0,0,0.2638647956180854,현재 AI 사용자,현재 AI 사용자,True
47379,1,0,0.21712770251563374,향후 AI 사용 예정자,현재 AI 사용자,False
31133,0,0,0.3210723651145318,현재 AI 사용자,현재 AI 사용자,True
61114,0,1,0.9215817970502189,현재 AI 사용자,향후 AI 사용 예정자,False
40082,0,0,0.17503472336022385,현재 AI 사용자,현재 AI 사용자,True
5959,0,0,0.27561393252195243,현재 AI 사용자,현재 AI 사용자,True
27336,0,1,0.5587912603965806,현재 AI 사용자,향후 AI 사용 예정자,False
63293,1,1,0.5052322649438019,향후 AI 사용 예정자,향후 AI 사용 예정자,True
41317,0,0,0.24989826302737517,현재 AI 사용자,현재 AI 사용자,True
45285,1,1,0.8179303776756468,향후 AI 사용 예정자,향후 AI 사용 예정자,True
1130,0,1,0.5855087089744464,현재 AI 사용자,향후 AI 사용 예정자,False
37494,1,1,0.9102107932331541,향후 AI 사용 예정자,향후 AI 사용 예정자,True
13100,1,0,0.3592998897601276,향후 AI 사용 예정자,현재 AI 사용자,False
19431,0,0,0.11447386461902846,현재 AI 사용자,현재 AI 사용자,True
24662,0,1,0.7685273983976861,현재 AI 사용자,향후 AI 사용 예정자,False
54478,1,1,0.547852916773106,향후 AI 사용 예정자,향후 AI 사용 예정자,True
259,1,1,0.9225052788248325,향후 AI 사용 예정자,향후 AI 사용 예정자,True
44589,1,1,0.6190219266175997,향후 AI 사용 예정자,향후 AI 사용 예정자,True
1716,1,1,0.8088258869659113,향후 AI 사용 예정자,향후 AI 사용 예정자,True
28866,1,1,0.6722909384998607,향후 AI 사용 예정자,향후 AI 사용 예정자,True
1476,1,1,0.8685768209317163,향후 AI 사용 예정자,향후 AI 사용 예정자,True
33989,1,1,0.9253435454942837,향후 AI 사용 예정자,향후 AI 사용 예정자,True
47967,0,1,0.5787878517921872,현재 AI 사용자,향후 AI 사용 예정자,False
23898,0,1,0.6388805475165429,현재 AI 사용자,향후 AI 사용 예정자,False
45959,1,1,0.7937005209593592,향후 AI 사용 예정자,향후 AI 사용 예정자,True
33260,1,1,0.9226929662221235,향후 AI 사용 예정자,향후 AI 사용 예정자,True
60259,1,1,0.91003924526409,향후 AI 사용 예정자,향후 AI 사용 예정자,True
19841,1,1,0.9856706970682139,향후 AI 사용 예정자,향후 AI 사용 예정자,True
51118,0,0,0.22338082510765822,현재 AI 사용자,현재 AI 사용자,True
19859,1,1,0.9593352645285157,향후 AI 사용 예정자,향후 AI 사용 예정자,True
50635,1,1,0.7922520999178005,향후 AI 사용 예정자,향후 AI 사용 예정자,True
9452,1,1,0.7963475828243892,향후 AI 사용 예정자,향후 AI 사용 예정자,True
18548,0,0,0.16542461537346057,현재 AI 사용자,현재 AI 사용자,True
52238,1,1,0.7287756552294292,향후 AI 사용 예정자,향후 AI 사용 예정자,True
4131,1,1,0.9774955381345911,향후 AI 사용 예정자,향후 AI 사용 예정자,True
1262,1,1,0.5179670336751367,향후 AI 사용 예정자,향후 AI 사용 예정자,True
41688,1,1,0.9087406163593614,향후 AI 사용 예정자,향후 AI 사용 예정자,True
12316,1,1,0.728325358945535,향후 AI 사용 예정자,향후 AI 사용 예정자,True
38240,1,1,0.9424531354006007,향후 AI 사용 예정자,향후 AI 사용 예정자,True
33114,0,0,0.3129460314639955,현재 AI 사용자,현재 AI 사용자,True
39169,1,1,0.7697170898065155,향후 AI 사용 예정자,향후 AI 사용 예정자,True
62648,1,1,0.8319610839295032,향후 AI 사용 예정자,향후 AI 사용 예정자,True
11692,1,1,0.779507266110203,향후 AI 사용 예정자,향후 AI 사용 예정자,True
45083,1,0,0.22298330364746277,향후 AI 사용 예정자,현재 AI 사용자,False
896,1,1,0.9794795790690308,향후 AI 사용 예정자,향후 AI 사용 예정자,True
37053,1,1,0.8260140477386195,향후 AI 사용 예정자,향후 AI 사용 예정자,True
13145,1,1,0.6584883044096993,향후 AI 사용 예정자,향후 AI 사용 예정자,True
4255,1,0,0.2651143888579081,향후 AI 사용 예정자,현재 AI 사용자,False
15016,1,1,0.9242654068870074,향후 AI 사용 예정자,향후 AI 사용 예정자,True
33082,0,0,0.2248733657263473,현재 AI 사용자,현재 AI 사용자,True
9745,1,1,0.8500917048121359,향후 AI 사용 예정자,향후 AI 사용 예정자,True
39112,1,1,0.7590350912790146,향후 AI 사용 예정자,향후 AI 사용 예정자,True
37691,1,1,0.6820053197504488,향후 AI 사용 예정자,향후 AI 사용 예정자,True
15048,1,1,0.6296135057778707,향후 AI 사용 예정자,향후 AI 사용 예정자,True
2668,0,0,0.11799115250220524,현재 AI 사용자,현재 AI 사용자,True
59606,0,0,0.38001462637107347,현재 AI 사용자,현재 AI 사용자,True
56615,1,1,0.8301869270438423,향후 AI 사용 예정자,향후 AI 사용 예정자,True
1541,1,0,0.3810050073051461,향후 AI 사용 예정자,현재 AI 사용자,False
8409,0,0,0.23715321893753566,현재 AI 사용자,현재 AI 사용자,True
13984,0,1,0.6890356110283474,현재 AI 사용자,향후 AI 사용 예정자,False
12373,1,1,0.6900604111309246,향후 AI 사용 예정자,향후 AI 사용 예정자,True
32248,0,0,0.08453521581987095,현재 AI 사용자,현재 AI 사용자,True
9320,0,0,0.4893512266870584,현재 AI 사용자,현재 AI 사용자,True
30886,0,0,0.1271153770683648,현재 AI 사용자,현재 AI 사용자,True
14474,0,1,0.7143473753109741,현재 AI 사용자,향후 AI 사용 예정자,False
57055,1,1,0.9605105612603342,향후 AI 사용 예정자,향후 AI 사용 예정자,True
59660,1,1,0.7609075930553583,향후 AI 사용 예정자,향후 AI 사용 예정자,True
46670,1,1,0.8781789406083571,향후 AI 사용 예정자,향후 AI 사용 예정자,True
13744,1,1,0.5807782756820549,향후 AI 사용 예정자,향후 AI 사용 예정자,True
29842,1,1,0.8945360695399068,향후 AI 사용 예정자,향후 AI 사용 예정자,True
39493,0,0,0.24381003090624112,현재 AI 사용자,현재 AI 사용자,True
48834,0,1,0.5927723685163987,현재 AI 사용자,향후 AI 사용 예정자,False
55584,1,1,0.972321491121915,향후 AI 사용 예정자,향후 AI 사용 예정자,True
29801,0,0,0.17911717057843374,현재 AI 사용자,현재 AI 사용자,True
14953,1,1,0.9547038633762851,향후 AI 사용 예정자,향후 AI 사용 예정자,True
11496,0,0,0.1081350632379089,현재 AI 사용자,현재 AI 사용자,True
35258,1,0,0.1718955347411523,향후 AI 사용 예정자,현재 AI 사용자,False
55419,1,1,0.9050480632449038,향후 AI 사용 예정자,향후 AI 사용 예정자,True
37166,1,1,0.8441781384794406,향후 AI 사용 예정자,향후 AI 사용 예정자,True
17438,1,1,0.518058806840553,향후 AI 사용 예정자,향후 AI 사용 예정자,True
16234,1,1,0.7563117233980426,향후 AI 사용 예정자,향후 AI 사용 예정자,True
24279,0,0,0.4688257492736659,현재 AI 사용자,현재 AI 사용자,True
43220,0,0,0.31081040596185566,현재 AI 사용자,현재 AI 사용자,True
29310,1,1,0.9934902136812483,향후 AI 사용 예정자,향후 AI 사용 예정자,True
27711,0,0,0.37965539754675187,현재 AI 사용자,현재 AI 사용자,True
28279,0,0,0.17359345291180026,현재 AI 사용자,현재 AI 사용자,True
24606,1,1,0.994223535982516,향후 AI 사용 예정자,향후 AI 사용 예정자,True
25199,0,1,0.656003489548275,현재 AI 사용자,향후 AI 사용 예정자,False
13582,1,1,0.9609465161109128,향후 AI 사용 예정자,향후 AI 사용 예정자,True
39499,1,1,0.9167942099054501,향후 AI 사용 예정자,향후 AI 사용 예정자,True
5265,1,1,0.6060650906555315,향후 AI 사용 예정자,향후 AI 사용 예정자,True
34310,0,1,0.8581927201033716,현재 AI 사용자,향후 AI 사용 예정자,False
31418,0,0,0.33788084366532645,현재 AI 사용자,현재 AI 사용자,True
58630,1,1,0.8077377867420005,향후 AI 사용 예정자,향후 AI 사용 예정자,True
15733,0,1,0.8831037364414437,현재 AI 사용자,향후 AI 사용 예정자,False
61376,0,1,0.5677084439877536,현재 AI 사용자,향후 AI 사용 예정자,False
972,1,0,0.21938266901459463,향후 AI 사용 예정자,현재 AI 사용자,False
57371,0,0,0.07049454464318017,현재 AI 사용자,현재 AI 사용자,True
2570,1,1,0.8659931494958409,향후 AI 사용 예정자,향후 AI 사용 예정자,True
43656,0,0,0.43209093349316746,현재 AI 사용자,현재 AI 사용자,True
47758,0,0,0.3002798196396001,현재 AI 사용자,현재 AI 사용자,True
16896,1,1,0.9224378510224651,향후 AI 사용 예정자,향후 AI 사용 예정자,True
38465,0,0,0.11827700407107793,현재 AI 사용자,현재 AI 사용자,True
18368,1,1,0.7848919057834949,향후 AI 사용 예정자,향후 AI 사용 예정자,True
23956,1,1,0.9548520898158764,향후 AI 사용 예정자,향후 AI 사용 예정자,True
12250,1,1,0.7898224452751632,향후 AI 사용 예정자,향후 AI 사용 예정자,True
59227,1,0,0.21070926690948705,향후 AI 사용 예정자,현재 AI 사용자,False
55171,0,0,0.211760785047649,현재 AI 사용자,현재 AI 사용자,True
4443,0,0,0.26313523399847366,현재 AI 사용자,현재 AI 사용자,True
6737,0,0,0.34371249992956193,현재 AI 사용자,현재 AI 사용자,True
52742,0,0,0.41048862423711985,현재 AI 사용자,현재 AI 사용자,True
2242,0,1,0.8849103465320958,현재 AI 사용자,향후 AI 사용 예정자,False
10235,0,0,0.3753216169486734,현재 AI 사용자,현재 AI 사용자,True
21749,0,1,0.5311778873114517,현재 AI 사용자,향후 AI 사용 예정자,False
34342,1,1,0.6966047404764898,향후 AI 사용 예정자,향후 AI 사용 예정자,True
21703,1,0,0.3480897320008406,향후 AI 사용 예정자,현재 AI 사용자,False
45087,1,1,0.9923820882247142,향후 AI 사용 예정자,향후 AI 사용 예정자,True
64151,1,1,0.6699574066096082,향후 AI 사용 예정자,향후 AI 사용 예정자,True
41053,0,0,0.4656380837163158,현재 AI 사용자,현재 AI 사용자,True
32312,0,0,0.1840908626194933,현재 AI 사용자,현재 AI 사용자,True
64204,1,1,0.7788941307378506,향후 AI 사용 예정자,향후 AI 사용 예정자,True
15639,1,1,0.901909235109792,향후 AI 사용 예정자,향후 AI 사용 예정자,True
61677,0,1,0.6735564673132942,현재 AI 사용자,향후 AI 사용 예정자,False
56009,1,1,0.9871386509693316,향후 AI 사용 예정자,향후 AI 사용 예정자,True
3310,1,0,0.34571623655036154,향후 AI 사용 예정자,현재 AI 사용자,False
23729,1,1,0.8130938577147512,향후 AI 사용 예정자,향후 AI 사용 예정자,True
58686,1,1,0.7482449960737472,향후 AI 사용 예정자,향후 AI 사용 예정자,True
24906,0,1,0.5962910386794966,현재 AI 사용자,향후 AI 사용 예정자,False
21139,1,1,0.8689662003024745,향후 AI 사용 예정자,향후 AI 사용 예정자,True
35593,1,1,0.8522005231717116,향후 AI 사용 예정자,향후 AI 사용 예정자,True
1449,0,1,0.5112995276892286,현재 AI 사용자,향후 AI 사용 예정자,False
27768,1,1,0.5224974821120911,향후 AI 사용 예정자,향후 AI 사용 예정자,True
2400,1,1,0.5103774852672034,향후 AI 사용 예정자,향후 AI 사용 예정자,True
1547,1,0,0.3449504370444233,향후 AI 사용 예정자,현재 AI 사용자,False
39363,0,0,0.4739752498532488,현재 AI 사용자,현재 AI 사용자,True
7631,0,0,0.17849777298498384,현재 AI 사용자,현재 AI 사용자,True
38752,0,1,0.8928182408155403,현재 AI 사용자,향후 AI 사용 예정자,False
16461,0,0,0.25957093146588495,현재 AI 사용자,현재 AI 사용자,True
17007,1,0,0.33565222706330206,향후 AI 사용 예정자,현재 AI 사용자,False
11328,1,1,0.7982887932077373,향후 AI 사용 예정자,향후 AI 사용 예정자,True
42342,1,1,0.726953887706282,향후 AI 사용 예정자,향후 AI 사용 예정자,True
19737,1,1,0.9668566381341138,향후 AI 사용 예정자,향후 AI 사용 예정자,True
27446,1,0,0.4584468713135738,향후 AI 사용 예정자,현재 AI 사용자,False
52506,1,1,0.9060123140255849,향후 AI 사용 예정자,향후 AI 사용 예정자,True
2146,0,1,0.6058666347750696,현재 AI 사용자,향후 AI 사용 예정자,False
55154,1,1,0.811813784734231,향후 AI 사용 예정자,향후 AI 사용 예정자,True
39667,0,0,0.21264011624648113,현재 AI 사용자,현재 AI 사용자,True
60828,1,1,0.9309716162048572,향후 AI 사용 예정자,향후 AI 사용 예정자,True
1574,0,0,0.322049786296658,현재 AI 사용자,현재 AI 사용자,True
47754,0,0,0.4854897064235914,현재 AI 사용자,현재 AI 사용자,True
62084,1,1,0.8810239089202603,향후 AI 사용 예정자,향후 AI 사용 예정자,True
27302,1,1,0.7777210352076818,향후 AI 사용 예정자,향후 AI 사용 예정자,True
57926,0,0,0.28503986641726287,현재 AI 사용자,현재 AI 사용자,True
10521,1,1,0.7825837641858453,향후 AI 사용 예정자,향후 AI 사용 예정자,True
59094,0,1,0.5611339573638453,현재 AI 사용자,향후 AI 사용 예정자,False
10169,0,1,0.544338304194617,현재 AI 사용자,향후 AI 사용 예정자,False
37854,0,0,0.17690116244225632,현재 AI 사용자,현재 AI 사용자,True
22044,0,1,0.6195973899200727,현재 AI 사용자,향후 AI 사용 예정자,False
42891,0,1,0.642219623463641,현재 AI 사용자,향후 AI 사용 예정자,False
150,1,1,0.705089839542752,향후 AI 사용 예정자,향후 AI 사용 예정자,True
23655,0,1,0.6300796830313403,현재 AI 사용자,향후 AI 사용 예정자,False
51160,0,0,0.28572793959501464,현재 AI 사용자,현재 AI 사용자,True
1006,1,1,0.7677810638043793,향후 AI 사용 예정자,향후 AI 사용 예정자,True
9440,1,1,0.7231658368361573,향후 AI 사용 예정자,향후 AI 사용 예정자,True
49013,0,0,0.3909944111064123,현재 AI 사용자,현재 AI 사용자,True
12549,1,1,0.9326612992936494,향후 AI 사용 예정자,향후 AI 사용 예정자,True
17037,1,1,0.8578357666329479,향후 AI 사용 예정자,향후 AI 사용 예정자,True
30200,1,1,0.8857369463938727,향후 AI 사용 예정자,향후 AI 사용 예정자,True
11216,1,1,0.5170482363339974,향후 AI 사용 예정자,향후 AI 사용 예정자,True
2440,1,1,0.9563775160972432,향후 AI 사용 예정자,향후 AI 사용 예정자,True
6311,0,0,0.2337418589636291,현재 AI 사용자,현재 AI 사용자,True
43200,0,0,0.25468358169001803,현재 AI 사용자,현재 AI 사용자,True
44062,1,1,0.5718838770671516,향후 AI 사용 예정자,향후 AI 사용 예정자,True
45673,0,0,0.26694856832976316,현재 AI 사용자,현재 AI 사용자,True
41258,0,0,0.35667709034717127,현재 AI 사용자,현재 AI 사용자,True
11815,0,0,0.3860154051578765,현재 AI 사용자,현재 AI 사용자,True
15740,0,0,0.22523244146205115,현재 AI 사용자,현재 AI 사용자,True
29646,0,1,0.6370365515864438,현재 AI 사용자,향후 AI 사용 예정자,False
21770,1,1,0.9445777698376344,향후 AI 사용 예정자,향후 AI 사용 예정자,True
32271,1,1,0.5312846687467578,향후 AI 사용 예정자,향후 AI 사용 예정자,True
49670,0,0,0.15884688129212038,현재 AI 사용자,현재 AI 사용자,True
23574,1,1,0.965525433142689,향후 AI 사용 예정자,향후 AI 사용 예정자,True
40934,0,0,0.345684174785234,현재 AI 사용자,현재 AI 사용자,True
25356,0,0,0.29734472519560223,현재 AI 사용자,현재 AI 사용자,True
42288,0,0,0.35791111496108785,현재 AI 사용자,현재 AI 사용자,True
3297,0,0,0.39021030872014445,현재 AI 사용자,현재 AI 사용자,True
64397,1,1,0.8350510483189573,향후 AI 사용 예정자,향후 AI 사용 예정자,True
46221,0,1,0.5548568784589465,현재 AI 사용자,향후 AI 사용 예정자,False
43259,1,1,0.9724110141170986,향후 AI 사용 예정자,향후 AI 사용 예정자,True
48864,1,1,0.7351749886826129,향후 AI 사용 예정자,향후 AI 사용 예정자,True
14329,0,0,0.1955922205765606,현재 AI 사용자,현재 AI 사용자,True
50650,0,0,0.24175322728316792,현재 AI 사용자,현재 AI 사용자,True
45127,1,0,0.471128489532298,향후 AI 사용 예정자,현재 AI 사용자,False
23932,1,0,0.34081931372407653,향후 AI 사용 예정자,현재 AI 사용자,False
35824,0,0,0.17877491631670742,현재 AI 사용자,현재 AI 사용자,True
33182,0,1,0.5934281296476485,현재 AI 사용자,향후 AI 사용 예정자,False
182,0,0,0.33761935124594417,현재 AI 사용자,현재 AI 사용자,True
15663,1,1,0.9686006203370807,향후 AI 사용 예정자,향후 AI 사용 예정자,True
64737,1,1,0.9004252457367576,향후 AI 사용 예정자,향후 AI 사용 예정자,True
60430,1,1,0.9959809133108279,향후 AI 사용 예정자,향후 AI 사용 예정자,True
29982,1,0,0.2615651658772471,향후 AI 사용 예정자,현재 AI 사용자,False
34496,0,0,0.164877273379676,현재 AI 사용자,현재 AI 사용자,True
54111,1,1,0.715982422445791,향후 AI 사용 예정자,향후 AI 사용 예정자,True
61174,0,0,0.20256784724381832,현재 AI 사용자,현재 AI 사용자,True
23484,0,1,0.8206810702346921,현재 AI 사용자,향후 AI 사용 예정자,False
27208,1,0,0.1443332922253102,향후 AI 사용 예정자,현재 AI 사용자,False
37840,0,1,0.543308691075443,현재 AI 사용자,향후 AI 사용 예정자,False
46389,0,0,0.3875026492327528,현재 AI 사용자,현재 AI 사용자,True
45799,1,1,0.9761979052246623,향후 AI 사용 예정자,향후 AI 사용 예정자,True
33731,1,0,0.18161846357752634,향후 AI 사용 예정자,현재 AI 사용자,False
28842,1,1,0.8692235012911635,향후 AI 사용 예정자,향후 AI 사용 예정자,True
8961,1,1,0.8136034284651154,향후 AI 사용 예정자,향후 AI 사용 예정자,True
14898,1,0,0.4694779808575069,향후 AI 사용 예정자,현재 AI 사용자,False
24126,1,1,0.8687098432660421,향후 AI 사용 예정자,향후 AI 사용 예정자,True
10208,1,1,0.8951071749572049,향후 AI 사용 예정자,향후 AI 사용 예정자,True
36120,1,1,0.9158707029544535,향후 AI 사용 예정자,향후 AI 사용 예정자,True
56233,1,1,0.8389065923125268,향후 AI 사용 예정자,향후 AI 사용 예정자,True
19642,1,1,0.7804438009729348,향후 AI 사용 예정자,향후 AI 사용 예정자,True
58881,0,0,0.25155026583539436,현재 AI 사용자,현재 AI 사용자,True
14593,0,0,0.1750019219242349,현재 AI 사용자,현재 AI 사용자,True
33305,1,1,0.825519467911078,향후 AI 사용 예정자,향후 AI 사용 예정자,True
12157,1,1,0.9924759006769565,향후 AI 사용 예정자,향후 AI 사용 예정자,True
20645,1,1,0.8654130364336573,향후 AI 사용 예정자,향후 AI 사용 예정자,True
43338,1,1,0.9743902439125065,향후 AI 사용 예정자,향후 AI 사용 예정자,True
18242,1,1,0.9340203614559833,향후 AI 사용 예정자,향후 AI 사용 예정자,True
14267,1,1,0.8429091338644789,향후 AI 사용 예정자,향후 AI 사용 예정자,True
2853,1,1,0.5860334535144303,향후 AI 사용 예정자,향후 AI 사용 예정자,True
60517,1,0,0.45210618418184123,향후 AI 사용 예정자,현재 AI 사용자,False
36885,1,1,0.8874437730609156,향후 AI 사용 예정자,향후 AI 사용 예정자,True
26036,1,1,0.9883094813084465,향후 AI 사용 예정자,향후 AI 사용 예정자,True
10788,0,0,0.24014632635456123,현재 AI 사용자,현재 AI 사용자,True
61481,1,1,0.7636963106262652,향후 AI 사용 예정자,향후 AI 사용 예정자,True
54417,1,1,0.9653262520876369,향후 AI 사용 예정자,향후 AI 사용 예정자,True
19200,1,1,0.8123970440423918,향후 AI 사용 예정자,향후 AI 사용 예정자,True
8278,1,1,0.7624012446273405,향후 AI 사용 예정자,향후 AI 사용 예정자,True
2139,1,1,0.9401359156949881,향후 AI 사용 예정자,향후 AI 사용 예정자,True
50922,1,0,0.23284291643930552,향후 AI 사용 예정자,현재 AI 사용자,False
34352,1,1,0.837685862099283,향후 AI 사용 예정자,향후 AI 사용 예정자,True
8332,1,1,0.9834190070377498,향후 AI 사용 예정자,향후 AI 사용 예정자,True
49367,1,1,0.79316425264656,향후 AI 사용 예정자,향후 AI 사용 예정자,True
38676,0,0,0.08591883301972339,현재 AI 사용자,현재 AI 사용자,True
32752,1,1,0.7418018454424667,향후 AI 사용 예정자,향후 AI 사용 예정자,True
21263,0,1,0.7666555279634835,현재 AI 사용자,향후 AI 사용 예정자,False
18899,1,0,0.3102527503049838,향후 AI 사용 예정자,현재 AI 사용자,False
5980,0,1,0.8336026025885552,현재 AI 사용자,향후 AI 사용 예정자,False
18748,1,0,0.41924485583965637,향후 AI 사용 예정자,현재 AI 사용자,False
28830,1,1,0.9717028286636041,향후 AI 사용 예정자,향후 AI 사용 예정자,True
31468,1,1,0.5236562494393272,향후 AI 사용 예정자,향후 AI 사용 예정자,True
59627,0,1,0.5671449837349705,현재 AI 사용자,향후 AI 사용 예정자,False
16986,1,1,0.5430851228192419,향후 AI 사용 예정자,향후 AI 사용 예정자,True
54076,1,1,0.6634076712266093,향후 AI 사용 예정자,향후 AI 사용 예정자,True
30407,1,1,0.8888224164074717,향후 AI 사용 예정자,향후 AI 사용 예정자,True
22261,1,1,0.9110234636669282,향후 AI 사용 예정자,향후 AI 사용 예정자,True
2005,0,0,0.4241598776208337,현재 AI 사용자,현재 AI 사용자,True
22539,1,1,0.986539696792969,향후 AI 사용 예정자,향후 AI 사용 예정자,True
2550,0,0,0.24712638625845718,현재 AI 사용자,현재 AI 사용자,True
19242,1,1,0.9878313088048336,향후 AI 사용 예정자,향후 AI 사용 예정자,True
24841,0,1,0.868113265270421,현재 AI 사용자,향후 AI 사용 예정자,False
19292,0,0,0.18676640064124828,현재 AI 사용자,현재 AI 사용자,True
3663,0,0,0.46097338858155523,현재 AI 사용자,현재 AI 사용자,True
14488,1,1,0.5586918307069408,향후 AI 사용 예정자,향후 AI 사용 예정자,True
23694,1,1,0.5262256671022167,향후 AI 사용 예정자,향후 AI 사용 예정자,True
65003,0,1,0.6638675655705096,현재 AI 사용자,향후 AI 사용 예정자,False
44041,1,1,0.8798269187998258,향후 AI 사용 예정자,향후 AI 사용 예정자,True
57811,1,1,0.9123432992382948,향후 AI 사용 예정자,향후 AI 사용 예정자,True
4033,0,0,0.26162591574130406,현재 AI 사용자,현재 AI 사용자,True
40491,1,1,0.8865045673062482,향후 AI 사용 예정자,향후 AI 사용 예정자,True
22146,1,1,0.6232136238151287,향후 AI 사용 예정자,향후 AI 사용 예정자,True
26552,1,1,0.888813804239046,향후 AI 사용 예정자,향후 AI 사용 예정자,True
12637,1,1,0.9243173935282564,향후 AI 사용 예정자,향후 AI 사용 예정자,True
42630,1,1,0.5605663781386714,향후 AI 사용 예정자,향후 AI 사용 예정자,True
51915,1,1,0.8289434944296096,향후 AI 사용 예정자,향후 AI 사용 예정자,True
18566,1,1,0.6211078209427633,향후 AI 사용 예정자,향후 AI 사용 예정자,True
37498,0,0,0.39249781484501883,현재 AI 사용자,현재 AI 사용자,True
62302,1,1,0.8576460650213481,향후 AI 사용 예정자,향후 AI 사용 예정자,True
35698,1,1,0.6904965342740995,향후 AI 사용 예정자,향후 AI 사용 예정자,True
10418,0,0,0.2919880142488032,현재 AI 사용자,현재 AI 사용자,True
4575,0,1,0.519009864771657,현재 AI 사용자,향후 AI 사용 예정자,False
15882,1,0,0.27732255740591005,향후 AI 사용 예정자,현재 AI 사용자,False
32115,1,1,0.9421752708835892,향후 AI 사용 예정자,향후 AI 사용 예정자,True
62970,1,1,0.5045361859926176,향후 AI 사용 예정자,향후 AI 사용 예정자,True
35408,1,1,0.8165782035265273,향후 AI 사용 예정자,향후 AI 사용 예정자,True
27179,0,0,0.4173046596558946,현재 AI 사용자,현재 AI 사용자,True
4603,1,1,0.9345371199106723,향후 AI 사용 예정자,향후 AI 사용 예정자,True
1488,1,0,0.4993302330602704,향후 AI 사용 예정자,현재 AI 사용자,False
61394,1,1,0.908361336130313,향후 AI 사용 예정자,향후 AI 사용 예정자,True
49208,0,1,0.7392385020062849,현재 AI 사용자,향후 AI 사용 예정자,False
24215,1,1,0.6250587263541412,향후 AI 사용 예정자,향후 AI 사용 예정자,True
25142,0,0,0.08271382899780066,현재 AI 사용자,현재 AI 사용자,True
47537,0,0,0.11584849705531129,현재 AI 사용자,현재 AI 사용자,True
39126,0,0,0.4099665407568457,현재 AI 사용자,현재 AI 사용자,True
64015,1,1,0.898292084787286,향후 AI 사용 예정자,향후 AI 사용 예정자,True
5839,0,0,0.2509269120884663,현재 AI 사용자,현재 AI 사용자,True
9834,0,0,0.13209077110871292,현재 AI 사용자,현재 AI 사용자,True
45503,1,0,0.40781370174739656,향후 AI 사용 예정자,현재 AI 사용자,False
4807,0,1,0.8295837421917415,현재 AI 사용자,향후 AI 사용 예정자,False
29787,1,1,0.6997420527102197,향후 AI 사용 예정자,향후 AI 사용 예정자,True
16268,1,1,0.8130971306999152,향후 AI 사용 예정자,향후 AI 사용 예정자,True
40154,1,1,0.8490917729162465,향후 AI 사용 예정자,향후 AI 사용 예정자,True
24701,1,1,0.757091045811338,향후 AI 사용 예정자,향후 AI 사용 예정자,True
62243,1,1,0.5882408827875029,향후 AI 사용 예정자,향후 AI 사용 예정자,True
21439,1,1,0.9506144989850432,향후 AI 사용 예정자,향후 AI 사용 예정자,True
733,1,1,0.9420208208891645,향후 AI 사용 예정자,향후 AI 사용 예정자,True
11725,1,1,0.7887702581710503,향후 AI 사용 예정자,향후 AI 사용 예정자,True
50091,1,0,0.48628067703423444,향후 AI 사용 예정자,현재 AI 사용자,False
5630,1,1,0.9304758577371655,향후 AI 사용 예정자,향후 AI 사용 예정자,True
15977,0,0,0.17355401113494714,현재 AI 사용자,현재 AI 사용자,True
16184,1,1,0.8862599259859973,향후 AI 사용 예정자,향후 AI 사용 예정자,True
3888,1,1,0.6804148330836584,향후 AI 사용 예정자,향후 AI 사용 예정자,True
16491,1,1,0.9647560517836565,향후 AI 사용 예정자,향후 AI 사용 예정자,True
34713,0,1,0.6792752633233684,현재 AI 사용자,향후 AI 사용 예정자,False
19388,0,1,0.6048523832206983,현재 AI 사용자,향후 AI 사용 예정자,False
27633,1,1,0.8660838605109777,향후 AI 사용 예정자,향후 AI 사용 예정자,True
55327,1,1,0.8782008246550456,향후 AI 사용 예정자,향후 AI 사용 예정자,True
4376,0,0,0.38617092623426974,현재 AI 사용자,현재 AI 사용자,True
17442,1,1,0.8724377812889235,향후 AI 사용 예정자,향후 AI 사용 예정자,True
20387,0,0,0.4210383511051359,현재 AI 사용자,현재 AI 사용자,True
21841,1,1,0.9158186095331678,향후 AI 사용 예정자,향후 AI 사용 예정자,True
29189,0,1,0.7389120887359525,현재 AI 사용자,향후 AI 사용 예정자,False
60045,1,1,0.9549873036281149,향후 AI 사용 예정자,향후 AI 사용 예정자,True
5021,1,1,0.9531139272892288,향후 AI 사용 예정자,향후 AI 사용 예정자,True
24197,0,0,0.4707983383074333,현재 AI 사용자,현재 AI 사용자,True
19624,1,1,0.9232844905147117,향후 AI 사용 예정자,향후 AI 사용 예정자,True
64940,1,1,0.7793714717352714,향후 AI 사용 예정자,향후 AI 사용 예정자,True
63542,0,1,0.5526804705547821,현재 AI 사용자,향후 AI 사용 예정자,False
51150,1,0,0.3968538290241152,향후 AI 사용 예정자,현재 AI 사용자,False
51991,0,1,0.7280313728555315,현재 AI 사용자,향후 AI 사용 예정자,False
35068,0,1,0.5521790917684684,현재 AI 사용자,향후 AI 사용 예정자,False
22629,1,1,0.9905370480768224,향후 AI 사용 예정자,향후 AI 사용 예정자,True
41535,1,1,0.734538863955583,향후 AI 사용 예정자,향후 AI 사용 예정자,True
51542,1,1,0.9738884972764367,향후 AI 사용 예정자,향후 AI 사용 예정자,True
36974,0,0,0.22777260042342934,현재 AI 사용자,현재 AI 사용자,True
41207,0,0,0.44969442801997506,현재 AI 사용자,현재 AI 사용자,True
2743,1,1,0.9749254769014527,향후 AI 사용 예정자,향후 AI 사용 예정자,True
17938,0,0,0.2972851784916669,현재 AI 사용자,현재 AI 사용자,True
41070,0,0,0.23662863288447814,현재 AI 사용자,현재 AI 사용자,True
13280,0,0,0.2483092118959477,현재 AI 사용자,현재 AI 사용자,True
42462,1,1,0.5913585678143102,향후 AI 사용 예정자,향후 AI 사용 예정자,True
31747,1,1,0.955688522080369,향후 AI 사용 예정자,향후 AI 사용 예정자,True
27043,0,1,0.7525398648947965,현재 AI 사용자,향후 AI 사용 예정자,False
37926,0,0,0.49519004846095527,현재 AI 사용자,현재 AI 사용자,True
44351,1,1,0.8932964521332695,향후 AI 사용 예정자,향후 AI 사용 예정자,True
25019,1,1,0.9966148824950997,향후 AI 사용 예정자,향후 AI 사용 예정자,True
8654,0,0,0.20770049917655375,현재 AI 사용자,현재 AI 사용자,True
18918,1,1,0.586642253853656,향후 AI 사용 예정자,향후 AI 사용 예정자,True
56252,1,1,0.833262562574743,향후 AI 사용 예정자,향후 AI 사용 예정자,True
653,1,0,0.4161706213502621,향후 AI 사용 예정자,현재 AI 사용자,False
16108,1,1,0.9878634967036021,향후 AI 사용 예정자,향후 AI 사용 예정자,True
59907,0,1,0.8252496335859638,현재 AI 사용자,향후 AI 사용 예정자,False
34108,1,1,0.9169473451264951,향후 AI 사용 예정자,향후 AI 사용 예정자,True
61415,0,0,0.3345639143199921,현재 AI 사용자,현재 AI 사용자,True
27347,0,0,0.29104180015804243,현재 AI 사용자,현재 AI 사용자,True
13246,1,0,0.4744981740165854,향후 AI 사용 예정자,현재 AI 사용자,False
34818,1,0,0.24459135062013884,향후 AI 사용 예정자,현재 AI 사용자,False
47973,1,1,0.8904481627304465,향후 AI 사용 예정자,향후 AI 사용 예정자,True
1774,1,0,0.3233034732481208,향후 AI 사용 예정자,현재 AI 사용자,False
48314,1,1,0.8985379451067159,향후 AI 사용 예정자,향후 AI 사용 예정자,True
49620,0,1,0.5141378516863495,현재 AI 사용자,향후 AI 사용 예정자,False
26689,1,1,0.9468128994032897,향후 AI 사용 예정자,향후 AI 사용 예정자,True
28168,1,1,0.8222160535916715,향후 AI 사용 예정자,향후 AI 사용 예정자,True
36393,1,1,0.8804854369294223,향후 AI 사용 예정자,향후 AI 사용 예정자,True
35024,0,1,0.8573217196777965,현재 AI 사용자,향후 AI 사용 예정자,False
31894,0,0,0.11005596172835094,현재 AI 사용자,현재 AI 사용자,True
37582,0,1,0.9705836656890786,현재 AI 사용자,향후 AI 사용 예정자,False
61294,1,1,0.6173941028236538,향후 AI 사용 예정자,향후 AI 사용 예정자,True
35805,1,1,0.96861099281003,향후 AI 사용 예정자,향후 AI 사용 예정자,True
20188,1,1,0.9082693397592341,향후 AI 사용 예정자,향후 AI 사용 예정자,True
22557,0,0,0.14651960651462823,현재 AI 사용자,현재 AI 사용자,True
47076,0,0,0.20289544248468475,현재 AI 사용자,현재 AI 사용자,True
50541,0,0,0.09292049707159336,현재 AI 사용자,현재 AI 사용자,True
3704,0,0,0.41818968124251815,현재 AI 사용자,현재 AI 사용자,True
32888,1,1,0.9937607722076784,향후 AI 사용 예정자,향후 AI 사용 예정자,True
14798,1,1,0.9929319595214523,향후 AI 사용 예정자,향후 AI 사용 예정자,True
16645,0,1,0.6534330307222947,현재 AI 사용자,향후 AI 사용 예정자,False
49408,1,0,0.4600553873343737,향후 AI 사용 예정자,현재 AI 사용자,False
17878,1,1,0.9731059791246285,향후 AI 사용 예정자,향후 AI 사용 예정자,True
44909,1,1,0.9660276197423865,향후 AI 사용 예정자,향후 AI 사용 예정자,True
28082,1,1,0.9108707103296746,향후 AI 사용 예정자,향후 AI 사용 예정자,True
10814,0,0,0.49240013629784224,현재 AI 사용자,현재 AI 사용자,True
3437,1,1,0.9438142151384247,향후 AI 사용 예정자,향후 AI 사용 예정자,True
64066,1,1,0.6166162858079024,향후 AI 사용 예정자,향후 AI 사용 예정자,True
31966,1,1,0.902340025863294,향후 AI 사용 예정자,향후 AI 사용 예정자,True
6424,1,1,0.6532668137803623,향후 AI 사용 예정자,향후 AI 사용 예정자,True
5769,1,1,0.7639015696294711,향후 AI 사용 예정자,향후 AI 사용 예정자,True
5853,1,1,0.9498949843643815,향후 AI 사용 예정자,향후 AI 사용 예정자,True
26767,0,1,0.9518541509597188,현재 AI 사용자,향후 AI 사용 예정자,False
64680,0,1,0.8800144577866313,현재 AI 사용자,향후 AI 사용 예정자,False
51292,1,1,0.6819822730286272,향후 AI 사용 예정자,향후 AI 사용 예정자,True
31860,0,0,0.17363431209606212,현재 AI 사용자,현재 AI 사용자,True
33073,1,1,0.9849768823304373,향후 AI 사용 예정자,향후 AI 사용 예정자,True
1358,0,0,0.19536131101198226,현재 AI 사용자,현재 AI 사용자,True
45622,0,0,0.34493424446622994,현재 AI 사용자,현재 AI 사용자,True
5501,1,1,0.8714737637988436,향후 AI 사용 예정자,향후 AI 사용 예정자,True
37849,1,1,0.9800213487842362,향후 AI 사용 예정자,향후 AI 사용 예정자,True
23878,1,1,0.7883206932155212,향후 AI 사용 예정자,향후 AI 사용 예정자,True
23711,0,0,0.3683597606833439,현재 AI 사용자,현재 AI 사용자,True
35858,0,1,0.8282163700932256,현재 AI 사용자,향후 AI 사용 예정자,False
5507,1,1,0.7432555339764053,향후 AI 사용 예정자,향후 AI 사용 예정자,True
41343,1,1,0.9658890502533206,향후 AI 사용 예정자,향후 AI 사용 예정자,True
34123,1,1,0.8449760910845461,향후 AI 사용 예정자,향후 AI 사용 예정자,True
55617,1,1,0.8511046686525982,향후 AI 사용 예정자,향후 AI 사용 예정자,True
37985,1,1,0.964085812807489,향후 AI 사용 예정자,향후 AI 사용 예정자,True
37487,1,1,0.8615012299281499,향후 AI 사용 예정자,향후 AI 사용 예정자,True
13617,1,1,0.8169201928849151,향후 AI 사용 예정자,향후 AI 사용 예정자,True
482,1,1,0.6603646103869354,향후 AI 사용 예정자,향후 AI 사용 예정자,True
23746,1,1,0.8717800574362956,향후 AI 사용 예정자,향후 AI 사용 예정자,True
10241,1,1,0.9921302502744863,향후 AI 사용 예정자,향후 AI 사용 예정자,True
43662,0,1,0.5350760909355278,현재 AI 사용자,향후 AI 사용 예정자,False
37436,1,1,0.9853765092823822,향후 AI 사용 예정자,향후 AI 사용 예정자,True
56178,1,1,0.7834701339140692,향후 AI 사용 예정자,향후 AI 사용 예정자,True
29054,1,1,0.9721849392863187,향후 AI 사용 예정자,향후 AI 사용 예정자,True
35774,1,0,0.3487175413975928,향후 AI 사용 예정자,현재 AI 사용자,False
33285,1,1,0.9236164393197182,향후 AI 사용 예정자,향후 AI 사용 예정자,True
12261,1,1,0.7646123712210616,향후 AI 사용 예정자,향후 AI 사용 예정자,True
18894,1,0,0.3904333971904819,향후 AI 사용 예정자,현재 AI 사용자,False
31965,0,0,0.32207970893299076,현재 AI 사용자,현재 AI 사용자,True
23783,1,1,0.9315580283403562,향후 AI 사용 예정자,향후 AI 사용 예정자,True
4435,0,0,0.48930071072694886,현재 AI 사용자,현재 AI 사용자,True
15232,1,1,0.9367326953986942,향후 AI 사용 예정자,향후 AI 사용 예정자,True
16264,0,0,0.4198742182631465,현재 AI 사용자,현재 AI 사용자,True
14954,0,0,0.4194409751238995,현재 AI 사용자,현재 AI 사용자,True
57876,1,0,0.4419798381276962,향후 AI 사용 예정자,현재 AI 사용자,False
64965,1,1,0.6143514867217816,향후 AI 사용 예정자,향후 AI 사용 예정자,True
32825,1,1,0.9478060776943289,향후 AI 사용 예정자,향후 AI 사용 예정자,True
63693,0,1,0.6795315349224181,현재 AI 사용자,향후 AI 사용 예정자,False
40632,1,1,0.6682134677196964,향후 AI 사용 예정자,향후 AI 사용 예정자,True
29191,1,1,0.9785985389780762,향후 AI 사용 예정자,향후 AI 사용 예정자,True
26864,0,1,0.5829693221095668,현재 AI 사용자,향후 AI 사용 예정자,False
35296,0,0,0.15957419435308076,현재 AI 사용자,현재 AI 사용자,True
1472,1,1,0.7284780350430965,향후 AI 사용 예정자,향후 AI 사용 예정자,True
30367,0,0,0.18060203088952767,현재 AI 사용자,현재 AI 사용자,True
11718,0,0,0.3452030895995101,현재 AI 사용자,현재 AI 사용자,True
45956,1,1,0.80489853205972,향후 AI 사용 예정자,향후 AI 사용 예정자,True
7126,1,1,0.6818189398144388,향후 AI 사용 예정자,향후 AI 사용 예정자,True
59981,1,1,0.8080969925893806,향후 AI 사용 예정자,향후 AI 사용 예정자,True
173,1,1,0.881136928347063,향후 AI 사용 예정자,향후 AI 사용 예정자,True
58921,0,1,0.5628251306872505,현재 AI 사용자,향후 AI 사용 예정자,False
38567,1,0,0.2706480082028189,향후 AI 사용 예정자,현재 AI 사용자,False
3068,0,1,0.5612329612892012,현재 AI 사용자,향후 AI 사용 예정자,False
38679,1,1,0.7980551370326453,향후 AI 사용 예정자,향후 AI 사용 예정자,True
16708,0,1,0.5685277350122122,현재 AI 사용자,향후 AI 사용 예정자,False
54293,0,0,0.41848658944013795,현재 AI 사용자,현재 AI 사용자,True
35467,1,0,0.30735896104500704,향후 AI 사용 예정자,현재 AI 사용자,False
17488,0,1,0.6586525031140624,현재 AI 사용자,향후 AI 사용 예정자,False
27899,0,0,0.4438973289201354,현재 AI 사용자,현재 AI 사용자,True
19640,1,1,0.9927993778756582,향후 AI 사용 예정자,향후 AI 사용 예정자,True
37728,1,1,0.913836672436775,향후 AI 사용 예정자,향후 AI 사용 예정자,True
36556,0,0,0.23724764619572147,현재 AI 사용자,현재 AI 사용자,True
31631,1,1,0.8557166230102877,향후 AI 사용 예정자,향후 AI 사용 예정자,True
20855,0,0,0.4436482065724799,현재 AI 사용자,현재 AI 사용자,True
4150,1,1,0.8190279353617722,향후 AI 사용 예정자,향후 AI 사용 예정자,True
14567,0,0,0.18237721894915782,현재 AI 사용자,현재 AI 사용자,True
5084,1,1,0.8965070708239391,향후 AI 사용 예정자,향후 AI 사용 예정자,True
3645,0,0,0.2216312794888207,현재 AI 사용자,현재 AI 사용자,True
14113,1,0,0.4024539157861311,향후 AI 사용 예정자,현재 AI 사용자,False
13087,0,0,0.3981937868690432,현재 AI 사용자,현재 AI 사용자,True
50405,1,1,0.9973321731504651,향후 AI 사용 예정자,향후 AI 사용 예정자,True
47313,0,0,0.26881122136121055,현재 AI 사용자,현재 AI 사용자,True
819,0,0,0.30934461838424976,현재 AI 사용자,현재 AI 사용자,True
6686,0,1,0.738412066603939,현재 AI 사용자,향후 AI 사용 예정자,False
51259,1,1,0.8777951806601858,향후 AI 사용 예정자,향후 AI 사용 예정자,True
53970,0,0,0.260564642271443,현재 AI 사용자,현재 AI 사용자,True
26889,1,1,0.9948095504423762,향후 AI 사용 예정자,향후 AI 사용 예정자,True
28062,1,1,0.9578508407932423,향후 AI 사용 예정자,향후 AI 사용 예정자,True
22940,1,1,0.9223086339538525,향후 AI 사용 예정자,향후 AI 사용 예정자,True
35531,1,1,0.914669160213815,향후 AI 사용 예정자,향후 AI 사용 예정자,True
60270,1,1,0.898882318175248,향후 AI 사용 예정자,향후 AI 사용 예정자,True
33599,1,1,0.979151929579757,향후 AI 사용 예정자,향후 AI 사용 예정자,True
23347,1,1,0.936708018293946,향후 AI 사용 예정자,향후 AI 사용 예정자,True
46191,1,1,0.6017601018387951,향후 AI 사용 예정자,향후 AI 사용 예정자,True
43147,1,1,0.989769622288813,향후 AI 사용 예정자,향후 AI 사용 예정자,True
42620,0,0,0.19158597183894446,현재 AI 사용자,현재 AI 사용자,True
18236,0,0,0.37914440034582625,현재 AI 사용자,현재 AI 사용자,True
44917,0,0,0.1902476714651485,현재 AI 사용자,현재 AI 사용자,True
51410,0,0,0.32397837503334664,현재 AI 사용자,현재 AI 사용자,True
30127,1,1,0.8423124434556197,향후 AI 사용 예정자,향후 AI 사용 예정자,True
39345,0,1,0.7542084350425811,현재 AI 사용자,향후 AI 사용 예정자,False
52327,1,1,0.9834104779801704,향후 AI 사용 예정자,향후 AI 사용 예정자,True
43896,0,1,0.65356419890062,현재 AI 사용자,향후 AI 사용 예정자,False
19546,1,1,0.7385709245098586,향후 AI 사용 예정자,향후 AI 사용 예정자,True
28618,1,1,0.6076593532351374,향후 AI 사용 예정자,향후 AI 사용 예정자,True
33397,0,0,0.08880249923258501,현재 AI 사용자,현재 AI 사용자,True
53152,1,0,0.4295265264413499,향후 AI 사용 예정자,현재 AI 사용자,False
26630,0,1,0.9065636215971562,현재 AI 사용자,향후 AI 사용 예정자,False
8559,0,0,0.3481877942329821,현재 AI 사용자,현재 AI 사용자,True
29035,1,1,0.7416952023226829,향후 AI 사용 예정자,향후 AI 사용 예정자,True
2986,0,0,0.353861872900873,현재 AI 사용자,현재 AI 사용자,True
2821,0,1,0.5356310896671681,현재 AI 사용자,향후 AI 사용 예정자,False
19780,0,0,0.1493939985706749,현재 AI 사용자,현재 AI 사용자,True
49939,1,1,0.7263771541142882,향후 AI 사용 예정자,향후 AI 사용 예정자,True
8717,1,1,0.5377667197857608,향후 AI 사용 예정자,향후 AI 사용 예정자,True
32046,0,0,0.14663370856407557,현재 AI 사용자,현재 AI 사용자,True
34568,1,1,0.9850582103116392,향후 AI 사용 예정자,향후 AI 사용 예정자,True
51677,0,0,0.05661908249830772,현재 AI 사용자,현재 AI 사용자,True
14421,0,0,0.3934383288033737,현재 AI 사용자,현재 AI 사용자,True
14170,1,1,0.8622838661817458,향후 AI 사용 예정자,향후 AI 사용 예정자,True
41620,1,0,0.3814603143633284,향후 AI 사용 예정자,현재 AI 사용자,False
15779,1,1,0.8307613012306387,향후 AI 사용 예정자,향후 AI 사용 예정자,True
38880,1,1,0.9594568123621053,향후 AI 사용 예정자,향후 AI 사용 예정자,True
22714,1,1,0.5785179348007308,향후 AI 사용 예정자,향후 AI 사용 예정자,True
55545,1,0,0.3488998462802774,향후 AI 사용 예정자,현재 AI 사용자,False
39168,1,1,0.9471407667814103,향후 AI 사용 예정자,향후 AI 사용 예정자,True
55146,0,1,0.7438599292247949,현재 AI 사용자,향후 AI 사용 예정자,False
20858,1,1,0.7540755177991089,향후 AI 사용 예정자,향후 AI 사용 예정자,True
35981,1,0,0.40705672763031336,향후 AI 사용 예정자,현재 AI 사용자,False
47310,1,0,0.3955402881674381,향후 AI 사용 예정자,현재 AI 사용자,False
18717,1,1,0.865806237976747,향후 AI 사용 예정자,향후 AI 사용 예정자,True
23038,1,1,0.8543754501574933,향후 AI 사용 예정자,향후 AI 사용 예정자,True
9118,1,1,0.9819774979169548,향후 AI 사용 예정자,향후 AI 사용 예정자,True
29294,1,0,0.29561247480304,향후 AI 사용 예정자,현재 AI 사용자,False
19,1,1,0.9133621975203836,향후 AI 사용 예정자,향후 AI 사용 예정자,True
55293,1,1,0.9777133178226731,향후 AI 사용 예정자,향후 AI 사용 예정자,True
14679,1,1,0.9954750403276034,향후 AI 사용 예정자,향후 AI 사용 예정자,True
22476,0,0,0.31286384603072004,현재 AI 사용자,현재 AI 사용자,True
20909,0,0,0.19546599340647866,현재 AI 사용자,현재 AI 사용자,True
10067,1,1,0.5151518685693391,향후 AI 사용 예정자,향후 AI 사용 예정자,True
47189,1,1,0.8746738961176407,향후 AI 사용 예정자,향후 AI 사용 예정자,True
14495,1,1,0.9214103006949531,향후 AI 사용 예정자,향후 AI 사용 예정자,True
73,1,1,0.9972796997462344,향후 AI 사용 예정자,향후 AI 사용 예정자,True
4902,0,0,0.19844749205205714,현재 AI 사용자,현재 AI 사용자,True
36371,1,1,0.8888103417419495,향후 AI 사용 예정자,향후 AI 사용 예정자,True
10465,1,1,0.9886226768911462,향후 AI 사용 예정자,향후 AI 사용 예정자,True
40506,1,0,0.3851231678623173,향후 AI 사용 예정자,현재 AI 사용자,False
43071,0,0,0.2921752781836497,현재 AI 사용자,현재 AI 사용자,True
1644,0,0,0.14929275714194198,현재 AI 사용자,현재 AI 사용자,True
51809,0,1,0.6884752991254889,현재 AI 사용자,향후 AI 사용 예정자,False
60248,1,1,0.8598165526524043,향후 AI 사용 예정자,향후 AI 사용 예정자,True
50660,1,1,0.8647715748735578,향후 AI 사용 예정자,향후 AI 사용 예정자,True
38396,1,1,0.7980885027885257,향후 AI 사용 예정자,향후 AI 사용 예정자,True
60195,0,0,0.2869808227969652,현재 AI 사용자,현재 AI 사용자,True
7007,1,0,0.42633958442134917,향후 AI 사용 예정자,현재 AI 사용자,False
15367,1,1,0.9209762522917376,향후 AI 사용 예정자,향후 AI 사용 예정자,True
64496,1,1,0.8809328609318566,향후 AI 사용 예정자,향후 AI 사용 예정자,True
51650,1,1,0.8847701686597418,향후 AI 사용 예정자,향후 AI 사용 예정자,True
17957,0,1,0.5677273925653518,현재 AI 사용자,향후 AI 사용 예정자,False
56120,1,1,0.7863246950970313,향후 AI 사용 예정자,향후 AI 사용 예정자,True
41790,1,0,0.3557526957638004,향후 AI 사용 예정자,현재 AI 사용자,False
57393,0,0,0.09268913196812438,현재 AI 사용자,현재 AI 사용자,True
60109,0,1,0.8307952676771255,현재 AI 사용자,향후 AI 사용 예정자,False
41612,1,1,0.9791926613567694,향후 AI 사용 예정자,향후 AI 사용 예정자,True
41250,0,1,0.7373358808933833,현재 AI 사용자,향후 AI 사용 예정자,False
37554,1,1,0.9278110777891108,향후 AI 사용 예정자,향후 AI 사용 예정자,True
12111,0,1,0.5844147489012435,현재 AI 사용자,향후 AI 사용 예정자,False
61966,1,1,0.9957749680464586,향후 AI 사용 예정자,향후 AI 사용 예정자,True
39033,0,0,0.24011279127180366,현재 AI 사용자,현재 AI 사용자,True
52672,0,1,0.557580744074822,현재 AI 사용자,향후 AI 사용 예정자,False
280,0,0,0.24869133290399398,현재 AI 사용자,현재 AI 사용자,True
36594,1,1,0.7204157146597773,향후 AI 사용 예정자,향후 AI 사용 예정자,True
27011,1,1,0.8747852262190345,향후 AI 사용 예정자,향후 AI 사용 예정자,True
47116,1,1,0.9835169335456903,향후 AI 사용 예정자,향후 AI 사용 예정자,True
30493,1,1,0.973753314804715,향후 AI 사용 예정자,향후 AI 사용 예정자,True
24267,0,0,0.17637253206931464,현재 AI 사용자,현재 AI 사용자,True
2174,0,0,0.48772803281583244,현재 AI 사용자,현재 AI 사용자,True
21539,1,0,0.4008144970099087,향후 AI 사용 예정자,현재 AI 사용자,False
62066,0,0,0.25731176862993205,현재 AI 사용자,현재 AI 사용자,True
30945,1,1,0.9687264954040701,향후 AI 사용 예정자,향후 AI 사용 예정자,True
7643,0,1,0.5333100772898025,현재 AI 사용자,향후 AI 사용 예정자,False
9149,1,0,0.4722247628662549,향후 AI 사용 예정자,현재 AI 사용자,False
26096,1,1,0.9794798098648373,향후 AI 사용 예정자,향후 AI 사용 예정자,True
20261,1,1,0.8957395219403419,향후 AI 사용 예정자,향후 AI 사용 예정자,True
22135,1,1,0.7305583379328526,향후 AI 사용 예정자,향후 AI 사용 예정자,True
48722,1,1,0.8825896685822772,향후 AI 사용 예정자,향후 AI 사용 예정자,True
36454,0,0,0.11904082143241027,현재 AI 사용자,현재 AI 사용자,True
45822,1,1,0.9689242231359573,향후 AI 사용 예정자,향후 AI 사용 예정자,True
14396,1,1,0.9109815211543058,향후 AI 사용 예정자,향후 AI 사용 예정자,True
6408,0,0,0.4040826511463752,현재 AI 사용자,현재 AI 사용자,True
14722,1,1,0.9827814821857149,향후 AI 사용 예정자,향후 AI 사용 예정자,True
9454,0,0,0.20533389809611893,현재 AI 사용자,현재 AI 사용자,True
28626,1,1,0.9703189856460734,향후 AI 사용 예정자,향후 AI 사용 예정자,True
64255,1,1,0.8149596205105212,향후 AI 사용 예정자,향후 AI 사용 예정자,True
3227,0,0,0.1800740646687034,현재 AI 사용자,현재 AI 사용자,True
19061,0,0,0.1384038934116935,현재 AI 사용자,현재 AI 사용자,True
36593,0,0,0.24542737243805193,현재 AI 사용자,현재 AI 사용자,True
40328,0,0,0.15206153199243344,현재 AI 사용자,현재 AI 사용자,True
7274,1,1,0.9543932279548425,향후 AI 사용 예정자,향후 AI 사용 예정자,True
29564,1,1,0.7302068146269867,향후 AI 사용 예정자,향후 AI 사용 예정자,True
57074,1,1,0.7229843812389299,향후 AI 사용 예정자,향후 AI 사용 예정자,True
17971,0,0,0.16540216967441074,현재 AI 사용자,현재 AI 사용자,True
17027,1,1,0.9044506711891112,향후 AI 사용 예정자,향후 AI 사용 예정자,True
36476,0,0,0.12712784414398978,현재 AI 사용자,현재 AI 사용자,True
64578,1,1,0.8348212946632979,향후 AI 사용 예정자,향후 AI 사용 예정자,True
52205,0,0,0.0959711184458885,현재 AI 사용자,현재 AI 사용자,True
32562,0,0,0.365876279191552,현재 AI 사용자,현재 AI 사용자,True
34296,1,0,0.45631909053181274,향후 AI 사용 예정자,현재 AI 사용자,False
36929,0,0,0.3052706580528373,현재 AI 사용자,현재 AI 사용자,True
47919,1,1,0.6975670677990341,향후 AI 사용 예정자,향후 AI 사용 예정자,True
57089,1,1,0.7670697984111943,향후 AI 사용 예정자,향후 AI 사용 예정자,True
55428,1,1,0.9692258762522689,향후 AI 사용 예정자,향후 AI 사용 예정자,True
7025,0,0,0.42871257723897066,현재 AI 사용자,현재 AI 사용자,True
64479,0,1,0.6522656703983387,현재 AI 사용자,향후 AI 사용 예정자,False
42470,0,1,0.7401085584320798,현재 AI 사용자,향후 AI 사용 예정자,False
40258,1,1,0.5375473414984397,향후 AI 사용 예정자,향후 AI 사용 예정자,True
2690,1,1,0.8011645570705749,향후 AI 사용 예정자,향후 AI 사용 예정자,True
42729,1,1,0.9797525214638705,향후 AI 사용 예정자,향후 AI 사용 예정자,True
5681,1,1,0.8055030956909209,향후 AI 사용 예정자,향후 AI 사용 예정자,True
19282,1,1,0.9885394931368561,향후 AI 사용 예정자,향후 AI 사용 예정자,True
27254,0,1,0.5942284274160233,현재 AI 사용자,향후 AI 사용 예정자,False
30794,1,1,0.8699269436438161,향후 AI 사용 예정자,향후 AI 사용 예정자,True
10511,1,1,0.9162929871426946,향후 AI 사용 예정자,향후 AI 사용 예정자,True
36121,0,0,0.43087932596163037,현재 AI 사용자,현재 AI 사용자,True
26544,1,1,0.8289412334684938,향후 AI 사용 예정자,향후 AI 사용 예정자,True
40981,1,1,0.9910145792673458,향후 AI 사용 예정자,향후 AI 사용 예정자,True
3368,1,1,0.9914333801935975,향후 AI 사용 예정자,향후 AI 사용 예정자,True
18020,1,0,0.4821866625558384,향후 AI 사용 예정자,현재 AI 사용자,False
30340,1,1,0.8170582168701191,향후 AI 사용 예정자,향후 AI 사용 예정자,True
31093,1,0,0.43146814718394616,향후 AI 사용 예정자,현재 AI 사용자,False
44778,1,1,0.9668232774148385,향후 AI 사용 예정자,향후 AI 사용 예정자,True
38296,0,0,0.2896388856725879,현재 AI 사용자,현재 AI 사용자,True
32437,0,0,0.36690079981842355,현재 AI 사용자,현재 AI 사용자,True
42859,1,1,0.987746316499272,향후 AI 사용 예정자,향후 AI 사용 예정자,True
4959,0,0,0.30030641765662175,현재 AI 사용자,현재 AI 사용자,True
34705,1,1,0.7846985635452423,향후 AI 사용 예정자,향후 AI 사용 예정자,True
54775,1,1,0.8266610137615819,향후 AI 사용 예정자,향후 AI 사용 예정자,True
22430,1,0,0.4334129509807574,향후 AI 사용 예정자,현재 AI 사용자,False
15135,1,0,0.43540496186130107,향후 AI 사용 예정자,현재 AI 사용자,False
42461,0,1,0.6966539397291994,현재 AI 사용자,향후 AI 사용 예정자,False
51925,1,1,0.6660760273522418,향후 AI 사용 예정자,향후 AI 사용 예정자,True
22007,1,1,0.9254665058961754,향후 AI 사용 예정자,향후 AI 사용 예정자,True
2343,0,1,0.8301803728733964,현재 AI 사용자,향후 AI 사용 예정자,False
52066,0,0,0.38301022264802853,현재 AI 사용자,현재 AI 사용자,True
12506,1,1,0.8633874180513942,향후 AI 사용 예정자,향후 AI 사용 예정자,True
47572,1,1,0.560795042611717,향후 AI 사용 예정자,향후 AI 사용 예정자,True
57954,0,0,0.17498646213458907,현재 AI 사용자,현재 AI 사용자,True
40548,0,1,0.8466979294343377,현재 AI 사용자,향후 AI 사용 예정자,False
52343,1,1,0.7636218841798569,향후 AI 사용 예정자,향후 AI 사용 예정자,True
4665,0,1,0.5570201031699121,현재 AI 사용자,향후 AI 사용 예정자,False
54472,0,1,0.8201232904668916,현재 AI 사용자,향후 AI 사용 예정자,False
65004,1,1,0.8671046749178141,향후 AI 사용 예정자,향후 AI 사용 예정자,True
10405,1,1,0.9846966350511268,향후 AI 사용 예정자,향후 AI 사용 예정자,True
30575,0,0,0.22763073649065502,현재 AI 사용자,현재 AI 사용자,True
10277,1,1,0.8284578487998544,향후 AI 사용 예정자,향후 AI 사용 예정자,True
41115,1,1,0.6156420314936814,향후 AI 사용 예정자,향후 AI 사용 예정자,True
39251,0,0,0.09246755208192002,현재 AI 사용자,현재 AI 사용자,True
41199,0,0,0.3659570560769922,현재 AI 사용자,현재 AI 사용자,True
36578,0,0,0.3319928722088529,현재 AI 사용자,현재 AI 사용자,True
13987,0,0,0.4190825696525907,현재 AI 사용자,현재 AI 사용자,True
61373,1,1,0.894313989616405,향후 AI 사용 예정자,향후 AI 사용 예정자,True
15163,1,1,0.6375146334263743,향후 AI 사용 예정자,향후 AI 사용 예정자,True
56843,1,1,0.7024637577419112,향후 AI 사용 예정자,향후 AI 사용 예정자,True
57118,1,1,0.8907349204208301,향후 AI 사용 예정자,향후 AI 사용 예정자,True
50158,0,0,0.09955279819593459,현재 AI 사용자,현재 AI 사용자,True
13922,0,0,0.23388590628189604,현재 AI 사용자,현재 AI 사용자,True
26950,1,1,0.81915530927608,향후 AI 사용 예정자,향후 AI 사용 예정자,True
41189,1,1,0.7603746974181007,향후 AI 사용 예정자,향후 AI 사용 예정자,True
36280,0,1,0.785746445388898,현재 AI 사용자,향후 AI 사용 예정자,False
42749,0,0,0.3608719702756813,현재 AI 사용자,현재 AI 사용자,True
42500,1,0,0.49014180767606763,향후 AI 사용 예정자,현재 AI 사용자,False
42917,1,0,0.22271243626851853,향후 AI 사용 예정자,현재 AI 사용자,False
40574,1,1,0.5607583463460253,향후 AI 사용 예정자,향후 AI 사용 예정자,True
23061,1,1,0.967663426628313,향후 AI 사용 예정자,향후 AI 사용 예정자,True
43420,1,1,0.906547169524874,향후 AI 사용 예정자,향후 AI 사용 예정자,True
29127,1,0,0.38686681091532354,향후 AI 사용 예정자,현재 AI 사용자,False
16523,0,0,0.3512635324002383,현재 AI 사용자,현재 AI 사용자,True
31308,1,1,0.9428419214612153,향후 AI 사용 예정자,향후 AI 사용 예정자,True
41424,0,0,0.1052592934927361,현재 AI 사용자,현재 AI 사용자,True
20802,1,0,0.4771273400642355,향후 AI 사용 예정자,현재 AI 사용자,False
42659,1,0,0.4016427518222909,향후 AI 사용 예정자,현재 AI 사용자,False
61586,0,0,0.2526271172940145,현재 AI 사용자,현재 AI 사용자,True
44579,1,0,0.4271769856420857,향후 AI 사용 예정자,현재 AI 사용자,False
19937,1,1,0.9725980030886835,향후 AI 사용 예정자,향후 AI 사용 예정자,True
32356,0,0,0.2583076536098457,현재 AI 사용자,현재 AI 사용자,True
50738,1,1,0.9304677502692862,향후 AI 사용 예정자,향후 AI 사용 예정자,True
42219,0,0,0.07824642743830705,현재 AI 사용자,현재 AI 사용자,True
33437,0,1,0.5263572833576405,현재 AI 사용자,향후 AI 사용 예정자,False
29879,1,1,0.9342549316521253,향후 AI 사용 예정자,향후 AI 사용 예정자,True
6725,0,1,0.8184200671115589,현재 AI 사용자,향후 AI 사용 예정자,False
9450,1,1,0.9280071623672617,향후 AI 사용 예정자,향후 AI 사용 예정자,True
5335,0,0,0.26364781870539933,현재 AI 사용자,현재 AI 사용자,True
45204,1,1,0.9717151679993103,향후 AI 사용 예정자,향후 AI 사용 예정자,True
19307,1,1,0.9828768978631583,향후 AI 사용 예정자,향후 AI 사용 예정자,True
37379,1,1,0.9472898653626702,향후 AI 사용 예정자,향후 AI 사용 예정자,True
24112,1,1,0.9923794666357676,향후 AI 사용 예정자,향후 AI 사용 예정자,True
8506,1,1,0.9186395994784141,향후 AI 사용 예정자,향후 AI 사용 예정자,True
44699,0,0,0.09250668852707646,현재 AI 사용자,현재 AI 사용자,True
28511,0,0,0.17937211478406048,현재 AI 사용자,현재 AI 사용자,True
34673,1,0,0.15505971002289878,향후 AI 사용 예정자,현재 AI 사용자,False
43241,1,1,0.5071513233988338,향후 AI 사용 예정자,향후 AI 사용 예정자,True
9192,0,0,0.4374176035800695,현재 AI 사용자,현재 AI 사용자,True
41990,0,0,0.1481417166470772,현재 AI 사용자,현재 AI 사용자,True
14451,1,1,0.6890401903917454,향후 AI 사용 예정자,향후 AI 사용 예정자,True
64158,1,1,0.8496979446847809,향후 AI 사용 예정자,향후 AI 사용 예정자,True
34304,0,0,0.40647684866491357,현재 AI 사용자,현재 AI 사용자,True
23312,0,1,0.5449727447632741,현재 AI 사용자,향후 AI 사용 예정자,False
8913,0,0,0.1365447029373166,현재 AI 사용자,현재 AI 사용자,True
30917,1,1,0.9815711356322593,향후 AI 사용 예정자,향후 AI 사용 예정자,True
61910,1,1,0.8530821137931965,향후 AI 사용 예정자,향후 AI 사용 예정자,True
59662,1,1,0.8541290381813527,향후 AI 사용 예정자,향후 AI 사용 예정자,True
41304,1,1,0.9126060584401261,향후 AI 사용 예정자,향후 AI 사용 예정자,True
59269,1,1,0.69872542570238,향후 AI 사용 예정자,향후 AI 사용 예정자,True
17168,1,1,0.928691487429444,향후 AI 사용 예정자,향후 AI 사용 예정자,True
46654,1,1,0.9645626451049206,향후 AI 사용 예정자,향후 AI 사용 예정자,True
54320,1,1,0.9646487489461307,향후 AI 사용 예정자,향후 AI 사용 예정자,True
13537,1,1,0.9504406713153968,향후 AI 사용 예정자,향후 AI 사용 예정자,True
32317,0,0,0.29173403706593637,현재 AI 사용자,현재 AI 사용자,True
16950,0,1,0.6601619744116141,현재 AI 사용자,향후 AI 사용 예정자,False
32241,1,0,0.48678099333810965,향후 AI 사용 예정자,현재 AI 사용자,False
8718,1,1,0.6089116186896485,향후 AI 사용 예정자,향후 AI 사용 예정자,True
60572,0,0,0.2943570515379631,현재 AI 사용자,현재 AI 사용자,True
62556,0,0,0.18950059665171318,현재 AI 사용자,현재 AI 사용자,True
11641,0,1,0.7613055594134004,현재 AI 사용자,향후 AI 사용 예정자,False
1986,0,1,0.6251048461996285,현재 AI 사용자,향후 AI 사용 예정자,False
19608,1,1,0.8464158480024433,향후 AI 사용 예정자,향후 AI 사용 예정자,True
52792,1,1,0.9219315495331334,향후 AI 사용 예정자,향후 AI 사용 예정자,True
11482,1,1,0.8450785543153614,향후 AI 사용 예정자,향후 AI 사용 예정자,True
37765,0,0,0.1940168022554214,현재 AI 사용자,현재 AI 사용자,True
634,1,1,0.7259183134209521,향후 AI 사용 예정자,향후 AI 사용 예정자,True
23290,0,0,0.23974695396745732,현재 AI 사용자,현재 AI 사용자,True
30075,1,1,0.9147163793696419,향후 AI 사용 예정자,향후 AI 사용 예정자,True
26515,1,1,0.9392661122052498,향후 AI 사용 예정자,향후 AI 사용 예정자,True
3301,0,1,0.8508977829442292,현재 AI 사용자,향후 AI 사용 예정자,False
44959,0,0,0.2870487290020007,현재 AI 사용자,현재 AI 사용자,True
45044,1,1,0.5337487674224518,향후 AI 사용 예정자,향후 AI 사용 예정자,True
35140,0,0,0.1931108836336541,현재 AI 사용자,현재 AI 사용자,True
8690,1,1,0.9364495849701199,향후 AI 사용 예정자,향후 AI 사용 예정자,True
27930,1,1,0.7051522616700548,향후 AI 사용 예정자,향후 AI 사용 예정자,True
49766,1,1,0.9804154562258199,향후 AI 사용 예정자,향후 AI 사용 예정자,True
7181,0,0,0.32526745988539624,현재 AI 사용자,현재 AI 사용자,True
38160,1,1,0.8322559354229241,향후 AI 사용 예정자,향후 AI 사용 예정자,True
51467,0,0,0.4736887415885019,현재 AI 사용자,현재 AI 사용자,True
26303,1,0,0.2597391076601862,향후 AI 사용 예정자,현재 AI 사용자,False
32250,1,1,0.6816548603462795,향후 AI 사용 예정자,향후 AI 사용 예정자,True
30002,1,1,0.7843770829491883,향후 AI 사용 예정자,향후 AI 사용 예정자,True
53813,0,1,0.5988622164470243,현재 AI 사용자,향후 AI 사용 예정자,False
60777,1,0,0.27758133540722235,향후 AI 사용 예정자,현재 AI 사용자,False
3727,0,0,0.4302623360386466,현재 AI 사용자,현재 AI 사용자,True
62526,1,1,0.889913876886719,향후 AI 사용 예정자,향후 AI 사용 예정자,True
1953,1,1,0.8755800561212885,향후 AI 사용 예정자,향후 AI 사용 예정자,True
54436,1,0,0.2621336747957266,향후 AI 사용 예정자,현재 AI 사용자,False
55674,1,1,0.9379386239039852,향후 AI 사용 예정자,향후 AI 사용 예정자,True
56636,1,1,0.8554299156695144,향후 AI 사용 예정자,향후 AI 사용 예정자,True
3715,0,0,0.46301960982413304,현재 AI 사용자,현재 AI 사용자,True
50153,0,0,0.353208206319467,현재 AI 사용자,현재 AI 사용자,True
42679,0,0,0.3089268941507608,현재 AI 사용자,현재 AI 사용자,True
8609,1,1,0.925947442412502,향후 AI 사용 예정자,향후 AI 사용 예정자,True
3632,1,1,0.9841713690579958,향후 AI 사용 예정자,향후 AI 사용 예정자,True
19373,0,0,0.2503220879710025,현재 AI 사용자,현재 AI 사용자,True
47006,0,0,0.16838295419976376,현재 AI 사용자,현재 AI 사용자,True
6256,0,0,0.13243524205358398,현재 AI 사용자,현재 AI 사용자,True
49751,1,1,0.9281633568419164,향후 AI 사용 예정자,향후 AI 사용 예정자,True
23944,0,0,0.2240718816538067,현재 AI 사용자,현재 AI 사용자,True
30155,0,0,0.346704769766759,현재 AI 사용자,현재 AI 사용자,True
10969,0,0,0.18055033722643232,현재 AI 사용자,현재 AI 사용자,True
64531,1,1,0.8610499075163429,향후 AI 사용 예정자,향후 AI 사용 예정자,True
10923,1,1,0.8006257483868388,향후 AI 사용 예정자,향후 AI 사용 예정자,True
20100,1,0,0.42592593889355895,향후 AI 사용 예정자,현재 AI 사용자,False
5951,0,0,0.18184171230012322,현재 AI 사용자,현재 AI 사용자,True
64207,1,1,0.7210215517065662,향후 AI 사용 예정자,향후 AI 사용 예정자,True
61041,1,1,0.5373701488005616,향후 AI 사용 예정자,향후 AI 사용 예정자,True
23829,1,1,0.6809839837014792,향후 AI 사용 예정자,향후 AI 사용 예정자,True
4109,1,0,0.4577562846364768,향후 AI 사용 예정자,현재 AI 사용자,False
14463,0,0,0.07968392868674157,현재 AI 사용자,현재 AI 사용자,True
42648,0,0,0.21128391782658834,현재 AI 사용자,현재 AI 사용자,True
15181,0,1,0.9483642023085925,현재 AI 사용자,향후 AI 사용 예정자,False
20081,0,0,0.11292603274340807,현재 AI 사용자,현재 AI 사용자,True
21384,0,0,0.4763622272377471,현재 AI 사용자,현재 AI 사용자,True
57729,0,0,0.34838135955665855,현재 AI 사용자,현재 AI 사용자,True
6963,1,0,0.21429720559625118,향후 AI 사용 예정자,현재 AI 사용자,False
27475,1,1,0.9743256034017375,향후 AI 사용 예정자,향후 AI 사용 예정자,True
29165,0,1,0.5486910301766245,현재 AI 사용자,향후 AI 사용 예정자,False
48788,0,1,0.5166511217385573,현재 AI 사용자,향후 AI 사용 예정자,False
61371,1,1,0.8959348103088403,향후 AI 사용 예정자,향후 AI 사용 예정자,True
47089,0,1,0.6319066813094815,현재 AI 사용자,향후 AI 사용 예정자,False
25496,1,1,0.9245383278262411,향후 AI 사용 예정자,향후 AI 사용 예정자,True
12605,1,1,0.8092408706073175,향후 AI 사용 예정자,향후 AI 사용 예정자,True
40388,1,1,0.9813360808146736,향후 AI 사용 예정자,향후 AI 사용 예정자,True
18685,1,0,0.4153953797821162,향후 AI 사용 예정자,현재 AI 사용자,False
61116,0,1,0.8403447453496518,현재 AI 사용자,향후 AI 사용 예정자,False
49508,1,1,0.820886074911838,향후 AI 사용 예정자,향후 AI 사용 예정자,True
53577,1,1,0.8736958644729184,향후 AI 사용 예정자,향후 AI 사용 예정자,True
4176,0,0,0.47781748866118884,현재 AI 사용자,현재 AI 사용자,True
1010,1,1,0.604744783084606,향후 AI 사용 예정자,향후 AI 사용 예정자,True
27593,1,1,0.9478095488650393,향후 AI 사용 예정자,향후 AI 사용 예정자,True
28324,1,1,0.9481991980028885,향후 AI 사용 예정자,향후 AI 사용 예정자,True
12956,0,1,0.8835549655632123,현재 AI 사용자,향후 AI 사용 예정자,False
1452,0,0,0.3292056785694548,현재 AI 사용자,현재 AI 사용자,True
17070,1,1,0.8034300204613121,향후 AI 사용 예정자,향후 AI 사용 예정자,True
6018,1,1,0.9225387738976385,향후 AI 사용 예정자,향후 AI 사용 예정자,True
30283,0,0,0.12116076993827277,현재 AI 사용자,현재 AI 사용자,True
57336,1,1,0.6836078259329268,향후 AI 사용 예정자,향후 AI 사용 예정자,True
2555,0,1,0.7823045293968431,현재 AI 사용자,향후 AI 사용 예정자,False
44246,0,0,0.2784691692435169,현재 AI 사용자,현재 AI 사용자,True
48803,1,1,0.9654591542081361,향후 AI 사용 예정자,향후 AI 사용 예정자,True
4339,0,1,0.6163627108289956,현재 AI 사용자,향후 AI 사용 예정자,False
48140,0,0,0.44395349235157444,현재 AI 사용자,현재 AI 사용자,True
49914,0,0,0.35488849991788435,현재 AI 사용자,현재 AI 사용자,True
16065,0,0,0.11642200547188959,현재 AI 사용자,현재 AI 사용자,True
47591,1,1,0.8133443314720206,향후 AI 사용 예정자,향후 AI 사용 예정자,True
52530,0,0,0.2038850142929728,현재 AI 사용자,현재 AI 사용자,True
20299,0,1,0.7558335847859109,현재 AI 사용자,향후 AI 사용 예정자,False
10586,1,1,0.9860668086115222,향후 AI 사용 예정자,향후 AI 사용 예정자,True
35557,0,1,0.6471810866822816,현재 AI 사용자,향후 AI 사용 예정자,False
30561,0,0,0.13648003150973728,현재 AI 사용자,현재 AI 사용자,True
38190,1,1,0.7908380024453577,향후 AI 사용 예정자,향후 AI 사용 예정자,True
17500,0,0,0.2973147593031438,현재 AI 사용자,현재 AI 사용자,True
3385,1,1,0.847181272411952,향후 AI 사용 예정자,향후 AI 사용 예정자,True
3798,1,1,0.8914437578241395,향후 AI 사용 예정자,향후 AI 사용 예정자,True
49586,1,1,0.6589357657209585,향후 AI 사용 예정자,향후 AI 사용 예정자,True
15109,1,1,0.8771604450475163,향후 AI 사용 예정자,향후 AI 사용 예정자,True
868,1,1,0.7702564842097211,향후 AI 사용 예정자,향후 AI 사용 예정자,True
12941,0,0,0.15898324364654778,현재 AI 사용자,현재 AI 사용자,True
16355,1,1,0.9475261928799099,향후 AI 사용 예정자,향후 AI 사용 예정자,True
52150,0,1,0.5694303834740034,현재 AI 사용자,향후 AI 사용 예정자,False
42011,1,0,0.4094157187387285,향후 AI 사용 예정자,현재 AI 사용자,False
32411,0,0,0.340862619575803,현재 AI 사용자,현재 AI 사용자,True
30422,0,1,0.6558076149585546,현재 AI 사용자,향후 AI 사용 예정자,False
50729,1,1,0.8770734441185212,향후 AI 사용 예정자,향후 AI 사용 예정자,True
21316,0,0,0.05504809852201453,현재 AI 사용자,현재 AI 사용자,True
33738,1,1,0.8507365928458679,향후 AI 사용 예정자,향후 AI 사용 예정자,True
25508,1,1,0.7711805144365929,향후 AI 사용 예정자,향후 AI 사용 예정자,True
11979,0,1,0.7980955436115653,현재 AI 사용자,향후 AI 사용 예정자,False
42446,0,1,0.5256737202666675,현재 AI 사용자,향후 AI 사용 예정자,False
22277,1,0,0.19559328655230598,향후 AI 사용 예정자,현재 AI 사용자,False
13797,1,1,0.9277249906903895,향후 AI 사용 예정자,향후 AI 사용 예정자,True
9234,1,0,0.22601720606425565,향후 AI 사용 예정자,현재 AI 사용자,False
5476,1,1,0.9375547088424429,향후 AI 사용 예정자,향후 AI 사용 예정자,True
14324,1,1,0.7427207539531936,향후 AI 사용 예정자,향후 AI 사용 예정자,True
19501,1,1,0.7434106016267921,향후 AI 사용 예정자,향후 AI 사용 예정자,True
53128,1,1,0.9496986984757001,향후 AI 사용 예정자,향후 AI 사용 예정자,True
35075,1,1,0.8101540409543425,향후 AI 사용 예정자,향후 AI 사용 예정자,True
51930,1,1,0.9490956449138427,향후 AI 사용 예정자,향후 AI 사용 예정자,True
6851,1,1,0.8571169546629981,향후 AI 사용 예정자,향후 AI 사용 예정자,True
23210,1,1,0.835005691134145,향후 AI 사용 예정자,향후 AI 사용 예정자,True
15295,1,1,0.9152281377574244,향후 AI 사용 예정자,향후 AI 사용 예정자,True
24807,0,0,0.31264876922074125,현재 AI 사용자,현재 AI 사용자,True
37697,0,0,0.2060370329534662,현재 AI 사용자,현재 AI 사용자,True
21908,1,1,0.8330548798065477,향후 AI 사용 예정자,향후 AI 사용 예정자,True
21572,0,1,0.5115139746602155,현재 AI 사용자,향후 AI 사용 예정자,False
45775,1,0,0.3250708374595117,향후 AI 사용 예정자,현재 AI 사용자,False
62170,1,0,0.2801804681438271,향후 AI 사용 예정자,현재 AI 사용자,False
54085,1,1,0.9067568617195907,향후 AI 사용 예정자,향후 AI 사용 예정자,True
35886,0,0,0.25438738442510334,현재 AI 사용자,현재 AI 사용자,True
25306,1,1,0.737072277310812,향후 AI 사용 예정자,향후 AI 사용 예정자,True
10819,1,1,0.9906929217915806,향후 AI 사용 예정자,향후 AI 사용 예정자,True
40224,1,1,0.6716588169758076,향후 AI 사용 예정자,향후 AI 사용 예정자,True
50145,1,1,0.9228642169033803,향후 AI 사용 예정자,향후 AI 사용 예정자,True
29025,1,1,0.9560427667137655,향후 AI 사용 예정자,향후 AI 사용 예정자,True
34534,1,1,0.8843809197245504,향후 AI 사용 예정자,향후 AI 사용 예정자,True
35377,1,1,0.7960658033998995,향후 AI 사용 예정자,향후 AI 사용 예정자,True
29971,0,0,0.3777838126312046,현재 AI 사용자,현재 AI 사용자,True
36893,0,0,0.3615008350730744,현재 AI 사용자,현재 AI 사용자,True
49663,1,1,0.8181203187926598,향후 AI 사용 예정자,향후 AI 사용 예정자,True
7644,1,0,0.46269909999683756,향후 AI 사용 예정자,현재 AI 사용자,False
2201,1,0,0.3949691875085123,향후 AI 사용 예정자,현재 AI 사용자,False
22831,1,1,0.8877556455855949,향후 AI 사용 예정자,향후 AI 사용 예정자,True
57482,0,0,0.36249874600395804,현재 AI 사용자,현재 AI 사용자,True
54120,1,1,0.9260006258750861,향후 AI 사용 예정자,향후 AI 사용 예정자,True
39588,1,1,0.9807950436146268,향후 AI 사용 예정자,향후 AI 사용 예정자,True
61313,0,0,0.1959954222595052,현재 AI 사용자,현재 AI 사용자,True
35902,0,0,0.3772209896405543,현재 AI 사용자,현재 AI 사용자,True
37326,1,1,0.942267244096869,향후 AI 사용 예정자,향후 AI 사용 예정자,True
49097,1,0,0.46577293706372935,향후 AI 사용 예정자,현재 AI 사용자,False
32942,0,0,0.22880297882130485,현재 AI 사용자,현재 AI 사용자,True
42396,0,0,0.45443186891019394,현재 AI 사용자,현재 AI 사용자,True
37915,1,1,0.8618581783187558,향후 AI 사용 예정자,향후 AI 사용 예정자,True
25895,0,0,0.4633017001217293,현재 AI 사용자,현재 AI 사용자,True
21515,0,1,0.9622991409666144,현재 AI 사용자,향후 AI 사용 예정자,False
43348,0,0,0.456250934136551,현재 AI 사용자,현재 AI 사용자,True
29219,1,1,0.925957997809751,향후 AI 사용 예정자,향후 AI 사용 예정자,True
51917,0,0,0.2212115644447429,현재 AI 사용자,현재 AI 사용자,True
22349,1,1,0.792486805135423,향후 AI 사용 예정자,향후 AI 사용 예정자,True
18181,1,1,0.738929756390076,향후 AI 사용 예정자,향후 AI 사용 예정자,True
46053,1,1,0.9774088707450133,향후 AI 사용 예정자,향후 AI 사용 예정자,True
46782,1,0,0.32768987982667597,향후 AI 사용 예정자,현재 AI 사용자,False
30903,0,0,0.3338835397167558,현재 AI 사용자,현재 AI 사용자,True
10704,0,0,0.3021080230654069,현재 AI 사용자,현재 AI 사용자,True
12818,1,1,0.930589688241038,향후 AI 사용 예정자,향후 AI 사용 예정자,True
15403,1,1,0.6874654521190441,향후 AI 사용 예정자,향후 AI 사용 예정자,True
48602,1,1,0.9765283213330825,향후 AI 사용 예정자,향후 AI 사용 예정자,True
53544,0,0,0.37456784251959946,현재 AI 사용자,현재 AI 사용자,True
1845,1,1,0.90268855272186,향후 AI 사용 예정자,향후 AI 사용 예정자,True
24340,1,1,0.9575963282487278,향후 AI 사용 예정자,향후 AI 사용 예정자,True
30511,1,1,0.9155197046869241,향후 AI 사용 예정자,향후 AI 사용 예정자,True
24158,1,1,0.9540483126494593,향후 AI 사용 예정자,향후 AI 사용 예정자,True
28820,1,1,0.8510614553945562,향후 AI 사용 예정자,향후 AI 사용 예정자,True
59045,1,1,0.8973769202070073,향후 AI 사용 예정자,향후 AI 사용 예정자,True
43372,0,0,0.06757524810643382,현재 AI 사용자,현재 AI 사용자,True
12582,0,0,0.4281032517922924,현재 AI 사용자,현재 AI 사용자,True
62404,1,1,0.8924908743131467,향후 AI 사용 예정자,향후 AI 사용 예정자,True
14639,1,1,0.9863385135023395,향후 AI 사용 예정자,향후 AI 사용 예정자,True
39559,0,0,0.26886721794365315,현재 AI 사용자,현재 AI 사용자,True
42542,0,0,0.16102645569801,현재 AI 사용자,현재 AI 사용자,True
9697,1,1,0.7309150929440086,향후 AI 사용 예정자,향후 AI 사용 예정자,True
57426,1,1,0.8515408602758876,향후 AI 사용 예정자,향후 AI 사용 예정자,True
43628,1,1,0.8379954279781048,향후 AI 사용 예정자,향후 AI 사용 예정자,True
26741,0,1,0.5829532662322686,현재 AI 사용자,향후 AI 사용 예정자,False
26654,1,1,0.8609320374266572,향후 AI 사용 예정자,향후 AI 사용 예정자,True
33409,0,0,0.20042342609238578,현재 AI 사용자,현재 AI 사용자,True
31374,1,1,0.7936081257243869,향후 AI 사용 예정자,향후 AI 사용 예정자,True
39220,1,1,0.9931214793058403,향후 AI 사용 예정자,향후 AI 사용 예정자,True
26388,0,1,0.6386277806024394,현재 AI 사용자,향후 AI 사용 예정자,False
19805,1,1,0.8243055937058775,향후 AI 사용 예정자,향후 AI 사용 예정자,True
45613,1,0,0.3298869785600878,향후 AI 사용 예정자,현재 AI 사용자,False
17870,0,0,0.1509824525902244,현재 AI 사용자,현재 AI 사용자,True
64316,1,1,0.5496993565946799,향후 AI 사용 예정자,향후 AI 사용 예정자,True
48268,1,1,0.9454039189476663,향후 AI 사용 예정자,향후 AI 사용 예정자,True
46998,0,0,0.401487743791683,현재 AI 사용자,현재 AI 사용자,True
22900,1,1,0.9140203329251987,향후 AI 사용 예정자,향후 AI 사용 예정자,True
9523,0,1,0.6063826043325996,현재 AI 사용자,향후 AI 사용 예정자,False
12948,1,1,0.6862561349677548,향후 AI 사용 예정자,향후 AI 사용 예정자,True
45119,0,0,0.32066688851774466,현재 AI 사용자,현재 AI 사용자,True
47347,1,1,0.9880392306067521,향후 AI 사용 예정자,향후 AI 사용 예정자,True
26885,1,1,0.9573954907063665,향후 AI 사용 예정자,향후 AI 사용 예정자,True
19922,0,0,0.05250280545113261,현재 AI 사용자,현재 AI 사용자,True
50369,1,1,0.6218638284382058,향후 AI 사용 예정자,향후 AI 사용 예정자,True
37516,1,1,0.9134452474093888,향후 AI 사용 예정자,향후 AI 사용 예정자,True
53761,1,1,0.7618871192175759,향후 AI 사용 예정자,향후 AI 사용 예정자,True
49069,1,0,0.1863576396949239,향후 AI 사용 예정자,현재 AI 사용자,False
63504,1,1,0.8117709304194082,향후 AI 사용 예정자,향후 AI 사용 예정자,True
28305,0,0,0.07228452029209369,현재 AI 사용자,현재 AI 사용자,True
22179,0,1,0.589518575045639,현재 AI 사용자,향후 AI 사용 예정자,False
64041,1,1,0.8312297064878399,향후 AI 사용 예정자,향후 AI 사용 예정자,True
41478,0,0,0.0482886430786516,현재 AI 사용자,현재 AI 사용자,True
7129,1,1,0.9506987528919231,향후 AI 사용 예정자,향후 AI 사용 예정자,True
41952,0,1,0.7876022525732168,현재 AI 사용자,향후 AI 사용 예정자,False
36148,0,0,0.3524564978564775,현재 AI 사용자,현재 AI 사용자,True
59565,1,1,0.919996767826569,향후 AI 사용 예정자,향후 AI 사용 예정자,True
24860,0,0,0.45843383462134224,현재 AI 사용자,현재 AI 사용자,True
3036,1,1,0.8205893316628614,향후 AI 사용 예정자,향후 AI 사용 예정자,True
12328,0,1,0.685669702424852,현재 AI 사용자,향후 AI 사용 예정자,False
23112,1,1,0.7928688608807,향후 AI 사용 예정자,향후 AI 사용 예정자,True
49255,1,0,0.46162420155700445,향후 AI 사용 예정자,현재 AI 사용자,False
13425,1,1,0.9183371328752343,향후 AI 사용 예정자,향후 AI 사용 예정자,True
37501,0,1,0.9789439652016477,현재 AI 사용자,향후 AI 사용 예정자,False
14343,0,1,0.7991608490210456,현재 AI 사용자,향후 AI 사용 예정자,False
10130,1,1,0.9028520321073914,향후 AI 사용 예정자,향후 AI 사용 예정자,True
28320,0,0,0.21092705097557363,현재 AI 사용자,현재 AI 사용자,True
18378,1,0,0.34464440222198306,향후 AI 사용 예정자,현재 AI 사용자,False
4592,0,0,0.2972054690654921,현재 AI 사용자,현재 AI 사용자,True
51781,1,1,0.921191482957096,향후 AI 사용 예정자,향후 AI 사용 예정자,True
40160,0,1,0.6923301191217306,현재 AI 사용자,향후 AI 사용 예정자,False
10974,1,1,0.8029450687335551,향후 AI 사용 예정자,향후 AI 사용 예정자,True
42596,1,0,0.2071508945900371,향후 AI 사용 예정자,현재 AI 사용자,False
63165,1,1,0.8705739795401262,향후 AI 사용 예정자,향후 AI 사용 예정자,True
15676,0,0,0.14805847389815924,현재 AI 사용자,현재 AI 사용자,True
16806,1,1,0.9529420333616977,향후 AI 사용 예정자,향후 AI 사용 예정자,True
5738,1,0,0.18629524482173065,향후 AI 사용 예정자,현재 AI 사용자,False
2092,1,1,0.8674380513086654,향후 AI 사용 예정자,향후 AI 사용 예정자,True
4320,0,0,0.381960205427185,현재 AI 사용자,현재 AI 사용자,True
29251,1,1,0.9013090635178951,향후 AI 사용 예정자,향후 AI 사용 예정자,True
34457,0,0,0.22449243151371512,현재 AI 사용자,현재 AI 사용자,True
60913,1,1,0.9748928736074864,향후 AI 사용 예정자,향후 AI 사용 예정자,True
16269,1,1,0.7315245067467544,향후 AI 사용 예정자,향후 AI 사용 예정자,True
59053,1,1,0.9683764178584799,향후 AI 사용 예정자,향후 AI 사용 예정자,True
10761,1,1,0.5847759397361725,향후 AI 사용 예정자,향후 AI 사용 예정자,True
14099,1,1,0.9634125087516168,향후 AI 사용 예정자,향후 AI 사용 예정자,True
46471,1,1,0.9762501977157767,향후 AI 사용 예정자,향후 AI 사용 예정자,True
56609,0,1,0.6499125012560328,현재 AI 사용자,향후 AI 사용 예정자,False
8139,0,0,0.09750018856607506,현재 AI 사용자,현재 AI 사용자,True
60218,1,0,0.12617927044514937,향후 AI 사용 예정자,현재 AI 사용자,False
20210,1,1,0.5429470684674973,향후 AI 사용 예정자,향후 AI 사용 예정자,True
62977,1,1,0.875614848585556,향후 AI 사용 예정자,향후 AI 사용 예정자,True
41500,1,1,0.9212159790611422,향후 AI 사용 예정자,향후 AI 사용 예정자,True
4203,1,1,0.9945353216123521,향후 AI 사용 예정자,향후 AI 사용 예정자,True
37382,1,1,0.7977805178606185,향후 AI 사용 예정자,향후 AI 사용 예정자,True
30889,1,1,0.9851183710289999,향후 AI 사용 예정자,향후 AI 사용 예정자,True
46943,1,1,0.9143722295315793,향후 AI 사용 예정자,향후 AI 사용 예정자,True
2235,1,1,0.8509901666452823,향후 AI 사용 예정자,향후 AI 사용 예정자,True
37564,1,0,0.3371200975155896,향후 AI 사용 예정자,현재 AI 사용자,False
10896,1,1,0.922831496315834,향후 AI 사용 예정자,향후 AI 사용 예정자,True
12234,1,1,0.6548925978036557,향후 AI 사용 예정자,향후 AI 사용 예정자,True
43545,1,1,0.9243118782428477,향후 AI 사용 예정자,향후 AI 사용 예정자,True
38999,1,1,0.9344729120811013,향후 AI 사용 예정자,향후 AI 사용 예정자,True
19488,1,0,0.29582913217779,향후 AI 사용 예정자,현재 AI 사용자,False
44609,0,0,0.17277849335618486,현재 AI 사용자,현재 AI 사용자,True
29884,1,1,0.8912386939748294,향후 AI 사용 예정자,향후 AI 사용 예정자,True
61576,0,1,0.9045351157577983,현재 AI 사용자,향후 AI 사용 예정자,False
41232,0,0,0.18914765608143075,현재 AI 사용자,현재 AI 사용자,True
4454,1,1,0.9945954322351764,향후 AI 사용 예정자,향후 AI 사용 예정자,True
34570,0,0,0.20200986737910565,현재 AI 사용자,현재 AI 사용자,True
32767,1,0,0.48149633252293594,향후 AI 사용 예정자,현재 AI 사용자,False
38248,0,0,0.1715571162672103,현재 AI 사용자,현재 AI 사용자,True
8412,1,1,0.709738026228705,향후 AI 사용 예정자,향후 AI 사용 예정자,True
45478,1,1,0.8609272208933233,향후 AI 사용 예정자,향후 AI 사용 예정자,True
115,0,1,0.7916555828314242,현재 AI 사용자,향후 AI 사용 예정자,False
11795,0,1,0.732882348957533,현재 AI 사용자,향후 AI 사용 예정자,False
4907,0,0,0.4453974771492007,현재 AI 사용자,현재 AI 사용자,True
18090,0,1,0.8705452104694157,현재 AI 사용자,향후 AI 사용 예정자,False
30023,1,1,0.7268175509548626,향후 AI 사용 예정자,향후 AI 사용 예정자,True
40286,1,1,0.8089049611799394,향후 AI 사용 예정자,향후 AI 사용 예정자,True
8803,1,1,0.9912653988147284,향후 AI 사용 예정자,향후 AI 사용 예정자,True
58509,1,1,0.8809328609318566,향후 AI 사용 예정자,향후 AI 사용 예정자,True
29979,1,1,0.8963455127692084,향후 AI 사용 예정자,향후 AI 사용 예정자,True
22508,0,0,0.1408113252837698,현재 AI 사용자,현재 AI 사용자,True
28930,1,1,0.8283774783740614,향후 AI 사용 예정자,향후 AI 사용 예정자,True
24773,1,1,0.5679108623667699,향후 AI 사용 예정자,향후 AI 사용 예정자,True
55941,0,1,0.6052500386057771,현재 AI 사용자,향후 AI 사용 예정자,False
44462,0,0,0.3242599242606006,현재 AI 사용자,현재 AI 사용자,True
11555,1,0,0.35337597954645755,향후 AI 사용 예정자,현재 AI 사용자,False
28765,1,0,0.3226801424975437,향후 AI 사용 예정자,현재 AI 사용자,False
17104,1,1,0.8583748767919942,향후 AI 사용 예정자,향후 AI 사용 예정자,True
61859,1,1,0.8781789406083571,향후 AI 사용 예정자,향후 AI 사용 예정자,True
12935,1,1,0.9646698394710751,향후 AI 사용 예정자,향후 AI 사용 예정자,True
21897,0,1,0.6783130076749818,현재 AI 사용자,향후 AI 사용 예정자,False
19399,0,1,0.6732288349190496,현재 AI 사용자,향후 AI 사용 예정자,False
15873,0,0,0.34261391384508627,현재 AI 사용자,현재 AI 사용자,True
34822,0,0,0.3910190973350189,현재 AI 사용자,현재 AI 사용자,True
13706,1,1,0.6275515552588773,향후 AI 사용 예정자,향후 AI 사용 예정자,True
37542,1,0,0.4078216658365975,향후 AI 사용 예정자,현재 AI 사용자,False
52143,1,1,0.8988356408682203,향후 AI 사용 예정자,향후 AI 사용 예정자,True
4833,0,0,0.47884993363934436,현재 AI 사용자,현재 AI 사용자,True
36771,0,0,0.31747554109038933,현재 AI 사용자,현재 AI 사용자,True
47276,0,0,0.2481774064551559,현재 AI 사용자,현재 AI 사용자,True
50072,1,1,0.9194620767249937,향후 AI 사용 예정자,향후 AI 사용 예정자,True
38614,1,1,0.9439413020671538,향후 AI 사용 예정자,향후 AI 사용 예정자,True
21196,1,1,0.9976329320863851,향후 AI 사용 예정자,향후 AI 사용 예정자,True
28246,1,1,0.9861549599866057,향후 AI 사용 예정자,향후 AI 사용 예정자,True
11480,1,1,0.899476112858501,향후 AI 사용 예정자,향후 AI 사용 예정자,True
27614,1,0,0.2829204223339583,향후 AI 사용 예정자,현재 AI 사용자,False
10865,1,1,0.67841360543381,향후 AI 사용 예정자,향후 AI 사용 예정자,True
17434,0,1,0.7120259885052869,현재 AI 사용자,향후 AI 사용 예정자,False
43980,0,0,0.38253149661915464,현재 AI 사용자,현재 AI 사용자,True
29135,1,1,0.8990851740619933,향후 AI 사용 예정자,향후 AI 사용 예정자,True
33820,1,1,0.9729242270987699,향후 AI 사용 예정자,향후 AI 사용 예정자,True
37780,0,0,0.16295560515940052,현재 AI 사용자,현재 AI 사용자,True
3638,1,1,0.6229748183449751,향후 AI 사용 예정자,향후 AI 사용 예정자,True
45334,1,1,0.9774226601201297,향후 AI 사용 예정자,향후 AI 사용 예정자,True
13893,1,0,0.2871506364453687,향후 AI 사용 예정자,현재 AI 사용자,False
27914,0,0,0.3163215617764006,현재 AI 사용자,현재 AI 사용자,True
5109,1,1,0.9805619948224865,향후 AI 사용 예정자,향후 AI 사용 예정자,True
11334,0,0,0.25733332173178475,현재 AI 사용자,현재 AI 사용자,True
26151,1,1,0.9734051095387816,향후 AI 사용 예정자,향후 AI 사용 예정자,True
27341,1,1,0.9871202574313591,향후 AI 사용 예정자,향후 AI 사용 예정자,True
44871,0,0,0.12141565500463986,현재 AI 사용자,현재 AI 사용자,True
52593,0,0,0.22928298255329613,현재 AI 사용자,현재 AI 사용자,True
8595,0,0,0.31840639976792434,현재 AI 사용자,현재 AI 사용자,True
29774,1,1,0.7888243751272919,향후 AI 사용 예정자,향후 AI 사용 예정자,True
24162,1,1,0.8472709907101179,향후 AI 사용 예정자,향후 AI 사용 예정자,True
50529,1,1,0.985688458555743,향후 AI 사용 예정자,향후 AI 사용 예정자,True
25136,1,1,0.9624281603784773,향후 AI 사용 예정자,향후 AI 사용 예정자,True
29367,0,0,0.2572162390757639,현재 AI 사용자,현재 AI 사용자,True
50606,1,0,0.45389434404784357,향후 AI 사용 예정자,현재 AI 사용자,False
41298,0,0,0.37211034369298224,현재 AI 사용자,현재 AI 사용자,True
46268,1,1,0.9231861210795007,향후 AI 사용 예정자,향후 AI 사용 예정자,True
49830,1,1,0.8925150663584123,향후 AI 사용 예정자,향후 AI 사용 예정자,True
54968,1,1,0.925441072846386,향후 AI 사용 예정자,향후 AI 사용 예정자,True
47264,1,0,0.22408419922683434,향후 AI 사용 예정자,현재 AI 사용자,False
50070,0,1,0.5646558032806475,현재 AI 사용자,향후 AI 사용 예정자,False
37786,1,1,0.6328745069170182,향후 AI 사용 예정자,향후 AI 사용 예정자,True
24122,0,1,0.7549523849190156,현재 AI 사용자,향후 AI 사용 예정자,False
2576,1,1,0.7504094034660049,향후 AI 사용 예정자,향후 AI 사용 예정자,True
39359,0,1,0.7642160552473926,현재 AI 사용자,향후 AI 사용 예정자,False
61010,1,1,0.9090768239856835,향후 AI 사용 예정자,향후 AI 사용 예정자,True
61337,1,0,0.43731835449490697,향후 AI 사용 예정자,현재 AI 사용자,False
35737,1,0,0.43799111763791065,향후 AI 사용 예정자,현재 AI 사용자,False
37262,0,0,0.20926937911202773,현재 AI 사용자,현재 AI 사용자,True
55884,0,0,0.11919041908754896,현재 AI 사용자,현재 AI 사용자,True
43678,1,1,0.8896092423477813,향후 AI 사용 예정자,향후 AI 사용 예정자,True
21057,1,1,0.5897828302519711,향후 AI 사용 예정자,향후 AI 사용 예정자,True
44886,0,0,0.3152002457543953,현재 AI 사용자,현재 AI 사용자,True
48565,1,1,0.8851706196393437,향후 AI 사용 예정자,향후 AI 사용 예정자,True
47633,0,1,0.7603369200715673,현재 AI 사용자,향후 AI 사용 예정자,False
7942,1,0,0.38869504361362894,향후 AI 사용 예정자,현재 AI 사용자,False
31614,1,1,0.7726080473460336,향후 AI 사용 예정자,향후 AI 사용 예정자,True
31476,0,0,0.22599223430045454,현재 AI 사용자,현재 AI 사용자,True
38393,0,0,0.13927211424357228,현재 AI 사용자,현재 AI 사용자,True
34712,1,1,0.6224715319054123,향후 AI 사용 예정자,향후 AI 사용 예정자,True
55393,1,1,0.9214607795995695,향후 AI 사용 예정자,향후 AI 사용 예정자,True
18119,0,0,0.3492744478381666,현재 AI 사용자,현재 AI 사용자,True
41443,0,1,0.7861614437218475,현재 AI 사용자,향후 AI 사용 예정자,False
29996,1,0,0.4274809995486341,향후 AI 사용 예정자,현재 AI 사용자,False
17322,0,0,0.42003806078986505,현재 AI 사용자,현재 AI 사용자,True
32499,1,1,0.89910584776927,향후 AI 사용 예정자,향후 AI 사용 예정자,True
65038,1,1,0.9659799699080139,향후 AI 사용 예정자,향후 AI 사용 예정자,True
50132,0,1,0.5336352863008319,현재 AI 사용자,향후 AI 사용 예정자,False
31739,1,1,0.9768895390582141,향후 AI 사용 예정자,향후 AI 사용 예정자,True
41959,0,1,0.8125021570727101,현재 AI 사용자,향후 AI 사용 예정자,False
50144,1,1,0.9751275657587685,향후 AI 사용 예정자,향후 AI 사용 예정자,True
57484,0,0,0.24906532011128665,현재 AI 사용자,현재 AI 사용자,True
51049,0,0,0.16276377015961419,현재 AI 사용자,현재 AI 사용자,True
31510,0,0,0.24646925806293699,현재 AI 사용자,현재 AI 사용자,True
35955,1,1,0.6712417712378752,향후 AI 사용 예정자,향후 AI 사용 예정자,True
52208,0,0,0.0772589448345377,현재 AI 사용자,현재 AI 사용자,True
44577,0,0,0.2880252372382693,현재 AI 사용자,현재 AI 사용자,True
11263,1,0,0.4187953197586771,향후 AI 사용 예정자,현재 AI 사용자,False
10590,1,0,0.37838527522990084,향후 AI 사용 예정자,현재 AI 사용자,False
29060,0,0,0.17510958362042647,현재 AI 사용자,현재 AI 사용자,True
12258,1,1,0.8555836780344974,향후 AI 사용 예정자,향후 AI 사용 예정자,True
27248,1,1,0.9744356429886665,향후 AI 사용 예정자,향후 AI 사용 예정자,True
31606,1,0,0.20124354570929182,향후 AI 사용 예정자,현재 AI 사용자,False
40846,1,1,0.9259444635050091,향후 AI 사용 예정자,향후 AI 사용 예정자,True
22360,0,0,0.22033039688896372,현재 AI 사용자,현재 AI 사용자,True
3541,1,1,0.6476692695590881,향후 AI 사용 예정자,향후 AI 사용 예정자,True
40442,1,1,0.7507800337444013,향후 AI 사용 예정자,향후 AI 사용 예정자,True
42157,1,0,0.4216953069251883,향후 AI 사용 예정자,현재 AI 사용자,False
58557,1,1,0.8740223938747219,향후 AI 사용 예정자,향후 AI 사용 예정자,True
29641,1,1,0.9231607492893051,향후 AI 사용 예정자,향후 AI 사용 예정자,True
41895,1,1,0.7256198845482974,향후 AI 사용 예정자,향후 AI 사용 예정자,True
36830,1,1,0.9891040379235918,향후 AI 사용 예정자,향후 AI 사용 예정자,True
10662,1,1,0.9740584027807339,향후 AI 사용 예정자,향후 AI 사용 예정자,True
64392,1,1,0.8754648382360645,향후 AI 사용 예정자,향후 AI 사용 예정자,True
11284,1,1,0.6922740828136033,향후 AI 사용 예정자,향후 AI 사용 예정자,True
22559,0,0,0.16780711828047082,현재 AI 사용자,현재 AI 사용자,True
17215,1,1,0.7517019376212979,향후 AI 사용 예정자,향후 AI 사용 예정자,True
22531,1,1,0.7631054728971349,향후 AI 사용 예정자,향후 AI 사용 예정자,True
18813,1,1,0.7178640584486241,향후 AI 사용 예정자,향후 AI 사용 예정자,True
40527,0,0,0.31240945145529336,현재 AI 사용자,현재 AI 사용자,True
15465,1,1,0.7952754255687398,향후 AI 사용 예정자,향후 AI 사용 예정자,True
14358,0,0,0.450442880816785,현재 AI 사용자,현재 AI 사용자,True
50917,1,1,0.9500346755695293,향후 AI 사용 예정자,향후 AI 사용 예정자,True
31721,1,1,0.6252751392470172,향후 AI 사용 예정자,향후 AI 사용 예정자,True
21690,0,1,0.5468383273511129,현재 AI 사용자,향후 AI 사용 예정자,False
36904,0,1,0.6559854124331077,현재 AI 사용자,향후 AI 사용 예정자,False
15962,1,1,0.8223380828033532,향후 AI 사용 예정자,향후 AI 사용 예정자,True
16483,1,1,0.934311474584602,향후 AI 사용 예정자,향후 AI 사용 예정자,True
51069,1,0,0.4070862670599922,향후 AI 사용 예정자,현재 AI 사용자,False
8684,1,1,0.6062275478423316,향후 AI 사용 예정자,향후 AI 사용 예정자,True
13373,1,1,0.8908431753260337,향후 AI 사용 예정자,향후 AI 사용 예정자,True
13945,1,1,0.890981953550148,향후 AI 사용 예정자,향후 AI 사용 예정자,True
21368,0,0,0.18217286547684347,현재 AI 사용자,현재 AI 사용자,True
33125,0,0,0.16300866222000496,현재 AI 사용자,현재 AI 사용자,True
16733,0,0,0.35653719914702736,현재 AI 사용자,현재 AI 사용자,True
37303,0,1,0.808537268557689,현재 AI 사용자,향후 AI 사용 예정자,False
13671,0,1,0.5424913022347075,현재 AI 사용자,향후 AI 사용 예정자,False
7946,1,1,0.9242671864643874,향후 AI 사용 예정자,향후 AI 사용 예정자,True
9686,1,1,0.9844500637292708,향후 AI 사용 예정자,향후 AI 사용 예정자,True
9636,0,1,0.6460697850811548,현재 AI 사용자,향후 AI 사용 예정자,False
54710,1,1,0.8781789406083571,향후 AI 사용 예정자,향후 AI 사용 예정자,True
59936,0,0,0.46568713948513263,현재 AI 사용자,현재 AI 사용자,True
5700,1,1,0.8386999468325685,향후 AI 사용 예정자,향후 AI 사용 예정자,True
20265,0,1,0.7433173715717728,현재 AI 사용자,향후 AI 사용 예정자,False
57283,0,0,0.3601079334683168,현재 AI 사용자,현재 AI 사용자,True
48919,1,0,0.49609784515808686,향후 AI 사용 예정자,현재 AI 사용자,False
22420,1,0,0.32858830060570304,향후 AI 사용 예정자,현재 AI 사용자,False
59608,1,1,0.9830439096668618,향후 AI 사용 예정자,향후 AI 사용 예정자,True
21739,1,1,0.6550957667431622,향후 AI 사용 예정자,향후 AI 사용 예정자,True
47324,1,1,0.9887297361266931,향후 AI 사용 예정자,향후 AI 사용 예정자,True
43994,1,1,0.925563547790122,향후 AI 사용 예정자,향후 AI 사용 예정자,True
10361,1,1,0.661358790605489,향후 AI 사용 예정자,향후 AI 사용 예정자,True
21385,1,1,0.7391793944063421,향후 AI 사용 예정자,향후 AI 사용 예정자,True
8765,1,1,0.9091259654855439,향후 AI 사용 예정자,향후 AI 사용 예정자,True
15744,1,0,0.4497712922256447,향후 AI 사용 예정자,현재 AI 사용자,False
19629,1,1,0.7733958984558744,향후 AI 사용 예정자,향후 AI 사용 예정자,True
57330,1,1,0.9954528668890962,향후 AI 사용 예정자,향후 AI 사용 예정자,True
9789,1,1,0.7362876235432871,향후 AI 사용 예정자,향후 AI 사용 예정자,True
47097,1,1,0.8736088199251895,향후 AI 사용 예정자,향후 AI 사용 예정자,True
30582,0,0,0.4105985273342829,현재 AI 사용자,현재 AI 사용자,True
33555,1,1,0.6649012706930731,향후 AI 사용 예정자,향후 AI 사용 예정자,True
21491,1,1,0.9167462807464051,향후 AI 사용 예정자,향후 AI 사용 예정자,True
17558,0,1,0.6251079709799028,현재 AI 사용자,향후 AI 사용 예정자,False
60359,1,1,0.9791527482288468,향후 AI 사용 예정자,향후 AI 사용 예정자,True
50106,1,1,0.5886359118137501,향후 AI 사용 예정자,향후 AI 사용 예정자,True
15922,0,0,0.4459336687077242,현재 AI 사용자,현재 AI 사용자,True
8093,0,0,0.3221534253732342,현재 AI 사용자,현재 AI 사용자,True
3482,0,0,0.44272463330362716,현재 AI 사용자,현재 AI 사용자,True
50995,0,0,0.46079111400994743,현재 AI 사용자,현재 AI 사용자,True
10849,1,1,0.8616993064301255,향후 AI 사용 예정자,향후 AI 사용 예정자,True
12629,0,0,0.27483611008870285,현재 AI 사용자,현재 AI 사용자,True
10087,1,1,0.9397185088072916,향후 AI 사용 예정자,향후 AI 사용 예정자,True
7184,0,0,0.12716195745115577,현재 AI 사용자,현재 AI 사용자,True
3438,1,1,0.814870329871861,향후 AI 사용 예정자,향후 AI 사용 예정자,True
36610,1,1,0.9863121150678466,향후 AI 사용 예정자,향후 AI 사용 예정자,True
4021,0,1,0.653325342911622,현재 AI 사용자,향후 AI 사용 예정자,False
14496,1,1,0.9012350769037629,향후 AI 사용 예정자,향후 AI 사용 예정자,True
54486,0,0,0.34496739170942464,현재 AI 사용자,현재 AI 사용자,True
20663,1,0,0.3739208733926793,향후 AI 사용 예정자,현재 AI 사용자,False
24062,1,0,0.27897865281665635,향후 AI 사용 예정자,현재 AI 사용자,False
64366,1,1,0.8225240460391893,향후 AI 사용 예정자,향후 AI 사용 예정자,True
42043,1,0,0.3990650093176261,향후 AI 사용 예정자,현재 AI 사용자,False
6006,0,1,0.6490221683639105,현재 AI 사용자,향후 AI 사용 예정자,False
27625,0,0,0.3436441616152095,현재 AI 사용자,현재 AI 사용자,True
60740,1,1,0.8582948189743411,향후 AI 사용 예정자,향후 AI 사용 예정자,True
4791,0,0,0.09065024104692689,현재 AI 사용자,현재 AI 사용자,True
49009,1,0,0.4689014774837676,향후 AI 사용 예정자,현재 AI 사용자,False
5914,0,1,0.518670540585433,현재 AI 사용자,향후 AI 사용 예정자,False
41855,1,1,0.7131471452976793,향후 AI 사용 예정자,향후 AI 사용 예정자,True
387,1,0,0.31235171047587834,향후 AI 사용 예정자,현재 AI 사용자,False
2536,1,1,0.9713932426501972,향후 AI 사용 예정자,향후 AI 사용 예정자,True
57615,1,0,0.17551078248633092,향후 AI 사용 예정자,현재 AI 사용자,False
7327,1,1,0.8556159902496836,향후 AI 사용 예정자,향후 AI 사용 예정자,True
10851,0,0,0.3105417548097049,현재 AI 사용자,현재 AI 사용자,True
26187,1,0,0.4148246023478819,향후 AI 사용 예정자,현재 AI 사용자,False
30515,1,1,0.7973911573814796,향후 AI 사용 예정자,향후 AI 사용 예정자,True
15982,0,0,0.13581982827432085,현재 AI 사용자,현재 AI 사용자,True
8324,0,0,0.21567090491737284,현재 AI 사용자,현재 AI 사용자,True
32336,1,1,0.9109767026709248,향후 AI 사용 예정자,향후 AI 사용 예정자,True
13620,1,1,0.8361952245388607,향후 AI 사용 예정자,향후 AI 사용 예정자,True
35521,1,1,0.9019174363896839,향후 AI 사용 예정자,향후 AI 사용 예정자,True
12349,0,0,0.271605363936098,현재 AI 사용자,현재 AI 사용자,True
23164,0,0,0.3565899944939058,현재 AI 사용자,현재 AI 사용자,True
60603,1,1,0.8610499075163429,향후 AI 사용 예정자,향후 AI 사용 예정자,True
9215,0,0,0.08794091070386491,현재 AI 사용자,현재 AI 사용자,True
52929,1,1,0.8983184407143633,향후 AI 사용 예정자,향후 AI 사용 예정자,True
17719,1,1,0.9562352948059455,향후 AI 사용 예정자,향후 AI 사용 예정자,True
15841,1,1,0.9150389076307889,향후 AI 사용 예정자,향후 AI 사용 예정자,True
25733,1,1,0.9246880375898033,향후 AI 사용 예정자,향후 AI 사용 예정자,True
7060,1,1,0.5302304816257067,향후 AI 사용 예정자,향후 AI 사용 예정자,True
24789,1,0,0.29656986279366704,향후 AI 사용 예정자,현재 AI 사용자,False
7736,1,1,0.9605161205643625,향후 AI 사용 예정자,향후 AI 사용 예정자,True
58006,1,0,0.495527092877865,향후 AI 사용 예정자,현재 AI 사용자,False
12484,0,0,0.18239511749868995,현재 AI 사용자,현재 AI 사용자,True
3735,0,1,0.5604126364204213,현재 AI 사용자,향후 AI 사용 예정자,False
56869,1,1,0.7517885888616956,향후 AI 사용 예정자,향후 AI 사용 예정자,True
47750,1,1,0.8812098321230071,향후 AI 사용 예정자,향후 AI 사용 예정자,True
33349,0,1,0.914751670537673,현재 AI 사용자,향후 AI 사용 예정자,False
33642,0,0,0.39911907418737863,현재 AI 사용자,현재 AI 사용자,True
7147,1,1,0.69448444612913,향후 AI 사용 예정자,향후 AI 사용 예정자,True
13002,1,1,0.5168999264456818,향후 AI 사용 예정자,향후 AI 사용 예정자,True
1168,0,1,0.7902476137856492,현재 AI 사용자,향후 AI 사용 예정자,False
35663,1,1,0.8569094830482994,향후 AI 사용 예정자,향후 AI 사용 예정자,True
12463,0,0,0.3072924518084373,현재 AI 사용자,현재 AI 사용자,True
37880,1,1,0.9104428235014661,향후 AI 사용 예정자,향후 AI 사용 예정자,True
30804,1,1,0.7914703001305483,향후 AI 사용 예정자,향후 AI 사용 예정자,True
28043,0,0,0.4569229301348329,현재 AI 사용자,현재 AI 사용자,True
36519,1,1,0.8620028178097738,향후 AI 사용 예정자,향후 AI 사용 예정자,True
45931,1,1,0.9583371729194344,향후 AI 사용 예정자,향후 AI 사용 예정자,True
38627,1,1,0.9520830083380181,향후 AI 사용 예정자,향후 AI 사용 예정자,True
53942,1,1,0.9453181321200532,향후 AI 사용 예정자,향후 AI 사용 예정자,True
21943,1,1,0.8145006566395651,향후 AI 사용 예정자,향후 AI 사용 예정자,True
47785,1,1,0.8572074181044587,향후 AI 사용 예정자,향후 AI 사용 예정자,True
36289,0,1,0.7138465269934904,현재 AI 사용자,향후 AI 사용 예정자,False
47296,0,1,0.8490441929172494,현재 AI 사용자,향후 AI 사용 예정자,False
14556,1,1,0.6967203360781878,향후 AI 사용 예정자,향후 AI 사용 예정자,True
40119,1,1,0.8017543072960908,향후 AI 사용 예정자,향후 AI 사용 예정자,True
22468,1,1,0.7891752758035481,향후 AI 사용 예정자,향후 AI 사용 예정자,True
32416,1,1,0.8226738293073467,향후 AI 사용 예정자,향후 AI 사용 예정자,True
50711,1,1,0.9688426090728406,향후 AI 사용 예정자,향후 AI 사용 예정자,True
27960,0,0,0.36540862987094525,현재 AI 사용자,현재 AI 사용자,True
12164,0,1,0.612210316263728,현재 AI 사용자,향후 AI 사용 예정자,False
44601,0,0,0.31157804922556603,현재 AI 사용자,현재 AI 사용자,True
33442,0,0,0.25089089294161054,현재 AI 사용자,현재 AI 사용자,True
27205,0,0,0.2631303030153567,현재 AI 사용자,현재 AI 사용자,True
47934,1,0,0.39114028337301127,향후 AI 사용 예정자,현재 AI 사용자,False
26276,0,1,0.9336438912070817,현재 AI 사용자,향후 AI 사용 예정자,False
43880,0,0,0.3200332718989925,현재 AI 사용자,현재 AI 사용자,True
10901,1,1,0.9427133941717275,향후 AI 사용 예정자,향후 AI 사용 예정자,True
29344,1,1,0.5936793138700146,향후 AI 사용 예정자,향후 AI 사용 예정자,True
58080,1,1,0.6064884927017247,향후 AI 사용 예정자,향후 AI 사용 예정자,True
46538,1,0,0.33191221872745824,향후 AI 사용 예정자,현재 AI 사용자,False
42343,1,1,0.7080586210145706,향후 AI 사용 예정자,향후 AI 사용 예정자,True
47804,0,0,0.09574426046465705,현재 AI 사용자,현재 AI 사용자,True
55582,1,1,0.8928799781331901,향후 AI 사용 예정자,향후 AI 사용 예정자,True
10189,1,1,0.8597565670730479,향후 AI 사용 예정자,향후 AI 사용 예정자,True
51911,0,1,0.7368145499234473,현재 AI 사용자,향후 AI 사용 예정자,False
18474,1,1,0.6759924463740065,향후 AI 사용 예정자,향후 AI 사용 예정자,True
60800,1,1,0.8353876491024462,향후 AI 사용 예정자,향후 AI 사용 예정자,True
36033,1,1,0.6042398110733103,향후 AI 사용 예정자,향후 AI 사용 예정자,True
31980,1,1,0.8268205352402462,향후 AI 사용 예정자,향후 AI 사용 예정자,True
36342,0,0,0.4147541454392893,현재 AI 사용자,현재 AI 사용자,True
650,1,1,0.7072962855382686,향후 AI 사용 예정자,향후 AI 사용 예정자,True
40947,1,1,0.9589829933339247,향후 AI 사용 예정자,향후 AI 사용 예정자,True
47154,0,0,0.24255357485867354,현재 AI 사용자,현재 AI 사용자,True
28772,0,0,0.2481900650714411,현재 AI 사용자,현재 AI 사용자,True
45003,0,0,0.44219216370215286,현재 AI 사용자,현재 AI 사용자,True
6345,1,1,0.919853307733927,향후 AI 사용 예정자,향후 AI 사용 예정자,True
10053,1,1,0.8223562228374608,향후 AI 사용 예정자,향후 AI 사용 예정자,True
57788,0,0,0.32344139740207495,현재 AI 사용자,현재 AI 사용자,True
10879,1,1,0.5631524301049949,향후 AI 사용 예정자,향후 AI 사용 예정자,True
27942,1,1,0.502351915158059,향후 AI 사용 예정자,향후 AI 사용 예정자,True
24056,0,1,0.8292039547722692,현재 AI 사용자,향후 AI 사용 예정자,False
57518,1,1,0.9241954588103213,향후 AI 사용 예정자,향후 AI 사용 예정자,True
54700,0,1,0.6325383005965164,현재 AI 사용자,향후 AI 사용 예정자,False
51764,1,1,0.6797113514425762,향후 AI 사용 예정자,향후 AI 사용 예정자,True
53356,1,1,0.8176724424801717,향후 AI 사용 예정자,향후 AI 사용 예정자,True
46801,0,0,0.4813644017878022,현재 AI 사용자,현재 AI 사용자,True
20655,0,0,0.22220581275565748,현재 AI 사용자,현재 AI 사용자,True
60749,1,1,0.8605188691695588,향후 AI 사용 예정자,향후 AI 사용 예정자,True
27776,1,1,0.9703788327970748,향후 AI 사용 예정자,향후 AI 사용 예정자,True
15931,1,1,0.6080699870388814,향후 AI 사용 예정자,향후 AI 사용 예정자,True
16883,1,0,0.22182378533505315,향후 AI 사용 예정자,현재 AI 사용자,False
37399,0,1,0.8441633924244016,현재 AI 사용자,향후 AI 사용 예정자,False
22427,1,1,0.5086200540749803,향후 AI 사용 예정자,향후 AI 사용 예정자,True
41737,1,1,0.8304510961702298,향후 AI 사용 예정자,향후 AI 사용 예정자,True
47545,0,0,0.3358561954212663,현재 AI 사용자,현재 AI 사용자,True
823,0,0,0.21569749374608044,현재 AI 사용자,현재 AI 사용자,True
46694,0,0,0.2199664089971014,현재 AI 사용자,현재 AI 사용자,True
45871,0,0,0.2419867736389422,현재 AI 사용자,현재 AI 사용자,True
8813,0,1,0.6755653159281364,현재 AI 사용자,향후 AI 사용 예정자,False
13817,0,1,0.7093814051402454,현재 AI 사용자,향후 AI 사용 예정자,False
58029,0,0,0.3865694152785033,현재 AI 사용자,현재 AI 사용자,True
22849,1,1,0.9687602972987207,향후 AI 사용 예정자,향후 AI 사용 예정자,True
47789,1,1,0.7147733147745489,향후 AI 사용 예정자,향후 AI 사용 예정자,True
44600,1,0,0.43483433260570564,향후 AI 사용 예정자,현재 AI 사용자,False
49525,1,1,0.5842303948562251,향후 AI 사용 예정자,향후 AI 사용 예정자,True
35966,0,0,0.21673812324154118,현재 AI 사용자,현재 AI 사용자,True
6951,0,0,0.32619324762308977,현재 AI 사용자,현재 AI 사용자,True
781,1,1,0.6618791952939493,향후 AI 사용 예정자,향후 AI 사용 예정자,True
29095,1,0,0.3281215258994517,향후 AI 사용 예정자,현재 AI 사용자,False
20000,1,0,0.3189837790436273,향후 AI 사용 예정자,현재 AI 사용자,False
15023,1,1,0.9329291947810322,향후 AI 사용 예정자,향후 AI 사용 예정자,True
18010,0,0,0.3586986958308983,현재 AI 사용자,현재 AI 사용자,True
40394,1,1,0.5427923968504238,향후 AI 사용 예정자,향후 AI 사용 예정자,True
52637,0,0,0.1556743707956173,현재 AI 사용자,현재 AI 사용자,True
20905,0,1,0.937329322196342,현재 AI 사용자,향후 AI 사용 예정자,False
20367,1,1,0.6221680604074137,향후 AI 사용 예정자,향후 AI 사용 예정자,True
37669,0,1,0.6177390234942439,현재 AI 사용자,향후 AI 사용 예정자,False
4679,0,1,0.7820823417626623,현재 AI 사용자,향후 AI 사용 예정자,False
31995,0,0,0.18501472907352387,현재 AI 사용자,현재 AI 사용자,True
42531,0,0,0.3446068140796711,현재 AI 사용자,현재 AI 사용자,True
48325,0,1,0.8043085777534833,현재 AI 사용자,향후 AI 사용 예정자,False
47841,1,1,0.9557681010558049,향후 AI 사용 예정자,향후 AI 사용 예정자,True
27293,1,1,0.95709992805908,향후 AI 사용 예정자,향후 AI 사용 예정자,True
18288,1,1,0.9521141440253947,향후 AI 사용 예정자,향후 AI 사용 예정자,True
62981,0,0,0.33354539292105356,현재 AI 사용자,현재 AI 사용자,True
48120,1,1,0.6229075720400771,향후 AI 사용 예정자,향후 AI 사용 예정자,True
4442,0,1,0.8138291463988464,현재 AI 사용자,향후 AI 사용 예정자,False
17881,1,0,0.19278499354093767,향후 AI 사용 예정자,현재 AI 사용자,False
10436,1,1,0.985945025828342,향후 AI 사용 예정자,향후 AI 사용 예정자,True
52992,0,0,0.2730516709660336,현재 AI 사용자,현재 AI 사용자,True
34228,1,1,0.9180768829790171,향후 AI 사용 예정자,향후 AI 사용 예정자,True
7729,1,1,0.8251267486241918,향후 AI 사용 예정자,향후 AI 사용 예정자,True
24854,0,0,0.32069988528734433,현재 AI 사용자,현재 AI 사용자,True
16062,0,0,0.37478634444281295,현재 AI 사용자,현재 AI 사용자,True
25251,1,0,0.3442113299323653,향후 AI 사용 예정자,현재 AI 사용자,False
28629,1,1,0.9882123822973576,향후 AI 사용 예정자,향후 AI 사용 예정자,True
5197,0,1,0.7202620535034946,현재 AI 사용자,향후 AI 사용 예정자,False
35199,0,0,0.40763667006380283,현재 AI 사용자,현재 AI 사용자,True
21777,1,1,0.8240786092927637,향후 AI 사용 예정자,향후 AI 사용 예정자,True
36394,1,1,0.8260577273759256,향후 AI 사용 예정자,향후 AI 사용 예정자,True
26655,0,0,0.34389699024028136,현재 AI 사용자,현재 AI 사용자,True
37770,1,1,0.5828024468119515,향후 AI 사용 예정자,향후 AI 사용 예정자,True
61113,0,1,0.5455896934555949,현재 AI 사용자,향후 AI 사용 예정자,False
11911,1,0,0.48999078896229314,향후 AI 사용 예정자,현재 AI 사용자,False
28955,1,1,0.7170759406065969,향후 AI 사용 예정자,향후 AI 사용 예정자,True
59436,1,1,0.8610499075163429,향후 AI 사용 예정자,향후 AI 사용 예정자,True
58061,1,1,0.9631692385490565,향후 AI 사용 예정자,향후 AI 사용 예정자,True
2389,0,0,0.42018733962792554,현재 AI 사용자,현재 AI 사용자,True
29081,0,0,0.2690530477806117,현재 AI 사용자,현재 AI 사용자,True
32931,1,1,0.9139982642829526,향후 AI 사용 예정자,향후 AI 사용 예정자,True
46604,0,0,0.3609947506399954,현재 AI 사용자,현재 AI 사용자,True
26927,0,0,0.4154520252281337,현재 AI 사용자,현재 AI 사용자,True
65264,1,1,0.5261309362630113,향후 AI 사용 예정자,향후 AI 사용 예정자,True
40916,0,0,0.2995018223412844,현재 AI 사용자,현재 AI 사용자,True
10042,1,1,0.5132982108348982,향후 AI 사용 예정자,향후 AI 사용 예정자,True
16256,0,0,0.2914952922194851,현재 AI 사용자,현재 AI 사용자,True
58910,1,0,0.26900991433213955,향후 AI 사용 예정자,현재 AI 사용자,False
22732,0,0,0.48998781792066753,현재 AI 사용자,현재 AI 사용자,True
11128,1,1,0.9709516313916736,향후 AI 사용 예정자,향후 AI 사용 예정자,True
24415,1,1,0.7537819930104814,향후 AI 사용 예정자,향후 AI 사용 예정자,True
41794,1,1,0.7448635966226124,향후 AI 사용 예정자,향후 AI 사용 예정자,True
55479,1,1,0.9617901679502543,향후 AI 사용 예정자,향후 AI 사용 예정자,True
18141,1,1,0.8885378594682549,향후 AI 사용 예정자,향후 AI 사용 예정자,True
65270,0,0,0.25009758337330423,현재 AI 사용자,현재 AI 사용자,True
43065,0,0,0.18228781973516356,현재 AI 사용자,현재 AI 사용자,True
35364,0,0,0.23713234427022747,현재 AI 사용자,현재 AI 사용자,True
42932,1,1,0.9080368608856905,향후 AI 사용 예정자,향후 AI 사용 예정자,True
33531,0,0,0.16476197508269408,현재 AI 사용자,현재 AI 사용자,True
21677,1,1,0.9336371174953301,향후 AI 사용 예정자,향후 AI 사용 예정자,True
31097,0,1,0.854141980875616,현재 AI 사용자,향후 AI 사용 예정자,False
11349,0,0,0.23302939159166458,현재 AI 사용자,현재 AI 사용자,True
52214,0,1,0.7575497061936864,현재 AI 사용자,향후 AI 사용 예정자,False
34073,1,1,0.7658866967062776,향후 AI 사용 예정자,향후 AI 사용 예정자,True
5454,0,0,0.19724618090521753,현재 AI 사용자,현재 AI 사용자,True
4415,1,1,0.520490934473466,향후 AI 사용 예정자,향후 AI 사용 예정자,True
34804,1,1,0.5059840908699469,향후 AI 사용 예정자,향후 AI 사용 예정자,True
16061,0,0,0.2878228742509056,현재 AI 사용자,현재 AI 사용자,True
6723,0,0,0.2311810221064708,현재 AI 사용자,현재 AI 사용자,True
50140,1,0,0.19258553163660713,향후 AI 사용 예정자,현재 AI 사용자,False
12065,0,0,0.28017022486743054,현재 AI 사용자,현재 AI 사용자,True
3375,1,1,0.7459947423579634,향후 AI 사용 예정자,향후 AI 사용 예정자,True
25527,0,0,0.12211349326101742,현재 AI 사용자,현재 AI 사용자,True
39783,1,1,0.9351014499988142,향후 AI 사용 예정자,향후 AI 사용 예정자,True
31717,1,1,0.6061505615737868,향후 AI 사용 예정자,향후 AI 사용 예정자,True
21040,0,0,0.3804752775683737,현재 AI 사용자,현재 AI 사용자,True
53770,1,0,0.38636456385628626,향후 AI 사용 예정자,현재 AI 사용자,False
17758,1,1,0.8914498120186638,향후 AI 사용 예정자,향후 AI 사용 예정자,True
33680,0,1,0.5922404334445829,현재 AI 사용자,향후 AI 사용 예정자,False
23107,0,0,0.37700004465829934,현재 AI 사용자,현재 AI 사용자,True
12358,0,0,0.19053157491894748,현재 AI 사용자,현재 AI 사용자,True
31661,0,1,0.7623234155237382,현재 AI 사용자,향후 AI 사용 예정자,False
60168,0,1,0.8508959546585495,현재 AI 사용자,향후 AI 사용 예정자,False
14095,0,1,0.7275277904964028,현재 AI 사용자,향후 AI 사용 예정자,False
45445,1,1,0.6755835424483113,향후 AI 사용 예정자,향후 AI 사용 예정자,True
36769,1,1,0.8589600559258767,향후 AI 사용 예정자,향후 AI 사용 예정자,True
20963,1,1,0.9340908327978139,향후 AI 사용 예정자,향후 AI 사용 예정자,True
37432,0,1,0.8194233789180349,현재 AI 사용자,향후 AI 사용 예정자,False
34286,1,1,0.8730483796231953,향후 AI 사용 예정자,향후 AI 사용 예정자,True
58417,0,1,0.8309840202977694,현재 AI 사용자,향후 AI 사용 예정자,False
28745,1,1,0.984842636199196,향후 AI 사용 예정자,향후 AI 사용 예정자,True
8670,1,0,0.46831112363895566,향후 AI 사용 예정자,현재 AI 사용자,False
39244,1,1,0.9833657118983109,향후 AI 사용 예정자,향후 AI 사용 예정자,True
22838,1,1,0.6093438845908496,향후 AI 사용 예정자,향후 AI 사용 예정자,True
889,1,1,0.9683429424848529,향후 AI 사용 예정자,향후 AI 사용 예정자,True
50267,0,1,0.8501375913389366,현재 AI 사용자,향후 AI 사용 예정자,False
7981,1,1,0.8061843509817778,향후 AI 사용 예정자,향후 AI 사용 예정자,True
52498,1,1,0.8563435558382373,향후 AI 사용 예정자,향후 AI 사용 예정자,True
50743,0,0,0.09978636786634534,현재 AI 사용자,현재 AI 사용자,True
43197,0,0,0.1634718655832303,현재 AI 사용자,현재 AI 사용자,True
46519,1,1,0.7392864057586532,향후 AI 사용 예정자,향후 AI 사용 예정자,True
48250,1,1,0.7448412397959167,향후 AI 사용 예정자,향후 AI 사용 예정자,True
4899,1,1,0.9812291372491156,향후 AI 사용 예정자,향후 AI 사용 예정자,True
26945,0,0,0.1555951589916451,현재 AI 사용자,현재 AI 사용자,True
2613,1,1,0.5632157321046004,향후 AI 사용 예정자,향후 AI 사용 예정자,True
35742,1,1,0.7601717120053393,향후 AI 사용 예정자,향후 AI 사용 예정자,True
34927,1,1,0.9628896976295299,향후 AI 사용 예정자,향후 AI 사용 예정자,True
40685,1,1,0.7077759293626125,향후 AI 사용 예정자,향후 AI 사용 예정자,True
2573,1,1,0.7115128427016865,향후 AI 사용 예정자,향후 AI 사용 예정자,True
26519,0,1,0.8806504720390469,현재 AI 사용자,향후 AI 사용 예정자,False
25669,0,0,0.08687498923959644,현재 AI 사용자,현재 AI 사용자,True
54388,1,1,0.6152987549179655,향후 AI 사용 예정자,향후 AI 사용 예정자,True
26294,0,1,0.5532700134623348,현재 AI 사용자,향후 AI 사용 예정자,False
40182,0,1,0.5724317962525257,현재 AI 사용자,향후 AI 사용 예정자,False
45244,1,1,0.9272620602242869,향후 AI 사용 예정자,향후 AI 사용 예정자,True
4173,1,0,0.43958985272550966,향후 AI 사용 예정자,현재 AI 사용자,False
29529,0,1,0.9155845882903537,현재 AI 사용자,향후 AI 사용 예정자,False
23538,1,0,0.3996529234153894,향후 AI 사용 예정자,현재 AI 사용자,False
53082,0,0,0.4189631380314221,현재 AI 사용자,현재 AI 사용자,True
29172,1,1,0.522113935967587,향후 AI 사용 예정자,향후 AI 사용 예정자,True
30147,0,1,0.5703659868890637,현재 AI 사용자,향후 AI 사용 예정자,False
24866,1,1,0.9378194020845458,향후 AI 사용 예정자,향후 AI 사용 예정자,True
26872,1,1,0.9480552196749708,향후 AI 사용 예정자,향후 AI 사용 예정자,True
45688,1,0,0.3341770162306768,향후 AI 사용 예정자,현재 AI 사용자,False
64320,1,1,0.8291438662833663,향후 AI 사용 예정자,향후 AI 사용 예정자,True
26884,1,1,0.7006135138797384,향후 AI 사용 예정자,향후 AI 사용 예정자,True
39727,1,1,0.7040440757435239,향후 AI 사용 예정자,향후 AI 사용 예정자,True
3242,0,0,0.19464003205653735,현재 AI 사용자,현재 AI 사용자,True
23659,0,0,0.21488921295128785,현재 AI 사용자,현재 AI 사용자,True
2885,1,1,0.867657218277155,향후 AI 사용 예정자,향후 AI 사용 예정자,True
44063,0,0,0.2216627755037355,현재 AI 사용자,현재 AI 사용자,True
29006,0,0,0.3412365934197692,현재 AI 사용자,현재 AI 사용자,True
6483,0,1,0.5533641464159341,현재 AI 사용자,향후 AI 사용 예정자,False
30915,1,1,0.811465575212576,향후 AI 사용 예정자,향후 AI 사용 예정자,True
46150,0,0,0.17554277862459453,현재 AI 사용자,현재 AI 사용자,True
22436,1,1,0.7793024618966549,향후 AI 사용 예정자,향후 AI 사용 예정자,True
42399,1,1,0.7542967188463063,향후 AI 사용 예정자,향후 AI 사용 예정자,True
38278,0,0,0.13557342289878418,현재 AI 사용자,현재 AI 사용자,True
35303,1,1,0.972798468057935,향후 AI 사용 예정자,향후 AI 사용 예정자,True
20875,1,1,0.9502832299712192,향후 AI 사용 예정자,향후 AI 사용 예정자,True
56795,1,1,0.7423379940716888,향후 AI 사용 예정자,향후 AI 사용 예정자,True
16530,1,1,0.9138514039043495,향후 AI 사용 예정자,향후 AI 사용 예정자,True
4159,1,1,0.8211443466500088,향후 AI 사용 예정자,향후 AI 사용 예정자,True
39755,1,1,0.5567367439234501,향후 AI 사용 예정자,향후 AI 사용 예정자,True
39685,0,1,0.7144542030675457,현재 AI 사용자,향후 AI 사용 예정자,False
48166,0,0,0.3891138812546424,현재 AI 사용자,현재 AI 사용자,True
23513,1,1,0.7581900403335641,향후 AI 사용 예정자,향후 AI 사용 예정자,True
16796,0,1,0.7135988124246476,현재 AI 사용자,향후 AI 사용 예정자,False
31895,0,0,0.4744728218954217,현재 AI 사용자,현재 AI 사용자,True
13557,0,0,0.20296466215766049,현재 AI 사용자,현재 AI 사용자,True
27080,0,0,0.21898129785154236,현재 AI 사용자,현재 AI 사용자,True
38183,1,0,0.4404984037284446,향후 AI 사용 예정자,현재 AI 사용자,False
4561,1,0,0.3470599510876282,향후 AI 사용 예정자,현재 AI 사용자,False
38312,1,1,0.901972417431856,향후 AI 사용 예정자,향후 AI 사용 예정자,True
12608,1,1,0.5035734646120826,향후 AI 사용 예정자,향후 AI 사용 예정자,True
17433,1,0,0.2952053010456428,향후 AI 사용 예정자,현재 AI 사용자,False
31402,0,1,0.7553255665886769,현재 AI 사용자,향후 AI 사용 예정자,False
37198,0,0,0.12758911287726107,현재 AI 사용자,현재 AI 사용자,True
21983,1,1,0.8664617772723044,향후 AI 사용 예정자,향후 AI 사용 예정자,True
29292,0,0,0.4747533574836625,현재 AI 사용자,현재 AI 사용자,True
22444,0,0,0.27585429467707556,현재 AI 사용자,현재 AI 사용자,True
23023,0,0,0.1785480538528773,현재 AI 사용자,현재 AI 사용자,True
63096,1,1,0.8648909909154895,향후 AI 사용 예정자,향후 AI 사용 예정자,True
29435,1,1,0.9047230547754331,향후 AI 사용 예정자,향후 AI 사용 예정자,True
2090,0,0,0.17794067326126037,현재 AI 사용자,현재 AI 사용자,True
30981,1,0,0.3129191457072663,향후 AI 사용 예정자,현재 AI 사용자,False
33258,1,1,0.9605250687831106,향후 AI 사용 예정자,향후 AI 사용 예정자,True
63079,0,0,0.28611096767697597,현재 AI 사용자,현재 AI 사용자,True
33663,0,1,0.6636898322080749,현재 AI 사용자,향후 AI 사용 예정자,False
2072,0,0,0.08114572908317258,현재 AI 사용자,현재 AI 사용자,True
16679,1,1,0.8493345970645957,향후 AI 사용 예정자,향후 AI 사용 예정자,True
65137,1,1,0.9320368230284116,향후 AI 사용 예정자,향후 AI 사용 예정자,True
57578,0,0,0.3059476324091578,현재 AI 사용자,현재 AI 사용자,True
628,1,0,0.3913672365677499,향후 AI 사용 예정자,현재 AI 사용자,False
38264,1,0,0.4653011268034011,향후 AI 사용 예정자,현재 AI 사용자,False
56145,1,1,0.6915705222102437,향후 AI 사용 예정자,향후 AI 사용 예정자,True
62197,1,1,0.8748188116874537,향후 AI 사용 예정자,향후 AI 사용 예정자,True
22627,1,0,0.3472396642518381,향후 AI 사용 예정자,현재 AI 사용자,False
29001,1,1,0.8853156471377245,향후 AI 사용 예정자,향후 AI 사용 예정자,True
14653,1,0,0.1578523991171653,향후 AI 사용 예정자,현재 AI 사용자,False
51553,1,1,0.9875067432957462,향후 AI 사용 예정자,향후 AI 사용 예정자,True
39153,1,1,0.6853576875932896,향후 AI 사용 예정자,향후 AI 사용 예정자,True
3881,1,1,0.9418761639545205,향후 AI 사용 예정자,향후 AI 사용 예정자,True
11001,0,1,0.5721314753794875,현재 AI 사용자,향후 AI 사용 예정자,False
33218,0,0,0.3076362614889562,현재 AI 사용자,현재 AI 사용자,True
46172,0,0,0.415565238045948,현재 AI 사용자,현재 AI 사용자,True
18084,1,1,0.991102605270381,향후 AI 사용 예정자,향후 AI 사용 예정자,True
28877,1,1,0.585452240583877,향후 AI 사용 예정자,향후 AI 사용 예정자,True
54792,1,1,0.5937145282865413,향후 AI 사용 예정자,향후 AI 사용 예정자,True
36773,0,1,0.7373661494239642,현재 AI 사용자,향후 AI 사용 예정자,False
60488,0,1,0.6211014442561065,현재 AI 사용자,향후 AI 사용 예정자,False
7291,1,1,0.8737389079848756,향후 AI 사용 예정자,향후 AI 사용 예정자,True
25836,1,1,0.9718802054305545,향후 AI 사용 예정자,향후 AI 사용 예정자,True
36368,1,1,0.9718575644598904,향후 AI 사용 예정자,향후 AI 사용 예정자,True
25005,0,1,0.5025436228757626,현재 AI 사용자,향후 AI 사용 예정자,False
57951,1,1,0.9235743556433312,향후 AI 사용 예정자,향후 AI 사용 예정자,True
50564,1,1,0.6867046979675971,향후 AI 사용 예정자,향후 AI 사용 예정자,True
46013,0,0,0.22390215722777979,현재 AI 사용자,현재 AI 사용자,True
31216,1,1,0.8963912283249563,향후 AI 사용 예정자,향후 AI 사용 예정자,True
44241,0,1,0.8128759001725003,현재 AI 사용자,향후 AI 사용 예정자,False
36691,0,1,0.7031735499684801,현재 AI 사용자,향후 AI 사용 예정자,False
1902,1,1,0.9526407678755816,향후 AI 사용 예정자,향후 AI 사용 예정자,True
58331,1,0,0.19214864524093908,향후 AI 사용 예정자,현재 AI 사용자,False
27140,1,1,0.9067945386373507,향후 AI 사용 예정자,향후 AI 사용 예정자,True
34128,1,1,0.9490141056782737,향후 AI 사용 예정자,향후 AI 사용 예정자,True
33641,1,1,0.8949171435510459,향후 AI 사용 예정자,향후 AI 사용 예정자,True
1906,1,1,0.9187479968433032,향후 AI 사용 예정자,향후 AI 사용 예정자,True
43038,1,1,0.9342480129209633,향후 AI 사용 예정자,향후 AI 사용 예정자,True
15198,1,1,0.9927326332418541,향후 AI 사용 예정자,향후 AI 사용 예정자,True
37910,0,1,0.9568154773060488,현재 AI 사용자,향후 AI 사용 예정자,False
21648,1,1,0.8197386213231458,향후 AI 사용 예정자,향후 AI 사용 예정자,True
60764,1,1,0.7998027171453673,향후 AI 사용 예정자,향후 AI 사용 예정자,True
38878,1,1,0.914290463494268,향후 AI 사용 예정자,향후 AI 사용 예정자,True
4648,0,1,0.5040229800081106,현재 AI 사용자,향후 AI 사용 예정자,False
8499,1,1,0.8203250684418333,향후 AI 사용 예정자,향후 AI 사용 예정자,True
18830,0,0,0.24462920968655688,현재 AI 사용자,현재 AI 사용자,True
44124,0,1,0.5590203386606679,현재 AI 사용자,향후 AI 사용 예정자,False
45724,0,1,0.6590644218799231,현재 AI 사용자,향후 AI 사용 예정자,False
45495,1,1,0.5913277958254602,향후 AI 사용 예정자,향후 AI 사용 예정자,True
2094,0,0,0.45530617986700467,현재 AI 사용자,현재 AI 사용자,True
36009,1,1,0.9611677433150357,향후 AI 사용 예정자,향후 AI 사용 예정자,True
15030,1,1,0.9632202582980077,향후 AI 사용 예정자,향후 AI 사용 예정자,True
48615,1,1,0.8714380839356718,향후 AI 사용 예정자,향후 AI 사용 예정자,True
55578,1,1,0.9940075036957282,향후 AI 사용 예정자,향후 AI 사용 예정자,True
46968,0,1,0.8679383513164581,현재 AI 사용자,향후 AI 사용 예정자,False
421,1,1,0.5055137645190447,향후 AI 사용 예정자,향후 AI 사용 예정자,True
32537,0,0,0.29332379169446077,현재 AI 사용자,현재 AI 사용자,True
26602,1,1,0.9253155677848003,향후 AI 사용 예정자,향후 AI 사용 예정자,True
5023,0,1,0.6276616959201093,현재 AI 사용자,향후 AI 사용 예정자,False
37631,1,0,0.20372552393710586,향후 AI 사용 예정자,현재 AI 사용자,False
56570,0,1,0.540103137405763,현재 AI 사용자,향후 AI 사용 예정자,False
24750,0,0,0.25606138792347094,현재 AI 사용자,현재 AI 사용자,True
185,1,1,0.9796636779386005,향후 AI 사용 예정자,향후 AI 사용 예정자,True
18,0,1,0.706873814279051,현재 AI 사용자,향후 AI 사용 예정자,False
4696,1,1,0.9676178309948741,향후 AI 사용 예정자,향후 AI 사용 예정자,True
47416,0,1,0.9081768475056247,현재 AI 사용자,향후 AI 사용 예정자,False
51364,0,0,0.46143419656236806,현재 AI 사용자,현재 AI 사용자,True
19228,1,0,0.39597490372251326,향후 AI 사용 예정자,현재 AI 사용자,False
36714,0,1,0.504285462709341,현재 AI 사용자,향후 AI 사용 예정자,False
36924,0,1,0.8643852859925686,현재 AI 사용자,향후 AI 사용 예정자,False
43163,1,1,0.8533996017782962,향후 AI 사용 예정자,향후 AI 사용 예정자,True
48662,1,1,0.8446449533412843,향후 AI 사용 예정자,향후 AI 사용 예정자,True
423,1,1,0.9557627070093383,향후 AI 사용 예정자,향후 AI 사용 예정자,True
16917,1,1,0.8561453603498137,향후 AI 사용 예정자,향후 AI 사용 예정자,True
46484,1,1,0.9962379752833528,향후 AI 사용 예정자,향후 AI 사용 예정자,True
26845,1,0,0.4567428361128288,향후 AI 사용 예정자,현재 AI 사용자,False
31443,1,1,0.7549952626927157,향후 AI 사용 예정자,향후 AI 사용 예정자,True
48197,0,0,0.4110031163848191,현재 AI 사용자,현재 AI 사용자,True
54841,1,1,0.8891109589696317,향후 AI 사용 예정자,향후 AI 사용 예정자,True
47455,1,1,0.7341480368223224,향후 AI 사용 예정자,향후 AI 사용 예정자,True
48945,1,1,0.6141494855495027,향후 AI 사용 예정자,향후 AI 사용 예정자,True
53910,0,1,0.5409427368654465,현재 AI 사용자,향후 AI 사용 예정자,False
14165,1,0,0.3874640124743098,향후 AI 사용 예정자,현재 AI 사용자,False
16064,0,0,0.2868490396531299,현재 AI 사용자,현재 AI 사용자,True
15635,1,1,0.818125381573383,향후 AI 사용 예정자,향후 AI 사용 예정자,True
40660,1,0,0.359435263225118,향후 AI 사용 예정자,현재 AI 사용자,False
4023,1,1,0.8596463733996516,향후 AI 사용 예정자,향후 AI 사용 예정자,True
4824,1,1,0.8593412423213052,향후 AI 사용 예정자,향후 AI 사용 예정자,True
33951,0,0,0.10714510509885113,현재 AI 사용자,현재 AI 사용자,True
14799,0,0,0.33603415831014866,현재 AI 사용자,현재 AI 사용자,True
672,1,1,0.8014194549680508,향후 AI 사용 예정자,향후 AI 사용 예정자,True
14283,1,1,0.8728466857568017,향후 AI 사용 예정자,향후 AI 사용 예정자,True
38164,1,1,0.997652562362309,향후 AI 사용 예정자,향후 AI 사용 예정자,True
9367,0,0,0.3167310073437778,현재 AI 사용자,현재 AI 사용자,True
56885,0,0,0.17476966634733088,현재 AI 사용자,현재 AI 사용자,True
29967,1,1,0.9709695052813817,향후 AI 사용 예정자,향후 AI 사용 예정자,True
5091,0,0,0.38763928699320277,현재 AI 사용자,현재 AI 사용자,True
28253,1,1,0.998497104931636,향후 AI 사용 예정자,향후 AI 사용 예정자,True
64080,1,1,0.9291553087449987,향후 AI 사용 예정자,향후 AI 사용 예정자,True
50755,1,1,0.7495116682901651,향후 AI 사용 예정자,향후 AI 사용 예정자,True
26387,1,1,0.9888590398932021,향후 AI 사용 예정자,향후 AI 사용 예정자,True
52317,0,1,0.5761779692866622,현재 AI 사용자,향후 AI 사용 예정자,False
1246,0,0,0.21756855849048862,현재 AI 사용자,현재 AI 사용자,True
61095,1,1,0.825768723882829,향후 AI 사용 예정자,향후 AI 사용 예정자,True
28818,1,1,0.8343786262604725,향후 AI 사용 예정자,향후 AI 사용 예정자,True
60089,1,0,0.294666387515827,향후 AI 사용 예정자,현재 AI 사용자,False
30094,1,1,0.935331496625053,향후 AI 사용 예정자,향후 AI 사용 예정자,True
48791,1,1,0.5958209143208105,향후 AI 사용 예정자,향후 AI 사용 예정자,True
34159,0,1,0.6095740921165627,현재 AI 사용자,향후 AI 사용 예정자,False
53324,0,0,0.32168408443734553,현재 AI 사용자,현재 AI 사용자,True
13874,1,1,0.9205403780330924,향후 AI 사용 예정자,향후 AI 사용 예정자,True
56328,0,0,0.3325470549876136,현재 AI 사용자,현재 AI 사용자,True
17090,1,1,0.8645527522655403,향후 AI 사용 예정자,향후 AI 사용 예정자,True
20818,1,1,0.5742857399898564,향후 AI 사용 예정자,향후 AI 사용 예정자,True
19908,1,1,0.960242493885041,향후 AI 사용 예정자,향후 AI 사용 예정자,True
51415,1,1,0.8036849058441923,향후 AI 사용 예정자,향후 AI 사용 예정자,True
22889,0,0,0.49914256767584425,현재 AI 사용자,현재 AI 사용자,True
36503,0,0,0.24406823677290349,현재 AI 사용자,현재 AI 사용자,True
17787,1,1,0.9080035916258123,향후 AI 사용 예정자,향후 AI 사용 예정자,True
62240,1,1,0.8708269368627027,향후 AI 사용 예정자,향후 AI 사용 예정자,True
36511,1,1,0.9350677628066083,향후 AI 사용 예정자,향후 AI 사용 예정자,True
64658,0,0,0.3635886059926798,현재 AI 사용자,현재 AI 사용자,True
44832,0,0,0.1282326404994906,현재 AI 사용자,현재 AI 사용자,True
23714,0,0,0.26098350708425333,현재 AI 사용자,현재 AI 사용자,True
36828,0,0,0.19407270737894697,현재 AI 사용자,현재 AI 사용자,True
1615,1,1,0.9619991474306766,향후 AI 사용 예정자,향후 AI 사용 예정자,True
51667,1,1,0.5533105114493263,향후 AI 사용 예정자,향후 AI 사용 예정자,True
20154,1,1,0.8933051501349352,향후 AI 사용 예정자,향후 AI 사용 예정자,True
32155,1,1,0.726369976769847,향후 AI 사용 예정자,향후 AI 사용 예정자,True
32659,1,1,0.5159563159268414,향후 AI 사용 예정자,향후 AI 사용 예정자,True
58554,0,1,0.5503802119012224,현재 AI 사용자,향후 AI 사용 예정자,False
46260,1,1,0.5261887873039995,향후 AI 사용 예정자,향후 AI 사용 예정자,True
21033,1,1,0.9906826106622957,향후 AI 사용 예정자,향후 AI 사용 예정자,True
62104,0,0,0.3195096283728902,현재 AI 사용자,현재 AI 사용자,True
1510,1,1,0.8105820524607958,향후 AI 사용 예정자,향후 AI 사용 예정자,True
21838,0,0,0.09892508448978224,현재 AI 사용자,현재 AI 사용자,True
35584,1,1,0.902991132833976,향후 AI 사용 예정자,향후 AI 사용 예정자,True
14525,1,1,0.578513610825071,향후 AI 사용 예정자,향후 AI 사용 예정자,True
8533,1,0,0.31881261209610257,향후 AI 사용 예정자,현재 AI 사용자,False
26322,0,0,0.445991041254972,현재 AI 사용자,현재 AI 사용자,True
28110,1,1,0.6185459785379791,향후 AI 사용 예정자,향후 AI 사용 예정자,True
31310,0,0,0.20445609695603173,현재 AI 사용자,현재 AI 사용자,True
39532,1,1,0.9421504455779942,향후 AI 사용 예정자,향후 AI 사용 예정자,True
62517,1,1,0.9042374158083679,향후 AI 사용 예정자,향후 AI 사용 예정자,True
65067,0,0,0.21281822297536415,현재 AI 사용자,현재 AI 사용자,True
56148,1,1,0.9681938289036828,향후 AI 사용 예정자,향후 AI 사용 예정자,True
36051,1,1,0.9775801357431555,향후 AI 사용 예정자,향후 AI 사용 예정자,True
2160,0,0,0.4251070858809866,현재 AI 사용자,현재 AI 사용자,True
45553,1,1,0.9304239760990308,향후 AI 사용 예정자,향후 AI 사용 예정자,True
28856,1,0,0.40904719437667914,향후 AI 사용 예정자,현재 AI 사용자,False
39451,1,1,0.8392839435536439,향후 AI 사용 예정자,향후 AI 사용 예정자,True
21565,1,1,0.9511693316463462,향후 AI 사용 예정자,향후 AI 사용 예정자,True
9400,0,0,0.4665212811670164,현재 AI 사용자,현재 AI 사용자,True
22399,1,1,0.9476793566292098,향후 AI 사용 예정자,향후 AI 사용 예정자,True
37145,0,0,0.33079224172694777,현재 AI 사용자,현재 AI 사용자,True
10127,0,1,0.5468492225152574,현재 AI 사용자,향후 AI 사용 예정자,False
22525,1,0,0.4862851545064149,향후 AI 사용 예정자,현재 AI 사용자,False
25315,0,0,0.45355738098846016,현재 AI 사용자,현재 AI 사용자,True
10648,0,0,0.2150715847249045,현재 AI 사용자,현재 AI 사용자,True
4844,1,1,0.7181542816660503,향후 AI 사용 예정자,향후 AI 사용 예정자,True
20214,0,1,0.5409232311928388,현재 AI 사용자,향후 AI 사용 예정자,False
55260,0,0,0.2422154797928087,현재 AI 사용자,현재 AI 사용자,True
34945,1,1,0.7635759938753905,향후 AI 사용 예정자,향후 AI 사용 예정자,True
64698,1,1,0.7621422013648781,향후 AI 사용 예정자,향후 AI 사용 예정자,True
63808,1,1,0.8962367478376746,향후 AI 사용 예정자,향후 AI 사용 예정자,True
43308,1,0,0.2306836066933422,향후 AI 사용 예정자,현재 AI 사용자,False
32113,0,0,0.4575321099021966,현재 AI 사용자,현재 AI 사용자,True
32779,1,1,0.9295122438058355,향후 AI 사용 예정자,향후 AI 사용 예정자,True
6648,1,0,0.41212068011231534,향후 AI 사용 예정자,현재 AI 사용자,False
26933,1,1,0.9416046406460694,향후 AI 사용 예정자,향후 AI 사용 예정자,True
25700,0,1,0.6545821634036489,현재 AI 사용자,향후 AI 사용 예정자,False
17958,0,0,0.05824717253810934,현재 AI 사용자,현재 AI 사용자,True
27443,0,1,0.6299601567337915,현재 AI 사용자,향후 AI 사용 예정자,False
46511,1,1,0.5680982673635877,향후 AI 사용 예정자,향후 AI 사용 예정자,True
29009,1,1,0.9686367355336982,향후 AI 사용 예정자,향후 AI 사용 예정자,True
15665,1,0,0.14381095201009217,향후 AI 사용 예정자,현재 AI 사용자,False
64887,1,0,0.4827331029219729,향후 AI 사용 예정자,현재 AI 사용자,False
51639,1,1,0.9260470173436768,향후 AI 사용 예정자,향후 AI 사용 예정자,True
54402,1,1,0.7704428031683654,향후 AI 사용 예정자,향후 AI 사용 예정자,True
47707,1,1,0.6170100123945251,향후 AI 사용 예정자,향후 AI 사용 예정자,True
661,1,0,0.33871034359715685,향후 AI 사용 예정자,현재 AI 사용자,False
39979,1,1,0.7297750221519017,향후 AI 사용 예정자,향후 AI 사용 예정자,True
17537,1,1,0.8154636552626735,향후 AI 사용 예정자,향후 AI 사용 예정자,True
54106,0,1,0.5422987374351991,현재 AI 사용자,향후 AI 사용 예정자,False
22602,1,1,0.7124031538846766,향후 AI 사용 예정자,향후 AI 사용 예정자,True
11583,0,0,0.1437709385351286,현재 AI 사용자,현재 AI 사용자,True
60563,1,1,0.9334559682355176,향후 AI 사용 예정자,향후 AI 사용 예정자,True
32445,1,1,0.9911120419504602,향후 AI 사용 예정자,향후 AI 사용 예정자,True
17385,1,1,0.8741962104519123,향후 AI 사용 예정자,향후 AI 사용 예정자,True
31545,0,0,0.34460219831913963,현재 AI 사용자,현재 AI 사용자,True
50401,1,1,0.7247281758618898,향후 AI 사용 예정자,향후 AI 사용 예정자,True
52887,1,1,0.9037184490682839,향후 AI 사용 예정자,향후 AI 사용 예정자,True
35299,1,1,0.890724048307773,향후 AI 사용 예정자,향후 AI 사용 예정자,True
50900,1,1,0.8153872672917284,향후 AI 사용 예정자,향후 AI 사용 예정자,True
32212,0,0,0.25724340588917616,현재 AI 사용자,현재 AI 사용자,True
34202,1,1,0.9911106762491451,향후 AI 사용 예정자,향후 AI 사용 예정자,True
11769,1,1,0.801415879171977,향후 AI 사용 예정자,향후 AI 사용 예정자,True
25021,1,0,0.2278189721023193,향후 AI 사용 예정자,현재 AI 사용자,False
10895,1,0,0.44522248231414907,향후 AI 사용 예정자,현재 AI 사용자,False
34081,0,0,0.225949571798984,현재 AI 사용자,현재 AI 사용자,True
30684,1,1,0.6395448612969366,향후 AI 사용 예정자,향후 AI 사용 예정자,True
10831,1,1,0.9927417687209621,향후 AI 사용 예정자,향후 AI 사용 예정자,True
6300,0,0,0.274500649181095,현재 AI 사용자,현재 AI 사용자,True
3922,1,1,0.7938001669700137,향후 AI 사용 예정자,향후 AI 사용 예정자,True
18819,1,1,0.9221382905360792,향후 AI 사용 예정자,향후 AI 사용 예정자,True
53417,1,1,0.6684687267362392,향후 AI 사용 예정자,향후 AI 사용 예정자,True
40301,0,0,0.09054526197561064,현재 AI 사용자,현재 AI 사용자,True
49237,1,0,0.4591370904283483,향후 AI 사용 예정자,현재 AI 사용자,False
29671,1,0,0.45773688336807383,향후 AI 사용 예정자,현재 AI 사용자,False
9014,1,0,0.4799446674550449,향후 AI 사용 예정자,현재 AI 사용자,False
35979,0,0,0.27015658644656687,현재 AI 사용자,현재 AI 사용자,True
55222,0,1,0.7553330497041069,현재 AI 사용자,향후 AI 사용 예정자,False
1302,0,0,0.47562156341012496,현재 AI 사용자,현재 AI 사용자,True
9079,0,1,0.6832610068877621,현재 AI 사용자,향후 AI 사용 예정자,False
42079,1,1,0.6864884428072955,향후 AI 사용 예정자,향후 AI 사용 예정자,True
52738,1,1,0.882152879370824,향후 AI 사용 예정자,향후 AI 사용 예정자,True
33004,1,0,0.35540956253256395,향후 AI 사용 예정자,현재 AI 사용자,False
17354,1,1,0.6403635911514549,향후 AI 사용 예정자,향후 AI 사용 예정자,True
49983,1,1,0.9308416512405857,향후 AI 사용 예정자,향후 AI 사용 예정자,True
1895,0,1,0.6230025301404247,현재 AI 사용자,향후 AI 사용 예정자,False
38777,0,0,0.26159627500989296,현재 AI 사용자,현재 AI 사용자,True
41068,1,1,0.9533779180997874,향후 AI 사용 예정자,향후 AI 사용 예정자,True
28814,0,1,0.9004042701504135,현재 AI 사용자,향후 AI 사용 예정자,False
24791,1,1,0.7223053180484964,향후 AI 사용 예정자,향후 AI 사용 예정자,True
27714,1,1,0.6367698376860077,향후 AI 사용 예정자,향후 AI 사용 예정자,True
49892,0,0,0.34600146441359986,현재 AI 사용자,현재 AI 사용자,True
34825,0,0,0.32282343512664685,현재 AI 사용자,현재 AI 사용자,True
25867,1,1,0.7643116065342807,향후 AI 사용 예정자,향후 AI 사용 예정자,True
3785,1,1,0.9662460347208333,향후 AI 사용 예정자,향후 AI 사용 예정자,True
65043,1,1,0.8543374393885179,향후 AI 사용 예정자,향후 AI 사용 예정자,True
45726,1,0,0.33421485583126825,향후 AI 사용 예정자,현재 AI 사용자,False
32028,0,0,0.26141862943473965,현재 AI 사용자,현재 AI 사용자,True
25055,1,1,0.9819538108846312,향후 AI 사용 예정자,향후 AI 사용 예정자,True
448,0,0,0.3738012784170591,현재 AI 사용자,현재 AI 사용자,True
9744,0,1,0.5806891676485603,현재 AI 사용자,향후 AI 사용 예정자,False
51987,0,0,0.460402323036113,현재 AI 사용자,현재 AI 사용자,True
8767,1,0,0.33081820926363636,향후 AI 사용 예정자,현재 AI 사용자,False
37081,1,0,0.2375619573470974,향후 AI 사용 예정자,현재 AI 사용자,False
17588,0,0,0.09660286672529306,현재 AI 사용자,현재 AI 사용자,True
48327,1,0,0.4715160801932705,향후 AI 사용 예정자,현재 AI 사용자,False
49735,1,1,0.8581156282616464,향후 AI 사용 예정자,향후 AI 사용 예정자,True
32956,0,1,0.5405803587878071,현재 AI 사용자,향후 AI 사용 예정자,False
11959,0,1,0.9105698979264397,현재 AI 사용자,향후 AI 사용 예정자,False
46944,0,0,0.4207896522521242,현재 AI 사용자,현재 AI 사용자,True
32963,1,0,0.45431105980194325,향후 AI 사용 예정자,현재 AI 사용자,False
13995,1,1,0.5228297993303974,향후 AI 사용 예정자,향후 AI 사용 예정자,True
29652,1,1,0.8750471916025461,향후 AI 사용 예정자,향후 AI 사용 예정자,True
40986,1,1,0.8761481706574415,향후 AI 사용 예정자,향후 AI 사용 예정자,True
53148,0,1,0.8524992740811886,현재 AI 사용자,향후 AI 사용 예정자,False
29378,1,0,0.3560051838929273,향후 AI 사용 예정자,현재 AI 사용자,False
15462,0,1,0.7955613204694547,현재 AI 사용자,향후 AI 사용 예정자,False
61793,1,1,0.702875137933183,향후 AI 사용 예정자,향후 AI 사용 예정자,True
24963,1,1,0.8721103779628853,향후 AI 사용 예정자,향후 AI 사용 예정자,True
1577,0,1,0.5140328470118419,현재 AI 사용자,향후 AI 사용 예정자,False
12136,1,1,0.9474448403615222,향후 AI 사용 예정자,향후 AI 사용 예정자,True
18328,1,1,0.9974024182602851,향후 AI 사용 예정자,향후 AI 사용 예정자,True
61872,1,1,0.6846063040825572,향후 AI 사용 예정자,향후 AI 사용 예정자,True
60659,1,1,0.899422184015744,향후 AI 사용 예정자,향후 AI 사용 예정자,True
17618,1,1,0.9741477690490555,향후 AI 사용 예정자,향후 AI 사용 예정자,True
10084,0,1,0.6138739605194045,현재 AI 사용자,향후 AI 사용 예정자,False
21930,0,1,0.5838713334042042,현재 AI 사용자,향후 AI 사용 예정자,False
15871,1,1,0.9471222118952591,향후 AI 사용 예정자,향후 AI 사용 예정자,True
55958,0,1,0.7662596061978506,현재 AI 사용자,향후 AI 사용 예정자,False
4437,1,1,0.8375136474208917,향후 AI 사용 예정자,향후 AI 사용 예정자,True
7571,1,1,0.7826816249249471,향후 AI 사용 예정자,향후 AI 사용 예정자,True
6180,0,1,0.5703979866460157,현재 AI 사용자,향후 AI 사용 예정자,False
39484,1,0,0.4988236114368035,향후 AI 사용 예정자,현재 AI 사용자,False
32188,1,1,0.5931862803630673,향후 AI 사용 예정자,향후 AI 사용 예정자,True
23748,0,0,0.3852523490226112,현재 AI 사용자,현재 AI 사용자,True
47513,0,0,0.13702452567809179,현재 AI 사용자,현재 AI 사용자,True
21792,1,1,0.9333111699038512,향후 AI 사용 예정자,향후 AI 사용 예정자,True
3907,1,1,0.8806579385798073,향후 AI 사용 예정자,향후 AI 사용 예정자,True
33217,1,1,0.7646647835160004,향후 AI 사용 예정자,향후 AI 사용 예정자,True
64018,1,1,0.872870859931896,향후 AI 사용 예정자,향후 AI 사용 예정자,True
52181,1,1,0.8640786196527106,향후 AI 사용 예정자,향후 AI 사용 예정자,True
18923,0,0,0.26714610426961455,현재 AI 사용자,현재 AI 사용자,True
43076,1,1,0.9531547591593417,향후 AI 사용 예정자,향후 AI 사용 예정자,True
36570,1,1,0.915028114509752,향후 AI 사용 예정자,향후 AI 사용 예정자,True
59221,0,0,0.39972771182822614,현재 AI 사용자,현재 AI 사용자,True
10003,0,1,0.7148317603538488,현재 AI 사용자,향후 AI 사용 예정자,False
29867,0,0,0.2842940689765687,현재 AI 사용자,현재 AI 사용자,True
44244,0,1,0.8522507333516425,현재 AI 사용자,향후 AI 사용 예정자,False
40806,1,1,0.6066451142716163,향후 AI 사용 예정자,향후 AI 사용 예정자,True
54333,1,1,0.9310230067092794,향후 AI 사용 예정자,향후 AI 사용 예정자,True
42509,0,0,0.18062642888739774,현재 AI 사용자,현재 AI 사용자,True
32263,1,0,0.26262111836375035,향후 AI 사용 예정자,현재 AI 사용자,False
33955,0,0,0.19039853263758014,현재 AI 사용자,현재 AI 사용자,True
27870,1,1,0.8953619897194129,향후 AI 사용 예정자,향후 AI 사용 예정자,True
53705,1,1,0.8482557468400322,향후 AI 사용 예정자,향후 AI 사용 예정자,True
37041,0,0,0.1171241884587908,현재 AI 사용자,현재 AI 사용자,True
24687,0,1,0.6510441112535702,현재 AI 사용자,향후 AI 사용 예정자,False
19112,1,0,0.4940781760186931,향후 AI 사용 예정자,현재 AI 사용자,False
19497,0,1,0.5278082152517443,현재 AI 사용자,향후 AI 사용 예정자,False
40356,1,0,0.21529263816505614,향후 AI 사용 예정자,현재 AI 사용자,False
56415,1,1,0.7783991870737087,향후 AI 사용 예정자,향후 AI 사용 예정자,True
9994,1,1,0.9900684003005513,향후 AI 사용 예정자,향후 AI 사용 예정자,True
50016,1,1,0.7509958736403776,향후 AI 사용 예정자,향후 AI 사용 예정자,True
20890,1,1,0.7363571372386797,향후 AI 사용 예정자,향후 AI 사용 예정자,True
29408,1,0,0.3078955760719817,향후 AI 사용 예정자,현재 AI 사용자,False
44380,1,0,0.3792671130410428,향후 AI 사용 예정자,현재 AI 사용자,False
7846,1,1,0.5759005070457486,향후 AI 사용 예정자,향후 AI 사용 예정자,True
31096,0,1,0.786129964710988,현재 AI 사용자,향후 AI 사용 예정자,False
18930,1,0,0.41218156074126394,향후 AI 사용 예정자,현재 AI 사용자,False
10490,1,1,0.9857924948463231,향후 AI 사용 예정자,향후 AI 사용 예정자,True
42016,0,0,0.41334317047803576,현재 AI 사용자,현재 AI 사용자,True
40031,1,1,0.98781931172064,향후 AI 사용 예정자,향후 AI 사용 예정자,True
24164,1,1,0.8527085540790296,향후 AI 사용 예정자,향후 AI 사용 예정자,True
62441,0,1,0.833262562574743,현재 AI 사용자,향후 AI 사용 예정자,False
64445,1,1,0.8543374393885179,향후 AI 사용 예정자,향후 AI 사용 예정자,True
55300,0,0,0.23383295504618384,현재 AI 사용자,현재 AI 사용자,True
606,1,1,0.9227907052715257,향후 AI 사용 예정자,향후 AI 사용 예정자,True
31943,1,1,0.610458140184236,향후 AI 사용 예정자,향후 AI 사용 예정자,True
12336,0,0,0.12944227918185888,현재 AI 사용자,현재 AI 사용자,True
26177,0,0,0.10879712149395548,현재 AI 사용자,현재 AI 사용자,True
57005,0,0,0.1258121537659142,현재 AI 사용자,현재 AI 사용자,True
9418,1,1,0.7503709209253429,향후 AI 사용 예정자,향후 AI 사용 예정자,True
52872,0,0,0.26876275757359536,현재 AI 사용자,현재 AI 사용자,True
58711,1,0,0.3628457564001438,향후 AI 사용 예정자,현재 AI 사용자,False
18448,1,1,0.7829745363635787,향후 AI 사용 예정자,향후 AI 사용 예정자,True
10110,1,0,0.38914522880583857,향후 AI 사용 예정자,현재 AI 사용자,False
37942,1,1,0.9920142024885169,향후 AI 사용 예정자,향후 AI 사용 예정자,True
16516,1,1,0.9322604654636094,향후 AI 사용 예정자,향후 AI 사용 예정자,True
46356,0,0,0.399209226537804,현재 AI 사용자,현재 AI 사용자,True
15764,1,1,0.7951847711118328,향후 AI 사용 예정자,향후 AI 사용 예정자,True
59878,1,1,0.8177883336056643,향후 AI 사용 예정자,향후 AI 사용 예정자,True
8045,1,0,0.42069811481837244,향후 AI 사용 예정자,현재 AI 사용자,False
62525,0,1,0.7515794362793715,현재 AI 사용자,향후 AI 사용 예정자,False
1075,1,1,0.5291363049942843,향후 AI 사용 예정자,향후 AI 사용 예정자,True
44719,0,0,0.28975209197405233,현재 AI 사용자,현재 AI 사용자,True
33705,0,0,0.25053131582261146,현재 AI 사용자,현재 AI 사용자,True
7851,1,1,0.9625414014513365,향후 AI 사용 예정자,향후 AI 사용 예정자,True
2689,0,0,0.13440726463423336,현재 AI 사용자,현재 AI 사용자,True
36443,0,1,0.7574953381599963,현재 AI 사용자,향후 AI 사용 예정자,False
35130,0,1,0.5632703943440325,현재 AI 사용자,향후 AI 사용 예정자,False
38595,0,1,0.8083894617071563,현재 AI 사용자,향후 AI 사용 예정자,False
24044,0,0,0.4317041975666858,현재 AI 사용자,현재 AI 사용자,True
22766,1,0,0.4471464555982881,향후 AI 사용 예정자,현재 AI 사용자,False
12391,1,1,0.7779756105693206,향후 AI 사용 예정자,향후 AI 사용 예정자,True
6099,0,0,0.42569916350338677,현재 AI 사용자,현재 AI 사용자,True
33525,0,0,0.11493266240377432,현재 AI 사용자,현재 AI 사용자,True
14356,1,0,0.4814453016650657,향후 AI 사용 예정자,현재 AI 사용자,False
19801,1,1,0.8677555040777771,향후 AI 사용 예정자,향후 AI 사용 예정자,True
900,0,1,0.6089399266995394,현재 AI 사용자,향후 AI 사용 예정자,False
57111,0,1,0.8619079234709912,현재 AI 사용자,향후 AI 사용 예정자,False
18076,1,1,0.8401655666897843,향후 AI 사용 예정자,향후 AI 사용 예정자,True
20226,1,1,0.5901521792265112,향후 AI 사용 예정자,향후 AI 사용 예정자,True
35028,1,1,0.5127038051653132,향후 AI 사용 예정자,향후 AI 사용 예정자,True
136,1,1,0.8739273571962074,향후 AI 사용 예정자,향후 AI 사용 예정자,True
3020,1,1,0.668356562712415,향후 AI 사용 예정자,향후 AI 사용 예정자,True
35084,0,1,0.9156015466510874,현재 AI 사용자,향후 AI 사용 예정자,False
55141,1,1,0.918455215196532,향후 AI 사용 예정자,향후 AI 사용 예정자,True
44289,0,0,0.4302621177404198,현재 AI 사용자,현재 AI 사용자,True
49118,0,1,0.6388329938899064,현재 AI 사용자,향후 AI 사용 예정자,False
48076,0,0,0.36338930507187495,현재 AI 사용자,현재 AI 사용자,True
34918,0,0,0.2748766036255124,현재 AI 사용자,현재 AI 사용자,True
53224,1,1,0.8600406475601015,향후 AI 사용 예정자,향후 AI 사용 예정자,True
7781,1,1,0.9646208448270842,향후 AI 사용 예정자,향후 AI 사용 예정자,True
21732,1,1,0.5674265829767864,향후 AI 사용 예정자,향후 AI 사용 예정자,True
12992,1,1,0.9657451705298383,향후 AI 사용 예정자,향후 AI 사용 예정자,True
22438,1,1,0.9514152374049715,향후 AI 사용 예정자,향후 AI 사용 예정자,True
23632,1,1,0.771031300400216,향후 AI 사용 예정자,향후 AI 사용 예정자,True
15002,1,1,0.9289525119594711,향후 AI 사용 예정자,향후 AI 사용 예정자,True
25269,1,1,0.7470112874837973,향후 AI 사용 예정자,향후 AI 사용 예정자,True
12030,1,0,0.4967174133847942,향후 AI 사용 예정자,현재 AI 사용자,False
18488,0,0,0.4339610258120783,현재 AI 사용자,현재 AI 사용자,True
20780,0,0,0.08454475668493155,현재 AI 사용자,현재 AI 사용자,True
25792,1,1,0.5885626552226032,향후 AI 사용 예정자,향후 AI 사용 예정자,True
58737,0,0,0.440136111282312,현재 AI 사용자,현재 AI 사용자,True
38975,1,1,0.8614149847838847,향후 AI 사용 예정자,향후 AI 사용 예정자,True
30934,1,1,0.9336724407729806,향후 AI 사용 예정자,향후 AI 사용 예정자,True
32711,0,1,0.658785461386529,현재 AI 사용자,향후 AI 사용 예정자,False
24683,0,0,0.11176998679893517,현재 AI 사용자,현재 AI 사용자,True
40051,1,1,0.8286924716355638,향후 AI 사용 예정자,향후 AI 사용 예정자,True
11756,1,0,0.4875025082044536,향후 AI 사용 예정자,현재 AI 사용자,False
35697,0,0,0.40285091112783356,현재 AI 사용자,현재 AI 사용자,True
10332,1,1,0.6151304836407095,향후 AI 사용 예정자,향후 AI 사용 예정자,True
20997,1,0,0.25190796656686504,향후 AI 사용 예정자,현재 AI 사용자,False
1726,1,0,0.485136750349245,향후 AI 사용 예정자,현재 AI 사용자,False
1135,0,1,0.764566450630905,현재 AI 사용자,향후 AI 사용 예정자,False
38761,1,1,0.8009786121631398,향후 AI 사용 예정자,향후 AI 사용 예정자,True
25025,1,0,0.4153666211302169,향후 AI 사용 예정자,현재 AI 사용자,False
53103,1,1,0.7966665127416354,향후 AI 사용 예정자,향후 AI 사용 예정자,True
58435,0,0,0.39703643269286437,현재 AI 사용자,현재 AI 사용자,True
44104,0,1,0.5387030296944196,현재 AI 사용자,향후 AI 사용 예정자,False
63841,1,1,0.8913538154916965,향후 AI 사용 예정자,향후 AI 사용 예정자,True
29101,1,1,0.754685237073531,향후 AI 사용 예정자,향후 AI 사용 예정자,True
20742,0,0,0.401277765508065,현재 AI 사용자,현재 AI 사용자,True
59470,0,0,0.07944211329121419,현재 AI 사용자,현재 AI 사용자,True
29403,1,1,0.9691634604479323,향후 AI 사용 예정자,향후 AI 사용 예정자,True
23116,0,0,0.32315406433116295,현재 AI 사용자,현재 AI 사용자,True
4702,1,1,0.7867702493394579,향후 AI 사용 예정자,향후 AI 사용 예정자,True
19116,1,1,0.8718919764542025,향후 AI 사용 예정자,향후 AI 사용 예정자,True
39976,0,0,0.37616716969589903,현재 AI 사용자,현재 AI 사용자,True
831,0,0,0.16130651718377567,현재 AI 사용자,현재 AI 사용자,True
8763,0,1,0.6787246161412136,현재 AI 사용자,향후 AI 사용 예정자,False
41286,1,0,0.44198558859814324,향후 AI 사용 예정자,현재 AI 사용자,False
30320,1,1,0.6107879683849888,향후 AI 사용 예정자,향후 AI 사용 예정자,True
4366,1,1,0.8404386972590034,향후 AI 사용 예정자,향후 AI 사용 예정자,True
13286,1,1,0.6403265955915822,향후 AI 사용 예정자,향후 AI 사용 예정자,True
44797,0,1,0.7828904272659941,현재 AI 사용자,향후 AI 사용 예정자,False
38932,1,1,0.7211771254877741,향후 AI 사용 예정자,향후 AI 사용 예정자,True
38004,1,1,0.6116280010457156,향후 AI 사용 예정자,향후 AI 사용 예정자,True
62397,0,1,0.7989658520565368,현재 AI 사용자,향후 AI 사용 예정자,False
15714,1,0,0.3271741831525425,향후 AI 사용 예정자,현재 AI 사용자,False
54458,0,0,0.0322485811386904,현재 AI 사용자,현재 AI 사용자,True
1125,1,1,0.9898144544391472,향후 AI 사용 예정자,향후 AI 사용 예정자,True
52837,1,1,0.8900571702764806,향후 AI 사용 예정자,향후 AI 사용 예정자,True
45215,0,0,0.32822343668933224,현재 AI 사용자,현재 AI 사용자,True
9069,0,0,0.07257958082476361,현재 AI 사용자,현재 AI 사용자,True
12793,0,1,0.6009698886465376,현재 AI 사용자,향후 AI 사용 예정자,False
33456,0,0,0.3823593676409184,현재 AI 사용자,현재 AI 사용자,True
14599,1,1,0.8615128731364567,향후 AI 사용 예정자,향후 AI 사용 예정자,True
54419,1,1,0.8815317354271885,향후 AI 사용 예정자,향후 AI 사용 예정자,True
29123,0,0,0.33845050479038424,현재 AI 사용자,현재 AI 사용자,True
19552,0,0,0.35993744095875185,현재 AI 사용자,현재 AI 사용자,True
62651,1,1,0.7027418708850618,향후 AI 사용 예정자,향후 AI 사용 예정자,True
32751,0,1,0.5480056999866683,현재 AI 사용자,향후 AI 사용 예정자,False
48992,1,1,0.9670429281149046,향후 AI 사용 예정자,향후 AI 사용 예정자,True
53751,1,1,0.9489593307011547,향후 AI 사용 예정자,향후 AI 사용 예정자,True
37139,1,0,0.4214087953776451,향후 AI 사용 예정자,현재 AI 사용자,False
29161,1,1,0.9258008911718054,향후 AI 사용 예정자,향후 AI 사용 예정자,True
35804,0,0,0.2647605537687163,현재 AI 사용자,현재 AI 사용자,True
40404,1,1,0.7210388088749935,향후 AI 사용 예정자,향후 AI 사용 예정자,True
1864,1,1,0.9560661536390632,향후 AI 사용 예정자,향후 AI 사용 예정자,True
30921,1,1,0.8729975711254436,향후 AI 사용 예정자,향후 AI 사용 예정자,True
64400,1,1,0.8781789406083571,향후 AI 사용 예정자,향후 AI 사용 예정자,True
39160,1,1,0.951394555147273,향후 AI 사용 예정자,향후 AI 사용 예정자,True
5848,1,1,0.9835860110183611,향후 AI 사용 예정자,향후 AI 사용 예정자,True
52118,1,1,0.5542969816992237,향후 AI 사용 예정자,향후 AI 사용 예정자,True
22481,1,1,0.9560249303259903,향후 AI 사용 예정자,향후 AI 사용 예정자,True
30441,1,1,0.6103398412467835,향후 AI 사용 예정자,향후 AI 사용 예정자,True
6571,1,1,0.9316617249353295,향후 AI 사용 예정자,향후 AI 사용 예정자,True
57431,0,0,0.3411207239366797,현재 AI 사용자,현재 AI 사용자,True
35400,1,0,0.4265330689797022,향후 AI 사용 예정자,현재 AI 사용자,False
35585,0,1,0.5212261085149043,현재 AI 사용자,향후 AI 사용 예정자,False
33727,1,1,0.6400407087069525,향후 AI 사용 예정자,향후 AI 사용 예정자,True
5704,0,0,0.10300202985900504,현재 AI 사용자,현재 AI 사용자,True
52640,1,1,0.5765158411340409,향후 AI 사용 예정자,향후 AI 사용 예정자,True
42656,1,1,0.5651857109314086,향후 AI 사용 예정자,향후 AI 사용 예정자,True
65065,0,1,0.8708269368627027,현재 AI 사용자,향후 AI 사용 예정자,False
50164,0,1,0.7644496803600402,현재 AI 사용자,향후 AI 사용 예정자,False
34040,0,1,0.5172148192111673,현재 AI 사용자,향후 AI 사용 예정자,False
49174,0,0,0.09651681899340976,현재 AI 사용자,현재 AI 사용자,True
15500,0,0,0.3050235746193345,현재 AI 사용자,현재 AI 사용자,True
2670,0,1,0.8072623788596517,현재 AI 사용자,향후 AI 사용 예정자,False
27212,1,0,0.49893349680127996,향후 AI 사용 예정자,현재 AI 사용자,False
31941,1,0,0.4071455056394985,향후 AI 사용 예정자,현재 AI 사용자,False
44966,1,1,0.816554703469411,향후 AI 사용 예정자,향후 AI 사용 예정자,True
45126,0,0,0.24816045919658267,현재 AI 사용자,현재 AI 사용자,True
56746,1,1,0.862328760182424,향후 AI 사용 예정자,향후 AI 사용 예정자,True
49366,1,1,0.9865475278340347,향후 AI 사용 예정자,향후 AI 사용 예정자,True
59601,0,1,0.6707617058393613,현재 AI 사용자,향후 AI 사용 예정자,False
42773,1,0,0.2872075648699275,향후 AI 사용 예정자,현재 AI 사용자,False
30098,1,1,0.983008788878138,향후 AI 사용 예정자,향후 AI 사용 예정자,True
10109,1,0,0.14701368611851567,향후 AI 사용 예정자,현재 AI 사용자,False
39262,0,1,0.5026019659824837,현재 AI 사용자,향후 AI 사용 예정자,False
4285,1,1,0.9964227947810838,향후 AI 사용 예정자,향후 AI 사용 예정자,True
33729,0,0,0.08517539865288876,현재 AI 사용자,현재 AI 사용자,True
44150,1,1,0.9488115145730036,향후 AI 사용 예정자,향후 AI 사용 예정자,True
925,0,1,0.5294695476247759,현재 AI 사용자,향후 AI 사용 예정자,False
54451,0,0,0.27273131379186255,현재 AI 사용자,현재 AI 사용자,True
34554,0,0,0.17230126735363455,현재 AI 사용자,현재 AI 사용자,True
52735,1,1,0.9081768475056247,향후 AI 사용 예정자,향후 AI 사용 예정자,True
33204,0,0,0.19763540170134206,현재 AI 사용자,현재 AI 사용자,True
63571,0,1,0.8759212190858794,현재 AI 사용자,향후 AI 사용 예정자,False
23391,0,1,0.9257357870597026,현재 AI 사용자,향후 AI 사용 예정자,False
2587,0,0,0.3195631733362938,현재 AI 사용자,현재 AI 사용자,True
31073,1,1,0.9635771577521522,향후 AI 사용 예정자,향후 AI 사용 예정자,True
40576,1,1,0.8274845000844152,향후 AI 사용 예정자,향후 AI 사용 예정자,True
25290,1,1,0.9065003650277657,향후 AI 사용 예정자,향후 AI 사용 예정자,True
28428,1,1,0.8910202249389667,향후 AI 사용 예정자,향후 AI 사용 예정자,True
8993,1,1,0.9549404629276769,향후 AI 사용 예정자,향후 AI 사용 예정자,True
29316,0,1,0.523875709999608,현재 AI 사용자,향후 AI 사용 예정자,False
34919,1,1,0.961679077147201,향후 AI 사용 예정자,향후 AI 사용 예정자,True
63580,1,1,0.8097179307863256,향후 AI 사용 예정자,향후 AI 사용 예정자,True
45493,1,1,0.8751492618996402,향후 AI 사용 예정자,향후 AI 사용 예정자,True
28601,1,1,0.9634992913807683,향후 AI 사용 예정자,향후 AI 사용 예정자,True
513,0,0,0.41659704804847214,현재 AI 사용자,현재 AI 사용자,True
11448,1,1,0.8692774967482487,향후 AI 사용 예정자,향후 AI 사용 예정자,True
58536,1,1,0.959360578546029,향후 AI 사용 예정자,향후 AI 사용 예정자,True
15056,0,1,0.9320963563286945,현재 AI 사용자,향후 AI 사용 예정자,False
12509,1,1,0.9415012300828639,향후 AI 사용 예정자,향후 AI 사용 예정자,True
58899,0,0,0.27355346820266035,현재 AI 사용자,현재 AI 사용자,True
51106,1,1,0.8778199202303077,향후 AI 사용 예정자,향후 AI 사용 예정자,True
420,0,0,0.2772660800123762,현재 AI 사용자,현재 AI 사용자,True
29917,1,1,0.6066523717679749,향후 AI 사용 예정자,향후 AI 사용 예정자,True
44727,1,1,0.8241765258667226,향후 AI 사용 예정자,향후 AI 사용 예정자,True
41042,1,1,0.7302053975019376,향후 AI 사용 예정자,향후 AI 사용 예정자,True
25863,0,0,0.4567401847447128,현재 AI 사용자,현재 AI 사용자,True
49353,1,1,0.9458105737102067,향후 AI 사용 예정자,향후 AI 사용 예정자,True
60751,1,1,0.9283820600474665,향후 AI 사용 예정자,향후 AI 사용 예정자,True
6833,1,1,0.887116706013536,향후 AI 사용 예정자,향후 AI 사용 예정자,True
27273,1,0,0.13193338468835228,향후 AI 사용 예정자,현재 AI 사용자,False
35418,0,0,0.09273139876988479,현재 AI 사용자,현재 AI 사용자,True
27970,0,0,0.38838369443711074,현재 AI 사용자,현재 AI 사용자,True
13158,0,0,0.4092263338331027,현재 AI 사용자,현재 AI 사용자,True
30782,1,1,0.5848943323998145,향후 AI 사용 예정자,향후 AI 사용 예정자,True
12931,1,1,0.5426801161544133,향후 AI 사용 예정자,향후 AI 사용 예정자,True
38758,1,1,0.9420441954962037,향후 AI 사용 예정자,향후 AI 사용 예정자,True
7046,1,1,0.5928858645027609,향후 AI 사용 예정자,향후 AI 사용 예정자,True
25512,1,1,0.9325571914380263,향후 AI 사용 예정자,향후 AI 사용 예정자,True
61017,0,1,0.5559701732896171,현재 AI 사용자,향후 AI 사용 예정자,False
40015,1,1,0.9851299797481462,향후 AI 사용 예정자,향후 AI 사용 예정자,True
638,1,1,0.9131261510351208,향후 AI 사용 예정자,향후 AI 사용 예정자,True
50460,0,0,0.3334617575281547,현재 AI 사용자,현재 AI 사용자,True
53410,1,1,0.897796226508837,향후 AI 사용 예정자,향후 AI 사용 예정자,True
12199,1,1,0.9424298895279295,향후 AI 사용 예정자,향후 AI 사용 예정자,True
705,1,1,0.7007518258579729,향후 AI 사용 예정자,향후 AI 사용 예정자,True
49984,1,1,0.9337492354987367,향후 AI 사용 예정자,향후 AI 사용 예정자,True
5628,1,1,0.9954347780732752,향후 AI 사용 예정자,향후 AI 사용 예정자,True
6670,1,1,0.8055803848248968,향후 AI 사용 예정자,향후 AI 사용 예정자,True
26465,0,0,0.052532161855191675,현재 AI 사용자,현재 AI 사용자,True
1901,1,1,0.7917725188221684,향후 AI 사용 예정자,향후 AI 사용 예정자,True
32160,1,1,0.97968756529572,향후 AI 사용 예정자,향후 AI 사용 예정자,True
39357,1,1,0.7590441457168757,향후 AI 사용 예정자,향후 AI 사용 예정자,True
28361,0,1,0.5404932981658852,현재 AI 사용자,향후 AI 사용 예정자,False
25395,0,0,0.47771513986887965,현재 AI 사용자,현재 AI 사용자,True
24006,1,1,0.956869831438351,향후 AI 사용 예정자,향후 AI 사용 예정자,True
7515,0,0,0.37220289120297,현재 AI 사용자,현재 AI 사용자,True
2484,0,0,0.2453572888138444,현재 AI 사용자,현재 AI 사용자,True
32376,1,1,0.8310851225102105,향후 AI 사용 예정자,향후 AI 사용 예정자,True
58930,0,0,0.34585139477772875,현재 AI 사용자,현재 AI 사용자,True
9776,1,1,0.9686253729000944,향후 AI 사용 예정자,향후 AI 사용 예정자,True
49461,0,1,0.7650901304438303,현재 AI 사용자,향후 AI 사용 예정자,False
8733,1,1,0.9273445684795586,향후 AI 사용 예정자,향후 AI 사용 예정자,True
49854,1,0,0.16932625978664131,향후 AI 사용 예정자,현재 AI 사용자,False
1983,0,0,0.16791719586273796,현재 AI 사용자,현재 AI 사용자,True
61655,1,1,0.8201232904668916,향후 AI 사용 예정자,향후 AI 사용 예정자,True
12035,1,1,0.9682867384641138,향후 AI 사용 예정자,향후 AI 사용 예정자,True
10739,1,1,0.9894520748831335,향후 AI 사용 예정자,향후 AI 사용 예정자,True
7495,1,1,0.7560815534801337,향후 AI 사용 예정자,향후 AI 사용 예정자,True
40520,0,0,0.1629451332190199,현재 AI 사용자,현재 AI 사용자,True
63112,1,1,0.9075637192375358,향후 AI 사용 예정자,향후 AI 사용 예정자,True
13793,1,1,0.5494817072521028,향후 AI 사용 예정자,향후 AI 사용 예정자,True
19131,0,0,0.05516731276526372,현재 AI 사용자,현재 AI 사용자,True
50409,1,1,0.898056824849669,향후 AI 사용 예정자,향후 AI 사용 예정자,True
50424,1,1,0.6510942037356795,향후 AI 사용 예정자,향후 AI 사용 예정자,True
16864,1,1,0.9222478208073798,향후 AI 사용 예정자,향후 AI 사용 예정자,True
211,0,0,0.3305113496740845,현재 AI 사용자,현재 AI 사용자,True
34685,0,0,0.4561876194110422,현재 AI 사용자,현재 AI 사용자,True
53905,1,1,0.9538080803921509,향후 AI 사용 예정자,향후 AI 사용 예정자,True
39179,0,1,0.5544189465817067,현재 AI 사용자,향후 AI 사용 예정자,False
30592,1,1,0.8596825199635528,향후 AI 사용 예정자,향후 AI 사용 예정자,True
56970,0,1,0.599060833561472,현재 AI 사용자,향후 AI 사용 예정자,False
42643,1,1,0.6841558217001722,향후 AI 사용 예정자,향후 AI 사용 예정자,True
3973,1,1,0.8952019873537292,향후 AI 사용 예정자,향후 AI 사용 예정자,True
14862,1,1,0.9814719941872001,향후 AI 사용 예정자,향후 AI 사용 예정자,True
39098,1,1,0.7904170268833677,향후 AI 사용 예정자,향후 AI 사용 예정자,True
31718,1,1,0.9236640732408908,향후 AI 사용 예정자,향후 AI 사용 예정자,True
21809,1,1,0.7522860698274233,향후 AI 사용 예정자,향후 AI 사용 예정자,True
55319,0,0,0.44009994952309733,현재 AI 사용자,현재 AI 사용자,True
40058,1,1,0.91939769779544,향후 AI 사용 예정자,향후 AI 사용 예정자,True
43368,1,0,0.3400240668651268,향후 AI 사용 예정자,현재 AI 사용자,False
53852,0,1,0.8650061254462195,현재 AI 사용자,향후 AI 사용 예정자,False
18616,0,0,0.17977176138014014,현재 AI 사용자,현재 AI 사용자,True
52308,1,1,0.8799541396457681,향후 AI 사용 예정자,향후 AI 사용 예정자,True
39730,1,1,0.8093665290283798,향후 AI 사용 예정자,향후 AI 사용 예정자,True
46132,0,0,0.15423584383561095,현재 AI 사용자,현재 AI 사용자,True
28567,0,0,0.23077042534310044,현재 AI 사용자,현재 AI 사용자,True
8536,1,0,0.349827652699813,향후 AI 사용 예정자,현재 AI 사용자,False
43416,0,0,0.37151474113528304,현재 AI 사용자,현재 AI 사용자,True
27567,0,0,0.18505124255192412,현재 AI 사용자,현재 AI 사용자,True
16853,1,1,0.6342131238652758,향후 AI 사용 예정자,향후 AI 사용 예정자,True
27406,1,0,0.11242351935014536,향후 AI 사용 예정자,현재 AI 사용자,False
20316,0,0,0.15297598046502422,현재 AI 사용자,현재 AI 사용자,True
51768,0,1,0.6540767506329656,현재 AI 사용자,향후 AI 사용 예정자,False
4874,1,1,0.7533862578214578,향후 AI 사용 예정자,향후 AI 사용 예정자,True
11076,0,0,0.317155034023253,현재 AI 사용자,현재 AI 사용자,True
23750,1,1,0.5312653908280867,향후 AI 사용 예정자,향후 AI 사용 예정자,True
8258,0,0,0.36262155880830493,현재 AI 사용자,현재 AI 사용자,True
45772,1,1,0.6122870777762878,향후 AI 사용 예정자,향후 AI 사용 예정자,True
8216,1,1,0.7273978396438655,향후 AI 사용 예정자,향후 AI 사용 예정자,True
52863,0,1,0.8176105568449259,현재 AI 사용자,향후 AI 사용 예정자,False
53982,1,1,0.9433133809737355,향후 AI 사용 예정자,향후 AI 사용 예정자,True
1098,1,1,0.8757928587641376,향후 AI 사용 예정자,향후 AI 사용 예정자,True
49665,0,0,0.18430908925955397,현재 AI 사용자,현재 AI 사용자,True
10984,1,1,0.9622274479083364,향후 AI 사용 예정자,향후 AI 사용 예정자,True
14492,0,1,0.7130151372488622,현재 AI 사용자,향후 AI 사용 예정자,False
32627,0,0,0.42478131643471945,현재 AI 사용자,현재 AI 사용자,True
56665,1,1,0.8803540722211005,향후 AI 사용 예정자,향후 AI 사용 예정자,True
6305,0,1,0.7154882831412799,현재 AI 사용자,향후 AI 사용 예정자,False
18403,1,1,0.6674293303522849,향후 AI 사용 예정자,향후 AI 사용 예정자,True
33287,0,1,0.7141236206179135,현재 AI 사용자,향후 AI 사용 예정자,False
36649,0,0,0.28489658180112337,현재 AI 사용자,현재 AI 사용자,True
42742,1,1,0.9229457030159754,향후 AI 사용 예정자,향후 AI 사용 예정자,True
61079,0,0,0.07712703813702944,현재 AI 사용자,현재 AI 사용자,True
25599,0,0,0.25940486778208705,현재 AI 사용자,현재 AI 사용자,True
395,1,1,0.963761452313246,향후 AI 사용 예정자,향후 AI 사용 예정자,True
3255,1,1,0.8687303040652091,향후 AI 사용 예정자,향후 AI 사용 예정자,True
29037,1,1,0.5168607006256681,향후 AI 사용 예정자,향후 AI 사용 예정자,True
1999,0,0,0.19889593843406372,현재 AI 사용자,현재 AI 사용자,True
7018,1,0,0.49177681013159197,향후 AI 사용 예정자,현재 AI 사용자,False
58832,0,1,0.8777535991053719,현재 AI 사용자,향후 AI 사용 예정자,False
8427,0,0,0.12885912276565395,현재 AI 사용자,현재 AI 사용자,True
14730,1,1,0.9565537695731176,향후 AI 사용 예정자,향후 AI 사용 예정자,True
60802,0,0,0.23599538491777097,현재 AI 사용자,현재 AI 사용자,True
58563,1,1,0.9377432312084236,향후 AI 사용 예정자,향후 AI 사용 예정자,True
61459,1,1,0.644590522074361,향후 AI 사용 예정자,향후 AI 사용 예정자,True
26140,0,0,0.28637519001992934,현재 AI 사용자,현재 AI 사용자,True
52405,0,0,0.24223012798141969,현재 AI 사용자,현재 AI 사용자,True
11856,1,1,0.9930365877199832,향후 AI 사용 예정자,향후 AI 사용 예정자,True
32948,1,1,0.8797542587197685,향후 AI 사용 예정자,향후 AI 사용 예정자,True
49585,0,1,0.9007051552197027,현재 AI 사용자,향후 AI 사용 예정자,False
34227,1,1,0.7400475298486292,향후 AI 사용 예정자,향후 AI 사용 예정자,True
35977,1,1,0.5686625657771097,향후 AI 사용 예정자,향후 AI 사용 예정자,True
34495,1,1,0.8917596789540316,향후 AI 사용 예정자,향후 AI 사용 예정자,True
40762,1,1,0.7632361174031808,향후 AI 사용 예정자,향후 AI 사용 예정자,True
2735,0,1,0.8864470439738015,현재 AI 사용자,향후 AI 사용 예정자,False
10562,1,1,0.7060694678015587,향후 AI 사용 예정자,향후 AI 사용 예정자,True
37014,1,1,0.7954164456437347,향후 AI 사용 예정자,향후 AI 사용 예정자,True
45356,0,0,0.1511061882455255,현재 AI 사용자,현재 AI 사용자,True
19695,1,1,0.6774748500065423,향후 AI 사용 예정자,향후 AI 사용 예정자,True
44153,1,1,0.9195332729602482,향후 AI 사용 예정자,향후 AI 사용 예정자,True
1073,1,1,0.969337801143053,향후 AI 사용 예정자,향후 AI 사용 예정자,True
7280,1,1,0.907202762246941,향후 AI 사용 예정자,향후 AI 사용 예정자,True
39771,0,0,0.1440160137656324,현재 AI 사용자,현재 AI 사용자,True
21950,1,0,0.4338464126926947,향후 AI 사용 예정자,현재 AI 사용자,False
1137,1,1,0.8770219643249775,향후 AI 사용 예정자,향후 AI 사용 예정자,True
9413,0,0,0.23432812933708902,현재 AI 사용자,현재 AI 사용자,True
63160,1,1,0.7466052911557953,향후 AI 사용 예정자,향후 AI 사용 예정자,True
5717,0,0,0.33212741958105263,현재 AI 사용자,현재 AI 사용자,True
54102,1,1,0.5603444507502834,향후 AI 사용 예정자,향후 AI 사용 예정자,True
35320,1,1,0.9697997488975774,향후 AI 사용 예정자,향후 AI 사용 예정자,True
6231,1,1,0.9829554310786314,향후 AI 사용 예정자,향후 AI 사용 예정자,True
17913,1,1,0.7753899962446907,향후 AI 사용 예정자,향후 AI 사용 예정자,True
63120,1,1,0.5846939527668592,향후 AI 사용 예정자,향후 AI 사용 예정자,True
18386,1,1,0.865685480068572,향후 AI 사용 예정자,향후 AI 사용 예정자,True
20798,1,1,0.846870617085862,향후 AI 사용 예정자,향후 AI 사용 예정자,True
40722,1,1,0.9066992718317379,향후 AI 사용 예정자,향후 AI 사용 예정자,True
19031,0,0,0.09476137367790881,현재 AI 사용자,현재 AI 사용자,True
50329,0,0,0.3679630279667921,현재 AI 사용자,현재 AI 사용자,True
39254,0,0,0.34488231864665236,현재 AI 사용자,현재 AI 사용자,True
18621,1,1,0.977002704567485,향후 AI 사용 예정자,향후 AI 사용 예정자,True
60404,0,0,0.3996993964083535,현재 AI 사용자,현재 AI 사용자,True
56711,0,0,0.07669990356325118,현재 AI 사용자,현재 AI 사용자,True
12728,1,0,0.423759194742121,향후 AI 사용 예정자,현재 AI 사용자,False
30429,0,0,0.08289751452825585,현재 AI 사용자,현재 AI 사용자,True
31368,1,1,0.8817098649614875,향후 AI 사용 예정자,향후 AI 사용 예정자,True
12393,0,1,0.8856830752432079,현재 AI 사용자,향후 AI 사용 예정자,False
6310,1,1,0.9582641537725356,향후 AI 사용 예정자,향후 AI 사용 예정자,True
24570,0,0,0.3210828724167506,현재 AI 사용자,현재 AI 사용자,True
17412,1,1,0.8350264692831891,향후 AI 사용 예정자,향후 AI 사용 예정자,True
15803,0,1,0.8663993245740964,현재 AI 사용자,향후 AI 사용 예정자,False
31536,1,1,0.8497968993757047,향후 AI 사용 예정자,향후 AI 사용 예정자,True
35021,0,0,0.3527937228871524,현재 AI 사용자,현재 AI 사용자,True
29799,1,1,0.7287485010673126,향후 AI 사용 예정자,향후 AI 사용 예정자,True
34497,1,0,0.49790616742298843,향후 AI 사용 예정자,현재 AI 사용자,False
59373,0,1,0.7814637192356498,현재 AI 사용자,향후 AI 사용 예정자,False
58472,0,0,0.4969495343317849,현재 AI 사용자,현재 AI 사용자,True
33669,0,0,0.4116260961769038,현재 AI 사용자,현재 AI 사용자,True
6763,1,1,0.7810715575197199,향후 AI 사용 예정자,향후 AI 사용 예정자,True
42279,1,0,0.3796355293428624,향후 AI 사용 예정자,현재 AI 사용자,False
25777,0,0,0.1785899653748234,현재 AI 사용자,현재 AI 사용자,True
29206,1,1,0.5597573920521601,향후 AI 사용 예정자,향후 AI 사용 예정자,True
11330,1,0,0.28338812381792133,향후 AI 사용 예정자,현재 AI 사용자,False
14379,0,0,0.40544509584033755,현재 AI 사용자,현재 AI 사용자,True
48030,0,1,0.8350082717332904,현재 AI 사용자,향후 AI 사용 예정자,False
52049,1,1,0.5603460656614481,향후 AI 사용 예정자,향후 AI 사용 예정자,True
52097,1,1,0.9357934694642078,향후 AI 사용 예정자,향후 AI 사용 예정자,True
12204,0,1,0.8943344996758458,현재 AI 사용자,향후 AI 사용 예정자,False
56528,0,1,0.8057828004317646,현재 AI 사용자,향후 AI 사용 예정자,False
58280,0,0,0.4073554656080693,현재 AI 사용자,현재 AI 사용자,True
59375,0,0,0.49754793659826374,현재 AI 사용자,현재 AI 사용자,True
29069,1,1,0.9930512258287332,향후 AI 사용 예정자,향후 AI 사용 예정자,True
26415,1,1,0.8656876022010812,향후 AI 사용 예정자,향후 AI 사용 예정자,True
50973,1,1,0.8989309896554303,향후 AI 사용 예정자,향후 AI 사용 예정자,True
50581,1,1,0.9966703712301743,향후 AI 사용 예정자,향후 AI 사용 예정자,True
31801,1,1,0.5262592084679067,향후 AI 사용 예정자,향후 AI 사용 예정자,True
47888,1,1,0.511877221012819,향후 AI 사용 예정자,향후 AI 사용 예정자,True
3976,1,1,0.9707213501225274,향후 AI 사용 예정자,향후 AI 사용 예정자,True
40939,1,1,0.6480769203604179,향후 AI 사용 예정자,향후 AI 사용 예정자,True
32653,1,1,0.9225002728764086,향후 AI 사용 예정자,향후 AI 사용 예정자,True
13111,0,1,0.6500541814122265,현재 AI 사용자,향후 AI 사용 예정자,False
55686,1,1,0.9015105265384731,향후 AI 사용 예정자,향후 AI 사용 예정자,True
35003,0,0,0.3106370430260513,현재 AI 사용자,현재 AI 사용자,True
56509,0,0,0.42088615806935303,현재 AI 사용자,현재 AI 사용자,True
24045,1,1,0.9458316761334746,향후 AI 사용 예정자,향후 AI 사용 예정자,True
41563,1,1,0.9480735435905635,향후 AI 사용 예정자,향후 AI 사용 예정자,True
14596,1,1,0.6424418443526004,향후 AI 사용 예정자,향후 AI 사용 예정자,True
2881,1,1,0.9082069392986024,향후 AI 사용 예정자,향후 AI 사용 예정자,True
55663,1,1,0.8393346021853618,향후 AI 사용 예정자,향후 AI 사용 예정자,True
21265,0,1,0.6300546708058588,현재 AI 사용자,향후 AI 사용 예정자,False
29374,1,1,0.9784011659316328,향후 AI 사용 예정자,향후 AI 사용 예정자,True
52693,1,1,0.8362538908211308,향후 AI 사용 예정자,향후 AI 사용 예정자,True
9458,1,1,0.9642087241237545,향후 AI 사용 예정자,향후 AI 사용 예정자,True
57194,1,1,0.7979744784050884,향후 AI 사용 예정자,향후 AI 사용 예정자,True
11219,0,1,0.879538039105982,현재 AI 사용자,향후 AI 사용 예정자,False
9210,0,0,0.23987976102322575,현재 AI 사용자,현재 AI 사용자,True
5185,0,0,0.3978041353043657,현재 AI 사용자,현재 AI 사용자,True
49975,1,1,0.6027940682900931,향후 AI 사용 예정자,향후 AI 사용 예정자,True
4850,0,0,0.19383248859767357,현재 AI 사용자,현재 AI 사용자,True
26236,1,1,0.5056922902798177,향후 AI 사용 예정자,향후 AI 사용 예정자,True
30851,1,1,0.9511414283222231,향후 AI 사용 예정자,향후 AI 사용 예정자,True
48168,1,1,0.7119354425615793,향후 AI 사용 예정자,향후 AI 사용 예정자,True
1822,0,0,0.2949774252027343,현재 AI 사용자,현재 AI 사용자,True
33436,0,0,0.33586807085846826,현재 AI 사용자,현재 AI 사용자,True
39494,1,1,0.981413212303365,향후 AI 사용 예정자,향후 AI 사용 예정자,True
17242,1,1,0.8343627260475067,향후 AI 사용 예정자,향후 AI 사용 예정자,True
14273,0,0,0.29193932961566005,현재 AI 사용자,현재 AI 사용자,True
6381,0,0,0.1279296359645639,현재 AI 사용자,현재 AI 사용자,True
51738,0,0,0.2750062934773731,현재 AI 사용자,현재 AI 사용자,True
63431,1,1,0.8754648382360645,향후 AI 사용 예정자,향후 AI 사용 예정자,True
42442,1,1,0.9306430800700906,향후 AI 사용 예정자,향후 AI 사용 예정자,True
39028,0,0,0.23868380886658602,현재 AI 사용자,현재 AI 사용자,True
16121,1,1,0.8768959205168504,향후 AI 사용 예정자,향후 AI 사용 예정자,True
47442,1,1,0.7406245746356654,향후 AI 사용 예정자,향후 AI 사용 예정자,True
5561,1,1,0.9776673618905958,향후 AI 사용 예정자,향후 AI 사용 예정자,True
42743,1,0,0.2382832440067494,향후 AI 사용 예정자,현재 AI 사용자,False
43682,1,1,0.6969797960929592,향후 AI 사용 예정자,향후 AI 사용 예정자,True
30958,1,1,0.9745162685320735,향후 AI 사용 예정자,향후 AI 사용 예정자,True
35463,1,1,0.8004463334275532,향후 AI 사용 예정자,향후 AI 사용 예정자,True
54853,0,0,0.31559648543849683,현재 AI 사용자,현재 AI 사용자,True
60667,1,1,0.716793796133768,향후 AI 사용 예정자,향후 AI 사용 예정자,True
18542,1,1,0.9739426086807689,향후 AI 사용 예정자,향후 AI 사용 예정자,True
51708,0,1,0.8933980320099137,현재 AI 사용자,향후 AI 사용 예정자,False
2652,1,1,0.5612177880087594,향후 AI 사용 예정자,향후 AI 사용 예정자,True
34591,1,1,0.9707552694549944,향후 AI 사용 예정자,향후 AI 사용 예정자,True
32023,1,1,0.6959674261359324,향후 AI 사용 예정자,향후 AI 사용 예정자,True
3284,1,1,0.902592029436172,향후 AI 사용 예정자,향후 AI 사용 예정자,True
35781,1,1,0.8158990624198018,향후 AI 사용 예정자,향후 AI 사용 예정자,True
25548,1,0,0.48390708272123273,향후 AI 사용 예정자,현재 AI 사용자,False
28946,0,0,0.31219653450052476,현재 AI 사용자,현재 AI 사용자,True
31971,0,0,0.29017822089649864,현재 AI 사용자,현재 AI 사용자,True
4600,0,0,0.20101664315772624,현재 AI 사용자,현재 AI 사용자,True
1210,1,1,0.9752143447049267,향후 AI 사용 예정자,향후 AI 사용 예정자,True
23331,1,0,0.36131861002941656,향후 AI 사용 예정자,현재 AI 사용자,False
57468,1,1,0.684240313682615,향후 AI 사용 예정자,향후 AI 사용 예정자,True
12774,1,1,0.868805483197693,향후 AI 사용 예정자,향후 AI 사용 예정자,True
23219,1,1,0.6185436330775,향후 AI 사용 예정자,향후 AI 사용 예정자,True
11422,1,1,0.9880301345335362,향후 AI 사용 예정자,향후 AI 사용 예정자,True
46050,1,1,0.8888233199858951,향후 AI 사용 예정자,향후 AI 사용 예정자,True
1798,1,1,0.7102800361251821,향후 AI 사용 예정자,향후 AI 사용 예정자,True
57405,1,1,0.7664261885074674,향후 AI 사용 예정자,향후 AI 사용 예정자,True
21893,0,1,0.7849400359314485,현재 AI 사용자,향후 AI 사용 예정자,False
57938,1,1,0.8828185341786344,향후 AI 사용 예정자,향후 AI 사용 예정자,True
17211,1,1,0.9668362981140618,향후 AI 사용 예정자,향후 AI 사용 예정자,True
9829,1,1,0.9062767855905733,향후 AI 사용 예정자,향후 AI 사용 예정자,True
16713,0,0,0.3023982626392308,현재 AI 사용자,현재 AI 사용자,True
1665,1,0,0.3809987248189651,향후 AI 사용 예정자,현재 AI 사용자,False
64430,1,1,0.8707615541447618,향후 AI 사용 예정자,향후 AI 사용 예정자,True
38344,1,1,0.8451588783439229,향후 AI 사용 예정자,향후 AI 사용 예정자,True
18725,1,1,0.7805520245370573,향후 AI 사용 예정자,향후 AI 사용 예정자,True
36272,0,0,0.25478479617300664,현재 AI 사용자,현재 AI 사용자,True
48259,0,0,0.34993826199056816,현재 AI 사용자,현재 AI 사용자,True
40853,0,0,0.10327459931311665,현재 AI 사용자,현재 AI 사용자,True
18982,1,1,0.5228498083828421,향후 AI 사용 예정자,향후 AI 사용 예정자,True
13769,0,1,0.7954993237049912,현재 AI 사용자,향후 AI 사용 예정자,False
28525,0,0,0.42025515044027617,현재 AI 사용자,현재 AI 사용자,True
65292,0,1,0.8607917473154948,현재 AI 사용자,향후 AI 사용 예정자,False
34107,0,0,0.4325398370055197,현재 AI 사용자,현재 AI 사용자,True
43021,0,1,0.5550721107877862,현재 AI 사용자,향후 AI 사용 예정자,False
30891,0,0,0.4207152417715809,현재 AI 사용자,현재 AI 사용자,True
59830,0,1,0.9261543049552289,현재 AI 사용자,향후 AI 사용 예정자,False
42745,1,1,0.8664254281967155,향후 AI 사용 예정자,향후 AI 사용 예정자,True
40121,0,0,0.4595053300022034,현재 AI 사용자,현재 AI 사용자,True
26083,1,1,0.9913235013289287,향후 AI 사용 예정자,향후 AI 사용 예정자,True
3555,1,1,0.8635075847466283,향후 AI 사용 예정자,향후 AI 사용 예정자,True
370,1,0,0.16160047890885734,향후 AI 사용 예정자,현재 AI 사용자,False
11634,0,0,0.18857107765982542,현재 AI 사용자,현재 AI 사용자,True
50456,1,0,0.3988678688917054,향후 AI 사용 예정자,현재 AI 사용자,False
37771,0,1,0.6039245953492908,현재 AI 사용자,향후 AI 사용 예정자,False
55790,1,1,0.9380311485493076,향후 AI 사용 예정자,향후 AI 사용 예정자,True
24565,1,1,0.6245574797461763,향후 AI 사용 예정자,향후 AI 사용 예정자,True
10060,1,1,0.9140292454369677,향후 AI 사용 예정자,향후 AI 사용 예정자,True
23435,1,1,0.9834462499568659,향후 AI 사용 예정자,향후 AI 사용 예정자,True
46638,1,1,0.9517569557475984,향후 AI 사용 예정자,향후 AI 사용 예정자,True
2920,1,1,0.9199885291664462,향후 AI 사용 예정자,향후 AI 사용 예정자,True
36705,1,1,0.9395403584800865,향후 AI 사용 예정자,향후 AI 사용 예정자,True
42458,1,1,0.8589507546050562,향후 AI 사용 예정자,향후 AI 사용 예정자,True
27594,1,1,0.821461638213802,향후 AI 사용 예정자,향후 AI 사용 예정자,True
30470,0,0,0.25096572382815907,현재 AI 사용자,현재 AI 사용자,True
35148,1,1,0.9742057125194424,향후 AI 사용 예정자,향후 AI 사용 예정자,True
5292,1,0,0.35145792908270507,향후 AI 사용 예정자,현재 AI 사용자,False
20515,0,1,0.57055648738927,현재 AI 사용자,향후 AI 사용 예정자,False
62229,1,0,0.4823587980648939,향후 AI 사용 예정자,현재 AI 사용자,False
1776,0,1,0.664801613756432,현재 AI 사용자,향후 AI 사용 예정자,False
9460,0,0,0.17890425230498966,현재 AI 사용자,현재 AI 사용자,True
12758,0,0,0.33961768540361686,현재 AI 사용자,현재 AI 사용자,True
18470,0,0,0.20711202584208382,현재 AI 사용자,현재 AI 사용자,True
9025,0,1,0.5542068720488097,현재 AI 사용자,향후 AI 사용 예정자,False
36237,1,0,0.4301676556994128,향후 AI 사용 예정자,현재 AI 사용자,False
38653,0,0,0.36677883907045994,현재 AI 사용자,현재 AI 사용자,True
41228,0,1,0.6742171863524364,현재 AI 사용자,향후 AI 사용 예정자,False
56169,1,1,0.8121490432160049,향후 AI 사용 예정자,향후 AI 사용 예정자,True
6118,1,1,0.5772825111060296,향후 AI 사용 예정자,향후 AI 사용 예정자,True
65394,1,1,0.7787431833541264,향후 AI 사용 예정자,향후 AI 사용 예정자,True
30300,0,0,0.41776211245061967,현재 AI 사용자,현재 AI 사용자,True
56036,1,1,0.8713639370280396,향후 AI 사용 예정자,향후 AI 사용 예정자,True
8545,1,1,0.523693280019856,향후 AI 사용 예정자,향후 AI 사용 예정자,True
24480,1,1,0.7479274147138888,향후 AI 사용 예정자,향후 AI 사용 예정자,True
53804,0,0,0.3426101538624123,현재 AI 사용자,현재 AI 사용자,True
45109,1,0,0.24191593901031383,향후 AI 사용 예정자,현재 AI 사용자,False
32126,1,0,0.4131387555807096,향후 AI 사용 예정자,현재 AI 사용자,False
7208,1,1,0.9970913163185688,향후 AI 사용 예정자,향후 AI 사용 예정자,True
32732,1,1,0.9642091830182222,향후 AI 사용 예정자,향후 AI 사용 예정자,True
23683,1,1,0.7535602171036305,향후 AI 사용 예정자,향후 AI 사용 예정자,True
5933,1,1,0.9507061758173614,향후 AI 사용 예정자,향후 AI 사용 예정자,True
8343,1,1,0.8871192628446716,향후 AI 사용 예정자,향후 AI 사용 예정자,True
9190,1,1,0.8025869349711653,향후 AI 사용 예정자,향후 AI 사용 예정자,True
35568,1,0,0.38961780578579935,향후 AI 사용 예정자,현재 AI 사용자,False
37232,1,1,0.5034493530668732,향후 AI 사용 예정자,향후 AI 사용 예정자,True
18546,1,1,0.9458847395714719,향후 AI 사용 예정자,향후 AI 사용 예정자,True
28715,1,1,0.9820430441078182,향후 AI 사용 예정자,향후 AI 사용 예정자,True
47968,1,1,0.6528877747585903,향후 AI 사용 예정자,향후 AI 사용 예정자,True
22733,0,0,0.3180483493929994,현재 AI 사용자,현재 AI 사용자,True
14394,1,0,0.36210906308768526,향후 AI 사용 예정자,현재 AI 사용자,False
59559,0,1,0.739675403090235,현재 AI 사용자,향후 AI 사용 예정자,False
17128,1,1,0.8632331657567374,향후 AI 사용 예정자,향후 AI 사용 예정자,True
11616,0,0,0.21209429959648438,현재 AI 사용자,현재 AI 사용자,True
5474,1,1,0.9054042424494434,향후 AI 사용 예정자,향후 AI 사용 예정자,True
16435,1,1,0.8569565563211892,향후 AI 사용 예정자,향후 AI 사용 예정자,True
16151,1,1,0.979919795272296,향후 AI 사용 예정자,향후 AI 사용 예정자,True
30051,0,0,0.35585926315418065,현재 AI 사용자,현재 AI 사용자,True
26131,1,1,0.9364342605144322,향후 AI 사용 예정자,향후 AI 사용 예정자,True
20914,1,1,0.6469090278320978,향후 AI 사용 예정자,향후 AI 사용 예정자,True
51373,0,0,0.2004881742647469,현재 AI 사용자,현재 AI 사용자,True
33506,1,1,0.8509779769100312,향후 AI 사용 예정자,향후 AI 사용 예정자,True
33918,1,1,0.9949572747442702,향후 AI 사용 예정자,향후 AI 사용 예정자,True
5450,1,1,0.6493830987769611,향후 AI 사용 예정자,향후 AI 사용 예정자,True
5012,0,0,0.26381105265641047,현재 AI 사용자,현재 AI 사용자,True
49549,1,1,0.9618940824335374,향후 AI 사용 예정자,향후 AI 사용 예정자,True
36448,1,1,0.8797486038744924,향후 AI 사용 예정자,향후 AI 사용 예정자,True
35485,0,0,0.28356212759876537,현재 AI 사용자,현재 AI 사용자,True
54738,1,1,0.5849691157489326,향후 AI 사용 예정자,향후 AI 사용 예정자,True
7240,1,1,0.5560752415741435,향후 AI 사용 예정자,향후 AI 사용 예정자,True
32736,1,1,0.8845309786920088,향후 AI 사용 예정자,향후 AI 사용 예정자,True
59461,0,0,0.23835875623849753,현재 AI 사용자,현재 AI 사용자,True
20607,1,0,0.24346618993648406,향후 AI 사용 예정자,현재 AI 사용자,False
38913,1,0,0.3248024611903165,향후 AI 사용 예정자,현재 AI 사용자,False
28199,1,1,0.9878962793791637,향후 AI 사용 예정자,향후 AI 사용 예정자,True
8909,0,0,0.2922530583623348,현재 AI 사용자,현재 AI 사용자,True
16790,1,1,0.9391674427245557,향후 AI 사용 예정자,향후 AI 사용 예정자,True
14512,1,1,0.9325623104240923,향후 AI 사용 예정자,향후 AI 사용 예정자,True
20139,1,1,0.6511363255781417,향후 AI 사용 예정자,향후 AI 사용 예정자,True
41214,1,1,0.8947922309303934,향후 AI 사용 예정자,향후 AI 사용 예정자,True
45428,1,1,0.571875440691453,향후 AI 사용 예정자,향후 AI 사용 예정자,True
1380,1,0,0.45321623738850964,향후 AI 사용 예정자,현재 AI 사용자,False
47355,0,0,0.19435141362811606,현재 AI 사용자,현재 AI 사용자,True
48670,1,1,0.8595103796361651,향후 AI 사용 예정자,향후 AI 사용 예정자,True
27626,1,1,0.966855264638201,향후 AI 사용 예정자,향후 AI 사용 예정자,True
47640,1,1,0.6697303638194665,향후 AI 사용 예정자,향후 AI 사용 예정자,True
23208,1,1,0.9327098775718912,향후 AI 사용 예정자,향후 AI 사용 예정자,True
56742,0,1,0.743629426579986,현재 AI 사용자,향후 AI 사용 예정자,False
55938,1,0,0.48330972260399657,향후 AI 사용 예정자,현재 AI 사용자,False
2824,1,1,0.8923791532299955,향후 AI 사용 예정자,향후 AI 사용 예정자,True
4931,1,1,0.8033309183076157,향후 AI 사용 예정자,향후 AI 사용 예정자,True
41508,1,1,0.8399726259580158,향후 AI 사용 예정자,향후 AI 사용 예정자,True
12267,1,1,0.8775603929457889,향후 AI 사용 예정자,향후 AI 사용 예정자,True
7986,1,1,0.901994406416064,향후 AI 사용 예정자,향후 AI 사용 예정자,True
8699,0,0,0.07709590922857706,현재 AI 사용자,현재 AI 사용자,True
23859,1,0,0.40282747617572645,향후 AI 사용 예정자,현재 AI 사용자,False
40293,0,1,0.8826289950972177,현재 AI 사용자,향후 AI 사용 예정자,False
25144,1,1,0.9292374411434763,향후 AI 사용 예정자,향후 AI 사용 예정자,True
44821,0,0,0.4639779616104584,현재 AI 사용자,현재 AI 사용자,True
54759,1,1,0.9087212731890864,향후 AI 사용 예정자,향후 AI 사용 예정자,True
22526,1,0,0.46819521900044697,향후 AI 사용 예정자,현재 AI 사용자,False
7910,1,1,0.9323511543080081,향후 AI 사용 예정자,향후 AI 사용 예정자,True
15688,1,0,0.3385863180910445,향후 AI 사용 예정자,현재 AI 사용자,False
46185,0,1,0.9581037663841878,현재 AI 사용자,향후 AI 사용 예정자,False
4345,0,1,0.8971896677969983,현재 AI 사용자,향후 AI 사용 예정자,False
36049,1,1,0.7592018949427217,향후 AI 사용 예정자,향후 AI 사용 예정자,True
49276,1,1,0.9747458737760011,향후 AI 사용 예정자,향후 AI 사용 예정자,True
26939,0,0,0.27857590529251336,현재 AI 사용자,현재 AI 사용자,True
40790,1,0,0.19661452973716398,향후 AI 사용 예정자,현재 AI 사용자,False
2004,0,1,0.6963143143134197,현재 AI 사용자,향후 AI 사용 예정자,False
14727,1,1,0.8957891894389105,향후 AI 사용 예정자,향후 AI 사용 예정자,True
6806,1,1,0.7200604857864227,향후 AI 사용 예정자,향후 AI 사용 예정자,True
30042,0,0,0.10333618135012361,현재 AI 사용자,현재 AI 사용자,True
36196,0,0,0.26880638865755313,현재 AI 사용자,현재 AI 사용자,True
2056,1,1,0.7092404658599257,향후 AI 사용 예정자,향후 AI 사용 예정자,True
17972,1,1,0.7758284757405209,향후 AI 사용 예정자,향후 AI 사용 예정자,True
39912,1,1,0.5161195105565434,향후 AI 사용 예정자,향후 AI 사용 예정자,True
24784,1,1,0.9679332519635092,향후 AI 사용 예정자,향후 AI 사용 예정자,True
26428,0,0,0.2150969508955743,현재 AI 사용자,현재 AI 사용자,True
17292,0,0,0.11414014638132562,현재 AI 사용자,현재 AI 사용자,True
34882,0,0,0.2798953843430495,현재 AI 사용자,현재 AI 사용자,True
46641,1,1,0.7506175392612291,향후 AI 사용 예정자,향후 AI 사용 예정자,True
45543,0,0,0.48399809834836655,현재 AI 사용자,현재 AI 사용자,True
23203,0,0,0.25356379238518734,현재 AI 사용자,현재 AI 사용자,True
38136,1,1,0.8854445962369729,향후 AI 사용 예정자,향후 AI 사용 예정자,True
31256,0,1,0.6320579482729745,현재 AI 사용자,향후 AI 사용 예정자,False
30964,0,0,0.21222797921931344,현재 AI 사용자,현재 AI 사용자,True
46397,1,1,0.5742565191370108,향후 AI 사용 예정자,향후 AI 사용 예정자,True
44423,1,0,0.27255511781740904,향후 AI 사용 예정자,현재 AI 사용자,False
438,0,0,0.2886943482284885,현재 AI 사용자,현재 AI 사용자,True
11963,0,1,0.7595331485879101,현재 AI 사용자,향후 AI 사용 예정자,False
50291,0,0,0.05190533435832612,현재 AI 사용자,현재 AI 사용자,True
25883,1,1,0.7158140381626896,향후 AI 사용 예정자,향후 AI 사용 예정자,True
18099,1,1,0.7071671870371,향후 AI 사용 예정자,향후 AI 사용 예정자,True
16947,0,1,0.8992780820365538,현재 AI 사용자,향후 AI 사용 예정자,False
50924,1,0,0.19624878390944028,향후 AI 사용 예정자,현재 AI 사용자,False
31307,0,1,0.5870565490692815,현재 AI 사용자,향후 AI 사용 예정자,False
17580,0,0,0.16256633768301745,현재 AI 사용자,현재 AI 사용자,True
12689,0,0,0.39951718006911124,현재 AI 사용자,현재 AI 사용자,True
35571,1,0,0.35140576082017744,향후 AI 사용 예정자,현재 AI 사용자,False
48635,1,1,0.5761554638003703,향후 AI 사용 예정자,향후 AI 사용 예정자,True
10362,1,1,0.9579458067514833,향후 AI 사용 예정자,향후 AI 사용 예정자,True
4390,1,1,0.5941683367175249,향후 AI 사용 예정자,향후 AI 사용 예정자,True
29783,0,0,0.32151049479051313,현재 AI 사용자,현재 AI 사용자,True
29217,0,0,0.44324324673770604,현재 AI 사용자,현재 AI 사용자,True
3950,0,0,0.40919236881493104,현재 AI 사용자,현재 AI 사용자,True
24972,1,1,0.9529289806348361,향후 AI 사용 예정자,향후 AI 사용 예정자,True
11884,1,1,0.995286018282197,향후 AI 사용 예정자,향후 AI 사용 예정자,True
56571,1,1,0.9803325620000036,향후 AI 사용 예정자,향후 AI 사용 예정자,True
15797,1,1,0.5730242361391281,향후 AI 사용 예정자,향후 AI 사용 예정자,True
19684,0,0,0.4388924320346714,현재 AI 사용자,현재 AI 사용자,True
49061,0,0,0.44427182738172194,현재 AI 사용자,현재 AI 사용자,True
8889,1,1,0.8307635116031648,향후 AI 사용 예정자,향후 AI 사용 예정자,True
2377,1,1,0.5749890493164727,향후 AI 사용 예정자,향후 AI 사용 예정자,True
45654,0,0,0.13442924367048445,현재 AI 사용자,현재 AI 사용자,True
47942,0,0,0.1929825763100987,현재 AI 사용자,현재 AI 사용자,True
33551,0,0,0.16828020059345264,현재 AI 사용자,현재 AI 사용자,True
20836,1,1,0.880439442441129,향후 AI 사용 예정자,향후 AI 사용 예정자,True
17139,1,0,0.46045639854474074,향후 AI 사용 예정자,현재 AI 사용자,False
12713,1,0,0.4147153720781605,향후 AI 사용 예정자,현재 AI 사용자,False
35265,1,0,0.32983993392181343,향후 AI 사용 예정자,현재 AI 사용자,False
24914,1,1,0.873924048364486,향후 AI 사용 예정자,향후 AI 사용 예정자,True
55226,1,1,0.8984175067551369,향후 AI 사용 예정자,향후 AI 사용 예정자,True
52052,0,0,0.2776773805448229,현재 AI 사용자,현재 AI 사용자,True
23232,1,1,0.8271118623615531,향후 AI 사용 예정자,향후 AI 사용 예정자,True
30227,1,1,0.5459353604917012,향후 AI 사용 예정자,향후 AI 사용 예정자,True
9032,1,1,0.5910042095083788,향후 AI 사용 예정자,향후 AI 사용 예정자,True
6089,1,1,0.6387752900278754,향후 AI 사용 예정자,향후 AI 사용 예정자,True
27445,1,1,0.928030958231445,향후 AI 사용 예정자,향후 AI 사용 예정자,True
2128,1,0,0.40863716554229884,향후 AI 사용 예정자,현재 AI 사용자,False
17778,1,1,0.884858102075686,향후 AI 사용 예정자,향후 AI 사용 예정자,True
44500,1,1,0.9546848085097503,향후 AI 사용 예정자,향후 AI 사용 예정자,True
30909,1,1,0.9183391222604087,향후 AI 사용 예정자,향후 AI 사용 예정자,True
20714,1,1,0.9823365588035524,향후 AI 사용 예정자,향후 AI 사용 예정자,True
12203,1,1,0.5886054378600523,향후 AI 사용 예정자,향후 AI 사용 예정자,True
52798,1,1,0.8475813850718237,향후 AI 사용 예정자,향후 AI 사용 예정자,True
13092,1,1,0.9751069513276344,향후 AI 사용 예정자,향후 AI 사용 예정자,True
53536,0,1,0.6396556636816936,현재 AI 사용자,향후 AI 사용 예정자,False
24224,1,1,0.703495146144369,향후 AI 사용 예정자,향후 AI 사용 예정자,True
2100,0,0,0.3241406728612726,현재 AI 사용자,현재 AI 사용자,True
44981,1,0,0.198170811541257,향후 AI 사용 예정자,현재 AI 사용자,False
54592,0,0,0.44351372262166056,현재 AI 사용자,현재 AI 사용자,True
52144,0,0,0.36305578097622504,현재 AI 사용자,현재 AI 사용자,True
51684,1,0,0.4326674762938494,향후 AI 사용 예정자,현재 AI 사용자,False
36466,0,0,0.3479743113293575,현재 AI 사용자,현재 AI 사용자,True
8984,1,1,0.7435723394298475,향후 AI 사용 예정자,향후 AI 사용 예정자,True
14259,0,0,0.274162368307506,현재 AI 사용자,현재 AI 사용자,True
13872,1,0,0.45430059601438705,향후 AI 사용 예정자,현재 AI 사용자,False
6736,1,1,0.7186083735973776,향후 AI 사용 예정자,향후 AI 사용 예정자,True
10973,0,1,0.9322075268102702,현재 AI 사용자,향후 AI 사용 예정자,False
24787,0,0,0.1681124619300891,현재 AI 사용자,현재 AI 사용자,True
28232,0,1,0.5748277352281803,현재 AI 사용자,향후 AI 사용 예정자,False
50936,1,1,0.6321403410009744,향후 AI 사용 예정자,향후 AI 사용 예정자,True
55771,1,0,0.25184373665129245,향후 AI 사용 예정자,현재 AI 사용자,False
46092,1,1,0.9817312689567415,향후 AI 사용 예정자,향후 AI 사용 예정자,True
5566,1,1,0.7567116270457009,향후 AI 사용 예정자,향후 AI 사용 예정자,True
52625,1,1,0.5060728355303649,향후 AI 사용 예정자,향후 AI 사용 예정자,True
37380,1,1,0.8569323677626074,향후 AI 사용 예정자,향후 AI 사용 예정자,True
48234,0,1,0.6900510763336641,현재 AI 사용자,향후 AI 사용 예정자,False
19295,1,1,0.8267156058684286,향후 AI 사용 예정자,향후 AI 사용 예정자,True
4492,0,0,0.3852228201610875,현재 AI 사용자,현재 AI 사용자,True
47168,0,0,0.05379703266509306,현재 AI 사용자,현재 AI 사용자,True
6182,1,1,0.9417057603847482,향후 AI 사용 예정자,향후 AI 사용 예정자,True
23607,1,1,0.8917113664138812,향후 AI 사용 예정자,향후 AI 사용 예정자,True
55672,1,0,0.36118295954241253,향후 AI 사용 예정자,현재 AI 사용자,False
19082,0,0,0.1598456825125148,현재 AI 사용자,현재 AI 사용자,True
4843,0,0,0.2320668263164703,현재 AI 사용자,현재 AI 사용자,True
26838,1,1,0.961892426653291,향후 AI 사용 예정자,향후 AI 사용 예정자,True
52392,1,1,0.9604603278977726,향후 AI 사용 예정자,향후 AI 사용 예정자,True
8479,1,1,0.7695325973550905,향후 AI 사용 예정자,향후 AI 사용 예정자,True
29268,0,0,0.4451742281181643,현재 AI 사용자,현재 AI 사용자,True
19948,1,1,0.9270690766633732,향후 AI 사용 예정자,향후 AI 사용 예정자,True
28160,1,1,0.9780555276533666,향후 AI 사용 예정자,향후 AI 사용 예정자,True
29495,1,1,0.9722210333435675,향후 AI 사용 예정자,향후 AI 사용 예정자,True
3356,0,0,0.2991307974181931,현재 AI 사용자,현재 AI 사용자,True
1213,1,1,0.958011806524379,향후 AI 사용 예정자,향후 AI 사용 예정자,True
1511,0,0,0.33884545714519887,현재 AI 사용자,현재 AI 사용자,True
8681,1,1,0.6110350245252325,향후 AI 사용 예정자,향후 AI 사용 예정자,True
2992,0,0,0.28808294961960995,현재 AI 사용자,현재 AI 사용자,True
33875,1,1,0.8405640485614859,향후 AI 사용 예정자,향후 AI 사용 예정자,True
31381,1,1,0.7844405991906758,향후 AI 사용 예정자,향후 AI 사용 예정자,True
33503,1,1,0.9103946938215576,향후 AI 사용 예정자,향후 AI 사용 예정자,True
16644,1,1,0.9119961398753852,향후 AI 사용 예정자,향후 AI 사용 예정자,True
59228,0,1,0.7144893754830096,현재 AI 사용자,향후 AI 사용 예정자,False
4391,1,1,0.7384384874729362,향후 AI 사용 예정자,향후 AI 사용 예정자,True
35821,1,1,0.5213961496127993,향후 AI 사용 예정자,향후 AI 사용 예정자,True
17804,1,1,0.8669745659603865,향후 AI 사용 예정자,향후 AI 사용 예정자,True
9200,1,1,0.5639001359181119,향후 AI 사용 예정자,향후 AI 사용 예정자,True
12383,1,1,0.7222981414109737,향후 AI 사용 예정자,향후 AI 사용 예정자,True
4618,1,1,0.9185955904779598,향후 AI 사용 예정자,향후 AI 사용 예정자,True
36642,0,1,0.6273044547002473,현재 AI 사용자,향후 AI 사용 예정자,False
36082,1,0,0.43288671547892577,향후 AI 사용 예정자,현재 AI 사용자,False
26561,0,0,0.44135437763978874,현재 AI 사용자,현재 AI 사용자,True
23661,0,0,0.24059012912720487,현재 AI 사용자,현재 AI 사용자,True
62630,1,1,0.8629292641789761,향후 AI 사용 예정자,향후 AI 사용 예정자,True
9553,1,1,0.8515556737603007,향후 AI 사용 예정자,향후 AI 사용 예정자,True
3158,1,1,0.8704665670511104,향후 AI 사용 예정자,향후 AI 사용 예정자,True
53166,1,1,0.9008272518813466,향후 AI 사용 예정자,향후 AI 사용 예정자,True
30396,1,1,0.9368160896075681,향후 AI 사용 예정자,향후 AI 사용 예정자,True
49592,0,1,0.7993097382817599,현재 AI 사용자,향후 AI 사용 예정자,False
43858,0,0,0.11310569156036186,현재 AI 사용자,현재 AI 사용자,True
34634,1,0,0.4916511967489419,향후 AI 사용 예정자,현재 AI 사용자,False
50526,0,0,0.09163144759905478,현재 AI 사용자,현재 AI 사용자,True
64520,1,1,0.9954154435764765,향후 AI 사용 예정자,향후 AI 사용 예정자,True
40187,0,1,0.970632477784822,현재 AI 사용자,향후 AI 사용 예정자,False
8434,1,1,0.7350912904813944,향후 AI 사용 예정자,향후 AI 사용 예정자,True
44472,1,1,0.9684672013196174,향후 AI 사용 예정자,향후 AI 사용 예정자,True
35037,0,0,0.09589738496459847,현재 AI 사용자,현재 AI 사용자,True
61246,1,1,0.9356902931703722,향후 AI 사용 예정자,향후 AI 사용 예정자,True
57740,1,1,0.7623253441907184,향후 AI 사용 예정자,향후 AI 사용 예정자,True
56132,0,0,0.3797503915535942,현재 AI 사용자,현재 AI 사용자,True
4541,0,0,0.18883594165798553,현재 AI 사용자,현재 AI 사용자,True
53037,1,1,0.8931092333899842,향후 AI 사용 예정자,향후 AI 사용 예정자,True
16485,0,0,0.36296433541581336,현재 AI 사용자,현재 AI 사용자,True
13782,1,1,0.9173474171148774,향후 AI 사용 예정자,향후 AI 사용 예정자,True
55000,1,1,0.9048601514788047,향후 AI 사용 예정자,향후 AI 사용 예정자,True
34282,1,0,0.46612687949836845,향후 AI 사용 예정자,현재 AI 사용자,False
59519,0,1,0.5510802017729904,현재 AI 사용자,향후 AI 사용 예정자,False
23518,1,1,0.9933509196036566,향후 AI 사용 예정자,향후 AI 사용 예정자,True
8477,1,1,0.925257985169408,향후 AI 사용 예정자,향후 AI 사용 예정자,True
15428,0,1,0.5665074911672423,현재 AI 사용자,향후 AI 사용 예정자,False
10927,1,1,0.8622651306308373,향후 AI 사용 예정자,향후 AI 사용 예정자,True
4717,1,1,0.6460072085928956,향후 AI 사용 예정자,향후 AI 사용 예정자,True
22202,1,1,0.9126791295967794,향후 AI 사용 예정자,향후 AI 사용 예정자,True
15407,1,1,0.9941930070465611,향후 AI 사용 예정자,향후 AI 사용 예정자,True
8038,1,0,0.28395092976161734,향후 AI 사용 예정자,현재 AI 사용자,False
13937,1,1,0.9568216413166976,향후 AI 사용 예정자,향후 AI 사용 예정자,True
55247,0,0,0.17490281465193425,현재 AI 사용자,현재 AI 사용자,True
16547,0,1,0.7748713447786197,현재 AI 사용자,향후 AI 사용 예정자,False
18478,1,1,0.9717663037959472,향후 AI 사용 예정자,향후 AI 사용 예정자,True
54670,0,0,0.48229996668808756,현재 AI 사용자,현재 AI 사용자,True
27587,0,0,0.35292868834800195,현재 AI 사용자,현재 AI 사용자,True
47958,1,0,0.4734012299742722,향후 AI 사용 예정자,현재 AI 사용자,False
109,0,0,0.286540732075088,현재 AI 사용자,현재 AI 사용자,True
20471,1,1,0.7137204090570596,향후 AI 사용 예정자,향후 AI 사용 예정자,True
34821,1,1,0.7992034754286729,향후 AI 사용 예정자,향후 AI 사용 예정자,True
50624,1,1,0.6728754068726958,향후 AI 사용 예정자,향후 AI 사용 예정자,True
24227,1,1,0.6773182624915447,향후 AI 사용 예정자,향후 AI 사용 예정자,True
4217,0,0,0.4105136659277881,현재 AI 사용자,현재 AI 사용자,True
43774,1,1,0.9205788658568685,향후 AI 사용 예정자,향후 AI 사용 예정자,True
1582,0,0,0.314195362703509,현재 AI 사용자,현재 AI 사용자,True
21683,0,0,0.21011325663810243,현재 AI 사용자,현재 AI 사용자,True
45708,1,1,0.8664902280491693,향후 AI 사용 예정자,향후 AI 사용 예정자,True
41161,1,1,0.566961458522837,향후 AI 사용 예정자,향후 AI 사용 예정자,True
26348,1,1,0.8375111787985212,향후 AI 사용 예정자,향후 AI 사용 예정자,True
38120,0,1,0.5195601201575155,현재 AI 사용자,향후 AI 사용 예정자,False
36970,1,0,0.46136822653371934,향후 AI 사용 예정자,현재 AI 사용자,False
21551,1,1,0.9358783426877892,향후 AI 사용 예정자,향후 AI 사용 예정자,True
50476,0,1,0.7392702222350832,현재 AI 사용자,향후 AI 사용 예정자,False
10609,1,1,0.7084265402752103,향후 AI 사용 예정자,향후 AI 사용 예정자,True
7086,1,1,0.5065713526954365,향후 AI 사용 예정자,향후 AI 사용 예정자,True
56474,1,1,0.6953241430470887,향후 AI 사용 예정자,향후 AI 사용 예정자,True
30563,1,1,0.701473247790385,향후 AI 사용 예정자,향후 AI 사용 예정자,True
59811,1,1,0.7919761401138201,향후 AI 사용 예정자,향후 AI 사용 예정자,True
53997,1,1,0.6332767227752901,향후 AI 사용 예정자,향후 AI 사용 예정자,True
37828,1,0,0.4885998838556823,향후 AI 사용 예정자,현재 AI 사용자,False
56923,0,0,0.23351661071778837,현재 AI 사용자,현재 AI 사용자,True
7656,1,1,0.8901107822886489,향후 AI 사용 예정자,향후 AI 사용 예정자,True
52395,1,1,0.8563428427461135,향후 AI 사용 예정자,향후 AI 사용 예정자,True
11493,0,1,0.5302702709475905,현재 AI 사용자,향후 AI 사용 예정자,False
35576,1,1,0.9266371635431799,향후 AI 사용 예정자,향후 AI 사용 예정자,True
47536,1,1,0.8793595864604788,향후 AI 사용 예정자,향후 AI 사용 예정자,True
58218,0,1,0.5077410461526847,현재 AI 사용자,향후 AI 사용 예정자,False
51513,1,1,0.8227335850581284,향후 AI 사용 예정자,향후 AI 사용 예정자,True
5896,1,1,0.9100839025542634,향후 AI 사용 예정자,향후 AI 사용 예정자,True
6248,1,0,0.26906630797346814,향후 AI 사용 예정자,현재 AI 사용자,False
16618,1,1,0.8461955180950944,향후 AI 사용 예정자,향후 AI 사용 예정자,True
51458,1,1,0.6395182792769767,향후 AI 사용 예정자,향후 AI 사용 예정자,True
19548,0,0,0.2719485148192093,현재 AI 사용자,현재 AI 사용자,True
12796,0,0,0.28644710025899733,현재 AI 사용자,현재 AI 사용자,True
45717,1,1,0.8441789187847172,향후 AI 사용 예정자,향후 AI 사용 예정자,True
57721,1,1,0.8610499075163429,향후 AI 사용 예정자,향후 AI 사용 예정자,True
56047,0,0,0.07795823505162007,현재 AI 사용자,현재 AI 사용자,True
59233,0,1,0.6146777164348521,현재 AI 사용자,향후 AI 사용 예정자,False
59057,0,1,0.8459189930667514,현재 AI 사용자,향후 AI 사용 예정자,False
29747,0,0,0.13572294415591013,현재 AI 사용자,현재 AI 사용자,True
10616,0,0,0.08995044176402482,현재 AI 사용자,현재 AI 사용자,True
40216,0,0,0.3119768416539371,현재 AI 사용자,현재 AI 사용자,True
7682,0,1,0.784361954402039,현재 AI 사용자,향후 AI 사용 예정자,False
26048,1,1,0.7997035379186964,향후 AI 사용 예정자,향후 AI 사용 예정자,True
55434,1,1,0.9735782115110648,향후 AI 사용 예정자,향후 AI 사용 예정자,True
35180,1,0,0.18014269853718892,향후 AI 사용 예정자,현재 AI 사용자,False
58008,1,1,0.843997957348262,향후 AI 사용 예정자,향후 AI 사용 예정자,True
1485,0,0,0.23913513734584044,현재 AI 사용자,현재 AI 사용자,True
14312,1,1,0.6689546878797281,향후 AI 사용 예정자,향후 AI 사용 예정자,True
50003,1,1,0.739859603300351,향후 AI 사용 예정자,향후 AI 사용 예정자,True
62621,0,1,0.5829675687980345,현재 AI 사용자,향후 AI 사용 예정자,False
5406,1,1,0.8971750699510394,향후 AI 사용 예정자,향후 AI 사용 예정자,True
60206,0,0,0.4234522119018748,현재 AI 사용자,현재 AI 사용자,True
41045,0,0,0.3198327028150404,현재 AI 사용자,현재 AI 사용자,True
57627,1,0,0.3918044574338501,향후 AI 사용 예정자,현재 AI 사용자,False
35210,1,1,0.7635656249335231,향후 AI 사용 예정자,향후 AI 사용 예정자,True
46912,0,0,0.35016069062227345,현재 AI 사용자,현재 AI 사용자,True
21247,1,0,0.3200277609093615,향후 AI 사용 예정자,현재 AI 사용자,False
45485,0,1,0.9162962460252371,현재 AI 사용자,향후 AI 사용 예정자,False
9184,0,0,0.39176754369230343,현재 AI 사용자,현재 AI 사용자,True
19405,1,1,0.9582944695295653,향후 AI 사용 예정자,향후 AI 사용 예정자,True
37125,0,0,0.22314043661085856,현재 AI 사용자,현재 AI 사용자,True
47891,1,1,0.7321857032702819,향후 AI 사용 예정자,향후 AI 사용 예정자,True
24311,1,1,0.9821114402629378,향후 AI 사용 예정자,향후 AI 사용 예정자,True
9342,0,0,0.4288786503391406,현재 AI 사용자,현재 AI 사용자,True
20815,0,1,0.9076544782366822,현재 AI 사용자,향후 AI 사용 예정자,False
45065,1,1,0.7749258156044307,향후 AI 사용 예정자,향후 AI 사용 예정자,True
2854,1,0,0.49963825356232655,향후 AI 사용 예정자,현재 AI 사용자,False
31503,1,1,0.6592936760381668,향후 AI 사용 예정자,향후 AI 사용 예정자,True
16322,0,0,0.35830959338796836,현재 AI 사용자,현재 AI 사용자,True
35516,0,0,0.24641079953113598,현재 AI 사용자,현재 AI 사용자,True
53250,1,1,0.6488588219629784,향후 AI 사용 예정자,향후 AI 사용 예정자,True
48582,0,0,0.34284454835966766,현재 AI 사용자,현재 AI 사용자,True
24575,0,0,0.37945828224113815,현재 AI 사용자,현재 AI 사용자,True
26085,1,1,0.6537594722187154,향후 AI 사용 예정자,향후 AI 사용 예정자,True
43830,1,0,0.26201391367832727,향후 AI 사용 예정자,현재 AI 사용자,False
6249,1,1,0.9828279968803527,향후 AI 사용 예정자,향후 AI 사용 예정자,True
12690,0,0,0.44607856383338496,현재 AI 사용자,현재 AI 사용자,True
3405,1,1,0.9438327383469101,향후 AI 사용 예정자,향후 AI 사용 예정자,True
51322,1,1,0.8979883906969816,향후 AI 사용 예정자,향후 AI 사용 예정자,True
49511,0,0,0.14284644049469677,현재 AI 사용자,현재 AI 사용자,True
51624,0,0,0.19601638444628852,현재 AI 사용자,현재 AI 사용자,True
49079,1,1,0.9524163743228815,향후 AI 사용 예정자,향후 AI 사용 예정자,True
9095,0,1,0.8621444614264886,현재 AI 사용자,향후 AI 사용 예정자,False
55306,0,0,0.48390332819691406,현재 AI 사용자,현재 AI 사용자,True
25634,0,0,0.2880787108078824,현재 AI 사용자,현재 AI 사용자,True
50699,0,1,0.9046086048773124,현재 AI 사용자,향후 AI 사용 예정자,False
33994,0,0,0.39320656807889387,현재 AI 사용자,현재 AI 사용자,True
37746,1,1,0.571068611486101,향후 AI 사용 예정자,향후 AI 사용 예정자,True
14631,0,0,0.11939352242442854,현재 AI 사용자,현재 AI 사용자,True
56575,1,1,0.7229559578692641,향후 AI 사용 예정자,향후 AI 사용 예정자,True
3920,0,0,0.4533844795605165,현재 AI 사용자,현재 AI 사용자,True
38774,1,1,0.8601054316708572,향후 AI 사용 예정자,향후 AI 사용 예정자,True
20768,1,1,0.9739597621896082,향후 AI 사용 예정자,향후 AI 사용 예정자,True
7876,0,0,0.47263209981426474,현재 AI 사용자,현재 AI 사용자,True
11147,0,0,0.17803427200473596,현재 AI 사용자,현재 AI 사용자,True
38299,1,1,0.8835749070553628,향후 AI 사용 예정자,향후 AI 사용 예정자,True
25406,0,0,0.1451324445629686,현재 AI 사용자,현재 AI 사용자,True
29712,1,1,0.9027656866082728,향후 AI 사용 예정자,향후 AI 사용 예정자,True
19496,0,1,0.704477603511527,현재 AI 사용자,향후 AI 사용 예정자,False
63885,1,1,0.7314678750875695,향후 AI 사용 예정자,향후 AI 사용 예정자,True
38017,1,1,0.804897972442643,향후 AI 사용 예정자,향후 AI 사용 예정자,True
3712,0,0,0.44650015366603757,현재 AI 사용자,현재 AI 사용자,True
18525,1,1,0.5717588221352541,향후 AI 사용 예정자,향후 AI 사용 예정자,True
24346,1,0,0.3324339315774416,향후 AI 사용 예정자,현재 AI 사용자,False
8966,1,1,0.9504094385253062,향후 AI 사용 예정자,향후 AI 사용 예정자,True
26895,0,0,0.16827653405371226,현재 AI 사용자,현재 AI 사용자,True
51834,1,1,0.9946625449912175,향후 AI 사용 예정자,향후 AI 사용 예정자,True
61754,1,1,0.7842094002146798,향후 AI 사용 예정자,향후 AI 사용 예정자,True
28613,0,1,0.5031815663585146,현재 AI 사용자,향후 AI 사용 예정자,False
51271,1,1,0.9541494269364773,향후 AI 사용 예정자,향후 AI 사용 예정자,True
56283,1,1,0.8512357782730668,향후 AI 사용 예정자,향후 AI 사용 예정자,True
34776,1,1,0.7741565486174243,향후 AI 사용 예정자,향후 AI 사용 예정자,True
12991,1,1,0.686509947223799,향후 AI 사용 예정자,향후 AI 사용 예정자,True
402,0,0,0.2250372575098032,현재 AI 사용자,현재 AI 사용자,True
11637,0,1,0.5302312226780486,현재 AI 사용자,향후 AI 사용 예정자,False
10205,0,1,0.8180007412444158,현재 AI 사용자,향후 AI 사용 예정자,False
55315,0,1,0.6671597877321954,현재 AI 사용자,향후 AI 사용 예정자,False
57824,0,0,0.14272254580036628,현재 AI 사용자,현재 AI 사용자,True
4207,0,1,0.9320584984093759,현재 AI 사용자,향후 AI 사용 예정자,False
28991,0,0,0.22842994864929358,현재 AI 사용자,현재 AI 사용자,True
46111,1,1,0.9660439749093104,향후 AI 사용 예정자,향후 AI 사용 예정자,True
56072,1,1,0.9871421257688602,향후 AI 사용 예정자,향후 AI 사용 예정자,True
12187,1,0,0.25334054433397435,향후 AI 사용 예정자,현재 AI 사용자,False
15131,1,0,0.23308493858900195,향후 AI 사용 예정자,현재 AI 사용자,False
53652,0,0,0.4279501916360768,현재 AI 사용자,현재 AI 사용자,True
47326,1,1,0.9853953131655746,향후 AI 사용 예정자,향후 AI 사용 예정자,True
59671,1,1,0.8390255366105959,향후 AI 사용 예정자,향후 AI 사용 예정자,True
15690,0,1,0.5775971442412516,현재 AI 사용자,향후 AI 사용 예정자,False
40038,0,1,0.566852046206441,현재 AI 사용자,향후 AI 사용 예정자,False
8729,1,1,0.794406156887548,향후 AI 사용 예정자,향후 AI 사용 예정자,True
54830,0,1,0.6043618520749278,현재 AI 사용자,향후 AI 사용 예정자,False
23907,0,0,0.2314507202887244,현재 AI 사용자,현재 AI 사용자,True
31138,0,0,0.3499725712278748,현재 AI 사용자,현재 AI 사용자,True
23383,0,0,0.4359999051686691,현재 AI 사용자,현재 AI 사용자,True
53665,1,1,0.7999039672123347,향후 AI 사용 예정자,향후 AI 사용 예정자,True
49589,1,1,0.9271582669601534,향후 AI 사용 예정자,향후 AI 사용 예정자,True
53439,0,0,0.14214065359713043,현재 AI 사용자,현재 AI 사용자,True
44137,0,0,0.4110169631552493,현재 AI 사용자,현재 AI 사용자,True
50400,0,0,0.20425612725074047,현재 AI 사용자,현재 AI 사용자,True
28457,1,1,0.8710058565766752,향후 AI 사용 예정자,향후 AI 사용 예정자,True
13734,0,0,0.2934071565626361,현재 AI 사용자,현재 AI 사용자,True
31974,0,1,0.623615347431703,현재 AI 사용자,향후 AI 사용 예정자,False
723,1,1,0.9576494447715909,향후 AI 사용 예정자,향후 AI 사용 예정자,True
27007,1,1,0.8592673934593276,향후 AI 사용 예정자,향후 AI 사용 예정자,True
3096,0,0,0.14020849583945108,현재 AI 사용자,현재 AI 사용자,True
54942,1,1,0.6393926177262883,향후 AI 사용 예정자,향후 AI 사용 예정자,True
57109,0,0,0.16718775057376623,현재 AI 사용자,현재 AI 사용자,True
11486,0,0,0.34532970464863827,현재 AI 사용자,현재 AI 사용자,True
59054,1,1,0.5046539341406595,향후 AI 사용 예정자,향후 AI 사용 예정자,True
56075,1,0,0.2541418913488182,향후 AI 사용 예정자,현재 AI 사용자,False
4734,0,1,0.716461282846393,현재 AI 사용자,향후 AI 사용 예정자,False
60976,1,1,0.9664601389015052,향후 AI 사용 예정자,향후 AI 사용 예정자,True
8627,0,0,0.38020096612658466,현재 AI 사용자,현재 AI 사용자,True
53840,1,1,0.6059994131010995,향후 AI 사용 예정자,향후 AI 사용 예정자,True
37731,0,1,0.5456813060488763,현재 AI 사용자,향후 AI 사용 예정자,False
9116,1,1,0.7959229327750614,향후 AI 사용 예정자,향후 AI 사용 예정자,True
49291,1,1,0.9425111586881788,향후 AI 사용 예정자,향후 AI 사용 예정자,True
12458,1,1,0.7449122596633252,향후 AI 사용 예정자,향후 AI 사용 예정자,True
21124,1,0,0.42705053442397806,향후 AI 사용 예정자,현재 AI 사용자,False
30449,0,0,0.36521027407677364,현재 AI 사용자,현재 AI 사용자,True
19759,1,0,0.45636301622816944,향후 AI 사용 예정자,현재 AI 사용자,False
51982,1,1,0.5954066641924072,향후 AI 사용 예정자,향후 AI 사용 예정자,True
11495,1,0,0.4379870586385147,향후 AI 사용 예정자,현재 AI 사용자,False
23802,1,1,0.8332870881629578,향후 AI 사용 예정자,향후 AI 사용 예정자,True
13112,1,1,0.9051172464995747,향후 AI 사용 예정자,향후 AI 사용 예정자,True
24060,1,1,0.6893927694111069,향후 AI 사용 예정자,향후 AI 사용 예정자,True
6826,1,1,0.866993645146395,향후 AI 사용 예정자,향후 AI 사용 예정자,True
5895,1,1,0.6435728193801662,향후 AI 사용 예정자,향후 AI 사용 예정자,True
1807,0,0,0.13106290992308295,현재 AI 사용자,현재 AI 사용자,True
44109,0,0,0.4369903077708005,현재 AI 사용자,현재 AI 사용자,True
62450,0,0,0.2042990119597618,현재 AI 사용자,현재 AI 사용자,True
30954,1,0,0.2229182989276581,향후 AI 사용 예정자,현재 AI 사용자,False
1557,1,1,0.8447776612700144,향후 AI 사용 예정자,향후 AI 사용 예정자,True
44862,1,0,0.37567232848264187,향후 AI 사용 예정자,현재 AI 사용자,False
16593,1,1,0.7739972279566293,향후 AI 사용 예정자,향후 AI 사용 예정자,True
46871,0,1,0.6223319842567655,현재 AI 사용자,향후 AI 사용 예정자,False
53927,1,1,0.9710899646171735,향후 AI 사용 예정자,향후 AI 사용 예정자,True
12409,1,1,0.9683218789221828,향후 AI 사용 예정자,향후 AI 사용 예정자,True
7553,0,1,0.527306632574747,현재 AI 사용자,향후 AI 사용 예정자,False
30338,1,0,0.41530873645055993,향후 AI 사용 예정자,현재 AI 사용자,False
41782,0,1,0.7736926621451918,현재 AI 사용자,향후 AI 사용 예정자,False
7768,1,1,0.8478334605607875,향후 AI 사용 예정자,향후 AI 사용 예정자,True
1824,0,1,0.5833766944741636,현재 AI 사용자,향후 AI 사용 예정자,False
59566,1,0,0.4697865443298796,향후 AI 사용 예정자,현재 AI 사용자,False
52462,1,1,0.8557232586284684,향후 AI 사용 예정자,향후 AI 사용 예정자,True
52920,0,1,0.6727495359881501,현재 AI 사용자,향후 AI 사용 예정자,False
20567,1,1,0.8725471686772277,향후 AI 사용 예정자,향후 AI 사용 예정자,True
53888,0,0,0.17559110857873672,현재 AI 사용자,현재 AI 사용자,True
25145,1,1,0.8978745592082753,향후 AI 사용 예정자,향후 AI 사용 예정자,True
17032,1,1,0.5891507293440303,향후 AI 사용 예정자,향후 AI 사용 예정자,True
18710,1,1,0.7457474541415061,향후 AI 사용 예정자,향후 AI 사용 예정자,True
8378,0,0,0.06373357718757651,현재 AI 사용자,현재 AI 사용자,True
38144,0,0,0.12611823505838565,현재 AI 사용자,현재 AI 사용자,True
42235,0,0,0.3443027280814701,현재 AI 사용자,현재 AI 사용자,True
55279,0,0,0.19608017058514923,현재 AI 사용자,현재 AI 사용자,True
22774,1,0,0.4966961358275975,향후 AI 사용 예정자,현재 AI 사용자,False
9656,0,0,0.3194707490210018,현재 AI 사용자,현재 AI 사용자,True
41939,1,1,0.8281445968405886,향후 AI 사용 예정자,향후 AI 사용 예정자,True
11544,0,0,0.30040270305548494,현재 AI 사용자,현재 AI 사용자,True
30437,1,1,0.8946040572731062,향후 AI 사용 예정자,향후 AI 사용 예정자,True
53058,0,1,0.6575509255432092,현재 AI 사용자,향후 AI 사용 예정자,False
1454,1,1,0.7190004888104822,향후 AI 사용 예정자,향후 AI 사용 예정자,True
17416,1,0,0.47502158172357944,향후 AI 사용 예정자,현재 AI 사용자,False
45976,1,1,0.84244603413778,향후 AI 사용 예정자,향후 AI 사용 예정자,True
24114,1,1,0.8358572846861598,향후 AI 사용 예정자,향후 AI 사용 예정자,True
41502,0,0,0.33739744325670096,현재 AI 사용자,현재 AI 사용자,True
6598,1,1,0.893989341060096,향후 AI 사용 예정자,향후 AI 사용 예정자,True
61307,1,0,0.41971321059404393,향후 AI 사용 예정자,현재 AI 사용자,False
31811,0,0,0.07503968731872757,현재 AI 사용자,현재 AI 사용자,True
55192,0,0,0.3590675611543437,현재 AI 사용자,현재 AI 사용자,True
25714,0,0,0.4713134399367534,현재 AI 사용자,현재 AI 사용자,True
11614,1,1,0.5141792770273066,향후 AI 사용 예정자,향후 AI 사용 예정자,True
52744,0,1,0.6691808068826606,현재 AI 사용자,향후 AI 사용 예정자,False
29828,1,0,0.40039438156750123,향후 AI 사용 예정자,현재 AI 사용자,False
5268,1,1,0.9349838389730117,향후 AI 사용 예정자,향후 AI 사용 예정자,True
12289,0,1,0.6606978239691671,현재 AI 사용자,향후 AI 사용 예정자,False
43020,0,0,0.36453792366133186,현재 AI 사용자,현재 AI 사용자,True
16427,0,1,0.68117438793452,현재 AI 사용자,향후 AI 사용 예정자,False
59828,1,0,0.4082573634177595,향후 AI 사용 예정자,현재 AI 사용자,False
4205,1,1,0.9397676540811394,향후 AI 사용 예정자,향후 AI 사용 예정자,True
14214,1,0,0.20299465781733847,향후 AI 사용 예정자,현재 AI 사용자,False
37449,0,0,0.301158259395122,현재 AI 사용자,현재 AI 사용자,True
58835,1,0,0.4607555148579068,향후 AI 사용 예정자,현재 AI 사용자,False
32725,1,1,0.9189231777427719,향후 AI 사용 예정자,향후 AI 사용 예정자,True
53644,1,1,0.9144606208248455,향후 AI 사용 예정자,향후 AI 사용 예정자,True
19181,1,1,0.9520752178382595,향후 AI 사용 예정자,향후 AI 사용 예정자,True
24290,1,1,0.8602110376884307,향후 AI 사용 예정자,향후 AI 사용 예정자,True
33047,1,1,0.5898269011771654,향후 AI 사용 예정자,향후 AI 사용 예정자,True
9005,0,0,0.359401694624217,현재 AI 사용자,현재 AI 사용자,True
20141,1,1,0.800522491661588,향후 AI 사용 예정자,향후 AI 사용 예정자,True
18931,0,0,0.14340567975990554,현재 AI 사용자,현재 AI 사용자,True
36374,1,1,0.9897491255176774,향후 AI 사용 예정자,향후 AI 사용 예정자,True
58772,0,0,0.2124962710903794,현재 AI 사용자,현재 AI 사용자,True
61847,1,1,0.5604491054560868,향후 AI 사용 예정자,향후 AI 사용 예정자,True
4043,1,1,0.8214035247777527,향후 AI 사용 예정자,향후 AI 사용 예정자,True
35034,0,0,0.31177158358661194,현재 AI 사용자,현재 AI 사용자,True
50721,1,1,0.9870719294814686,향후 AI 사용 예정자,향후 AI 사용 예정자,True
58659,0,1,0.5114656866888715,현재 AI 사용자,향후 AI 사용 예정자,False
42073,1,1,0.5103575830026825,향후 AI 사용 예정자,향후 AI 사용 예정자,True
23359,0,0,0.11359495917903864,현재 AI 사용자,현재 AI 사용자,True
34368,1,1,0.9568948057551651,향후 AI 사용 예정자,향후 AI 사용 예정자,True
64338,1,1,0.6817860571137832,향후 AI 사용 예정자,향후 AI 사용 예정자,True
25309,1,1,0.6325038891760721,향후 AI 사용 예정자,향후 AI 사용 예정자,True
22776,0,1,0.9097137996248654,현재 AI 사용자,향후 AI 사용 예정자,False
62795,0,1,0.809920995445077,현재 AI 사용자,향후 AI 사용 예정자,False
62930,1,1,0.8349537684201671,향후 AI 사용 예정자,향후 AI 사용 예정자,True
53492,1,1,0.9057366102929085,향후 AI 사용 예정자,향후 AI 사용 예정자,True
17916,0,0,0.08777700025507557,현재 AI 사용자,현재 AI 사용자,True
61823,0,1,0.6240374441572676,현재 AI 사용자,향후 AI 사용 예정자,False
58647,0,0,0.23407973599388796,현재 AI 사용자,현재 AI 사용자,True
6810,1,1,0.9474514269785892,향후 AI 사용 예정자,향후 AI 사용 예정자,True
45036,1,1,0.5771663715638691,향후 AI 사용 예정자,향후 AI 사용 예정자,True
50065,0,1,0.5030162608565987,현재 AI 사용자,향후 AI 사용 예정자,False
49931,1,1,0.9520975564326086,향후 AI 사용 예정자,향후 AI 사용 예정자,True
2522,1,0,0.44301632126830537,향후 AI 사용 예정자,현재 AI 사용자,False
48985,1,1,0.7588347047234935,향후 AI 사용 예정자,향후 AI 사용 예정자,True
36292,0,0,0.18851295479474517,현재 AI 사용자,현재 AI 사용자,True
34676,1,1,0.9411863026760392,향후 AI 사용 예정자,향후 AI 사용 예정자,True
17980,1,1,0.9829583243487169,향후 AI 사용 예정자,향후 AI 사용 예정자,True
5315,1,1,0.9879385056538738,향후 AI 사용 예정자,향후 AI 사용 예정자,True
5018,1,1,0.926209871105874,향후 AI 사용 예정자,향후 AI 사용 예정자,True
53019,0,0,0.08817269813906259,현재 AI 사용자,현재 AI 사용자,True
61287,1,1,0.86528509530993,향후 AI 사용 예정자,향후 AI 사용 예정자,True
22389,1,1,0.5750251323037235,향후 AI 사용 예정자,향후 AI 사용 예정자,True
8746,1,1,0.8073056371818345,향후 AI 사용 예정자,향후 AI 사용 예정자,True
37650,0,0,0.1940018778534783,현재 AI 사용자,현재 AI 사용자,True
50819,0,0,0.3533547705081358,현재 AI 사용자,현재 AI 사용자,True
49436,0,0,0.12400140592037306,현재 AI 사용자,현재 AI 사용자,True
53371,1,1,0.8809612443322499,향후 AI 사용 예정자,향후 AI 사용 예정자,True
52256,1,1,0.9617476174995941,향후 AI 사용 예정자,향후 AI 사용 예정자,True
13891,0,0,0.13668834276896072,현재 AI 사용자,현재 AI 사용자,True
15064,1,1,0.9536965362836168,향후 AI 사용 예정자,향후 AI 사용 예정자,True
40480,0,0,0.40559422141483703,현재 AI 사용자,현재 AI 사용자,True
38981,0,1,0.8442520229089646,현재 AI 사용자,향후 AI 사용 예정자,False
29013,1,0,0.3136261715085783,향후 AI 사용 예정자,현재 AI 사용자,False
13157,1,1,0.9454594764001283,향후 AI 사용 예정자,향후 AI 사용 예정자,True
61433,1,1,0.8106199292491727,향후 AI 사용 예정자,향후 AI 사용 예정자,True
7308,0,1,0.504644235958517,현재 AI 사용자,향후 AI 사용 예정자,False
6652,0,0,0.14857922804328869,현재 AI 사용자,현재 AI 사용자,True
8065,0,1,0.7509532123586018,현재 AI 사용자,향후 AI 사용 예정자,False
4828,1,1,0.9806093441035223,향후 AI 사용 예정자,향후 AI 사용 예정자,True
12659,1,1,0.8624465230295911,향후 AI 사용 예정자,향후 AI 사용 예정자,True
6188,1,1,0.9183161723518541,향후 AI 사용 예정자,향후 AI 사용 예정자,True
15910,0,0,0.29439438038075805,현재 AI 사용자,현재 AI 사용자,True
24557,1,1,0.7968136514228941,향후 AI 사용 예정자,향후 AI 사용 예정자,True
16727,0,1,0.694495868115416,현재 AI 사용자,향후 AI 사용 예정자,False
31862,1,0,0.4690500873525721,향후 AI 사용 예정자,현재 AI 사용자,False
670,0,1,0.5666607856039768,현재 AI 사용자,향후 AI 사용 예정자,False
32998,1,0,0.4194626785336364,향후 AI 사용 예정자,현재 AI 사용자,False
8720,0,0,0.17221063188553354,현재 AI 사용자,현재 AI 사용자,True
38801,1,1,0.6558552705428262,향후 AI 사용 예정자,향후 AI 사용 예정자,True
6039,1,1,0.5201030392083518,향후 AI 사용 예정자,향후 AI 사용 예정자,True
46762,0,1,0.5838140904105542,현재 AI 사용자,향후 AI 사용 예정자,False
22991,1,1,0.7691787794616605,향후 AI 사용 예정자,향후 AI 사용 예정자,True
50980,0,0,0.3305874447953602,현재 AI 사용자,현재 AI 사용자,True
33115,0,1,0.6505979529305013,현재 AI 사용자,향후 AI 사용 예정자,False
37763,1,1,0.7525888308121691,향후 AI 사용 예정자,향후 AI 사용 예정자,True
19284,1,1,0.7419563461971079,향후 AI 사용 예정자,향후 AI 사용 예정자,True
56945,1,1,0.9469435611559307,향후 AI 사용 예정자,향후 AI 사용 예정자,True
58145,0,1,0.868887991240791,현재 AI 사용자,향후 AI 사용 예정자,False
3345,1,1,0.7286961259238749,향후 AI 사용 예정자,향후 AI 사용 예정자,True
27132,1,1,0.7977271335719035,향후 AI 사용 예정자,향후 AI 사용 예정자,True
48270,1,1,0.9383151839229723,향후 AI 사용 예정자,향후 AI 사용 예정자,True
2206,1,1,0.9696473488720958,향후 AI 사용 예정자,향후 AI 사용 예정자,True
64598,1,1,0.9502122774281717,향후 AI 사용 예정자,향후 AI 사용 예정자,True
17662,1,0,0.20786300782227982,향후 AI 사용 예정자,현재 AI 사용자,False
6776,0,1,0.5561729137204501,현재 AI 사용자,향후 AI 사용 예정자,False
8384,1,1,0.5189008315197406,향후 AI 사용 예정자,향후 AI 사용 예정자,True
17712,0,1,0.8328385445110484,현재 AI 사용자,향후 AI 사용 예정자,False
20960,1,1,0.5695542528507503,향후 AI 사용 예정자,향후 AI 사용 예정자,True
53988,1,1,0.7677874213247196,향후 AI 사용 예정자,향후 AI 사용 예정자,True
51894,1,0,0.24252423884467017,향후 AI 사용 예정자,현재 AI 사용자,False
43663,1,0,0.32271659013193854,향후 AI 사용 예정자,현재 AI 사용자,False
13250,1,1,0.6193465939765201,향후 AI 사용 예정자,향후 AI 사용 예정자,True
15602,0,0,0.23856889151454896,현재 AI 사용자,현재 AI 사용자,True
30331,1,1,0.9573500377830707,향후 AI 사용 예정자,향후 AI 사용 예정자,True
44690,1,1,0.9112083443636197,향후 AI 사용 예정자,향후 AI 사용 예정자,True
41050,1,1,0.8461468161135705,향후 AI 사용 예정자,향후 AI 사용 예정자,True
64334,1,1,0.818794382714126,향후 AI 사용 예정자,향후 AI 사용 예정자,True
20992,0,0,0.1950416583132269,현재 AI 사용자,현재 AI 사용자,True
17578,1,1,0.8475791661810865,향후 AI 사용 예정자,향후 AI 사용 예정자,True
21725,1,1,0.6864054801711166,향후 AI 사용 예정자,향후 AI 사용 예정자,True
52218,0,1,0.5603836398540373,현재 AI 사용자,향후 AI 사용 예정자,False
237,1,1,0.9806246199038561,향후 AI 사용 예정자,향후 AI 사용 예정자,True
58574,0,0,0.3195319080247311,현재 AI 사용자,현재 AI 사용자,True
5167,0,0,0.20420891327086477,현재 AI 사용자,현재 AI 사용자,True
19820,1,0,0.4489549214625014,향후 AI 사용 예정자,현재 AI 사용자,False
47471,0,0,0.3130277164682688,현재 AI 사용자,현재 AI 사용자,True
59206,1,1,0.9401127085956176,향후 AI 사용 예정자,향후 AI 사용 예정자,True
39841,1,1,0.6320405532708955,향후 AI 사용 예정자,향후 AI 사용 예정자,True
25213,1,1,0.786240443263717,향후 AI 사용 예정자,향후 AI 사용 예정자,True
6114,1,0,0.3548718545105794,향후 AI 사용 예정자,현재 AI 사용자,False
47850,0,0,0.2463586014525455,현재 AI 사용자,현재 AI 사용자,True
6316,1,1,0.998511323041511,향후 AI 사용 예정자,향후 AI 사용 예정자,True
61298,1,1,0.8496979446847809,향후 AI 사용 예정자,향후 AI 사용 예정자,True
5079,0,1,0.8914905904191348,현재 AI 사용자,향후 AI 사용 예정자,False
6646,0,0,0.22867584203108912,현재 AI 사용자,현재 AI 사용자,True
23506,1,1,0.5538924180930113,향후 AI 사용 예정자,향후 AI 사용 예정자,True
42313,0,0,0.2645688726714694,현재 AI 사용자,현재 AI 사용자,True
17956,0,0,0.3631108831520315,현재 AI 사용자,현재 AI 사용자,True
44951,1,1,0.623645814541094,향후 AI 사용 예정자,향후 AI 사용 예정자,True
24956,1,1,0.5785185816132106,향후 AI 사용 예정자,향후 AI 사용 예정자,True
4574,1,1,0.9611954385725217,향후 AI 사용 예정자,향후 AI 사용 예정자,True
4763,0,0,0.37521430065191325,현재 AI 사용자,현재 AI 사용자,True
63250,1,1,0.8809328609318566,향후 AI 사용 예정자,향후 AI 사용 예정자,True
47616,0,0,0.4200510386981966,현재 AI 사용자,현재 AI 사용자,True
60475,1,1,0.5387017223124336,향후 AI 사용 예정자,향후 AI 사용 예정자,True
13683,0,0,0.39963674008823646,현재 AI 사용자,현재 AI 사용자,True
9415,0,0,0.2627343650766008,현재 AI 사용자,현재 AI 사용자,True
50789,1,1,0.9392561431448232,향후 AI 사용 예정자,향후 AI 사용 예정자,True
16416,0,0,0.24958037995750304,현재 AI 사용자,현재 AI 사용자,True
23000,1,0,0.38428484221825104,향후 AI 사용 예정자,현재 AI 사용자,False
50087,0,0,0.4640179722537863,현재 AI 사용자,현재 AI 사용자,True
28194,0,1,0.6920966640077972,현재 AI 사용자,향후 AI 사용 예정자,False
35950,0,0,0.22543301982603328,현재 AI 사용자,현재 AI 사용자,True
20204,1,1,0.8532449315883451,향후 AI 사용 예정자,향후 AI 사용 예정자,True
46199,1,0,0.46198389646707255,향후 AI 사용 예정자,현재 AI 사용자,False
46607,1,0,0.4935351408322591,향후 AI 사용 예정자,현재 AI 사용자,False
6591,1,0,0.2761086375956958,향후 AI 사용 예정자,현재 AI 사용자,False
17324,0,0,0.21310641954985787,현재 AI 사용자,현재 AI 사용자,True
6856,1,1,0.5294840515137541,향후 AI 사용 예정자,향후 AI 사용 예정자,True
42361,0,1,0.5618610461636977,현재 AI 사용자,향후 AI 사용 예정자,False
37097,0,1,0.8874735527505533,현재 AI 사용자,향후 AI 사용 예정자,False
8161,0,1,0.7951249702527413,현재 AI 사용자,향후 AI 사용 예정자,False
3599,1,1,0.7940115216427969,향후 AI 사용 예정자,향후 AI 사용 예정자,True
19221,0,0,0.3242024752368681,현재 AI 사용자,현재 AI 사용자,True
41451,1,1,0.6315994877091575,향후 AI 사용 예정자,향후 AI 사용 예정자,True
11945,1,1,0.6772743750311073,향후 AI 사용 예정자,향후 AI 사용 예정자,True
25256,0,0,0.29841933733263243,현재 AI 사용자,현재 AI 사용자,True
43387,1,1,0.6133483543722514,향후 AI 사용 예정자,향후 AI 사용 예정자,True
24408,1,0,0.3279788265698356,향후 AI 사용 예정자,현재 AI 사용자,False
55287,0,0,0.23691210729967802,현재 AI 사용자,현재 AI 사용자,True
42946,1,1,0.908841071776584,향후 AI 사용 예정자,향후 AI 사용 예정자,True
47402,1,1,0.7387025313997762,향후 AI 사용 예정자,향후 AI 사용 예정자,True
17210,1,1,0.6862236356233169,향후 AI 사용 예정자,향후 AI 사용 예정자,True
50234,0,1,0.7513406803792994,현재 AI 사용자,향후 AI 사용 예정자,False
29358,0,0,0.12067762417197504,현재 AI 사용자,현재 AI 사용자,True
5233,0,0,0.30132079624990454,현재 AI 사용자,현재 AI 사용자,True
61254,0,1,0.9276542372184613,현재 AI 사용자,향후 AI 사용 예정자,False
308,0,0,0.4254289931099746,현재 AI 사용자,현재 AI 사용자,True
31044,1,1,0.730718179922135,향후 AI 사용 예정자,향후 AI 사용 예정자,True
12644,1,1,0.952013985970242,향후 AI 사용 예정자,향후 AI 사용 예정자,True
51212,1,1,0.9901841972227557,향후 AI 사용 예정자,향후 AI 사용 예정자,True
57461,1,1,0.5382516155061692,향후 AI 사용 예정자,향후 AI 사용 예정자,True
29541,1,1,0.849821509423528,향후 AI 사용 예정자,향후 AI 사용 예정자,True
7481,1,0,0.3362198772738483,향후 AI 사용 예정자,현재 AI 사용자,False
36256,1,1,0.9031448749094566,향후 AI 사용 예정자,향후 AI 사용 예정자,True
6950,1,1,0.7651195397032524,향후 AI 사용 예정자,향후 AI 사용 예정자,True
58959,0,0,0.2150026489408818,현재 AI 사용자,현재 AI 사용자,True
1523,0,1,0.8852582790385716,현재 AI 사용자,향후 AI 사용 예정자,False
29698,0,1,0.5129502157366183,현재 AI 사용자,향후 AI 사용 예정자,False
19591,0,0,0.30014416136249183,현재 AI 사용자,현재 AI 사용자,True
536,1,1,0.975343881714779,향후 AI 사용 예정자,향후 AI 사용 예정자,True
38033,0,0,0.41243846847051047,현재 AI 사용자,현재 AI 사용자,True
15356,1,1,0.9817262308967256,향후 AI 사용 예정자,향후 AI 사용 예정자,True
57429,0,0,0.4817270738104021,현재 AI 사용자,현재 AI 사용자,True
63579,1,0,0.41579141863072205,향후 AI 사용 예정자,현재 AI 사용자,False
47481,0,0,0.10501270916593518,현재 AI 사용자,현재 AI 사용자,True
60035,1,1,0.9324462036516159,향후 AI 사용 예정자,향후 AI 사용 예정자,True
27524,0,1,0.5473040990657015,현재 AI 사용자,향후 AI 사용 예정자,False
51390,0,0,0.2984867087057081,현재 AI 사용자,현재 AI 사용자,True
36492,1,1,0.7962496782528103,향후 AI 사용 예정자,향후 AI 사용 예정자,True
50044,0,1,0.667604199312148,현재 AI 사용자,향후 AI 사용 예정자,False
34626,1,0,0.4366470318985631,향후 AI 사용 예정자,현재 AI 사용자,False
1799,1,1,0.8798440776386278,향후 AI 사용 예정자,향후 AI 사용 예정자,True
3053,0,1,0.7501882565587855,현재 AI 사용자,향후 AI 사용 예정자,False
39664,1,0,0.4631729052896917,향후 AI 사용 예정자,현재 AI 사용자,False
6113,0,0,0.25602778951936567,현재 AI 사용자,현재 AI 사용자,True
13387,0,1,0.5089656704490597,현재 AI 사용자,향후 AI 사용 예정자,False
27253,1,1,0.8835824767085206,향후 AI 사용 예정자,향후 AI 사용 예정자,True
542,1,0,0.4795345455573023,향후 AI 사용 예정자,현재 AI 사용자,False
15364,0,0,0.3162223341593504,현재 AI 사용자,현재 AI 사용자,True
6553,1,1,0.716544429305541,향후 AI 사용 예정자,향후 AI 사용 예정자,True
44073,0,1,0.5538712132189917,현재 AI 사용자,향후 AI 사용 예정자,False
43583,0,1,0.7161423967863647,현재 AI 사용자,향후 AI 사용 예정자,False
63333,1,1,0.8864138610236549,향후 AI 사용 예정자,향후 AI 사용 예정자,True
13357,0,0,0.14918612623315725,현재 AI 사용자,현재 AI 사용자,True
40266,1,0,0.41773512015893843,향후 AI 사용 예정자,현재 AI 사용자,False
41808,1,1,0.8389927410096237,향후 AI 사용 예정자,향후 AI 사용 예정자,True
7504,1,1,0.6545485449845502,향후 AI 사용 예정자,향후 AI 사용 예정자,True
44847,0,1,0.6069040842963066,현재 AI 사용자,향후 AI 사용 예정자,False
40238,0,0,0.13706965620600609,현재 AI 사용자,현재 AI 사용자,True
30871,1,1,0.9336407031249578,향후 AI 사용 예정자,향후 AI 사용 예정자,True
37252,0,0,0.3580873220354022,현재 AI 사용자,현재 AI 사용자,True
36424,0,0,0.1455810274289672,현재 AI 사용자,현재 AI 사용자,True
16666,1,1,0.8442810053391715,향후 AI 사용 예정자,향후 AI 사용 예정자,True
46869,1,1,0.6351397129407287,향후 AI 사용 예정자,향후 AI 사용 예정자,True
15425,1,0,0.2888448988487489,향후 AI 사용 예정자,현재 AI 사용자,False
22745,0,0,0.16819828795231911,현재 AI 사용자,현재 AI 사용자,True
26804,0,0,0.49358046758142443,현재 AI 사용자,현재 AI 사용자,True
35317,1,1,0.9849924784165257,향후 AI 사용 예정자,향후 AI 사용 예정자,True
41435,0,0,0.2017208064554998,현재 AI 사용자,현재 AI 사용자,True
43015,1,1,0.8369801470765759,향후 AI 사용 예정자,향후 AI 사용 예정자,True
36633,0,0,0.2283994056834229,현재 AI 사용자,현재 AI 사용자,True
36284,1,0,0.3699648529329713,향후 AI 사용 예정자,현재 AI 사용자,False
31193,0,1,0.7912414457442132,현재 AI 사용자,향후 AI 사용 예정자,False
60286,0,0,0.2991949268982823,현재 AI 사용자,현재 AI 사용자,True
37143,0,1,0.7493653184970229,현재 AI 사용자,향후 AI 사용 예정자,False
27333,0,0,0.2063126543719283,현재 AI 사용자,현재 AI 사용자,True
45113,1,1,0.9958349148752471,향후 AI 사용 예정자,향후 AI 사용 예정자,True
58726,1,1,0.8801936787358476,향후 AI 사용 예정자,향후 AI 사용 예정자,True
46420,0,0,0.1446002761046275,현재 AI 사용자,현재 AI 사용자,True
37062,1,1,0.9721834913755705,향후 AI 사용 예정자,향후 AI 사용 예정자,True
33316,0,0,0.2140643139344836,현재 AI 사용자,현재 AI 사용자,True
58960,0,1,0.8410962217940647,현재 AI 사용자,향후 AI 사용 예정자,False
29621,0,0,0.07799476530023088,현재 AI 사용자,현재 AI 사용자,True
6252,1,1,0.6531192564067301,향후 AI 사용 예정자,향후 AI 사용 예정자,True
8286,0,0,0.4605540711113307,현재 AI 사용자,현재 AI 사용자,True
61744,1,1,0.8363154551081199,향후 AI 사용 예정자,향후 AI 사용 예정자,True
50994,1,1,0.6301780505369364,향후 AI 사용 예정자,향후 AI 사용 예정자,True
44089,1,1,0.8178488156041972,향후 AI 사용 예정자,향후 AI 사용 예정자,True
42278,0,0,0.36979509426137,현재 AI 사용자,현재 AI 사용자,True
55408,1,1,0.7638276202967645,향후 AI 사용 예정자,향후 AI 사용 예정자,True
62894,1,1,0.868336214664686,향후 AI 사용 예정자,향후 AI 사용 예정자,True
5094,1,1,0.9109980673770534,향후 AI 사용 예정자,향후 AI 사용 예정자,True
8804,0,1,0.6421977097299797,현재 AI 사용자,향후 AI 사용 예정자,False
22046,0,0,0.13777488134883975,현재 AI 사용자,현재 AI 사용자,True
47191,0,0,0.11111801860968296,현재 AI 사용자,현재 AI 사용자,True
58450,0,0,0.1125450277032686,현재 AI 사용자,현재 AI 사용자,True
1324,0,1,0.5129829208116666,현재 AI 사용자,향후 AI 사용 예정자,False
21348,0,0,0.37114007534700605,현재 AI 사용자,현재 AI 사용자,True
16844,0,0,0.4002565344973337,현재 AI 사용자,현재 AI 사용자,True
54502,1,1,0.9562593987935034,향후 AI 사용 예정자,향후 AI 사용 예정자,True
39151,1,1,0.9407211116617125,향후 AI 사용 예정자,향후 AI 사용 예정자,True
63409,1,1,0.8618383197702371,향후 AI 사용 예정자,향후 AI 사용 예정자,True
53447,0,1,0.5537117157339609,현재 AI 사용자,향후 AI 사용 예정자,False
49376,0,0,0.3859078679577941,현재 AI 사용자,현재 AI 사용자,True
29238,1,0,0.47171627127200144,향후 AI 사용 예정자,현재 AI 사용자,False
32139,0,1,0.8826540128443561,현재 AI 사용자,향후 AI 사용 예정자,False
32978,1,1,0.7947756116724513,향후 AI 사용 예정자,향후 AI 사용 예정자,True
45376,0,1,0.8255463832094682,현재 AI 사용자,향후 AI 사용 예정자,False
41137,1,1,0.7753295861123858,향후 AI 사용 예정자,향후 AI 사용 예정자,True
60424,0,0,0.4010221104382834,현재 AI 사용자,현재 AI 사용자,True
58344,1,1,0.8970026825745333,향후 AI 사용 예정자,향후 AI 사용 예정자,True
29077,1,1,0.8836154957209945,향후 AI 사용 예정자,향후 AI 사용 예정자,True
52930,1,1,0.5408773464093297,향후 AI 사용 예정자,향후 AI 사용 예정자,True
39073,1,1,0.9695587774464116,향후 AI 사용 예정자,향후 AI 사용 예정자,True
11958,0,0,0.10043363612197598,현재 AI 사용자,현재 AI 사용자,True
23242,1,0,0.36149338763997624,향후 AI 사용 예정자,현재 AI 사용자,False
20144,1,0,0.15548658354364622,향후 AI 사용 예정자,현재 AI 사용자,False
24519,0,0,0.21720179174944812,현재 AI 사용자,현재 AI 사용자,True
62544,1,1,0.8135038526352828,향후 AI 사용 예정자,향후 AI 사용 예정자,True
35121,0,1,0.5100570777564224,현재 AI 사용자,향후 AI 사용 예정자,False
40214,0,1,0.8670243854957551,현재 AI 사용자,향후 AI 사용 예정자,False
12448,1,1,0.8773714556050548,향후 AI 사용 예정자,향후 AI 사용 예정자,True
28073,0,0,0.07177257330492406,현재 AI 사용자,현재 AI 사용자,True
44914,1,1,0.9265780557937143,향후 AI 사용 예정자,향후 AI 사용 예정자,True
6496,1,0,0.430483609030157,향후 AI 사용 예정자,현재 AI 사용자,False
58597,1,1,0.8349577019866925,향후 AI 사용 예정자,향후 AI 사용 예정자,True
13770,0,0,0.27894248744115396,현재 AI 사용자,현재 AI 사용자,True
53314,0,0,0.3622648081413041,현재 AI 사용자,현재 AI 사용자,True
717,1,1,0.7634082982699695,향후 AI 사용 예정자,향후 AI 사용 예정자,True
29030,1,0,0.49769444238468363,향후 AI 사용 예정자,현재 AI 사용자,False
14086,0,0,0.30126876673058056,현재 AI 사용자,현재 AI 사용자,True
38138,0,1,0.5217311939799529,현재 AI 사용자,향후 AI 사용 예정자,False
17744,0,1,0.5899559178532238,현재 AI 사용자,향후 AI 사용 예정자,False
50128,1,0,0.22844787488955393,향후 AI 사용 예정자,현재 AI 사용자,False
37776,1,1,0.6474562493276957,향후 AI 사용 예정자,향후 AI 사용 예정자,True
11408,1,1,0.8368159748987458,향후 AI 사용 예정자,향후 AI 사용 예정자,True
59430,0,1,0.767731265669202,현재 AI 사용자,향후 AI 사용 예정자,False
21273,1,1,0.7754192662271494,향후 AI 사용 예정자,향후 AI 사용 예정자,True
31906,1,0,0.4405075099137674,향후 AI 사용 예정자,현재 AI 사용자,False
53505,1,1,0.6938225507968909,향후 AI 사용 예정자,향후 AI 사용 예정자,True
29968,1,1,0.6004645414229273,향후 AI 사용 예정자,향후 AI 사용 예정자,True
53752,0,0,0.4181132918875298,현재 AI 사용자,현재 AI 사용자,True
1320,0,0,0.3669225696853418,현재 AI 사용자,현재 AI 사용자,True
12466,0,0,0.45732168129343154,현재 AI 사용자,현재 AI 사용자,True
60185,0,1,0.8189432595850802,현재 AI 사용자,향후 AI 사용 예정자,False
23201,1,1,0.9502262294165845,향후 AI 사용 예정자,향후 AI 사용 예정자,True
56788,0,1,0.7757423101207016,현재 AI 사용자,향후 AI 사용 예정자,False
30400,0,0,0.4736234374281994,현재 AI 사용자,현재 AI 사용자,True
17519,1,1,0.9457052092535052,향후 AI 사용 예정자,향후 AI 사용 예정자,True
45867,1,1,0.9179811766197555,향후 AI 사용 예정자,향후 AI 사용 예정자,True
2039,0,0,0.3024650132416173,현재 AI 사용자,현재 AI 사용자,True
40307,1,1,0.864631011499683,향후 AI 사용 예정자,향후 AI 사용 예정자,True
19836,0,0,0.3939424033922262,현재 AI 사용자,현재 AI 사용자,True
45370,0,0,0.1953328883948619,현재 AI 사용자,현재 AI 사용자,True
51761,0,1,0.6427566034005965,현재 AI 사용자,향후 AI 사용 예정자,False
23558,1,1,0.8693845118332835,향후 AI 사용 예정자,향후 AI 사용 예정자,True
31515,1,1,0.5849280567843687,향후 AI 사용 예정자,향후 AI 사용 예정자,True
7899,1,1,0.855029895382155,향후 AI 사용 예정자,향후 AI 사용 예정자,True
18188,1,1,0.8228753376427997,향후 AI 사용 예정자,향후 AI 사용 예정자,True
17590,1,0,0.4772823695526978,향후 AI 사용 예정자,현재 AI 사용자,False
65143,1,1,0.8810453511221251,향후 AI 사용 예정자,향후 AI 사용 예정자,True
37444,1,1,0.8024559899215522,향후 AI 사용 예정자,향후 AI 사용 예정자,True
51442,1,0,0.25659298639372835,향후 AI 사용 예정자,현재 AI 사용자,False
44599,0,1,0.8190276924574067,현재 AI 사용자,향후 AI 사용 예정자,False
51257,1,1,0.9757401160521826,향후 AI 사용 예정자,향후 AI 사용 예정자,True
62763,1,1,0.86528509530993,향후 AI 사용 예정자,향후 AI 사용 예정자,True
36293,1,1,0.5976546208551176,향후 AI 사용 예정자,향후 AI 사용 예정자,True
12903,1,1,0.6896670255067722,향후 AI 사용 예정자,향후 AI 사용 예정자,True
10383,1,1,0.8057173186722599,향후 AI 사용 예정자,향후 AI 사용 예정자,True
62667,1,1,0.806905470653371,향후 AI 사용 예정자,향후 AI 사용 예정자,True
44053,1,1,0.9850128113441604,향후 AI 사용 예정자,향후 AI 사용 예정자,True
4589,1,1,0.6720856451315105,향후 AI 사용 예정자,향후 AI 사용 예정자,True
36445,0,0,0.401857551343923,현재 AI 사용자,현재 AI 사용자,True
15008,1,1,0.991686655519139,향후 AI 사용 예정자,향후 AI 사용 예정자,True
27851,1,1,0.7909802295296697,향후 AI 사용 예정자,향후 AI 사용 예정자,True
32839,0,1,0.8575029384382554,현재 AI 사용자,향후 AI 사용 예정자,False
47239,1,1,0.8754648382360645,향후 AI 사용 예정자,향후 AI 사용 예정자,True
55750,1,1,0.7293869999748397,향후 AI 사용 예정자,향후 AI 사용 예정자,True
51389,1,1,0.6405986122384324,향후 AI 사용 예정자,향후 AI 사용 예정자,True
41915,1,1,0.9531633937143683,향후 AI 사용 예정자,향후 AI 사용 예정자,True
5430,1,1,0.8356495321373086,향후 AI 사용 예정자,향후 AI 사용 예정자,True
32362,1,1,0.6978500777423252,향후 AI 사용 예정자,향후 AI 사용 예정자,True
62997,0,1,0.7415487235908409,현재 AI 사용자,향후 AI 사용 예정자,False
7212,1,1,0.9170323202201126,향후 AI 사용 예정자,향후 AI 사용 예정자,True
52688,1,1,0.9557061640099951,향후 AI 사용 예정자,향후 AI 사용 예정자,True
35276,1,1,0.7426081084268578,향후 AI 사용 예정자,향후 AI 사용 예정자,True
35717,1,1,0.9450072488261784,향후 AI 사용 예정자,향후 AI 사용 예정자,True
53378,0,0,0.2027518899204265,현재 AI 사용자,현재 AI 사용자,True
30514,0,0,0.3246636315202317,현재 AI 사용자,현재 AI 사용자,True
37337,1,0,0.49669347292284394,향후 AI 사용 예정자,현재 AI 사용자,False
2369,1,1,0.5564883800414827,향후 AI 사용 예정자,향후 AI 사용 예정자,True
41076,1,1,0.9966891212593505,향후 AI 사용 예정자,향후 AI 사용 예정자,True
45640,1,0,0.19679105033551766,향후 AI 사용 예정자,현재 AI 사용자,False
11243,1,1,0.9886551861654422,향후 AI 사용 예정자,향후 AI 사용 예정자,True
17650,1,1,0.7463667428907949,향후 AI 사용 예정자,향후 AI 사용 예정자,True
44662,1,1,0.9655798741651301,향후 AI 사용 예정자,향후 AI 사용 예정자,True
55168,1,0,0.43835149963856646,향후 AI 사용 예정자,현재 AI 사용자,False
52337,0,0,0.13882176977096247,현재 AI 사용자,현재 AI 사용자,True
59518,0,0,0.0993805408937598,현재 AI 사용자,현재 AI 사용자,True
24878,0,0,0.2807656166153667,현재 AI 사용자,현재 AI 사용자,True
765,1,1,0.8100406894431758,향후 AI 사용 예정자,향후 AI 사용 예정자,True
63075,1,1,0.8696087852709972,향후 AI 사용 예정자,향후 AI 사용 예정자,True
16159,0,1,0.6542881592352403,현재 AI 사용자,향후 AI 사용 예정자,False
12108,0,0,0.16258323106978212,현재 AI 사용자,현재 AI 사용자,True
35844,0,1,0.5333604813335208,현재 AI 사용자,향후 AI 사용 예정자,False
51789,0,1,0.6369452329101256,현재 AI 사용자,향후 AI 사용 예정자,False
19791,1,1,0.983561472769892,향후 AI 사용 예정자,향후 AI 사용 예정자,True
17624,1,1,0.9234253808270358,향후 AI 사용 예정자,향후 AI 사용 예정자,True
802,1,0,0.0763583248276654,향후 AI 사용 예정자,현재 AI 사용자,False
37936,1,1,0.7293353426752021,향후 AI 사용 예정자,향후 AI 사용 예정자,True
20269,1,0,0.3592008507470804,향후 AI 사용 예정자,현재 AI 사용자,False
7574,0,1,0.6266875603486318,현재 AI 사용자,향후 AI 사용 예정자,False
46401,0,0,0.2412478534463382,현재 AI 사용자,현재 AI 사용자,True
43214,1,1,0.9411665191991845,향후 AI 사용 예정자,향후 AI 사용 예정자,True
14384,1,1,0.8340859022921885,향후 AI 사용 예정자,향후 AI 사용 예정자,True
53305,0,0,0.10750497393007138,현재 AI 사용자,현재 AI 사용자,True
9899,1,1,0.5524952442828946,향후 AI 사용 예정자,향후 AI 사용 예정자,True
5777,1,1,0.7470355341043668,향후 AI 사용 예정자,향후 AI 사용 예정자,True
12522,0,1,0.9207414132461001,현재 AI 사용자,향후 AI 사용 예정자,False
16392,1,1,0.8887302975038923,향후 AI 사용 예정자,향후 AI 사용 예정자,True
45114,1,0,0.2526368353702045,향후 AI 사용 예정자,현재 AI 사용자,False
10907,1,1,0.8703696209978922,향후 AI 사용 예정자,향후 AI 사용 예정자,True
43212,1,1,0.9477817004046443,향후 AI 사용 예정자,향후 AI 사용 예정자,True
21678,0,0,0.475992358433663,현재 AI 사용자,현재 AI 사용자,True
1584,1,1,0.9646335682625898,향후 AI 사용 예정자,향후 AI 사용 예정자,True
58525,0,1,0.8920626762247271,현재 AI 사용자,향후 AI 사용 예정자,False
34958,1,1,0.7512511213882304,향후 AI 사용 예정자,향후 AI 사용 예정자,True
49700,0,1,0.5138928047350817,현재 AI 사용자,향후 AI 사용 예정자,False
25217,1,0,0.4493899945949664,향후 AI 사용 예정자,현재 AI 사용자,False
49365,1,1,0.9695319068993765,향후 AI 사용 예정자,향후 AI 사용 예정자,True
33947,1,1,0.9194035700551291,향후 AI 사용 예정자,향후 AI 사용 예정자,True
13615,1,0,0.3510058144851978,향후 AI 사용 예정자,현재 AI 사용자,False
44736,1,1,0.8248116748571838,향후 AI 사용 예정자,향후 AI 사용 예정자,True
6897,0,1,0.533059747262282,현재 AI 사용자,향후 AI 사용 예정자,False
59443,0,1,0.5095088937806146,현재 AI 사용자,향후 AI 사용 예정자,False
53549,0,1,0.5246791015914261,현재 AI 사용자,향후 AI 사용 예정자,False
53615,1,1,0.5567323069715833,향후 AI 사용 예정자,향후 AI 사용 예정자,True
15613,1,0,0.27290665265021313,향후 AI 사용 예정자,현재 AI 사용자,False
53851,1,1,0.8589688363491842,향후 AI 사용 예정자,향후 AI 사용 예정자,True
40435,1,1,0.5279036868288621,향후 AI 사용 예정자,향후 AI 사용 예정자,True
8445,0,1,0.6138753731780144,현재 AI 사용자,향후 AI 사용 예정자,False
48569,1,1,0.9353494340854442,향후 AI 사용 예정자,향후 AI 사용 예정자,True
30547,1,1,0.9564943136703714,향후 AI 사용 예정자,향후 AI 사용 예정자,True
51798,0,0,0.27969306792615056,현재 AI 사용자,현재 AI 사용자,True
43847,1,1,0.9990318604567556,향후 AI 사용 예정자,향후 AI 사용 예정자,True
62097,1,1,0.671562073389958,향후 AI 사용 예정자,향후 AI 사용 예정자,True
49245,0,0,0.15798915385919982,현재 AI 사용자,현재 AI 사용자,True
876,1,1,0.6447467266691115,향후 AI 사용 예정자,향후 AI 사용 예정자,True
13621,1,1,0.7716627993052536,향후 AI 사용 예정자,향후 AI 사용 예정자,True
55056,1,1,0.9620542378866106,향후 AI 사용 예정자,향후 AI 사용 예정자,True
42988,1,1,0.9568083435599928,향후 AI 사용 예정자,향후 AI 사용 예정자,True
385,1,1,0.7983685635178775,향후 AI 사용 예정자,향후 AI 사용 예정자,True
29579,1,1,0.8446078562715604,향후 AI 사용 예정자,향후 AI 사용 예정자,True
45391,0,1,0.7686640887337489,현재 AI 사용자,향후 AI 사용 예정자,False
35041,1,1,0.7249583678441524,향후 AI 사용 예정자,향후 AI 사용 예정자,True
36744,0,0,0.19047888193743484,현재 AI 사용자,현재 AI 사용자,True
64396,1,1,0.8952081772384982,향후 AI 사용 예정자,향후 AI 사용 예정자,True
56453,0,0,0.43959493012493517,현재 AI 사용자,현재 AI 사용자,True
17848,1,1,0.9540613063710905,향후 AI 사용 예정자,향후 AI 사용 예정자,True
19670,0,0,0.28342612260534494,현재 AI 사용자,현재 AI 사용자,True
51866,1,0,0.10317083803682787,향후 AI 사용 예정자,현재 AI 사용자,False
41893,1,1,0.9848637373435164,향후 AI 사용 예정자,향후 AI 사용 예정자,True
10597,1,1,0.8546517867568099,향후 AI 사용 예정자,향후 AI 사용 예정자,True
81,0,0,0.15117898559496218,현재 AI 사용자,현재 AI 사용자,True
10993,0,1,0.8735088895529597,현재 AI 사용자,향후 AI 사용 예정자,False
30152,0,0,0.49765119310865885,현재 AI 사용자,현재 AI 사용자,True
11568,0,0,0.46892226144934923,현재 AI 사용자,현재 AI 사용자,True
33930,0,1,0.7929986640616568,현재 AI 사용자,향후 AI 사용 예정자,False
56175,1,1,0.981058261957525,향후 AI 사용 예정자,향후 AI 사용 예정자,True
8221,1,1,0.5563970360715954,향후 AI 사용 예정자,향후 AI 사용 예정자,True
1551,1,1,0.8521344878004535,향후 AI 사용 예정자,향후 AI 사용 예정자,True
46639,1,0,0.15487881348901172,향후 AI 사용 예정자,현재 AI 사용자,False
36585,0,0,0.3187629593316832,현재 AI 사용자,현재 AI 사용자,True
18775,0,0,0.4333804789003151,현재 AI 사용자,현재 AI 사용자,True
35722,1,1,0.9868144719881469,향후 AI 사용 예정자,향후 AI 사용 예정자,True
22824,0,1,0.9870172032690737,현재 AI 사용자,향후 AI 사용 예정자,False
4709,1,1,0.9273653758051402,향후 AI 사용 예정자,향후 AI 사용 예정자,True
48806,0,0,0.3962213339660799,현재 AI 사용자,현재 AI 사용자,True
49053,1,0,0.4774987230196003,향후 AI 사용 예정자,현재 AI 사용자,False
44998,0,0,0.07298046060331635,현재 AI 사용자,현재 AI 사용자,True
22243,1,0,0.36706405340782894,향후 AI 사용 예정자,현재 AI 사용자,False
31781,1,1,0.7834913479276661,향후 AI 사용 예정자,향후 AI 사용 예정자,True
57670,0,1,0.7498664848932669,현재 AI 사용자,향후 AI 사용 예정자,False
40829,1,1,0.7277523315183203,향후 AI 사용 예정자,향후 AI 사용 예정자,True
42265,1,1,0.9824018343831239,향후 AI 사용 예정자,향후 AI 사용 예정자,True
30783,1,1,0.8271453790745638,향후 AI 사용 예정자,향후 AI 사용 예정자,True
37711,1,1,0.8783626691023234,향후 AI 사용 예정자,향후 AI 사용 예정자,True
39104,0,0,0.13249033087066348,현재 AI 사용자,현재 AI 사용자,True
12714,0,1,0.5985513201821213,현재 AI 사용자,향후 AI 사용 예정자,False
61027,1,1,0.542562758721164,향후 AI 사용 예정자,향후 AI 사용 예정자,True
26203,1,1,0.9109024563085756,향후 AI 사용 예정자,향후 AI 사용 예정자,True
50101,1,1,0.9596861588389205,향후 AI 사용 예정자,향후 AI 사용 예정자,True
56266,1,1,0.6153125614264888,향후 AI 사용 예정자,향후 AI 사용 예정자,True
12557,0,0,0.18450154277657624,현재 AI 사용자,현재 AI 사용자,True
59451,1,1,0.7296784751628705,향후 AI 사용 예정자,향후 AI 사용 예정자,True
45766,0,0,0.37108637754150126,현재 AI 사용자,현재 AI 사용자,True
10455,1,1,0.9323585713030036,향후 AI 사용 예정자,향후 AI 사용 예정자,True
15176,1,1,0.9377736181187294,향후 AI 사용 예정자,향후 AI 사용 예정자,True
52995,1,1,0.7114989661367227,향후 AI 사용 예정자,향후 AI 사용 예정자,True
65160,0,1,0.703978507362268,현재 AI 사용자,향후 AI 사용 예정자,False
19153,1,1,0.5835331160819363,향후 AI 사용 예정자,향후 AI 사용 예정자,True
53425,0,0,0.1151441857134369,현재 AI 사용자,현재 AI 사용자,True
41985,1,1,0.6939030807631683,향후 AI 사용 예정자,향후 AI 사용 예정자,True
10474,1,1,0.9721156827168361,향후 AI 사용 예정자,향후 AI 사용 예정자,True
34076,1,1,0.5360856851378808,향후 AI 사용 예정자,향후 AI 사용 예정자,True
20790,0,0,0.22019107984600006,현재 AI 사용자,현재 AI 사용자,True
48776,1,0,0.4635666026227125,향후 AI 사용 예정자,현재 AI 사용자,False
18484,1,1,0.8789740999765243,향후 AI 사용 예정자,향후 AI 사용 예정자,True
57293,1,1,0.8285034444273692,향후 AI 사용 예정자,향후 AI 사용 예정자,True
35530,1,1,0.8558348049403811,향후 AI 사용 예정자,향후 AI 사용 예정자,True
37825,0,1,0.8531096648368728,현재 AI 사용자,향후 AI 사용 예정자,False
57245,0,0,0.1872514652716482,현재 AI 사용자,현재 AI 사용자,True
26312,1,1,0.8375100555742045,향후 AI 사용 예정자,향후 AI 사용 예정자,True
13455,1,1,0.5880148909906443,향후 AI 사용 예정자,향후 AI 사용 예정자,True
11875,1,1,0.8661251823102858,향후 AI 사용 예정자,향후 AI 사용 예정자,True
52439,0,0,0.36994551883672866,현재 AI 사용자,현재 AI 사용자,True
5699,1,1,0.9103880237523392,향후 AI 사용 예정자,향후 AI 사용 예정자,True
33216,1,0,0.31793715448339593,향후 AI 사용 예정자,현재 AI 사용자,False
30066,0,0,0.3643584799368847,현재 AI 사용자,현재 AI 사용자,True
22587,0,1,0.7625310813199139,현재 AI 사용자,향후 AI 사용 예정자,False
48399,1,1,0.7229795065812785,향후 AI 사용 예정자,향후 AI 사용 예정자,True
60880,1,1,0.807630383048019,향후 AI 사용 예정자,향후 AI 사용 예정자,True
6279,1,1,0.9352324388572483,향후 AI 사용 예정자,향후 AI 사용 예정자,True
28081,1,1,0.8445166461012525,향후 AI 사용 예정자,향후 AI 사용 예정자,True
44702,0,0,0.13570140400785322,현재 AI 사용자,현재 AI 사용자,True
5698,0,0,0.2531529648700246,현재 AI 사용자,현재 AI 사용자,True
35394,0,1,0.5688814207798868,현재 AI 사용자,향후 AI 사용 예정자,False
35342,1,1,0.7245998791822289,향후 AI 사용 예정자,향후 AI 사용 예정자,True
59607,0,0,0.37314209619781197,현재 AI 사용자,현재 AI 사용자,True
61580,1,1,0.8651705425887697,향후 AI 사용 예정자,향후 AI 사용 예정자,True
50684,0,1,0.7065443233294478,현재 AI 사용자,향후 AI 사용 예정자,False
27298,1,1,0.7215064440215313,향후 AI 사용 예정자,향후 AI 사용 예정자,True
41151,0,1,0.9269650445972146,현재 AI 사용자,향후 AI 사용 예정자,False
50985,0,1,0.5231772945842353,현재 AI 사용자,향후 AI 사용 예정자,False
35835,1,1,0.872058098227436,향후 AI 사용 예정자,향후 AI 사용 예정자,True
49285,1,1,0.8068628404509204,향후 AI 사용 예정자,향후 AI 사용 예정자,True
24035,1,1,0.8994629487266934,향후 AI 사용 예정자,향후 AI 사용 예정자,True
23330,1,1,0.8944703356883615,향후 AI 사용 예정자,향후 AI 사용 예정자,True
49206,1,1,0.7055532650224839,향후 AI 사용 예정자,향후 AI 사용 예정자,True
32316,0,1,0.9166766266153945,현재 AI 사용자,향후 AI 사용 예정자,False
39344,1,1,0.9290236807910326,향후 AI 사용 예정자,향후 AI 사용 예정자,True
12627,1,1,0.7525711883853549,향후 AI 사용 예정자,향후 AI 사용 예정자,True
4130,1,1,0.9345070991925853,향후 AI 사용 예정자,향후 AI 사용 예정자,True
6415,1,1,0.9958476116980635,향후 AI 사용 예정자,향후 AI 사용 예정자,True
32117,0,0,0.24763396344703995,현재 AI 사용자,현재 AI 사용자,True
49006,0,0,0.12164309749698514,현재 AI 사용자,현재 AI 사용자,True
35038,1,0,0.434033425653921,향후 AI 사용 예정자,현재 AI 사용자,False
832,0,1,0.7248274704434775,현재 AI 사용자,향후 AI 사용 예정자,False
29160,0,1,0.5465336012572962,현재 AI 사용자,향후 AI 사용 예정자,False
30492,1,0,0.3389400171458258,향후 AI 사용 예정자,현재 AI 사용자,False
22125,0,1,0.6394562914566302,현재 AI 사용자,향후 AI 사용 예정자,False
25069,1,1,0.6025832269654664,향후 AI 사용 예정자,향후 AI 사용 예정자,True
42878,0,0,0.36918100163158246,현재 AI 사용자,현재 AI 사용자,True
18454,1,1,0.6362452763506852,향후 AI 사용 예정자,향후 AI 사용 예정자,True
58065,0,1,0.881070538040249,현재 AI 사용자,향후 AI 사용 예정자,False
63772,0,0,0.06939482374177386,현재 AI 사용자,현재 AI 사용자,True
9928,1,1,0.8952529346784214,향후 AI 사용 예정자,향후 AI 사용 예정자,True
623,1,1,0.9864661201699799,향후 AI 사용 예정자,향후 AI 사용 예정자,True
9254,1,0,0.23175118506190986,향후 AI 사용 예정자,현재 AI 사용자,False
24880,1,1,0.8713041997483618,향후 AI 사용 예정자,향후 AI 사용 예정자,True
28300,0,0,0.3375509992667819,현재 AI 사용자,현재 AI 사용자,True
27622,0,0,0.39298314490812936,현재 AI 사용자,현재 AI 사용자,True
59960,1,1,0.9298912099144108,향후 AI 사용 예정자,향후 AI 사용 예정자,True
58244,1,1,0.6764880086293171,향후 AI 사용 예정자,향후 AI 사용 예정자,True
4290,1,1,0.9610467036671236,향후 AI 사용 예정자,향후 AI 사용 예정자,True
27470,1,1,0.8905283389047514,향후 AI 사용 예정자,향후 AI 사용 예정자,True
44563,1,1,0.9797114259412203,향후 AI 사용 예정자,향후 AI 사용 예정자,True
47792,0,0,0.16705378195189,현재 AI 사용자,현재 AI 사용자,True
1890,0,0,0.21166555963721032,현재 AI 사용자,현재 AI 사용자,True
44040,0,0,0.40414752524048964,현재 AI 사용자,현재 AI 사용자,True
35484,1,0,0.44192082523077064,향후 AI 사용 예정자,현재 AI 사용자,False
33549,1,1,0.91057103850917,향후 AI 사용 예정자,향후 AI 사용 예정자,True
14923,0,0,0.14587092142327152,현재 AI 사용자,현재 AI 사용자,True
44196,0,0,0.2870241114594836,현재 AI 사용자,현재 AI 사용자,True
13564,1,1,0.9237033203002669,향후 AI 사용 예정자,향후 AI 사용 예정자,True
49480,1,1,0.8184577880780554,향후 AI 사용 예정자,향후 AI 사용 예정자,True
3018,0,0,0.3239480846784067,현재 AI 사용자,현재 AI 사용자,True
21453,0,0,0.20127325446256347,현재 AI 사용자,현재 AI 사용자,True
29921,0,0,0.37651945477928506,현재 AI 사용자,현재 AI 사용자,True
10845,1,1,0.7414346270591172,향후 AI 사용 예정자,향후 AI 사용 예정자,True
18577,1,1,0.6824194161436227,향후 AI 사용 예정자,향후 AI 사용 예정자,True
28960,1,1,0.9187496667485517,향후 AI 사용 예정자,향후 AI 사용 예정자,True
28158,1,0,0.36988611866127896,향후 AI 사용 예정자,현재 AI 사용자,False
28122,0,1,0.5888086829714492,현재 AI 사용자,향후 AI 사용 예정자,False
14893,1,1,0.7879235322055148,향후 AI 사용 예정자,향후 AI 사용 예정자,True
16005,1,1,0.5063195481302301,향후 AI 사용 예정자,향후 AI 사용 예정자,True
14334,0,0,0.2695433463644438,현재 AI 사용자,현재 AI 사용자,True
27952,1,1,0.8260039857152327,향후 AI 사용 예정자,향후 AI 사용 예정자,True
61641,0,1,0.5145346097754594,현재 AI 사용자,향후 AI 사용 예정자,False
14668,0,0,0.20147318523605706,현재 AI 사용자,현재 AI 사용자,True
32991,1,1,0.709019693832153,향후 AI 사용 예정자,향후 AI 사용 예정자,True
45463,0,0,0.2988344751076914,현재 AI 사용자,현재 AI 사용자,True
54707,0,1,0.7623253441907184,현재 AI 사용자,향후 AI 사용 예정자,False
42139,0,0,0.4846916018477409,현재 AI 사용자,현재 AI 사용자,True
25454,1,1,0.8521540462826908,향후 AI 사용 예정자,향후 AI 사용 예정자,True
30173,0,0,0.2691263718301051,현재 AI 사용자,현재 AI 사용자,True
12959,1,0,0.4182234577891413,향후 AI 사용 예정자,현재 AI 사용자,False
51279,0,1,0.6136877708538162,현재 AI 사용자,향후 AI 사용 예정자,False
41284,1,1,0.8625128408029274,향후 AI 사용 예정자,향후 AI 사용 예정자,True
51760,0,0,0.22502544713817224,현재 AI 사용자,현재 AI 사용자,True
8308,0,0,0.46909522616655475,현재 AI 사용자,현재 AI 사용자,True
40407,0,0,0.19259905575237174,현재 AI 사용자,현재 AI 사용자,True
41522,1,1,0.9218068245353607,향후 AI 사용 예정자,향후 AI 사용 예정자,True
39760,0,0,0.3828749290757534,현재 AI 사용자,현재 AI 사용자,True
49708,1,1,0.805593719753537,향후 AI 사용 예정자,향후 AI 사용 예정자,True
38541,0,1,0.8986328037113179,현재 AI 사용자,향후 AI 사용 예정자,False
62096,1,1,0.874775813939339,향후 AI 사용 예정자,향후 AI 사용 예정자,True
64332,0,0,0.49639568124965927,현재 AI 사용자,현재 AI 사용자,True
23486,1,1,0.9814483965033437,향후 AI 사용 예정자,향후 AI 사용 예정자,True
21598,0,0,0.39029660837033425,현재 AI 사용자,현재 AI 사용자,True
40429,1,0,0.24177939546059055,향후 AI 사용 예정자,현재 AI 사용자,False
24155,1,1,0.7370024681226763,향후 AI 사용 예정자,향후 AI 사용 예정자,True
12673,1,1,0.8201905340493949,향후 AI 사용 예정자,향후 AI 사용 예정자,True
22170,0,0,0.45799795972689294,현재 AI 사용자,현재 AI 사용자,True
35133,0,1,0.5289025311201705,현재 AI 사용자,향후 AI 사용 예정자,False
60956,1,1,0.5755657276546665,향후 AI 사용 예정자,향후 AI 사용 예정자,True
23807,1,1,0.6326672301092344,향후 AI 사용 예정자,향후 AI 사용 예정자,True
52354,1,1,0.9525954406741106,향후 AI 사용 예정자,향후 AI 사용 예정자,True
61891,1,1,0.8661431352371306,향후 AI 사용 예정자,향후 AI 사용 예정자,True
64467,1,1,0.8708269368627027,향후 AI 사용 예정자,향후 AI 사용 예정자,True
44326,1,1,0.9318092167378557,향후 AI 사용 예정자,향후 AI 사용 예정자,True
12649,0,0,0.08845970044132148,현재 AI 사용자,현재 AI 사용자,True
15371,1,1,0.65028403217134,향후 AI 사용 예정자,향후 AI 사용 예정자,True
5119,1,1,0.9606604666341183,향후 AI 사용 예정자,향후 AI 사용 예정자,True
55833,1,1,0.9548144513975262,향후 AI 사용 예정자,향후 AI 사용 예정자,True
59096,1,1,0.8017915283966149,향후 AI 사용 예정자,향후 AI 사용 예정자,True
31981,0,1,0.9348715787416179,현재 AI 사용자,향후 AI 사용 예정자,False
47826,0,1,0.7947759527260672,현재 AI 사용자,향후 AI 사용 예정자,False
59810,1,1,0.8343581935158887,향후 AI 사용 예정자,향후 AI 사용 예정자,True
24573,0,0,0.2101292452457119,현재 AI 사용자,현재 AI 사용자,True
34937,1,1,0.8111492079048724,향후 AI 사용 예정자,향후 AI 사용 예정자,True
39223,1,1,0.5899373757930472,향후 AI 사용 예정자,향후 AI 사용 예정자,True
20610,1,1,0.8618605853069141,향후 AI 사용 예정자,향후 AI 사용 예정자,True
33782,1,1,0.9935808596481184,향후 AI 사용 예정자,향후 AI 사용 예정자,True
3615,0,0,0.22949487496788729,현재 AI 사용자,현재 AI 사용자,True
48570,0,0,0.4252805545277087,현재 AI 사용자,현재 AI 사용자,True
59229,0,0,0.4160374223752587,현재 AI 사용자,현재 AI 사용자,True
51289,0,1,0.9313324303683281,현재 AI 사용자,향후 AI 사용 예정자,False
52832,1,1,0.9220832928630429,향후 AI 사용 예정자,향후 AI 사용 예정자,True
48482,0,0,0.23495562033023448,현재 AI 사용자,현재 AI 사용자,True
28047,1,1,0.9501718480596921,향후 AI 사용 예정자,향후 AI 사용 예정자,True
27910,1,1,0.9643766685020615,향후 AI 사용 예정자,향후 AI 사용 예정자,True
46897,1,0,0.122404368558865,향후 AI 사용 예정자,현재 AI 사용자,False
15790,1,0,0.42482238206128303,향후 AI 사용 예정자,현재 AI 사용자,False
4627,1,0,0.47502454403145783,향후 AI 사용 예정자,현재 AI 사용자,False
32449,1,1,0.9485428205500774,향후 AI 사용 예정자,향후 AI 사용 예정자,True
60419,1,1,0.9899372595356851,향후 AI 사용 예정자,향후 AI 사용 예정자,True
3237,1,1,0.8944894004624403,향후 AI 사용 예정자,향후 AI 사용 예정자,True
14222,0,1,0.5330384636834693,현재 AI 사용자,향후 AI 사용 예정자,False
31377,0,0,0.2410460687954118,현재 AI 사용자,현재 AI 사용자,True
27024,1,1,0.8454160547854486,향후 AI 사용 예정자,향후 AI 사용 예정자,True
40379,1,1,0.9575834374107708,향후 AI 사용 예정자,향후 AI 사용 예정자,True
51383,1,1,0.9673959280484611,향후 AI 사용 예정자,향후 AI 사용 예정자,True
7690,1,1,0.9254552985477372,향후 AI 사용 예정자,향후 AI 사용 예정자,True
10749,1,1,0.8389972812355855,향후 AI 사용 예정자,향후 AI 사용 예정자,True
64877,1,1,0.936229801444363,향후 AI 사용 예정자,향후 AI 사용 예정자,True
31948,1,1,0.9882565938209307,향후 AI 사용 예정자,향후 AI 사용 예정자,True
41292,0,0,0.40968300995630075,현재 AI 사용자,현재 AI 사용자,True
8408,1,1,0.8849729827353103,향후 AI 사용 예정자,향후 AI 사용 예정자,True
6576,1,1,0.5712921002151892,향후 AI 사용 예정자,향후 AI 사용 예정자,True
45765,1,0,0.2972150007984811,향후 AI 사용 예정자,현재 AI 사용자,False
1339,1,1,0.9241909794466442,향후 AI 사용 예정자,향후 AI 사용 예정자,True
11179,0,0,0.20969307855090133,현재 AI 사용자,현재 AI 사용자,True
3479,0,0,0.09951084455282466,현재 AI 사용자,현재 AI 사용자,True
20723,0,0,0.25624653162316524,현재 AI 사용자,현재 AI 사용자,True
16970,0,0,0.30897941685482777,현재 AI 사용자,현재 AI 사용자,True
46140,1,1,0.599120637856628,향후 AI 사용 예정자,향후 AI 사용 예정자,True
41910,0,0,0.10848002549715072,현재 AI 사용자,현재 AI 사용자,True
31903,1,1,0.869775091920492,향후 AI 사용 예정자,향후 AI 사용 예정자,True
3444,0,1,0.6236277178596056,현재 AI 사용자,향후 AI 사용 예정자,False
34826,1,1,0.5952195687357925,향후 AI 사용 예정자,향후 AI 사용 예정자,True
3809,1,1,0.707498512363509,향후 AI 사용 예정자,향후 AI 사용 예정자,True
55784,1,1,0.9812733895037516,향후 AI 사용 예정자,향후 AI 사용 예정자,True
39565,1,1,0.5218244059487345,향후 AI 사용 예정자,향후 AI 사용 예정자,True
29406,1,1,0.7062884301855546,향후 AI 사용 예정자,향후 AI 사용 예정자,True
170,0,0,0.3575726741353932,현재 AI 사용자,현재 AI 사용자,True
34733,1,1,0.9842244139558537,향후 AI 사용 예정자,향후 AI 사용 예정자,True
8432,0,0,0.36485206267315456,현재 AI 사용자,현재 AI 사용자,True
12015,1,1,0.9559512477166312,향후 AI 사용 예정자,향후 AI 사용 예정자,True
24755,1,1,0.8988194264430595,향후 AI 사용 예정자,향후 AI 사용 예정자,True
28134,0,0,0.2991165120573644,현재 AI 사용자,현재 AI 사용자,True
8361,1,1,0.8817450153252827,향후 AI 사용 예정자,향후 AI 사용 예정자,True
19705,1,1,0.9672283772489977,향후 AI 사용 예정자,향후 AI 사용 예정자,True
52882,0,1,0.586476485277015,현재 AI 사용자,향후 AI 사용 예정자,False
41925,1,1,0.8063863546462746,향후 AI 사용 예정자,향후 AI 사용 예정자,True
44902,0,1,0.8238474878796707,현재 AI 사용자,향후 AI 사용 예정자,False
33667,1,0,0.470599907418679,향후 AI 사용 예정자,현재 AI 사용자,False
14615,1,0,0.48925723945444116,향후 AI 사용 예정자,현재 AI 사용자,False
56212,0,0,0.15547765108502576,현재 AI 사용자,현재 AI 사용자,True
3029,0,0,0.1895362974764179,현재 AI 사용자,현재 AI 사용자,True
35736,1,1,0.976140662736168,향후 AI 사용 예정자,향후 AI 사용 예정자,True
33837,0,1,0.5292762423347789,현재 AI 사용자,향후 AI 사용 예정자,False
16771,1,1,0.9109635586387032,향후 AI 사용 예정자,향후 AI 사용 예정자,True
41843,1,1,0.8934653404444383,향후 AI 사용 예정자,향후 AI 사용 예정자,True
49727,0,0,0.25477226883453885,현재 AI 사용자,현재 AI 사용자,True
26057,0,0,0.2990251105592861,현재 AI 사용자,현재 AI 사용자,True
47921,1,1,0.8411193179477877,향후 AI 사용 예정자,향후 AI 사용 예정자,True
32737,1,1,0.5632665286214065,향후 AI 사용 예정자,향후 AI 사용 예정자,True
58081,0,0,0.28102149766141576,현재 AI 사용자,현재 AI 사용자,True
30587,1,1,0.9234612979187347,향후 AI 사용 예정자,향후 AI 사용 예정자,True
34514,1,1,0.8959798703742605,향후 AI 사용 예정자,향후 AI 사용 예정자,True
30821,1,1,0.8651760708457406,향후 AI 사용 예정자,향후 AI 사용 예정자,True
57752,0,1,0.8568077549161038,현재 AI 사용자,향후 AI 사용 예정자,False
51954,0,0,0.22445579385486786,현재 AI 사용자,현재 AI 사용자,True
28072,1,0,0.49951185661187075,향후 AI 사용 예정자,현재 AI 사용자,False
38300,1,1,0.9372097652037382,향후 AI 사용 예정자,향후 AI 사용 예정자,True
40099,0,1,0.5605390917840231,현재 AI 사용자,향후 AI 사용 예정자,False
28751,0,0,0.4051321482162424,현재 AI 사용자,현재 AI 사용자,True
60783,1,1,0.9769027743759289,향후 AI 사용 예정자,향후 AI 사용 예정자,True
49870,1,0,0.494638148537519,향후 AI 사용 예정자,현재 AI 사용자,False
2275,0,0,0.10432400973350184,현재 AI 사용자,현재 AI 사용자,True
45856,0,0,0.4183376847115314,현재 AI 사용자,현재 AI 사용자,True
39352,1,1,0.991111713262197,향후 AI 사용 예정자,향후 AI 사용 예정자,True
32015,0,0,0.45902392815511267,현재 AI 사용자,현재 AI 사용자,True
18582,1,1,0.9523503601391178,향후 AI 사용 예정자,향후 AI 사용 예정자,True
35599,0,1,0.774892333353586,현재 AI 사용자,향후 AI 사용 예정자,False
40049,1,1,0.842493306083461,향후 AI 사용 예정자,향후 AI 사용 예정자,True
33883,1,1,0.7980945662699442,향후 AI 사용 예정자,향후 AI 사용 예정자,True
16363,1,0,0.4854606956740343,향후 AI 사용 예정자,현재 AI 사용자,False
31582,0,1,0.9410281598842876,현재 AI 사용자,향후 AI 사용 예정자,False
58738,1,1,0.5882970639366605,향후 AI 사용 예정자,향후 AI 사용 예정자,True
27351,1,1,0.888746121824166,향후 AI 사용 예정자,향후 AI 사용 예정자,True
59940,0,0,0.21940440817373436,현재 AI 사용자,현재 AI 사용자,True
8890,0,0,0.46383659030763735,현재 AI 사용자,현재 AI 사용자,True
51344,1,1,0.7646615756022686,향후 AI 사용 예정자,향후 AI 사용 예정자,True
11476,0,0,0.4658592303097988,현재 AI 사용자,현재 AI 사용자,True
40753,1,1,0.9628934376626133,향후 AI 사용 예정자,향후 AI 사용 예정자,True
37808,0,1,0.7480873231309799,현재 AI 사용자,향후 AI 사용 예정자,False
35230,1,1,0.997373193902755,향후 AI 사용 예정자,향후 AI 사용 예정자,True
47201,0,0,0.4347973523348479,현재 AI 사용자,현재 AI 사용자,True
37012,1,0,0.1512477687460956,향후 AI 사용 예정자,현재 AI 사용자,False
15646,0,1,0.6768952941932315,현재 AI 사용자,향후 AI 사용 예정자,False
42617,0,1,0.5682098601227569,현재 AI 사용자,향후 AI 사용 예정자,False
10040,1,1,0.7234465669595197,향후 AI 사용 예정자,향후 AI 사용 예정자,True
37212,1,1,0.7250011673426747,향후 AI 사용 예정자,향후 AI 사용 예정자,True
5087,1,0,0.4953592546874728,향후 AI 사용 예정자,현재 AI 사용자,False
8230,1,1,0.7314965550513994,향후 AI 사용 예정자,향후 AI 사용 예정자,True
53267,1,1,0.8004297749379046,향후 AI 사용 예정자,향후 AI 사용 예정자,True
45005,0,1,0.5225938945258727,현재 AI 사용자,향후 AI 사용 예정자,False
54220,1,1,0.7513720860464145,향후 AI 사용 예정자,향후 AI 사용 예정자,True
11968,1,0,0.2077255203200552,향후 AI 사용 예정자,현재 AI 사용자,False
36104,1,0,0.39122482834274147,향후 AI 사용 예정자,현재 AI 사용자,False
40595,1,1,0.9637168344859576,향후 AI 사용 예정자,향후 AI 사용 예정자,True
30607,1,1,0.849326718598046,향후 AI 사용 예정자,향후 AI 사용 예정자,True
31367,1,1,0.5926102154519539,향후 AI 사용 예정자,향후 AI 사용 예정자,True
37920,1,1,0.6150365591292014,향후 AI 사용 예정자,향후 AI 사용 예정자,True
36037,1,1,0.6306041641012546,향후 AI 사용 예정자,향후 AI 사용 예정자,True
39490,1,1,0.9159380532621322,향후 AI 사용 예정자,향후 AI 사용 예정자,True
49419,0,0,0.4027397012327581,현재 AI 사용자,현재 AI 사용자,True
12016,0,0,0.21500902298645289,현재 AI 사용자,현재 AI 사용자,True
33364,1,1,0.9565309707836284,향후 AI 사용 예정자,향후 AI 사용 예정자,True
1655,0,0,0.4336358082118299,현재 AI 사용자,현재 AI 사용자,True
39657,1,1,0.8646778670452442,향후 AI 사용 예정자,향후 AI 사용 예정자,True
