ResponseId,split
1,train
2,train
3,train
4,train
5,train
6,test
7,train
8,train
9,train
10,train
11,train
12,train
13,train
14,train
15,train
16,train
17,train
18,test
19,test
20,train
21,train
22,train
23,train
24,test
25,train
26,test
27,train
28,train
29,train
30,test
31,train
32,train
33,test
34,test
35,train
36,train
37,train
38,train
39,train
40,train
41,train
42,train
43,train
44,train
45,train
46,train
47,train
48,train
49,train
50,train
51,train
52,test
53,train
54,train
55,test
56,test
57,train
58,train
59,train
60,train
61,train
62,train
63,train
64,train
65,train
66,train
67,train
68,train
69,train
70,test
71,train
72,train
73,test
74,train
75,train
76,train
77,train
78,train
79,train
80,train
81,test
82,train
83,train
84,train
85,train
86,train
87,train
88,train
89,train
90,train
91,train
92,train
93,train
94,train
95,train
96,train
97,test
98,train
99,train
100,train
101,train
102,train
103,train
104,test
105,train
106,train
107,train
108,train
109,test
110,train
111,test
112,train
113,test
114,train
115,test
116,train
117,train
118,train
119,train
120,train
121,train
122,test
123,train
124,train
125,train
126,train
127,train
128,train
129,train
130,train
131,test
132,train
133,train
134,train
135,train
136,test
137,train
138,train
139,train
140,train
141,test
142,test
143,train
144,train
145,train
146,train
147,train
148,train
149,train
150,test
151,train
152,train
153,train
154,train
155,train
156,train
157,train
158,test
159,train
160,test
161,train
162,train
163,train
164,train
165,train
166,train
167,train
168,train
169,train
170,test
171,train
172,train
173,test
174,train
175,train
176,train
177,train
178,train
179,train
180,train
181,train
182,test
183,test
184,train
185,test
186,train
187,train
188,train
189,train
190,test
191,train
192,train
193,train
194,train
195,test
196,train
197,train
198,train
199,train
200,train
201,train
202,train
203,train
204,train
205,train
206,train
207,train
208,train
209,train
210,train
211,test
212,train
213,train
214,train
215,train
216,train
217,train
218,train
219,train
220,train
221,train
222,train
223,train
224,train
225,train
226,train
227,train
228,train
229,train
230,test
231,train
232,train
233,train
234,train
235,train
236,train
237,test
238,train
239,train
240,test
241,train
242,train
243,train
244,train
245,train
246,train
247,train
248,train
249,train
250,test
251,train
252,train
253,train
254,test
255,train
256,train
257,train
258,train
259,test
260,test
261,test
262,train
263,train
264,train
265,train
266,train
267,train
268,train
269,train
270,train
271,test
272,train
273,train
274,train
275,train
276,train
277,train
278,train
279,train
280,test
281,test
282,train
283,test
284,train
285,train
286,train
287,test
288,train
289,test
290,train
291,train
292,test
293,train
294,test
295,train
296,train
297,train
298,train
299,train
300,train
301,test
302,train
303,train
304,test
305,train
306,train
307,train
308,test
309,train
310,train
311,train
312,train
313,test
314,train
315,test
316,train
317,train
318,train
319,train
320,train
321,test
322,train
323,train
324,train
325,train
326,test
327,test
328,train
329,train
330,test
331,test
332,test
333,test
334,train
335,train
336,train
337,train
338,test
339,train
340,test
341,train
342,train
343,train
344,test
345,test
346,test
347,train
348,test
349,train
350,train
351,train
352,train
353,train
354,train
355,train
356,train
357,train
358,train
359,train
360,train
361,train
362,train
363,train
364,train
365,train
366,test
367,train
368,train
369,train
370,test
371,train
372,train
373,train
374,train
375,train
376,train
377,train
378,train
379,train
380,train
381,train
382,train
383,train
384,train
385,test
386,train
387,test
388,train
389,train
390,train
391,train
392,test
393,train
394,train
395,test
396,train
397,train
398,train
399,test
400,train
401,test
402,test
403,train
404,test
405,test
406,test
407,train
408,train
409,train
410,train
411,test
412,test
413,train
414,train
415,train
416,test
417,train
418,train
419,train
420,test
421,test
422,train
423,test
424,train
425,train
426,train
427,train
428,test
429,train
430,train
431,train
432,train
433,test
434,train
435,train
436,train
437,test
438,test
439,test
440,test
441,train
442,train
443,train
444,train
445,train
446,train
447,train
448,test
449,test
450,train
451,train
452,train
453,train
454,train
455,train
456,test
457,train
458,train
459,train
460,train
461,test
462,test
463,train
464,test
465,train
466,train
467,train
468,train
469,train
470,train
471,train
472,train
473,train
474,train
475,train
476,train
477,train
478,train
479,test
480,train
481,train
482,test
483,train
484,train
485,test
486,test
487,train
488,train
489,test
490,train
491,train
492,train
493,train
494,train
495,train
496,train
497,train
498,train
499,train
500,test
501,train
502,test
503,train
504,test
505,train
506,train
507,train
508,train
509,train
510,train
511,test
512,train
513,test
514,train
515,test
516,train
517,train
518,train
519,train
520,train
521,train
522,test
523,train
524,train
525,train
526,train
527,train
528,test
529,train
530,train
531,train
532,train
533,test
534,train
535,train
536,test
537,train
538,train
539,train
540,train
541,train
542,test
543,test
544,train
545,train
546,train
547,train
548,train
549,train
550,train
551,train
552,train
553,train
554,train
555,train
556,train
557,train
558,train
559,train
560,train
561,train
562,train
563,test
564,train
565,train
566,train
567,train
568,test
569,train
570,train
571,train
572,train
573,train
574,train
575,train
576,train
577,train
578,train
579,train
580,train
581,train
582,train
583,train
584,test
585,train
586,train
587,test
588,train
589,test
590,train
591,test
592,train
593,train
594,train
595,train
596,train
597,train
598,train
599,train
600,train
601,train
602,train
603,test
604,train
605,train
606,test
607,train
608,train
609,train
610,train
611,train
612,train
613,train
614,test
615,train
616,train
617,test
618,train
619,test
620,train
621,train
622,train
623,test
624,train
625,train
626,test
627,train
628,test
629,train
630,train
631,train
632,train
633,train
634,test
635,test
636,train
637,train
638,test
639,train
640,train
641,test
642,train
643,train
644,train
645,train
646,train
647,train
648,train
649,train
650,test
651,test
652,train
653,test
654,train
655,train
656,train
657,train
658,train
659,train
660,train
661,test
662,train
663,train
664,train
665,train
666,train
667,train
668,test
669,train
670,test
671,test
672,test
673,train
674,train
675,train
676,train
677,train
678,test
679,train
680,train
681,train
682,train
683,train
684,train
685,train
686,train
687,train
688,train
689,test
690,train
691,train
692,train
693,train
694,train
695,train
696,train
697,train
698,train
699,test
700,train
701,train
702,train
703,train
704,train
705,test
706,train
707,train
708,train
709,test
710,train
711,train
712,train
713,train
714,train
715,train
716,train
717,test
718,train
719,train
720,train
721,train
722,train
723,test
724,train
725,train
726,train
727,train
728,train
729,train
730,train
731,train
732,train
733,test
734,test
735,train
736,train
737,train
738,train
739,train
740,train
741,train
742,train
743,test
744,train
745,train
746,train
747,train
748,test
749,train
750,train
751,train
752,train
753,train
754,train
755,train
756,test
757,train
758,train
759,train
760,test
761,train
762,test
763,train
764,train
765,test
766,test
767,train
768,train
769,train
770,train
771,train
772,train
773,train
774,train
775,train
776,test
777,train
778,train
779,train
780,train
781,test
782,train
783,train
784,train
785,train
786,train
787,train
788,train
789,train
790,train
791,train
792,train
793,train
794,train
795,train
796,train
797,train
798,train
799,train
800,train
801,test
802,test
803,train
804,train
805,train
806,train
807,test
808,train
809,train
810,train
811,train
812,train
813,test
814,train
815,train
816,train
817,train
818,train
819,test
820,train
821,train
822,train
823,test
824,train
825,test
826,train
827,train
828,train
829,train
830,train
831,test
832,test
833,train
834,train
835,train
836,train
837,train
838,train
839,train
840,train
841,train
842,train
843,train
844,train
845,train
846,train
847,train
848,train
849,train
850,train
851,train
852,test
853,train
854,train
855,train
856,train
857,train
858,train
859,train
860,train
861,train
862,train
863,train
864,test
865,train
866,train
867,train
868,test
869,train
870,train
871,test
872,test
873,train
874,test
875,train
876,test
877,train
878,train
879,train
880,train
881,train
882,train
883,test
884,test
885,train
886,train
887,train
888,train
889,test
890,train
891,train
892,test
893,test
894,train
895,test
896,test
897,train
898,train
899,test
900,test
901,train
902,train
903,train
904,train
905,train
906,train
907,train
908,train
909,train
910,train
911,train
912,train
913,train
914,test
915,train
916,train
917,train
918,train
919,train
920,train
921,train
922,train
923,train
924,train
925,test
926,train
927,test
928,train
929,train
930,train
931,test
932,train
933,train
934,train
935,train
936,train
937,train
938,train
939,test
940,train
941,train
942,train
943,train
944,test
945,train
946,test
947,test
948,train
949,train
950,train
951,test
952,test
953,train
954,train
955,train
956,test
957,train
958,train
959,train
960,train
961,test
962,train
963,test
964,train
965,train
966,train
967,train
968,train
969,train
970,train
971,train
972,test
973,train
974,train
975,train
976,test
977,train
978,train
979,test
980,train
981,test
982,train
983,test
984,train
985,train
986,train
987,train
988,test
989,train
990,train
991,train
992,train
993,train
994,train
995,train
996,train
997,train
998,train
999,train
1000,train
1001,train
1002,train
1003,train
1004,train
1005,train
1006,test
1007,test
1008,test
1009,test
1010,test
1011,train
1012,train
1013,train
1014,train
1015,test
1016,train
1017,train
1018,test
1019,test
1020,train
1021,test
1022,train
1023,train
1024,train
1025,train
1026,train
1027,train
1028,test
1029,train
1030,train
1031,train
1032,train
1033,train
1034,train
1035,train
1036,train
1037,train
1038,train
1039,train
1040,train
1041,train
1042,train
1043,train
1044,train
1045,train
1046,train
1047,train
1048,train
1049,train
1050,train
1051,test
1052,train
1053,train
1054,train
1055,train
1056,train
1057,train
1058,train
1059,train
1060,train
1061,train
1062,test
1063,train
1064,train
1065,train
1066,train
1067,test
1068,train
1069,train
1070,train
1071,train
1072,test
1073,test
1074,train
1075,test
1076,train
1077,train
1078,train
1079,train
1080,train
1081,train
1082,train
1083,train
1084,train
1085,train
1086,train
1087,test
1088,train
1089,train
1090,test
1091,train
1092,train
1093,train
1094,train
1095,train
1096,train
1097,train
1098,test
1099,train
1100,test
1101,train
1102,train
1103,train
1104,train
1105,train
1106,train
1107,train
1108,train
1109,train
1110,test
1111,train
1112,train
1113,train
1114,train
1115,train
1116,train
1117,train
1118,train
1119,train
1120,train
1121,train
1122,train
1123,test
1124,train
1125,test
1126,train
1127,test
1128,train
1129,train
1130,test
1131,train
1132,train
1133,train
1134,train
1135,test
1136,train
1137,test
1138,train
1139,train
1140,test
1141,train
1142,train
1143,train
1144,train
1145,train
1146,train
1147,train
1148,train
1149,test
1150,train
1151,train
1152,train
1153,train
1154,train
1155,train
1156,train
1157,train
1158,train
1159,train
1160,train
1161,train
1162,train
1163,train
1164,train
1165,test
1166,train
1167,train
1168,test
1169,train
1170,train
1171,train
1172,train
1173,train
1174,train
1175,test
1176,train
1177,train
1178,train
1179,train
1180,train
1181,train
1182,train
1183,train
1184,train
1185,train
1186,train
1187,train
1188,test
1189,train
1190,train
1191,train
1192,train
1193,train
1194,train
1195,train
1196,train
1197,train
1198,train
1199,train
1200,test
1201,train
1202,test
1203,train
1204,train
1205,train
1206,train
1207,train
1208,train
1209,test
1210,test
1211,test
1212,test
1213,test
1214,train
1215,train
1216,train
1217,test
1218,train
1219,train
1220,train
1221,train
1222,train
1223,train
1224,train
1225,test
1226,train
1227,train
1228,train
1229,train
1230,train
1231,train
1232,train
1233,train
1234,train
1235,train
1236,train
1237,train
1238,train
1239,train
1240,train
1241,train
1242,train
1243,test
1244,train
1245,train
1246,test
1247,train
1248,train
1249,test
1250,train
1251,train
1252,train
1253,train
1254,train
1255,train
1256,test
1257,train
1258,train
1259,train
1260,test
1261,test
1262,test
1263,test
1264,train
1265,train
1266,train
1267,train
1268,train
1269,test
1270,train
1271,test
1272,test
1273,train
1274,train
1275,train
1276,train
1277,train
1278,train
1279,train
1280,test
1281,test
1282,train
1283,train
1284,train
1285,train
1286,train
1287,train
1288,train
1289,train
1290,train
1291,train
1292,test
1293,train
1294,train
1295,train
1296,train
1297,test
1298,train
1299,train
1300,train
1301,train
1302,test
1303,train
1304,train
1305,train
1306,train
1307,train
1308,test
1309,train
1310,train
1311,train
1312,train
1313,train
1314,train
1315,train
1316,train
1317,train
1318,train
1319,train
1320,test
1321,train
1322,test
1323,train
1324,test
1325,test
1326,train
1327,train
1328,train
1329,train
1330,train
1331,train
1332,train
1333,train
1334,train
1335,train
1336,train
1337,train
1338,train
1339,test
1340,train
1341,train
1342,train
1343,train
1344,train
1345,train
1346,train
1347,train
1348,train
1349,train
1350,train
1351,train
1352,train
1353,train
1354,train
1355,test
1356,train
1357,train
1358,test
1359,train
1360,train
1361,train
1362,train
1363,train
1364,train
1365,train
1366,train
1367,train
1368,train
1369,train
1370,test
1371,train
1372,train
1373,test
1374,train
1375,train
1376,train
1377,train
1378,train
1379,train
1380,test
1381,test
1382,train
1383,train
1384,test
1385,train
1386,train
1387,train
1388,train
1389,test
1390,train
1391,train
1392,train
1393,train
1394,train
1395,test
1396,train
1397,train
1398,train
1399,train
1400,test
1401,train
1402,train
1403,train
1404,train
1405,train
1406,train
1407,train
1408,train
1409,train
1410,train
1411,train
1412,train
1413,train
1414,train
1415,train
1416,train
1417,train
1418,train
1419,train
1420,test
1421,train
1422,train
1423,train
1424,test
1425,train
1426,test
1427,train
1428,train
1429,train
1430,train
1431,train
1432,train
1433,test
1434,test
1435,train
1436,train
1437,train
1438,train
1439,train
1440,train
1441,train
1442,train
1443,train
1444,train
1445,train
1446,test
1447,test
1448,train
1449,test
1450,test
1451,train
1452,test
1453,train
1454,test
1455,train
1456,train
1457,test
1458,train
1459,test
1460,train
1461,train
1462,train
1463,train
1464,train
1465,train
1466,train
1467,train
1468,train
1469,train
1470,train
1471,train
1472,test
1473,train
1474,train
1475,train
1476,test
1477,test
1478,train
1479,train
1480,train
1481,train
1482,train
1483,train
1484,train
1485,test
1486,train
1487,train
1488,test
1489,train
1490,train
1491,train
1492,train
1493,train
1494,test
1495,train
1496,train
1497,train
1498,train
1499,train
1500,train
1501,train
1502,train
1503,train
1504,train
1505,train
1506,train
1507,test
1508,train
1509,train
1510,test
1511,test
1512,train
1513,train
1514,train
1515,train
1516,train
1517,train
1518,train
1519,train
1520,train
1521,test
1522,train
1523,test
1524,train
1525,train
1526,train
1527,train
1528,train
1529,train
1530,train
1531,test
1532,train
1533,train
1534,test
1535,train
1536,test
1537,train
1538,train
1539,train
1540,train
1541,test
1542,test
1543,train
1544,train
1545,train
1546,train
1547,test
1548,train
1549,train
1550,train
1551,test
1552,train
1553,train
1554,train
1555,train
1556,train
1557,test
1558,train
1559,train
1560,train
1561,test
1562,train
1563,train
1564,test
1565,train
1566,train
1567,train
1568,train
1569,train
1570,train
1571,test
1572,train
1573,train
1574,test
1575,train
1576,train
1577,test
1578,train
1579,train
1580,train
1581,train
1582,test
1583,train
1584,test
1585,test
1586,train
1587,train
1588,train
1589,test
1590,train
1591,train
1592,train
1593,test
1594,train
1595,train
1596,train
1597,train
1598,train
1599,test
1600,test
1601,test
1602,train
1603,train
1604,train
1605,train
1606,train
1607,train
1608,train
1609,train
1610,train
1611,train
1612,train
1613,train
1614,train
1615,test
1616,train
1617,train
1618,train
1619,train
1620,train
1621,train
1622,test
1623,train
1624,test
1625,train
1626,train
1627,train
1628,train
1629,test
1630,train
1631,test
1632,train
1633,train
1634,train
1635,train
1636,train
1637,train
1638,train
1639,train
1640,train
1641,train
1642,train
1643,train
1644,test
1645,train
1646,train
1647,train
1648,test
1649,train
1650,train
1651,train
1652,train
1653,train
1654,train
1655,test
1656,train
1657,train
1658,train
1659,train
1660,train
1661,train
1662,test
1663,train
1664,train
1665,test
1666,train
1667,train
1668,test
1669,train
1670,train
1671,train
1672,train
1673,train
1674,train
1675,train
1676,train
1677,train
1678,train
1679,test
1680,train
1681,train
1682,train
1683,train
1684,train
1685,train
1686,train
1687,train
1688,train
1689,train
1690,train
1691,train
1692,train
1693,train
1694,train
1695,train
1696,train
1697,train
1698,train
1699,train
1700,train
1701,train
1702,train
1703,train
1704,train
1705,train
1706,train
1707,train
1708,train
1709,test
1710,train
1711,train
1712,train
1713,train
1714,train
1715,train
1716,test
1717,test
1718,train
1719,train
1720,train
1721,train
1722,train
1723,train
1724,train
1725,train
1726,test
1727,train
1728,train
1729,train
1730,train
1731,train
1732,train
1733,train
1734,train
1735,train
1736,train
1737,train
1738,train
1739,train
1740,train
1741,train
1742,train
1743,train
1744,train
1745,train
1746,train
1747,train
1748,train
1749,train
1750,train
1751,train
1752,train
1753,train
1754,train
1755,train
1756,train
1757,train
1758,train
1759,test
1760,train
1761,train
1762,train
1763,train
1764,train
1765,train
1766,train
1767,test
1768,train
1769,train
1770,train
1771,train
1772,train
1773,train
1774,test
1775,test
1776,test
1777,test
1778,train
1779,train
1780,test
1781,train
1782,test
1783,train
1784,test
1785,train
1786,train
1787,train
1788,train
1789,train
1790,test
1791,train
1792,train
1793,train
1794,train
1795,train
1796,train
1797,train
1798,test
1799,test
1800,train
1801,test
1802,train
1803,train
1804,train
1805,train
1806,train
1807,test
1808,train
1809,test
1810,train
1811,train
1812,test
1813,train
1814,train
1815,train
1816,train
1817,train
1818,train
1819,train
1820,train
1821,train
1822,test
1823,train
1824,test
1825,train
1826,train
1827,train
1828,train
1829,train
1830,train
1831,train
1832,test
1833,train
1834,train
1835,train
1836,train
1837,train
1838,train
1839,train
1840,train
1841,train
1842,test
1843,train
1844,train
1845,test
1846,train
1847,train
1848,train
1849,train
1850,train
1851,train
1852,train
1853,train
1854,train
1855,train
1856,train
1857,train
1858,train
1859,test
1860,train
1861,train
1862,train
1863,train
1864,test
1865,train
1866,train
1867,train
1868,test
1869,train
1870,test
1871,test
1872,train
1873,train
1874,train
1875,train
1876,train
1877,test
1878,train
1879,train
1880,train
1881,train
1882,test
1883,train
1884,train
1885,train
1886,test
1887,train
1888,train
1889,train
1890,test
1891,train
1892,test
1893,test
1894,train
1895,test
1896,train
1897,train
1898,train
1899,train
1900,train
1901,test
1902,test
1903,train
1904,test
1905,train
1906,test
1907,train
1908,test
1909,train
1910,train
1911,train
1912,test
1913,train
1914,train
1915,test
1916,train
1917,train
1918,train
1919,test
1920,train
1921,train
1922,train
1923,train
1924,train
1925,train
1926,train
1927,train
1928,train
1929,test
1930,train
1931,test
1932,train
1933,train
1934,test
1935,train
1936,train
1937,train
1938,train
1939,train
1940,train
1941,train
1942,train
1943,train
1944,train
1945,train
1946,train
1947,train
1948,train
1949,train
1950,train
1951,train
1952,train
1953,test
1954,train
1955,train
1956,train
1957,test
1958,train
1959,train
1960,train
1961,train
1962,train
1963,test
1964,train
1965,train
1966,train
1967,train
1968,train
1969,train
1970,train
1971,train
1972,train
1973,test
1974,train
1975,train
1976,train
1977,train
1978,train
1979,train
1980,train
1981,train
1982,train
1983,test
1984,train
1985,train
1986,test
1987,train
1988,train
1989,train
1990,train
1991,train
1992,train
1993,train
1994,train
1995,train
1996,test
1997,test
1998,train
1999,test
2000,train
2001,train
2002,test
2003,test
2004,test
2005,test
2006,train
2007,train
2008,train
2009,test
2010,train
2011,test
2012,test
2013,train
2014,train
2015,train
2016,test
2017,train
2018,test
2019,train
2020,train
2021,train
2022,test
2023,test
2024,train
2025,train
2026,train
2027,train
2028,train
2029,train
2030,train
2031,train
2032,train
2033,train
2034,train
2035,train
2036,train
2037,test
2038,train
2039,test
2040,train
2041,train
2042,train
2043,train
2044,train
2045,train
2046,train
2047,train
2048,train
2049,train
2050,train
2051,test
2052,train
2053,train
2054,train
2055,test
2056,test
2057,train
2058,train
2059,train
2060,train
2061,train
2062,train
2063,train
2064,train
2065,train
2066,train
2067,train
2068,train
2069,train
2070,train
2071,train
2072,test
2073,train
2074,train
2075,train
2076,train
2077,train
2078,test
2079,train
2080,train
2081,train
2082,train
2083,test
2084,train
2085,train
2086,test
2087,train
2088,train
2089,train
2090,test
2091,train
2092,test
2093,train
2094,test
2095,train
2096,train
2097,train
2098,train
2099,test
2100,test
2101,train
2102,test
2103,train
2104,train
2105,train
2106,train
2107,train
2108,train
2109,test
2110,train
2111,train
2112,train
2113,train
2114,test
2115,train
2116,train
2117,train
2118,train
2119,train
2120,train
2121,train
2122,train
2123,train
2124,train
2125,test
2126,train
2127,test
2128,test
2129,train
2130,train
2131,train
2132,train
2133,train
2134,train
2135,train
2136,train
2137,train
2138,train
2139,test
2140,train
2141,train
2142,train
2143,train
2144,train
2145,train
2146,test
2147,test
2148,train
2149,train
2150,train
2151,train
2152,train
2153,test
2154,train
2155,test
2156,train
2157,train
2158,test
2159,train
2160,test
2161,test
2162,test
2163,train
2164,train
2165,train
2166,train
2167,train
2168,train
2169,train
2170,train
2171,train
2172,train
2173,train
2174,test
2175,train
2176,train
2177,train
2178,train
2179,train
2180,train
2181,train
2182,train
2183,test
2184,train
2185,train
2186,train
2187,train
2188,train
2189,test
2190,train
2191,train
2192,train
2193,train
2194,test
2195,train
2196,train
2197,test
2198,train
2199,train
2200,train
2201,test
2202,train
2203,train
2204,test
2205,test
2206,test
2207,train
2208,train
2209,train
2210,train
2211,train
2212,train
2213,train
2214,train
2215,train
2216,train
2217,train
2218,train
2219,train
2220,train
2221,train
2222,train
2223,train
2224,train
2225,train
2226,train
2227,train
2228,test
2229,train
2230,train
2231,train
2232,train
2233,train
2234,train
2235,test
2236,train
2237,test
2238,train
2239,train
2240,train
2241,train
2242,test
2243,train
2244,train
2245,test
2246,test
2247,train
2248,train
2249,train
2250,train
2251,train
2252,train
2253,train
2254,train
2255,train
2256,train
2257,train
2258,train
2259,train
2260,train
2261,train
2262,train
2263,train
2264,train
2265,train
2266,train
2267,train
2268,train
2269,train
2270,train
2271,train
2272,train
2273,train
2274,train
2275,test
2276,train
2277,train
2278,train
2279,train
2280,train
2281,train
2282,train
2283,train
2284,test
2285,train
2286,train
2287,train
2288,train
2289,train
2290,train
2291,train
2292,train
2293,train
2294,train
2295,train
2296,train
2297,test
2298,train
2299,train
2300,train
2301,train
2302,train
2303,train
2304,train
2305,train
2306,train
2307,train
2308,train
2309,train
2310,train
2311,train
2312,train
2313,train
2314,test
2315,train
2316,test
2317,train
2318,train
2319,train
2320,train
2321,train
2322,train
2323,train
2324,train
2325,train
2326,train
2327,train
2328,train
2329,train
2330,test
2331,train
2332,train
2333,train
2334,train
2335,train
2336,train
2337,train
2338,train
2339,test
2340,train
2341,train
2342,test
2343,test
2344,train
2345,train
2346,train
2347,train
2348,train
2349,train
2350,train
2351,train
2352,train
2353,train
2354,train
2355,train
2356,train
2357,test
2358,train
2359,train
2360,train
2361,train
2362,train
2363,test
2364,train
2365,train
2366,train
2367,train
2368,train
2369,test
2370,test
2371,test
2372,train
2373,train
2374,test
2375,test
2376,train
2377,test
2378,test
2379,train
2380,train
2381,test
2382,train
2383,train
2384,test
2385,train
2386,train
2387,train
2388,test
2389,test
2390,train
2391,test
2392,train
2393,train
2394,train
2395,train
2396,train
2397,train
2398,train
2399,train
2400,test
2401,test
2402,test
2403,train
2404,train
2405,train
2406,train
2407,test
2408,train
2409,train
2410,test
2411,train
2412,test
2413,train
2414,train
2415,train
2416,train
2417,train
2418,train
2419,train
2420,train
2421,train
2422,train
2423,train
2424,train
2425,train
2426,train
2427,train
2428,train
2429,train
2430,train
2431,test
2432,train
2433,train
2434,test
2435,train
2436,train
2437,train
2438,train
2439,train
2440,test
2441,train
2442,test
2443,train
2444,train
2445,train
2446,train
2447,train
2448,train
2449,train
2450,train
2451,test
2452,train
2453,train
2454,train
2455,train
2456,train
2457,train
2458,test
2459,train
2460,test
2461,train
2462,train
2463,train
2464,train
2465,train
2466,train
2467,train
2468,train
2469,train
2470,train
2471,test
2472,train
2473,train
2474,train
2475,train
2476,train
2477,train
2478,test
2479,test
2480,test
2481,train
2482,train
2483,test
2484,test
2485,train
2486,train
2487,train
2488,train
2489,train
2490,train
2491,train
2492,train
2493,train
2494,train
2495,train
2496,train
2497,train
2498,train
2499,train
2500,train
2501,train
2502,train
2503,train
2504,train
2505,train
2506,train
2507,test
2508,train
2509,train
2510,train
2511,train
2512,train
2513,train
2514,train
2515,train
2516,train
2517,train
2518,train
2519,train
2520,train
2521,train
2522,test
2523,train
2524,train
2525,train
2526,train
2527,train
2528,train
2529,train
2530,train
2531,train
2532,train
2533,train
2534,train
2535,train
2536,test
2537,test
2538,train
2539,test
2540,train
2541,train
2542,train
2543,train
2544,train
2545,train
2546,train
2547,train
2548,train
2549,train
2550,test
2551,train
2552,train
2553,train
2554,train
2555,test
2556,train
2557,train
2558,train
2559,test
2560,train
2561,train
2562,train
2563,test
2564,train
2565,train
2566,train
2567,train
2568,train
2569,train
2570,test
2571,test
2572,train
2573,test
2574,train
2575,train
2576,test
2577,train
2578,train
2579,train
2580,train
2581,train
2582,train
2583,train
2584,train
2585,test
2586,train
2587,test
2588,test
2589,test
2590,train
2591,train
2592,train
2593,train
2594,train
2595,train
2596,train
2597,train
2598,train
2599,train
2600,train
2601,train
2602,train
2603,train
2604,train
2605,train
2606,train
2607,train
2608,train
2609,train
2610,train
2611,train
2612,train
2613,test
2614,train
2615,train
2616,train
2617,train
2618,train
2619,train
2620,train
2621,train
2622,test
2623,test
2624,train
2625,train
2626,train
2627,train
2628,train
2629,train
2630,test
2631,train
2632,train
2633,train
2634,train
2635,train
2636,train
2637,train
2638,test
2639,train
2640,test
2641,train
2642,train
2643,train
2644,train
2645,train
2646,train
2647,train
2648,train
2649,train
2650,train
2651,train
2652,test
2653,train
2654,train
2655,test
2656,train
2657,train
2658,train
2659,train
2660,train
2661,train
2662,train
2663,train
2664,train
2665,train
2666,train
2667,train
2668,test
2669,train
2670,test
2671,train
2672,train
2673,test
2674,train
2675,train
2676,test
2677,train
2678,train
2679,train
2680,train
2681,train
2682,train
2683,train
2684,train
2685,train
2686,train
2687,test
2688,test
2689,test
2690,test
2691,train
2692,train
2693,train
2694,train
2695,train
2696,train
2697,train
2698,train
2699,train
2700,train
2701,train
2702,train
2703,train
2704,train
2705,test
2706,train
2707,train
2708,train
2709,test
2710,train
2711,train
2712,train
2713,test
2714,train
2715,train
2716,train
2717,train
2718,train
2719,train
2720,train
2721,train
2722,train
2723,train
2724,train
2725,train
2726,train
2727,train
2728,train
2729,train
2730,train
2731,train
2732,train
2733,train
2734,test
2735,test
2736,train
2737,train
2738,train
2739,train
2740,train
2741,test
2742,train
2743,test
2744,train
2745,test
2746,train
2747,train
2748,train
2749,test
2750,test
2751,train
2752,train
2753,test
2754,train
2755,test
2756,train
2757,train
2758,train
2759,train
2760,train
2761,train
2762,test
2763,train
2764,train
2765,train
2766,train
2767,train
2768,test
2769,train
2770,train
2771,train
2772,train
2773,train
2774,train
2775,train
2776,train
2777,train
2778,train
2779,train
2780,train
2781,train
2782,train
2783,train
2784,train
2785,train
2786,test
2787,train
2788,train
2789,train
2790,train
2791,train
2792,train
2793,train
2794,train
2795,train
2796,train
2797,train
2798,test
2799,train
2800,train
2801,train
2802,train
2803,train
2804,train
2805,train
2806,train
2807,test
2808,train
2809,train
2810,train
2811,train
2812,test
2813,train
2814,train
2815,train
2816,train
2817,train
2818,test
2819,train
2820,test
2821,test
2822,train
2823,train
2824,test
2825,train
2826,train
2827,train
2828,train
2829,train
2830,train
2831,train
2832,test
2833,train
2834,train
2835,train
2836,train
2837,train
2838,test
2839,train
2840,train
2841,train
2842,train
2843,train
2844,train
2845,train
2846,train
2847,test
2848,test
2849,train
2850,train
2851,train
2852,train
2853,test
2854,test
2855,train
2856,train
2857,train
2858,train
2859,test
2860,train
2861,train
2862,train
2863,train
2864,train
2865,train
2866,test
2867,train
2868,test
2869,train
2870,train
2871,test
2872,train
2873,train
2874,train
2875,train
2876,train
2877,test
2878,train
2879,train
2880,train
2881,test
2882,train
2883,train
2884,test
2885,test
2886,train
2887,test
2888,train
2889,train
2890,train
2891,train
2892,train
2893,train
2894,train
2895,train
2896,test
2897,train
2898,train
2899,train
2900,train
2901,train
2902,train
2903,train
2904,train
2905,test
2906,test
2907,train
2908,train
2909,train
2910,train
2911,train
2912,test
2913,train
2914,test
2915,train
2916,train
2917,train
2918,train
2919,train
2920,test
2921,train
2922,train
2923,train
2924,train
2925,train
2926,train
2927,train
2928,train
2929,train
2930,train
2931,test
2932,train
2933,train
2934,train
2935,train
2936,train
2937,train
2938,train
2939,test
2940,test
2941,train
2942,train
2943,train
2944,train
2945,test
2946,train
2947,test
2948,train
2949,test
2950,train
2951,train
2952,train
2953,train
2954,train
2955,train
2956,train
2957,train
2958,train
2959,train
2960,train
2961,train
2962,test
2963,train
2964,train
2965,train
2966,train
2967,test
2968,train
2969,train
2970,test
2971,test
2972,train
2973,train
2974,train
2975,train
2976,train
2977,train
2978,train
2979,train
2980,test
2981,train
2982,train
2983,test
2984,train
2985,train
2986,test
2987,train
2988,train
2989,train
2990,train
2991,train
2992,test
2993,train
2994,train
2995,train
2996,test
2997,train
2998,train
2999,train
3000,test
3001,train
3002,train
3003,train
3004,train
3005,train
3006,train
3007,train
3008,train
3009,train
3010,train
3011,train
3012,train
3013,train
3014,train
3015,train
3016,train
3017,test
3018,test
3019,train
3020,test
3021,train
3022,train
3023,train
3024,train
3025,train
3026,test
3027,train
3028,train
3029,test
3030,test
3031,train
3032,train
3033,train
3034,train
3035,train
3036,test
3037,test
3038,train
3039,train
3040,train
3041,train
3042,train
3043,train
3044,train
3045,train
3046,train
3047,train
3048,train
3049,train
3050,test
3051,train
3052,train
3053,test
3054,train
3055,train
3056,train
3057,train
3058,train
3059,train
3060,test
3061,train
3062,train
3063,train
3064,test
3065,train
3066,train
3067,train
3068,test
3069,train
3070,train
3071,train
3072,train
3073,train
3074,train
3075,train
3076,train
3077,train
3078,test
3079,test
3080,train
3081,train
3082,train
3083,train
3084,train
3085,train
3086,train
3087,train
3088,train
3089,test
3090,train
3091,train
3092,train
3093,train
3094,train
3095,train
3096,test
3097,train
3098,train
3099,train
3100,test
3101,train
3102,train
3103,train
3104,train
3105,test
3106,train
3107,train
3108,train
3109,train
3110,test
3111,train
3112,train
3113,test
3114,train
3115,train
3116,train
3117,train
3118,train
3119,train
3120,train
3121,train
3122,train
3123,train
3124,train
3125,train
3126,train
3127,train
3128,train
3129,train
3130,train
3131,train
3132,test
3133,train
3134,train
3135,train
3136,train
3137,train
3138,train
3139,train
3140,train
3141,train
3142,train
3143,train
3144,train
3145,train
3146,test
3147,train
3148,train
3149,train
3150,train
3151,test
3152,train
3153,train
3154,test
3155,train
3156,test
3157,train
3158,test
3159,train
3160,train
3161,train
3162,train
3163,train
3164,train
3165,train
3166,train
3167,train
3168,train
3169,train
3170,train
3171,train
3172,train
3173,train
3174,train
3175,train
3176,train
3177,train
3178,train
3179,train
3180,train
3181,train
3182,train
3183,train
3184,train
3185,test
3186,test
3187,test
3188,train
3189,train
3190,train
3191,test
3192,train
3193,train
3194,train
3195,train
3196,train
3197,test
3198,train
3199,train
3200,train
3201,train
3202,test
3203,train
3204,train
3205,train
3206,train
3207,train
3208,train
3209,train
3210,train
3211,train
3212,train
3213,train
3214,train
3215,train
3216,test
3217,train
3218,train
3219,train
3220,train
3221,test
3222,train
3223,train
3224,train
3225,train
3226,train
3227,test
3228,train
3229,train
3230,train
3231,train
3232,train
3233,train
3234,train
3235,test
3236,train
3237,test
3238,test
3239,train
3240,train
3241,train
3242,test
3243,train
3244,train
3245,train
3246,train
3247,train
3248,train
3249,train
3250,train
3251,test
3252,train
3253,test
3254,train
3255,test
3256,train
3257,test
3258,train
3259,train
3260,train
3261,train
3262,test
3263,train
3264,test
3265,train
3266,train
3267,train
3268,train
3269,train
3270,train
3271,train
3272,test
3273,train
3274,train
3275,train
3276,train
3277,train
3278,train
3279,test
3280,train
3281,train
3282,train
3283,train
3284,test
3285,train
3286,train
3287,train
3288,train
3289,train
3290,test
3291,train
3292,train
3293,test
3294,train
3295,test
3296,train
3297,test
3298,train
3299,test
3300,train
3301,test
3302,train
3303,train
3304,train
3305,train
3306,test
3307,train
3308,train
3309,test
3310,test
3311,train
3312,train
3313,train
3314,train
3315,train
3316,train
3317,train
3318,train
3319,train
3320,train
3321,train
3322,test
3323,train
3324,train
3325,train
3326,train
3327,train
3328,train
3329,train
3330,test
3331,train
3332,test
3333,train
3334,train
3335,train
3336,train
3337,train
3338,train
3339,train
3340,train
3341,train
3342,test
3343,train
3344,train
3345,test
3346,train
3347,train
3348,train
3349,train
3350,train
3351,train
3352,train
3353,test
3354,train
3355,train
3356,test
3357,train
3358,train
3359,train
3360,train
3361,train
3362,train
3363,train
3364,train
3365,train
3366,train
3367,train
3368,test
3369,train
3370,train
3371,test
3372,train
3373,train
3374,test
3375,test
3376,train
3377,train
3378,train
3379,train
3380,train
3381,train
3382,train
3383,train
3384,train
3385,test
3386,train
3387,train
3388,train
3389,train
3390,train
3391,train
3392,train
3393,train
3394,train
3395,train
3396,train
3397,train
3398,train
3399,train
3400,train
3401,train
3402,train
3403,train
3404,train
3405,test
3406,train
3407,test
3408,train
3409,train
3410,test
3411,train
3412,train
3413,test
3414,train
3415,train
3416,train
3417,test
3418,train
3419,train
3420,train
3421,train
3422,test
3423,train
3424,train
3425,train
3426,train
3427,train
3428,train
3429,train
3430,train
3431,train
3432,train
3433,train
3434,train
3435,train
3436,train
3437,test
3438,test
3439,train
3440,test
3441,train
3442,train
3443,train
3444,test
3445,train
3446,train
3447,train
3448,train
3449,train
3450,train
3451,train
3452,train
3453,train
3454,train
3455,train
3456,train
3457,train
3458,train
3459,train
3460,test
3461,train
3462,test
3463,test
3464,train
3465,train
3466,train
3467,train
3468,train
3469,train
3470,test
3471,test
3472,train
3473,train
3474,train
3475,train
3476,train
3477,train
3478,train
3479,test
3480,train
3481,test
3482,test
3483,train
3484,train
3485,train
3486,train
3487,train
3488,train
3489,train
3490,train
3491,train
3492,test
3493,train
3494,train
3495,train
3496,train
3497,train
3498,train
3499,test
3500,train
3501,train
3502,train
3503,train
3504,train
3505,test
3506,train
3507,test
3508,test
3509,test
3510,train
3511,train
3512,train
3513,train
3514,train
3515,train
3516,train
3517,train
3518,train
3519,train
3520,train
3521,train
3522,train
3523,train
3524,test
3525,train
3526,train
3527,train
3528,train
3529,train
3530,train
3531,train
3532,test
3533,train
3534,train
3535,train
3536,train
3537,train
3538,train
3539,train
3540,train
3541,test
3542,train
3543,train
3544,train
3545,train
3546,train
3547,train
3548,train
3549,train
3550,train
3551,train
3552,train
3553,train
3554,train
3555,test
3556,train
3557,train
3558,train
3559,train
3560,test
3561,train
3562,train
3563,train
3564,train
3565,train
3566,test
3567,train
3568,train
3569,train
3570,train
3571,train
3572,train
3573,train
3574,train
3575,train
3576,train
3577,test
3578,train
3579,train
3580,train
3581,train
3582,train
3583,train
3584,train
3585,train
3586,train
3587,test
3588,train
3589,train
3590,train
3591,train
3592,test
3593,test
3594,train
3595,train
3596,train
3597,train
3598,train
3599,test
3600,train
3601,train
3602,train
3603,train
3604,train
3605,train
3606,train
3607,train
3608,train
3609,train
3610,train
3611,train
3612,train
3613,train
3614,train
3615,test
3616,train
3617,train
3618,train
3619,train
3620,train
3621,train
3622,train
3623,train
3624,train
3625,train
3626,train
3627,train
3628,train
3629,train
3630,train
3631,train
3632,test
3633,train
3634,train
3635,train
3636,train
3637,train
3638,test
3639,train
3640,train
3641,train
3642,train
3643,train
3644,train
3645,test
3646,test
3647,train
3648,train
3649,test
3650,test
3651,train
3652,train
3653,train
3654,train
3655,train
3656,test
3657,test
3658,train
3659,train
3660,train
3661,train
3662,train
3663,test
3664,train
3665,train
3666,train
3667,train
3668,test
3669,train
3670,train
3671,train
3672,train
3673,train
3674,train
3675,train
3676,train
3677,train
3678,train
3679,train
3680,train
3681,train
3682,train
3683,train
3684,train
3685,test
3686,train
3687,train
3688,train
3689,train
3690,train
3691,train
3692,train
3693,train
3694,train
3695,train
3696,train
3697,test
3698,test
3699,train
3700,train
3701,train
3702,train
3703,train
3704,test
3705,train
3706,train
3707,train
3708,train
3709,train
3710,test
3711,train
3712,test
3713,train
3714,train
3715,test
3716,train
3717,train
3718,train
3719,train
3720,train
3721,train
3722,train
3723,train
3724,train
3725,train
3726,train
3727,test
3728,test
3729,train
3730,train
3731,train
3732,train
3733,train
3734,train
3735,test
3736,train
3737,train
3738,train
3739,train
3740,train
3741,test
3742,train
3743,train
3744,train
3745,train
3746,test
3747,train
3748,train
3749,train
3750,train
3751,train
3752,train
3753,train
3754,test
3755,train
3756,train
3757,train
3758,train
3759,train
3760,train
3761,train
3762,test
3763,train
3764,train
3765,train
3766,train
3767,test
3768,train
3769,train
3770,train
3771,train
3772,train
3773,train
3774,train
3775,train
3776,train
3777,train
3778,train
3779,train
3780,train
3781,train
3782,test
3783,train
3784,train
3785,test
3786,test
3787,train
3788,train
3789,test
3790,train
3791,train
3792,train
3793,train
3794,test
3795,train
3796,train
3797,train
3798,test
3799,test
3800,test
3801,train
3802,test
3803,train
3804,train
3805,train
3806,train
3807,train
3808,train
3809,test
3810,train
3811,test
3812,train
3813,train
3814,train
3815,train
3816,train
3817,test
3818,train
3819,train
3820,train
3821,train
3822,train
3823,test
3824,train
3825,train
3826,train
3827,train
3828,train
3829,test
3830,train
3831,train
3832,train
3833,train
3834,train
3835,train
3836,train
3837,train
3838,train
3839,train
3840,train
3841,train
3842,train
3843,train
3844,train
3845,train
3846,train
3847,test
3848,test
3849,test
3850,train
3851,test
3852,train
3853,train
3854,train
3855,train
3856,train
3857,train
3858,train
3859,train
3860,train
3861,train
3862,train
3863,train
3864,train
3865,train
3866,train
3867,train
3868,train
3869,train
3870,train
3871,train
3872,test
3873,train
3874,train
3875,train
3876,train
3877,test
3878,train
3879,test
3880,train
3881,test
3882,train
3883,train
3884,train
3885,train
3886,train
3887,test
3888,test
3889,train
3890,train
3891,train
3892,train
3893,test
3894,test
3895,train
3896,train
3897,test
3898,train
3899,test
3900,train
3901,train
3902,train
3903,train
3904,train
3905,train
3906,test
3907,test
3908,test
3909,train
3910,train
3911,test
3912,test
3913,train
3914,train
3915,train
3916,train
3917,train
3918,train
3919,train
3920,test
3921,train
3922,test
3923,test
3924,train
3925,train
3926,train
3927,test
3928,test
3929,test
3930,train
3931,train
3932,train
3933,test
3934,train
3935,train
3936,train
3937,train
3938,train
3939,train
3940,train
3941,train
3942,train
3943,train
3944,train
3945,train
3946,train
3947,train
3948,test
3949,train
3950,test
3951,train
3952,train
3953,train
3954,train
3955,train
3956,train
3957,train
3958,train
3959,train
3960,train
3961,test
3962,train
3963,train
3964,train
3965,train
3966,train
3967,train
3968,train
3969,train
3970,train
3971,train
3972,train
3973,test
3974,train
3975,train
3976,test
3977,train
3978,train
3979,train
3980,train
3981,train
3982,train
3983,train
3984,train
3985,train
3986,train
3987,train
3988,train
3989,test
3990,train
3991,train
3992,train
3993,train
3994,train
3995,train
3996,train
3997,train
3998,train
3999,test
4000,train
4001,train
4002,test
4003,train
4004,train
4005,test
4006,train
4007,train
4008,train
4009,train
4010,train
4011,test
4012,train
4013,train
4014,train
4015,train
4016,train
4017,train
4018,train
4019,train
4020,test
4021,test
4022,train
4023,test
4024,train
4025,test
4026,train
4027,train
4028,train
4029,train
4030,train
4031,train
4032,train
4033,test
4034,train
4035,train
4036,train
4037,train
4038,train
4039,train
4040,train
4041,train
4042,train
4043,test
4044,train
4045,test
4046,train
4047,train
4048,train
4049,train
4050,train
4051,train
4052,train
4053,train
4054,train
4055,test
4056,test
4057,train
4058,train
4059,train
4060,train
4061,test
4062,train
4063,train
4064,train
4065,train
4066,test
4067,train
4068,test
4069,train
4070,train
4071,train
4072,train
4073,train
4074,train
4075,train
4076,train
4077,train
4078,train
4079,train
4080,train
4081,train
4082,train
4083,train
4084,train
4085,train
4086,train
4087,train
4088,train
4089,train
4090,test
4091,train
4092,train
4093,train
4094,train
4095,train
4096,train
4097,train
4098,train
4099,train
4100,train
4101,train
4102,train
4103,train
4104,train
4105,train
4106,train
4107,train
4108,train
4109,test
4110,train
4111,test
4112,test
4113,train
4114,train
4115,train
4116,test
4117,train
4118,train
4119,train
4120,train
4121,train
4122,test
4123,train
4124,train
4125,train
4126,train
4127,train
4128,train
4129,train
4130,test
4131,test
4132,test
4133,train
4134,test
4135,train
4136,train
4137,train
4138,test
4139,train
4140,train
4141,test
4142,train
4143,train
4144,test
4145,train
4146,train
4147,train
4148,train
4149,train
4150,test
4151,train
4152,train
4153,test
4154,train
4155,train
4156,test
4157,test
4158,train
4159,test
4160,test
4161,train
4162,test
4163,test
4164,train
4165,train
4166,train
4167,test
4168,train
4169,train
4170,train
4171,test
4172,train
4173,test
4174,train
4175,train
4176,test
4177,train
4178,train
4179,train
4180,train
4181,train
4182,train
4183,train
4184,train
4185,train
4186,train
4187,train
4188,train
4189,train
4190,train
4191,train
4192,train
4193,train
4194,test
4195,train
4196,train
4197,train
4198,train
4199,test
4200,train
4201,train
4202,train
4203,test
4204,test
4205,test
4206,train
4207,test
4208,train
4209,train
4210,train
4211,train
4212,train
4213,test
4214,train
4215,train
4216,train
4217,test
4218,train
4219,test
4220,train
4221,train
4222,test
4223,test
4224,train
4225,test
4226,train
4227,train
4228,train
4229,train
4230,train
4231,train
4232,train
4233,train
4234,train
4235,test
4236,train
4237,train
4238,train
4239,train
4240,train
4241,train
4242,train
4243,test
4244,train
4245,train
4246,train
4247,train
4248,test
4249,train
4250,train
4251,test
4252,train
4253,test
4254,test
4255,test
4256,train
4257,train
4258,test
4259,train
4260,train
4261,train
4262,train
4263,train
4264,train
4265,train
4266,train
4267,train
4268,train
4269,train
4270,test
4271,test
4272,test
4273,train
4274,train
4275,train
4276,train
4277,train
4278,train
4279,train
4280,train
4281,train
4282,train
4283,train
4284,train
4285,test
4286,train
4287,train
4288,train
4289,test
4290,test
4291,train
4292,train
4293,train
4294,train
4295,train
4296,train
4297,train
4298,test
4299,train
4300,train
4301,train
4302,train
4303,train
4304,train
4305,train
4306,train
4307,train
4308,train
4309,train
4310,train
4311,train
4312,train
4313,test
4314,train
4315,train
4316,train
4317,train
4318,train
4319,train
4320,test
4321,train
4322,train
4323,train
4324,train
4325,train
4326,train
4327,test
4328,train
4329,train
4330,train
4331,train
4332,test
4333,train
4334,train
4335,train
4336,train
4337,train
4338,train
4339,test
4340,train
4341,train
4342,train
4343,train
4344,train
4345,test
4346,train
4347,train
4348,train
4349,test
4350,test
4351,train
4352,test
4353,test
4354,test
4355,train
4356,train
4357,train
4358,test
4359,test
4360,train
4361,train
4362,train
4363,train
4364,train
4365,test
4366,test
4367,test
4368,train
4369,train
4370,train
4371,train
4372,train
4373,train
4374,train
4375,train
4376,test
4377,train
4378,test
4379,train
4380,train
4381,train
4382,train
4383,train
4384,train
4385,train
4386,test
4387,train
4388,test
4389,train
4390,test
4391,test
4392,train
4393,train
4394,train
4395,train
4396,train
4397,train
4398,train
4399,train
4400,train
4401,train
4402,train
4403,train
4404,test
4405,train
4406,train
4407,train
4408,train
4409,train
4410,train
4411,train
4412,train
4413,train
4414,test
4415,test
4416,train
4417,test
4418,train
4419,train
4420,train
4421,train
4422,test
4423,train
4424,train
4425,train
4426,train
4427,train
4428,train
4429,test
4430,train
4431,train
4432,train
4433,train
4434,train
4435,test
4436,train
4437,test
4438,train
4439,train
4440,train
4441,train
4442,test
4443,test
4444,train
4445,test
4446,train
4447,test
4448,test
4449,train
4450,train
4451,train
4452,train
4453,train
4454,test
4455,train
4456,train
4457,train
4458,train
4459,train
4460,train
4461,train
4462,train
4463,train
4464,train
4465,test
4466,train
4467,train
4468,train
4469,train
4470,train
4471,test
4472,train
4473,train
4474,train
4475,test
4476,train
4477,train
4478,train
4479,train
4480,train
4481,train
4482,train
4483,train
4484,train
4485,test
4486,test
4487,train
4488,train
4489,train
4490,train
4491,test
4492,test
4493,train
4494,train
4495,train
4496,train
4497,train
4498,test
4499,train
4500,train
4501,train
4502,train
4503,train
4504,train
4505,train
4506,train
4507,test
4508,train
4509,train
4510,test
4511,train
4512,train
4513,train
4514,train
4515,train
4516,train
4517,test
4518,train
4519,train
4520,test
4521,train
4522,train
4523,train
4524,train
4525,train
4526,train
4527,train
4528,test
4529,train
4530,train
4531,train
4532,train
4533,train
4534,train
4535,train
4536,train
4537,train
4538,train
4539,train
4540,train
4541,test
4542,train
4543,train
4544,train
4545,test
4546,train
4547,train
4548,train
4549,train
4550,train
4551,train
4552,test
4553,train
4554,train
4555,test
4556,train
4557,train
4558,train
4559,train
4560,train
4561,test
4562,train
4563,train
4564,train
4565,train
4566,test
4567,train
4568,train
4569,train
4570,train
4571,train
4572,test
4573,train
4574,test
4575,test
4576,test
4577,test
4578,train
4579,train
4580,train
4581,train
4582,train
4583,train
4584,test
4585,train
4586,train
4587,train
4588,train
4589,test
4590,train
4591,train
4592,test
4593,train
4594,train
4595,train
4596,test
4597,train
4598,train
4599,train
4600,test
4601,train
4602,train
4603,test
4604,test
4605,train
4606,train
4607,train
4608,train
4609,test
4610,train
4611,train
4612,train
4613,train
4614,train
4615,train
4616,train
4617,train
4618,test
4619,train
4620,train
4621,train
4622,train
4623,test
4624,train
4625,train
4626,train
4627,test
4628,test
4629,test
4630,train
4631,train
4632,test
4633,test
4634,train
4635,train
4636,test
4637,train
4638,train
4639,train
4640,train
4641,train
4642,train
4643,test
4644,test
4645,test
4646,train
4647,train
4648,test
4649,train
4650,train
4651,train
4652,train
4653,train
4654,train
4655,train
4656,test
4657,train
4658,test
4659,train
4660,train
4661,train
4662,train
4663,train
4664,test
4665,test
4666,train
4667,train
4668,test
4669,train
4670,train
4671,train
4672,train
4673,train
4674,train
4675,test
4676,test
4677,train
4678,train
4679,test
4680,train
4681,train
4682,train
4683,train
4684,train
4685,train
4686,train
4687,train
4688,train
4689,train
4690,train
4691,train
4692,train
4693,train
4694,train
4695,train
4696,test
4697,test
4698,train
4699,test
4700,train
4701,test
4702,test
4703,train
4704,train
4705,train
4706,train
4707,train
4708,train
4709,test
4710,train
4711,train
4712,train
4713,train
4714,train
4715,train
4716,train
4717,test
4718,train
4719,train
4720,train
4721,train
4722,train
4723,train
4724,train
4725,train
4726,train
4727,train
4728,train
4729,train
4730,train
4731,train
4732,train
4733,train
4734,test
4735,test
4736,train
4737,train
4738,test
4739,train
4740,train
4741,train
4742,train
4743,test
4744,test
4745,train
4746,test
4747,train
4748,train
4749,train
4750,test
4751,train
4752,train
4753,train
4754,train
4755,train
4756,train
4757,train
4758,train
4759,test
4760,train
4761,train
4762,train
4763,test
4764,train
4765,train
4766,train
4767,train
4768,train
4769,train
4770,train
4771,train
4772,train
4773,test
4774,train
4775,test
4776,train
4777,train
4778,train
4779,train
4780,train
4781,test
4782,train
4783,train
4784,train
4785,train
4786,train
4787,test
4788,train
4789,train
4790,train
4791,test
4792,train
4793,train
4794,train
4795,train
4796,test
4797,train
4798,train
4799,train
4800,test
4801,train
4802,train
4803,train
4804,train
4805,train
4806,train
4807,test
4808,train
4809,test
4810,train
4811,train
4812,test
4813,train
4814,test
4815,train
4816,train
4817,train
4818,train
4819,train
4820,test
4821,train
4822,train
4823,train
4824,test
4825,train
4826,train
4827,train
4828,test
4829,train
4830,train
4831,train
4832,train
4833,test
4834,train
4835,train
4836,train
4837,train
4838,test
4839,train
4840,train
4841,train
4842,train
4843,test
4844,test
4845,train
4846,train
4847,train
4848,train
4849,train
4850,test
4851,train
4852,train
4853,train
4854,train
4855,train
4856,train
4857,train
4858,train
4859,train
4860,train
4861,test
4862,test
4863,train
4864,train
4865,test
4866,train
4867,train
4868,train
4869,train
4870,test
4871,train
4872,train
4873,train
4874,test
4875,train
4876,test
4877,train
4878,train
4879,train
4880,train
4881,train
4882,train
4883,train
4884,train
4885,train
4886,test
4887,test
4888,train
4889,train
4890,train
4891,train
4892,train
4893,train
4894,train
4895,train
4896,train
4897,train
4898,train
4899,test
4900,train
4901,train
4902,test
4903,train
4904,train
4905,train
4906,train
4907,test
4908,train
4909,test
4910,test
4911,test
4912,train
4913,train
4914,train
4915,test
4916,train
4917,train
4918,train
4919,train
4920,train
4921,train
4922,train
4923,train
4924,train
4925,train
4926,train
4927,test
4928,train
4929,train
4930,train
4931,test
4932,train
4933,train
4934,train
4935,train
4936,train
4937,train
4938,train
4939,train
4940,train
4941,train
4942,train
4943,test
4944,train
4945,test
4946,train
4947,train
4948,train
4949,train
4950,train
4951,train
4952,train
4953,train
4954,train
4955,train
4956,train
4957,train
4958,test
4959,test
4960,train
4961,train
4962,test
4963,train
4964,train
4965,train
4966,train
4967,train
4968,train
4969,train
4970,train
4971,train
4972,train
4973,train
4974,train
4975,train
4976,train
4977,train
4978,train
4979,test
4980,train
4981,train
4982,train
4983,train
4984,train
4985,test
4986,train
4987,train
4988,test
4989,test
4990,train
4991,train
4992,train
4993,train
4994,train
4995,train
4996,train
4997,train
4998,train
4999,train
5000,train
5001,train
5002,train
5003,test
5004,train
5005,train
5006,train
5007,train
5008,train
5009,train
5010,train
5011,test
5012,test
5013,test
5014,train
5015,train
5016,train
5017,test
5018,test
5019,train
5020,train
5021,test
5022,train
5023,test
5024,train
5025,train
5026,train
5027,test
5028,train
5029,train
5030,test
5031,train
5032,test
5033,train
5034,train
5035,train
5036,train
5037,train
5038,train
5039,train
5040,test
5041,test
5042,train
5043,test
5044,train
5045,test
5046,train
5047,train
5048,train
5049,test
5050,train
5051,train
5052,train
5053,train
5054,train
5055,train
5056,train
5057,train
5058,test
5059,train
5060,train
5061,test
5062,train
5063,test
5064,train
5065,train
5066,test
5067,train
5068,train
5069,train
5070,train
5071,test
5072,train
5073,train
5074,train
5075,train
5076,train
5077,train
5078,train
5079,test
5080,train
5081,train
5082,train
5083,train
5084,test
5085,train
5086,train
5087,test
5088,train
5089,test
5090,train
5091,test
5092,train
5093,train
5094,test
5095,train
5096,train
5097,train
5098,train
5099,train
5100,train
5101,train
5102,train
5103,train
5104,test
5105,train
5106,train
5107,train
5108,train
5109,test
5110,train
5111,train
5112,train
5113,train
5114,train
5115,train
5116,train
5117,train
5118,train
5119,test
5120,train
5121,test
5122,train
5123,train
5124,test
5125,train
5126,train
5127,train
5128,train
5129,test
5130,train
5131,test
5132,train
5133,train
5134,train
5135,train
5136,train
5137,train
5138,test
5139,train
5140,train
5141,train
5142,test
5143,train
5144,train
5145,train
5146,train
5147,test
5148,train
5149,train
5150,train
5151,train
5152,train
5153,train
5154,train
5155,train
5156,train
5157,train
5158,train
5159,train
5160,train
5161,train
5162,train
5163,test
5164,train
5165,test
5166,test
5167,test
5168,train
5169,train
5170,train
5171,train
5172,train
5173,train
5174,train
5175,train
5176,train
5177,train
5178,train
5179,train
5180,train
5181,test
5182,train
5183,train
5184,train
5185,test
5186,train
5187,test
5188,train
5189,train
5190,train
5191,train
5192,test
5193,train
5194,train
5195,train
5196,train
5197,test
5198,train
5199,train
5200,train
5201,train
5202,train
5203,train
5204,train
5205,test
5206,train
5207,train
5208,train
5209,train
5210,train
5211,train
5212,train
5213,train
5214,train
5215,train
5216,train
5217,train
5218,test
5219,train
5220,train
5221,train
5222,train
5223,train
5224,train
5225,train
5226,train
5227,train
5228,test
5229,train
5230,train
5231,test
5232,train
5233,test
5234,train
5235,train
5236,test
5237,train
5238,train
5239,train
5240,train
5241,test
5242,train
5243,train
5244,train
5245,test
5246,train
5247,test
5248,train
5249,train
5250,train
5251,train
5252,test
5253,test
5254,train
5255,train
5256,train
5257,test
5258,train
5259,test
5260,train
5261,train
5262,train
5263,train
5264,train
5265,test
5266,test
5267,train
5268,test
5269,train
5270,train
5271,train
5272,train
5273,train
5274,train
5275,train
5276,train
5277,train
5278,train
5279,train
5280,train
5281,train
5282,train
5283,train
5284,train
5285,train
5286,train
5287,train
5288,train
5289,train
5290,train
5291,train
5292,test
5293,train
5294,train
5295,train
5296,train
5297,train
5298,train
5299,train
5300,train
5301,train
5302,train
5303,test
5304,train
5305,test
5306,train
5307,train
5308,train
5309,train
5310,test
5311,train
5312,train
5313,train
5314,train
5315,test
5316,train
5317,train
5318,train
5319,test
5320,train
5321,train
5322,train
5323,train
5324,train
5325,test
5326,train
5327,train
5328,train
5329,train
5330,train
5331,train
5332,test
5333,train
5334,test
5335,test
5336,train
5337,train
5338,train
5339,train
5340,train
5341,train
5342,train
5343,train
5344,train
5345,train
5346,train
5347,train
5348,train
5349,train
5350,train
5351,train
5352,train
5353,train
5354,train
5355,train
5356,train
5357,train
5358,train
5359,train
5360,train
5361,train
5362,train
5363,train
5364,train
5365,train
5366,train
5367,train
5368,test
5369,train
5370,test
5371,train
5372,train
5373,train
5374,train
5375,train
5376,train
5377,train
5378,train
5379,train
5380,train
5381,train
5382,test
5383,train
5384,train
5385,train
5386,train
5387,train
5388,train
5389,train
5390,test
5391,test
5392,train
5393,train
5394,train
5395,train
5396,train
5397,train
5398,train
5399,train
5400,train
5401,train
5402,train
5403,test
5404,train
5405,test
5406,test
5407,train
5408,train
5409,train
5410,train
5411,train
5412,test
5413,train
5414,train
5415,train
5416,test
5417,train
5418,train
5419,train
5420,train
5421,train
5422,train
5423,train
5424,train
5425,train
5426,train
5427,train
5428,train
5429,train
5430,test
5431,train
5432,train
5433,train
5434,train
5435,train
5436,train
5437,train
5438,train
5439,train
5440,train
5441,train
5442,test
5443,train
5444,train
5445,train
5446,train
5447,test
5448,train
5449,train
5450,test
5451,train
5452,train
5453,train
5454,test
5455,train
5456,train
5457,train
5458,test
5459,train
5460,train
5461,train
5462,train
5463,test
5464,train
5465,train
5466,train
5467,train
5468,train
5469,train
5470,train
5471,train
5472,test
5473,train
5474,test
5475,train
5476,test
5477,train
5478,train
5479,train
5480,test
5481,train
5482,test
5483,train
5484,train
5485,train
5486,test
5487,train
5488,train
5489,train
5490,train
5491,test
5492,train
5493,train
5494,train
5495,train
5496,train
5497,train
5498,train
5499,train
5500,train
5501,test
5502,train
5503,train
5504,train
5505,train
5506,train
5507,test
5508,train
5509,train
5510,train
5511,train
5512,train
5513,test
5514,train
5515,train
5516,train
5517,train
5518,train
5519,test
5520,train
5521,train
5522,train
5523,test
5524,train
5525,train
5526,train
5527,train
5528,train
5529,test
5530,train
5531,train
5532,train
5533,train
5534,train
5535,train
5536,train
5537,train
5538,train
5539,train
5540,train
5541,train
5542,train
5543,train
5544,train
5545,train
5546,train
5547,train
5548,train
5549,train
5550,train
5551,train
5552,train
5553,train
5554,train
5555,train
5556,train
5557,train
5558,train
5559,train
5560,test
5561,test
5562,train
5563,train
5564,test
5565,train
5566,test
5567,test
5568,train
5569,train
5570,train
5571,train
5572,train
5573,train
5574,train
5575,train
5576,test
5577,train
5578,train
5579,train
5580,train
5581,test
5582,test
5583,train
5584,train
5585,train
5586,train
5587,train
5588,train
5589,train
5590,test
5591,train
5592,train
5593,train
5594,test
5595,train
5596,train
5597,train
5598,train
5599,train
5600,train
5601,train
5602,train
5603,train
5604,train
5605,train
5606,test
5607,train
5608,train
5609,train
5610,train
5611,train
5612,train
5613,train
5614,train
5615,train
5616,test
5617,train
5618,train
5619,train
5620,train
5621,train
5622,train
5623,train
5624,train
5625,train
5626,test
5627,train
5628,test
5629,test
5630,test
5631,train
5632,train
5633,train
5634,train
5635,train
5636,test
5637,train
5638,train
5639,train
5640,test
5641,train
5642,train
5643,train
5644,train
5645,train
5646,train
5647,train
5648,train
5649,train
5650,train
5651,train
5652,train
5653,train
5654,train
5655,train
5656,train
5657,train
5658,train
5659,train
5660,train
5661,train
5662,train
5663,train
5664,train
5665,train
5666,test
5667,test
5668,train
5669,train
5670,train
5671,train
5672,train
5673,train
5674,train
5675,train
5676,test
5677,train
5678,train
5679,test
5680,train
5681,test
5682,test
5683,train
5684,train
5685,test
5686,train
5687,train
5688,train
5689,train
5690,train
5691,train
5692,train
5693,train
5694,train
5695,train
5696,train
5697,train
5698,test
5699,test
5700,test
5701,test
5702,train
5703,train
5704,test
5705,train
5706,test
5707,train
5708,train
5709,test
5710,test
5711,train
5712,test
5713,train
5714,train
5715,train
5716,train
5717,test
5718,train
5719,test
5720,train
5721,train
5722,test
5723,train
5724,test
5725,train
5726,train
5727,train
5728,train
5729,train
5730,test
5731,test
5732,train
5733,test
5734,train
5735,test
5736,train
5737,train
5738,test
5739,test
5740,train
5741,train
5742,train
5743,train
5744,train
5745,train
5746,train
5747,train
5748,train
5749,train
5750,train
5751,train
5752,test
5753,train
5754,train
5755,train
5756,train
5757,train
5758,train
5759,train
5760,train
5761,test
5762,train
5763,train
5764,train
5765,train
5766,train
5767,train
5768,train
5769,test
5770,train
5771,train
5772,train
5773,train
5774,train
5775,train
5776,train
5777,test
5778,train
5779,test
5780,train
5781,train
5782,train
5783,test
5784,train
5785,train
5786,train
5787,train
5788,train
5789,test
5790,train
5791,train
5792,test
5793,test
5794,train
5795,train
5796,train
5797,train
5798,train
5799,train
5800,train
5801,train
5802,test
5803,train
5804,train
5805,train
5806,train
5807,train
5808,train
5809,test
5810,train
5811,train
5812,train
5813,train
5814,train
5815,train
5816,train
5817,train
5818,test
5819,train
5820,test
5821,test
5822,test
5823,test
5824,train
5825,train
5826,train
5827,train
5828,train
5829,train
5830,train
5831,train
5832,train
5833,train
5834,train
5835,test
5836,train
5837,train
5838,test
5839,test
5840,train
5841,test
5842,test
5843,train
5844,test
5845,test
5846,train
5847,train
5848,test
5849,train
5850,test
5851,train
5852,train
5853,test
5854,train
5855,train
5856,train
5857,test
5858,test
5859,train
5860,train
5861,train
5862,train
5863,test
5864,train
5865,train
5866,train
5867,test
5868,train
5869,train
5870,train
5871,train
5872,train
5873,train
5874,train
5875,train
5876,test
5877,test
5878,test
5879,train
5880,train
5881,train
5882,train
5883,train
5884,train
5885,test
5886,train
5887,train
5888,train
5889,train
5890,train
5891,train
5892,train
5893,train
5894,train
5895,test
5896,test
5897,train
5898,train
5899,train
5900,train
5901,train
5902,train
5903,train
5904,train
5905,train
5906,test
5907,train
5908,train
5909,train
5910,train
5911,test
5912,train
5913,train
5914,test
5915,train
5916,train
5917,test
5918,train
5919,train
5920,train
5921,train
5922,train
5923,test
5924,train
5925,train
5926,train
5927,train
5928,test
5929,train
5930,train
5931,train
5932,test
5933,test
5934,train
5935,train
5936,train
5937,train
5938,train
5939,train
5940,train
5941,test
5942,train
5943,train
5944,train
5945,train
5946,test
5947,train
5948,train
5949,test
5950,train
5951,test
5952,train
5953,train
5954,train
5955,test
5956,train
5957,train
5958,train
5959,test
5960,train
5961,train
5962,train
5963,train
5964,train
5965,train
5966,train
5967,train
5968,train
5969,train
5970,test
5971,train
5972,train
5973,train
5974,test
5975,train
5976,train
5977,train
5978,test
5979,train
5980,test
5981,train
5982,test
5983,train
5984,train
5985,train
5986,train
5987,train
5988,train
5989,train
5990,test
5991,train
5992,train
5993,train
5994,train
5995,train
5996,train
5997,train
5998,train
5999,train
6000,train
6001,train
6002,test
6003,train
6004,train
6005,train
6006,test
6007,test
6008,test
6009,test
6010,test
6011,train
6012,train
6013,train
6014,test
6015,train
6016,train
6017,test
6018,test
6019,train
6020,train
6021,train
6022,train
6023,train
6024,train
6025,test
6026,test
6027,train
6028,train
6029,train
6030,test
6031,train
6032,train
6033,train
6034,train
6035,test
6036,train
6037,train
6038,train
6039,test
6040,train
6041,train
6042,test
6043,train
6044,train
6045,train
6046,train
6047,train
6048,test
6049,train
6050,train
6051,train
6052,train
6053,train
6054,train
6055,train
6056,train
6057,train
6058,train
6059,train
6060,train
6061,train
6062,train
6063,train
6064,train
6065,train
6066,train
6067,test
6068,train
6069,train
6070,train
6071,train
6072,train
6073,train
6074,train
6075,train
6076,train
6077,test
6078,train
6079,train
6080,train
6081,train
6082,train
6083,train
6084,train
6085,train
6086,train
6087,test
6088,train
6089,test
6090,train
6091,train
6092,train
6093,train
6094,test
6095,train
6096,test
6097,train
6098,train
6099,test
6100,train
6101,train
6102,train
6103,train
6104,train
6105,train
6106,train
6107,train
6108,train
6109,train
6110,train
6111,train
6112,train
6113,test
6114,test
6115,train
6116,train
6117,train
6118,test
6119,train
6120,train
6121,train
6122,train
6123,train
6124,test
6125,train
6126,train
6127,train
6128,train
6129,test
6130,train
6131,test
6132,train
6133,train
6134,train
6135,train
6136,train
6137,train
6138,train
6139,train
6140,train
6141,train
6142,test
6143,test
6144,train
6145,train
6146,train
6147,train
6148,test
6149,train
6150,train
6151,test
6152,train
6153,train
6154,train
6155,train
6156,train
6157,train
6158,train
6159,test
6160,train
6161,train
6162,train
6163,train
6164,train
6165,train
6166,train
6167,train
6168,train
6169,train
6170,train
6171,train
6172,train
6173,train
6174,train
6175,train
6176,train
6177,train
6178,train
6179,train
6180,test
6181,train
6182,test
6183,train
6184,test
6185,train
6186,train
6187,train
6188,test
6189,train
6190,train
6191,train
6192,train
6193,test
6194,test
6195,train
6196,train
6197,test
6198,train
6199,train
6200,train
6201,test
6202,train
6203,test
6204,train
6205,train
6206,train
6207,train
6208,train
6209,train
6210,test
6211,train
6212,train
6213,test
6214,train
6215,train
6216,train
6217,train
6218,train
6219,test
6220,train
6221,train
6222,train
6223,train
6224,test
6225,train
6226,test
6227,test
6228,train
6229,train
6230,test
6231,test
6232,train
6233,train
6234,train
6235,test
6236,train
6237,train
6238,train
6239,train
6240,train
6241,train
6242,train
6243,train
6244,train
6245,train
6246,train
6247,test
6248,test
6249,test
6250,train
6251,test
6252,test
6253,train
6254,train
6255,train
6256,test
6257,train
6258,train
6259,train
6260,train
6261,train
6262,train
6263,train
6264,train
6265,test
6266,train
6267,train
6268,train
6269,train
6270,train
6271,train
6272,train
6273,train
6274,train
6275,train
6276,test
6277,test
6278,train
6279,test
6280,train
6281,train
6282,train
6283,train
6284,test
6285,train
6286,train
6287,train
6288,train
6289,train
6290,train
6291,test
6292,test
6293,train
6294,train
6295,train
6296,train
6297,train
6298,train
6299,train
6300,test
6301,train
6302,train
6303,train
6304,train
6305,test
6306,train
6307,train
6308,train
6309,train
6310,test
6311,test
6312,train
6313,train
6314,test
6315,train
6316,test
6317,train
6318,train
6319,train
6320,train
6321,train
6322,train
6323,test
6324,train
6325,train
6326,train
6327,train
6328,train
6329,train
6330,train
6331,train
6332,train
6333,train
6334,test
6335,train
6336,test
6337,train
6338,test
6339,train
6340,train
6341,train
6342,train
6343,train
6344,train
6345,test
6346,train
6347,train
6348,test
6349,train
6350,train
6351,train
6352,train
6353,train
6354,train
6355,train
6356,train
6357,test
6358,train
6359,train
6360,train
6361,train
6362,test
6363,train
6364,train
6365,train
6366,train
6367,train
6368,test
6369,train
6370,train
6371,train
6372,train
6373,train
6374,train
6375,test
6376,test
6377,train
6378,train
6379,train
6380,test
6381,test
6382,train
6383,train
6384,train
6385,train
6386,test
6387,train
6388,train
6389,train
6390,train
6391,train
6392,train
6393,train
6394,train
6395,test
6396,train
6397,train
6398,train
6399,train
6400,train
6401,train
6402,train
6403,train
6404,train
6405,train
6406,test
6407,test
6408,test
6409,train
6410,train
6411,train
6412,train
6413,train
6414,train
6415,test
6416,test
6417,test
6418,train
6419,train
6420,train
6421,train
6422,train
6423,train
6424,test
6425,train
6426,train
6427,train
6428,train
6429,train
6430,train
6431,train
6432,train
6433,train
6434,train
6435,train
6436,train
6437,train
6438,test
6439,train
6440,train
6441,train
6442,train
6443,train
6444,train
6445,test
6446,test
6447,train
6448,test
6449,test
6450,train
6451,train
6452,train
6453,train
6454,test
6455,train
6456,train
6457,test
6458,train
6459,train
6460,train
6461,train
6462,train
6463,train
6464,train
6465,test
6466,train
6467,train
6468,train
6469,train
6470,train
6471,train
6472,test
6473,train
6474,test
6475,train
6476,train
6477,train
6478,train
6479,train
6480,train
6481,test
6482,train
6483,test
6484,test
6485,train
6486,test
6487,train
6488,test
6489,train
6490,train
6491,train
6492,test
6493,train
6494,train
6495,train
6496,test
6497,train
6498,train
6499,train
6500,train
6501,train
6502,train
6503,train
6504,train
6505,train
6506,train
6507,train
6508,train
6509,train
6510,train
6511,train
6512,train
6513,train
6514,train
6515,train
6516,test
6517,train
6518,train
6519,train
6520,train
6521,train
6522,test
6523,train
6524,test
6525,train
6526,train
6527,train
6528,test
6529,train
6530,train
6531,train
6532,train
6533,test
6534,test
6535,train
6536,train
6537,train
6538,train
6539,train
6540,train
6541,train
6542,train
6543,train
6544,test
6545,train
6546,train
6547,train
6548,train
6549,train
6550,train
6551,train
6552,train
6553,test
6554,train
6555,train
6556,train
6557,train
6558,train
6559,test
6560,train
6561,test
6562,train
6563,train
6564,train
6565,test
6566,train
6567,train
6568,train
6569,train
6570,test
6571,test
6572,train
6573,train
6574,train
6575,train
6576,test
6577,train
6578,train
6579,train
6580,train
6581,train
6582,test
6583,test
6584,test
6585,train
6586,train
6587,test
6588,test
6589,train
6590,train
6591,test
6592,train
6593,train
6594,train
6595,train
6596,train
6597,train
6598,test
6599,train
6600,train
6601,train
6602,test
6603,train
6604,train
6605,train
6606,train
6607,train
6608,train
6609,train
6610,train
6611,train
6612,train
6613,train
6614,train
6615,train
6616,test
6617,train
6618,train
6619,train
6620,train
6621,train
6622,train
6623,train
6624,test
6625,train
6626,test
6627,train
6628,test
6629,train
6630,train
6631,train
6632,train
6633,train
6634,train
6635,train
6636,train
6637,train
6638,train
6639,train
6640,test
6641,train
6642,train
6643,train
6644,train
6645,train
6646,test
6647,train
6648,test
6649,train
6650,train
6651,test
6652,test
6653,train
6654,train
6655,train
6656,test
6657,train
6658,train
6659,train
6660,train
6661,test
6662,train
6663,train
6664,train
6665,train
6666,train
6667,train
6668,train
6669,test
6670,test
6671,train
6672,train
6673,train
6674,train
6675,train
6676,train
6677,train
6678,train
6679,test
6680,train
6681,train
6682,train
6683,train
6684,train
6685,train
6686,test
6687,train
6688,train
6689,train
6690,train
6691,train
6692,train
6693,train
6694,test
6695,train
6696,train
6697,train
6698,train
6699,train
6700,test
6701,train
6702,train
6703,train
6704,train
6705,train
6706,train
6707,train
6708,train
6709,train
6710,train
6711,train
6712,train
6713,train
6714,test
6715,train
6716,train
6717,train
6718,train
6719,train
6720,train
6721,train
6722,train
6723,test
6724,train
6725,test
6726,train
6727,train
6728,train
6729,train
6730,train
6731,train
6732,train
6733,train
6734,train
6735,train
6736,test
6737,test
6738,test
6739,train
6740,train
6741,train
6742,train
6743,train
6744,train
6745,train
6746,train
6747,train
6748,train
6749,train
6750,train
6751,train
6752,test
6753,test
6754,train
6755,train
6756,train
6757,test
6758,test
6759,train
6760,test
6761,train
6762,test
6763,test
6764,train
6765,train
6766,train
6767,train
6768,train
6769,train
6770,train
6771,test
6772,test
6773,train
6774,train
6775,train
6776,test
6777,train
6778,train
6779,train
6780,train
6781,test
6782,test
6783,train
6784,train
6785,train
6786,train
6787,train
6788,train
6789,train
6790,train
6791,test
6792,train
6793,train
6794,test
6795,train
6796,train
6797,test
6798,train
6799,train
6800,train
6801,train
6802,train
6803,train
6804,train
6805,train
6806,test
6807,train
6808,test
6809,train
6810,test
6811,train
6812,test
6813,train
6814,train
6815,test
6816,train
6817,train
6818,train
6819,train
6820,train
6821,train
6822,test
6823,train
6824,train
6825,train
6826,test
6827,train
6828,train
6829,test
6830,train
6831,train
6832,train
6833,test
6834,train
6835,train
6836,train
6837,train
6838,train
6839,train
6840,train
6841,test
6842,train
6843,test
6844,train
6845,test
6846,train
6847,train
6848,train
6849,train
6850,train
6851,test
6852,train
6853,train
6854,train
6855,test
6856,test
6857,train
6858,test
6859,test
6860,train
6861,train
6862,train
6863,train
6864,train
6865,test
6866,train
6867,test
6868,train
6869,train
6870,test
6871,train
6872,train
6873,train
6874,train
6875,train
6876,train
6877,train
6878,train
6879,train
6880,train
6881,train
6882,train
6883,train
6884,train
6885,train
6886,test
6887,train
6888,train
6889,train
6890,train
6891,test
6892,train
6893,train
6894,train
6895,train
6896,train
6897,test
6898,test
6899,train
6900,train
6901,train
6902,test
6903,test
6904,train
6905,train
6906,test
6907,train
6908,test
6909,train
6910,train
6911,test
6912,train
6913,train
6914,train
6915,train
6916,train
6917,train
6918,train
6919,train
6920,train
6921,train
6922,train
6923,train
6924,train
6925,train
6926,train
6927,test
6928,train
6929,train
6930,train
6931,train
6932,train
6933,train
6934,train
6935,train
6936,train
6937,train
6938,train
6939,test
6940,train
6941,train
6942,test
6943,train
6944,train
6945,test
6946,test
6947,train
6948,train
6949,train
6950,test
6951,test
6952,train
6953,train
6954,train
6955,train
6956,test
6957,test
6958,train
6959,train
6960,train
6961,train
6962,train
6963,test
6964,train
6965,train
6966,train
6967,train
6968,train
6969,test
6970,train
6971,train
6972,train
6973,train
6974,train
6975,train
6976,train
6977,train
6978,train
6979,train
6980,train
6981,train
6982,train
6983,train
6984,train
6985,train
6986,train
6987,train
6988,test
6989,train
6990,train
6991,train
6992,train
6993,train
6994,train
6995,test
6996,train
6997,train
6998,train
6999,test
7000,train
7001,test
7002,train
7003,test
7004,test
7005,train
7006,train
7007,test
7008,train
7009,train
7010,test
7011,train
7012,train
7013,train
7014,test
7015,train
7016,train
7017,train
7018,test
7019,train
7020,train
7021,train
7022,train
7023,train
7024,train
7025,test
7026,train
7027,train
7028,train
7029,train
7030,train
7031,train
7032,train
7033,train
7034,train
7035,train
7036,train
7037,train
7038,train
7039,train
7040,train
7041,train
7042,train
7043,train
7044,train
7045,train
7046,test
7047,train
7048,train
7049,train
7050,train
7051,train
7052,test
7053,train
7054,train
7055,train
7056,train
7057,test
7058,train
7059,train
7060,test
7061,train
7062,train
7063,train
7064,train
7065,test
7066,train
7067,train
7068,train
7069,train
7070,train
7071,train
7072,test
7073,train
7074,train
7075,train
7076,train
7077,train
7078,train
7079,train
7080,train
7081,train
7082,train
7083,train
7084,train
7085,train
7086,test
7087,train
7088,train
7089,test
7090,train
7091,train
7092,train
7093,train
7094,train
7095,test
7096,test
7097,train
7098,train
7099,train
7100,train
7101,train
7102,train
7103,train
7104,train
7105,train
7106,train
7107,train
7108,train
7109,test
7110,train
7111,test
7112,train
7113,train
7114,train
7115,train
7116,train
7117,train
7118,train
7119,train
7120,train
7121,train
7122,test
7123,train
7124,train
7125,train
7126,test
7127,train
7128,train
7129,test
7130,train
7131,train
7132,train
7133,test
7134,test
7135,train
7136,train
7137,train
7138,train
7139,train
7140,train
7141,train
7142,train
7143,train
7144,train
7145,train
7146,train
7147,test
7148,train
7149,train
7150,test
7151,train
7152,train
7153,train
7154,train
7155,train
7156,train
7157,test
7158,test
7159,train
7160,test
7161,train
7162,train
7163,test
7164,train
7165,test
7166,train
7167,train
7168,train
7169,train
7170,train
7171,train
7172,train
7173,train
7174,train
7175,train
7176,train
7177,train
7178,train
7179,train
7180,test
7181,test
7182,train
7183,train
7184,test
7185,train
7186,train
7187,test
7188,train
7189,test
7190,train
7191,train
7192,test
7193,train
7194,train
7195,test
7196,train
7197,train
7198,train
7199,train
7200,test
7201,train
7202,test
7203,train
7204,train
7205,test
7206,train
7207,train
7208,test
7209,train
7210,train
7211,train
7212,test
7213,train
7214,test
7215,train
7216,train
7217,train
7218,train
7219,train
7220,train
7221,train
7222,train
7223,train
7224,train
7225,train
7226,train
7227,train
7228,train
7229,train
7230,train
7231,test
7232,train
7233,train
7234,train
7235,train
7236,train
7237,train
7238,train
7239,train
7240,test
7241,train
7242,train
7243,train
7244,train
7245,train
7246,train
7247,train
7248,train
7249,train
7250,train
7251,test
7252,train
7253,train
7254,train
7255,train
7256,train
7257,train
7258,test
7259,train
7260,train
7261,train
7262,train
7263,train
7264,test
7265,train
7266,train
7267,test
7268,train
7269,train
7270,test
7271,train
7272,train
7273,train
7274,test
7275,train
7276,train
7277,test
7278,train
7279,train
7280,test
7281,test
7282,train
7283,train
7284,train
7285,train
7286,test
7287,train
7288,train
7289,train
7290,train
7291,test
7292,train
7293,train
7294,train
7295,train
7296,train
7297,test
7298,train
7299,train
7300,train
7301,train
7302,train
7303,train
7304,train
7305,train
7306,train
7307,test
7308,test
7309,train
7310,train
7311,train
7312,train
7313,train
7314,train
7315,train
7316,train
7317,train
7318,train
7319,test
7320,train
7321,test
7322,train
7323,train
7324,train
7325,test
7326,train
7327,test
7328,train
7329,train
7330,train
7331,train
7332,train
7333,train
7334,train
7335,test
7336,train
7337,train
7338,train
7339,test
7340,train
7341,train
7342,train
7343,train
7344,test
7345,test
7346,train
7347,train
7348,train
7349,train
7350,train
7351,train
7352,train
7353,train
7354,train
7355,train
7356,train
7357,train
7358,test
7359,train
7360,train
7361,train
7362,test
7363,train
7364,train
7365,train
7366,train
7367,train
7368,train
7369,train
7370,train
7371,train
7372,train
7373,train
7374,train
7375,train
7376,test
7377,train
7378,train
7379,train
7380,train
7381,train
7382,train
7383,test
7384,train
7385,train
7386,train
7387,train
7388,train
7389,train
7390,train
7391,test
7392,test
7393,train
7394,test
7395,train
7396,train
7397,train
7398,train
7399,train
7400,test
7401,train
7402,train
7403,train
7404,train
7405,test
7406,train
7407,train
7408,train
7409,train
7410,train
7411,train
7412,train
7413,train
7414,train
7415,train
7416,train
7417,train
7418,test
7419,train
7420,train
7421,train
7422,test
7423,test
7424,train
7425,test
7426,train
7427,train
7428,test
7429,test
7430,test
7431,train
7432,train
7433,test
7434,train
7435,test
7436,test
7437,train
7438,train
7439,train
7440,train
7441,train
7442,train
7443,train
7444,train
7445,train
7446,train
7447,train
7448,train
7449,test
7450,train
7451,test
7452,train
7453,train
7454,train
7455,train
7456,train
7457,train
7458,train
7459,train
7460,train
7461,train
7462,train
7463,train
7464,train
7465,test
7466,train
7467,train
7468,train
7469,test
7470,train
7471,train
7472,train
7473,train
7474,train
7475,train
7476,test
7477,train
7478,train
7479,train
7480,train
7481,test
7482,train
7483,train
7484,test
7485,test
7486,train
7487,train
7488,train
7489,train
7490,train
7491,train
7492,train
7493,train
7494,train
7495,test
7496,train
7497,train
7498,train
7499,train
7500,train
7501,train
7502,train
7503,train
7504,test
7505,train
7506,train
7507,train
7508,train
7509,test
7510,train
7511,test
7512,train
7513,train
7514,train
7515,test
7516,train
7517,train
7518,train
7519,test
7520,train
7521,test
7522,train
7523,train
7524,train
7525,train
7526,train
7527,train
7528,train
7529,train
7530,train
7531,train
7532,train
7533,train
7534,train
7535,train
7536,train
7537,train
7538,test
7539,train
7540,train
7541,test
7542,train
7543,train
7544,train
7545,train
7546,train
7547,train
7548,train
7549,train
7550,train
7551,train
7552,train
7553,test
7554,train
7555,train
7556,train
7557,train
7558,train
7559,train
7560,train
7561,train
7562,train
7563,train
7564,train
7565,train
7566,train
7567,train
7568,train
7569,train
7570,train
7571,test
7572,train
7573,train
7574,test
7575,train
7576,train
7577,train
7578,train
7579,train
7580,train
7581,train
7582,train
7583,train
7584,train
7585,train
7586,test
7587,train
7588,train
7589,train
7590,train
7591,train
7592,train
7593,train
7594,train
7595,train
7596,train
7597,train
7598,train
7599,train
7600,train
7601,train
7602,train
7603,train
7604,test
7605,train
7606,train
7607,train
7608,train
7609,train
7610,train
7611,train
7612,test
7613,train
7614,train
7615,train
7616,train
7617,train
7618,test
7619,train
7620,train
7621,train
7622,train
7623,train
7624,train
7625,test
7626,test
7627,train
7628,train
7629,train
7630,test
7631,test
7632,test
7633,train
7634,test
7635,train
7636,train
7637,test
7638,train
7639,train
7640,train
7641,train
7642,train
7643,test
7644,test
7645,train
7646,train
7647,train
7648,train
7649,train
7650,train
7651,test
7652,train
7653,train
7654,test
7655,train
7656,test
7657,train
7658,train
7659,train
7660,train
7661,train
7662,train
7663,train
7664,train
7665,train
7666,train
7667,train
7668,train
7669,train
7670,train
7671,train
7672,train
7673,train
7674,test
7675,test
7676,train
7677,train
7678,train
7679,train
7680,train
7681,train
7682,test
7683,train
7684,train
7685,train
7686,train
7687,train
7688,train
7689,train
7690,test
7691,train
7692,train
7693,train
7694,test
7695,train
7696,train
7697,train
7698,train
7699,train
7700,train
7701,train
7702,test
7703,train
7704,train
7705,test
7706,train
7707,train
7708,train
7709,train
7710,train
7711,train
7712,train
7713,train
7714,test
7715,train
7716,train
7717,train
7718,train
7719,train
7720,train
7721,train
7722,train
7723,train
7724,test
7725,train
7726,train
7727,train
7728,train
7729,test
7730,train
7731,test
7732,train
7733,train
7734,train
7735,train
7736,test
7737,train
7738,train
7739,train
7740,train
7741,test
7742,train
7743,train
7744,train
7745,train
7746,train
7747,test
7748,train
7749,train
7750,train
7751,train
7752,train
7753,train
7754,train
7755,test
7756,train
7757,train
7758,train
7759,train
7760,train
7761,test
7762,train
7763,train
7764,train
7765,test
7766,train
7767,train
7768,test
7769,train
7770,train
7771,train
7772,train
7773,train
7774,train
7775,test
7776,train
7777,train
7778,train
7779,train
7780,train
7781,test
7782,train
7783,test
7784,train
7785,train
7786,train
7787,test
7788,train
7789,train
7790,train
7791,train
7792,train
7793,train
7794,train
7795,train
7796,train
7797,train
7798,train
7799,train
7800,train
7801,train
7802,train
7803,test
7804,train
7805,train
7806,train
7807,train
7808,train
7809,train
7810,train
7811,train
7812,train
7813,train
7814,train
7815,train
7816,test
7817,train
7818,train
7819,train
7820,train
7821,train
7822,train
7823,train
7824,train
7825,train
7826,train
7827,test
7828,train
7829,train
7830,train
7831,train
7832,train
7833,test
7834,train
7835,test
7836,train
7837,train
7838,train
7839,train
7840,train
7841,train
7842,train
7843,train
7844,train
7845,train
7846,test
7847,test
7848,test
7849,train
7850,train
7851,test
7852,train
7853,train
7854,train
7855,train
7856,train
7857,train
7858,train
7859,train
7860,train
7861,test
7862,train
7863,train
7864,train
7865,train
7866,train
7867,train
7868,train
7869,train
7870,test
7871,train
7872,train
7873,train
7874,train
7875,test
7876,test
7877,train
7878,train
7879,train
7880,train
7881,train
7882,train
7883,train
7884,test
7885,test
7886,train
7887,train
7888,test
7889,test
7890,train
7891,train
7892,test
7893,train
7894,train
7895,train
7896,train
7897,train
7898,train
7899,test
7900,train
7901,train
7902,train
7903,train
7904,train
7905,train
7906,train
7907,train
7908,train
7909,train
7910,test
7911,train
7912,train
7913,train
7914,train
7915,train
7916,train
7917,train
7918,train
7919,train
7920,train
7921,test
7922,test
7923,train
7924,test
7925,train
7926,train
7927,test
7928,train
7929,train
7930,train
7931,train
7932,train
7933,train
7934,train
7935,train
7936,train
7937,test
7938,train
7939,train
7940,train
7941,train
7942,test
7943,train
7944,train
7945,train
7946,test
7947,train
7948,train
7949,train
7950,train
7951,train
7952,train
7953,test
7954,train
7955,train
7956,train
7957,train
7958,train
7959,train
7960,train
7961,train
7962,test
7963,train
7964,train
7965,test
7966,train
7967,train
7968,train
7969,test
7970,train
7971,train
7972,train
7973,test
7974,train
7975,train
7976,train
7977,test
7978,test
7979,train
7980,train
7981,test
7982,train
7983,test
7984,train
7985,train
7986,test
7987,test
7988,train
7989,train
7990,train
7991,train
7992,train
7993,test
7994,train
7995,train
7996,train
7997,test
7998,train
7999,train
8000,test
8001,train
8002,train
8003,test
8004,train
8005,train
8006,train
8007,test
8008,train
8009,train
8010,train
8011,train
8012,test
8013,train
8014,train
8015,train
8016,test
8017,test
8018,train
8019,train
8020,train
8021,train
8022,train
8023,test
8024,train
8025,train
8026,train
8027,test
8028,train
8029,train
8030,train
8031,train
8032,train
8033,train
8034,test
8035,train
8036,train
8037,train
8038,test
8039,train
8040,train
8041,train
8042,train
8043,train
8044,test
8045,test
8046,train
8047,train
8048,train
8049,train
8050,train
8051,train
8052,train
8053,train
8054,test
8055,test
8056,train
8057,train
8058,train
8059,test
8060,train
8061,train
8062,train
8063,train
8064,train
8065,test
8066,train
8067,train
8068,train
8069,train
8070,train
8071,train
8072,test
8073,train
8074,train
8075,train
8076,train
8077,train
8078,train
8079,train
8080,train
8081,train
8082,train
8083,train
8084,test
8085,train
8086,train
8087,train
8088,train
8089,train
8090,train
8091,train
8092,train
8093,test
8094,test
8095,test
8096,train
8097,train
8098,train
8099,train
8100,test
8101,test
8102,train
8103,train
8104,train
8105,train
8106,train
8107,train
8108,train
8109,test
8110,train
8111,test
8112,train
8113,train
8114,train
8115,train
8116,train
8117,train
8118,train
8119,train
8120,test
8121,train
8122,train
8123,test
8124,train
8125,train
8126,train
8127,train
8128,train
8129,test
8130,train
8131,train
8132,train
8133,train
8134,test
8135,train
8136,test
8137,train
8138,train
8139,test
8140,train
8141,train
8142,train
8143,train
8144,train
8145,train
8146,test
8147,train
8148,train
8149,train
8150,train
8151,train
8152,train
8153,train
8154,train
8155,train
8156,train
8157,train
8158,train
8159,train
8160,train
8161,test
8162,train
8163,test
8164,train
8165,test
8166,train
8167,test
8168,train
8169,train
8170,train
8171,test
8172,train
8173,train
8174,train
8175,train
8176,train
8177,train
8178,train
8179,train
8180,test
8181,train
8182,test
8183,train
8184,test
8185,train
8186,train
8187,train
8188,train
8189,train
8190,train
8191,test
8192,train
8193,test
8194,test
8195,train
8196,train
8197,train
8198,test
8199,train
8200,train
8201,train
8202,train
8203,train
8204,train
8205,train
8206,train
8207,train
8208,test
8209,train
8210,train
8211,train
8212,train
8213,train
8214,test
8215,train
8216,test
8217,train
8218,test
8219,train
8220,train
8221,test
8222,train
8223,train
8224,train
8225,train
8226,train
8227,train
8228,train
8229,train
8230,test
8231,train
8232,train
8233,train
8234,train
8235,train
8236,train
8237,train
8238,train
8239,train
8240,train
8241,train
8242,train
8243,test
8244,test
8245,train
8246,test
8247,train
8248,train
8249,train
8250,test
8251,test
8252,train
8253,train
8254,train
8255,train
8256,train
8257,train
8258,test
8259,train
8260,train
8261,train
8262,train
8263,train
8264,train
8265,train
8266,train
8267,train
8268,train
8269,test
8270,train
8271,train
8272,train
8273,train
8274,test
8275,train
8276,train
8277,train
8278,test
8279,train
8280,train
8281,train
8282,train
8283,test
8284,train
8285,train
8286,test
8287,train
8288,test
8289,train
8290,train
8291,train
8292,train
8293,train
8294,train
8295,train
8296,train
8297,test
8298,train
8299,train
8300,train
8301,train
8302,train
8303,train
8304,train
8305,train
8306,train
8307,train
8308,test
8309,test
8310,train
8311,train
8312,train
8313,train
8314,train
8315,train
8316,train
8317,train
8318,train
8319,train
8320,test
8321,train
8322,test
8323,train
8324,test
8325,train
8326,test
8327,train
8328,train
8329,train
8330,train
8331,train
8332,test
8333,train
8334,test
8335,train
8336,train
8337,train
8338,train
8339,train
8340,train
8341,train
8342,test
8343,test
8344,train
8345,train
8346,train
8347,train
8348,train
8349,train
8350,train
8351,train
8352,train
8353,train
8354,train
8355,train
8356,train
8357,train
8358,train
8359,test
8360,train
8361,test
8362,train
8363,test
8364,train
8365,train
8366,train
8367,test
8368,train
8369,test
8370,train
8371,train
8372,train
8373,train
8374,train
8375,train
8376,train
8377,train
8378,test
8379,train
8380,train
8381,train
8382,test
8383,train
8384,test
8385,test
8386,train
8387,train
8388,train
8389,test
8390,train
8391,train
8392,train
8393,train
8394,test
8395,train
8396,train
8397,train
8398,train
8399,test
8400,train
8401,train
8402,train
8403,train
8404,train
8405,train
8406,train
8407,train
8408,test
8409,test
8410,train
8411,train
8412,test
8413,train
8414,train
8415,train
8416,train
8417,train
8418,train
8419,train
8420,train
8421,train
8422,test
8423,train
8424,test
8425,train
8426,test
8427,test
8428,train
8429,train
8430,test
8431,train
8432,test
8433,train
8434,test
8435,train
8436,train
8437,test
8438,train
8439,train
8440,train
8441,train
8442,train
8443,train
8444,train
8445,test
8446,train
8447,train
8448,train
8449,train
8450,train
8451,train
8452,train
8453,test
8454,train
8455,train
8456,train
8457,train
8458,train
8459,train
8460,train
8461,train
8462,train
8463,train
8464,train
8465,test
8466,train
8467,test
8468,train
8469,train
8470,train
8471,train
8472,train
8473,test
8474,train
8475,test
8476,train
8477,test
8478,train
8479,test
8480,train
8481,test
8482,train
8483,test
8484,train
8485,train
8486,train
8487,train
8488,train
8489,train
8490,train
8491,train
8492,train
8493,train
8494,train
8495,train
8496,train
8497,train
8498,train
8499,test
8500,train
8501,train
8502,train
8503,train
8504,train
8505,train
8506,test
8507,train
8508,train
8509,train
8510,train
8511,train
8512,train
8513,train
8514,train
8515,train
8516,test
8517,train
8518,test
8519,train
8520,train
8521,train
8522,train
8523,train
8524,test
8525,train
8526,train
8527,train
8528,train
8529,train
8530,train
8531,train
8532,train
8533,test
8534,train
8535,train
8536,test
8537,train
8538,test
8539,train
8540,test
8541,train
8542,train
8543,train
8544,train
8545,test
8546,train
8547,train
8548,train
8549,train
8550,train
8551,train
8552,train
8553,train
8554,train
8555,train
8556,train
8557,train
8558,train
8559,test
8560,train
8561,train
8562,train
8563,train
8564,train
8565,train
8566,train
8567,train
8568,train
8569,train
8570,train
8571,train
8572,train
8573,train
8574,train
8575,train
8576,train
8577,train
8578,train
8579,train
8580,train
8581,train
8582,train
8583,test
8584,train
8585,train
8586,train
8587,train
8588,train
8589,train
8590,train
8591,train
8592,train
8593,train
8594,train
8595,test
8596,test
8597,train
8598,train
8599,train
8600,train
8601,train
8602,train
8603,train
8604,test
8605,train
8606,train
8607,train
8608,train
8609,test
8610,train
8611,train
8612,train
8613,test
8614,test
8615,train
8616,train
8617,train
8618,train
8619,train
8620,test
8621,train
8622,train
8623,train
8624,train
8625,test
8626,train
8627,test
8628,train
8629,train
8630,train
8631,train
8632,train
8633,train
8634,train
8635,train
8636,train
8637,train
8638,train
8639,train
8640,train
8641,train
8642,test
8643,test
8644,train
8645,train
8646,train
8647,train
8648,train
8649,train
8650,train
8651,train
8652,train
8653,train
8654,test
8655,train
8656,train
8657,train
8658,train
8659,train
8660,train
8661,train
8662,test
8663,train
8664,train
8665,train
8666,train
8667,train
8668,test
8669,train
8670,test
8671,train
8672,train
8673,train
8674,train
8675,train
8676,train
8677,train
8678,train
8679,train
8680,train
8681,test
8682,train
8683,train
8684,test
8685,test
8686,train
8687,train
8688,train
8689,train
8690,test
8691,test
8692,train
8693,test
8694,train
8695,train
8696,test
8697,train
8698,train
8699,test
8700,train
8701,train
8702,train
8703,train
8704,train
8705,train
8706,test
8707,train
8708,train
8709,train
8710,train
8711,test
8712,test
8713,train
8714,test
8715,train
8716,train
8717,test
8718,test
8719,train
8720,test
8721,train
8722,train
8723,train
8724,test
8725,train
8726,train
8727,train
8728,train
8729,test
8730,train
8731,train
8732,train
8733,test
8734,test
8735,train
8736,train
8737,train
8738,train
8739,train
8740,train
8741,train
8742,train
8743,train
8744,train
8745,train
8746,test
8747,train
8748,train
8749,train
8750,train
8751,train
8752,train
8753,train
8754,train
8755,train
8756,train
8757,train
8758,train
8759,test
8760,train
8761,train
8762,train
8763,test
8764,train
8765,test
8766,train
8767,test
8768,train
8769,test
8770,train
8771,train
8772,train
8773,train
8774,train
8775,train
8776,train
8777,train
8778,train
8779,train
8780,train
8781,train
8782,train
8783,train
8784,train
8785,train
8786,train
8787,train
8788,train
8789,train
8790,test
8791,train
8792,train
8793,train
8794,train
8795,test
8796,train
8797,train
8798,train
8799,train
8800,train
8801,train
8802,train
8803,test
8804,test
8805,train
8806,train
8807,train
8808,train
8809,train
8810,train
8811,train
8812,train
8813,test
8814,train
8815,train
8816,train
8817,train
8818,train
8819,train
8820,train
8821,test
8822,train
8823,test
8824,train
8825,test
8826,train
8827,train
8828,train
8829,train
8830,train
8831,train
8832,test
8833,train
8834,train
8835,train
8836,train
8837,train
8838,train
8839,train
8840,train
8841,train
8842,train
8843,train
8844,train
8845,train
8846,train
8847,train
8848,test
8849,train
8850,train
8851,train
8852,train
8853,train
8854,train
8855,train
8856,train
8857,train
8858,train
8859,train
8860,train
8861,train
8862,train
8863,train
8864,train
8865,test
8866,test
8867,train
8868,train
8869,test
8870,train
8871,train
8872,train
8873,train
8874,test
8875,train
8876,train
8877,test
8878,train
8879,train
8880,train
8881,train
8882,test
8883,train
8884,test
8885,test
8886,train
8887,train
8888,train
8889,test
8890,test
8891,train
8892,train
8893,train
8894,train
8895,test
8896,train
8897,train
8898,train
8899,train
8900,test
8901,train
8902,train
8903,train
8904,train
8905,train
8906,train
8907,train
8908,test
8909,test
8910,train
8911,train
8912,train
8913,test
8914,train
8915,test
8916,train
8917,test
8918,train
8919,train
8920,train
8921,train
8922,test
8923,train
8924,train
8925,train
8926,test
8927,train
8928,train
8929,train
8930,train
8931,train
8932,train
8933,train
8934,train
8935,train
8936,train
8937,test
8938,test
8939,train
8940,test
8941,train
8942,train
8943,train
8944,train
8945,train
8946,train
8947,train
8948,train
8949,train
8950,train
8951,train
8952,train
8953,train
8954,test
8955,test
8956,test
8957,train
8958,train
8959,train
8960,train
8961,test
8962,train
8963,test
8964,train
8965,train
8966,test
8967,train
8968,train
8969,train
8970,train
8971,train
8972,train
8973,test
8974,train
8975,train
8976,train
8977,train
8978,train
8979,train
8980,train
8981,train
8982,test
8983,train
8984,test
8985,train
8986,test
8987,train
8988,train
8989,train
8990,train
8991,train
8992,train
8993,test
8994,test
8995,train
8996,train
8997,train
8998,train
8999,train
9000,train
9001,test
9002,train
9003,train
9004,train
9005,test
9006,test
9007,train
9008,train
9009,train
9010,train
9011,train
9012,train
9013,train
9014,test
9015,train
9016,train
9017,train
9018,train
9019,train
9020,train
9021,train
9022,train
9023,train
9024,train
9025,test
9026,test
9027,train
9028,train
9029,train
9030,train
9031,train
9032,test
9033,train
9034,train
9035,test
9036,test
9037,train
9038,test
9039,test
9040,test
9041,test
9042,test
9043,train
9044,train
9045,train
9046,train
9047,train
9048,train
9049,train
9050,test
9051,train
9052,train
9053,train
9054,train
9055,train
9056,train
9057,train
9058,test
9059,train
9060,train
9061,test
9062,train
9063,train
9064,train
9065,train
9066,test
9067,test
9068,train
9069,test
9070,train
9071,train
9072,train
9073,train
9074,test
9075,train
9076,train
9077,train
9078,train
9079,test
9080,train
9081,train
9082,train
9083,train
9084,test
9085,train
9086,test
9087,train
9088,train
9089,train
9090,train
9091,train
9092,train
9093,train
9094,train
9095,test
9096,test
9097,train
9098,train
9099,test
9100,train
9101,train
9102,test
9103,train
9104,train
9105,train
9106,test
9107,train
9108,train
9109,train
9110,test
9111,test
9112,train
9113,test
9114,train
9115,train
9116,test
9117,train
9118,test
9119,train
9120,train
9121,train
9122,train
9123,train
9124,test
9125,train
9126,train
9127,test
9128,train
9129,test
9130,train
9131,train
9132,train
9133,train
9134,train
9135,train
9136,train
9137,train
9138,train
9139,test
9140,train
9141,train
9142,test
9143,test
9144,train
9145,train
9146,train
9147,train
9148,test
9149,test
9150,train
9151,train
9152,train
9153,test
9154,train
9155,train
9156,train
9157,test
9158,train
9159,test
9160,train
9161,train
9162,train
9163,test
9164,train
9165,test
9166,train
9167,train
9168,train
9169,train
9170,train
9171,test
9172,train
9173,train
9174,train
9175,test
9176,test
9177,train
9178,train
9179,train
9180,train
9181,train
9182,train
9183,train
9184,test
9185,test
9186,train
9187,train
9188,train
9189,train
9190,test
9191,train
9192,test
9193,train
9194,train
9195,train
9196,train
9197,train
9198,train
9199,train
9200,test
9201,train
9202,train
9203,train
9204,train
9205,test
9206,train
9207,train
9208,train
9209,train
9210,test
9211,train
9212,train
9213,train
9214,train
9215,test
9216,train
9217,test
9218,train
9219,train
9220,train
9221,train
9222,train
9223,train
9224,train
9225,train
9226,train
9227,test
9228,train
9229,train
9230,train
9231,train
9232,train
9233,train
9234,test
9235,train
9236,train
9237,train
9238,test
9239,train
9240,train
9241,train
9242,train
9243,train
9244,train
9245,train
9246,train
9247,train
9248,train
9249,train
9250,train
9251,train
9252,train
9253,train
9254,test
9255,train
9256,train
9257,train
9258,test
9259,train
9260,train
9261,train
9262,test
9263,train
9264,test
9265,train
9266,train
9267,train
9268,train
9269,train
9270,train
9271,train
9272,train
9273,train
9274,train
9275,train
9276,train
9277,train
9278,train
9279,train
9280,train
9281,train
9282,train
9283,test
9284,train
9285,train
9286,test
9287,train
9288,train
9289,train
9290,train
9291,train
9292,train
9293,train
9294,train
9295,train
9296,test
9297,train
9298,train
9299,train
9300,test
9301,train
9302,train
9303,train
9304,train
9305,train
9306,train
9307,test
9308,train
9309,test
9310,train
9311,train
9312,train
9313,test
9314,test
9315,train
9316,train
9317,train
9318,test
9319,train
9320,test
9321,train
9322,train
9323,train
9324,test
9325,train
9326,test
9327,train
9328,train
9329,train
9330,train
9331,test
9332,train
9333,test
9334,train
9335,test
9336,train
9337,train
9338,test
9339,test
9340,train
9341,train
9342,test
9343,train
9344,train
9345,train
9346,train
9347,train
9348,train
9349,train
9350,test
9351,train
9352,train
9353,train
9354,train
9355,train
9356,train
9357,train
9358,train
9359,train
9360,train
9361,train
9362,train
9363,train
9364,test
9365,train
9366,train
9367,test
9368,train
9369,test
9370,train
9371,test
9372,train
9373,test
9374,train
9375,train
9376,train
9377,train
9378,train
9379,train
9380,train
9381,train
9382,train
9383,train
9384,train
9385,test
9386,train
9387,train
9388,train
9389,train
9390,test
9391,test
9392,train
9393,train
9394,train
9395,train
9396,train
9397,test
9398,test
9399,train
9400,test
9401,train
9402,train
9403,train
9404,train
9405,train
9406,train
9407,train
9408,train
9409,train
9410,train
9411,train
9412,train
9413,test
9414,train
9415,test
9416,train
9417,train
9418,test
9419,train
9420,train
9421,train
9422,test
9423,train
9424,train
9425,train
9426,train
9427,train
9428,train
9429,train
9430,train
9431,train
9432,train
9433,train
9434,train
9435,train
9436,train
9437,train
9438,train
9439,train
9440,test
9441,train
9442,train
9443,train
9444,train
9445,train
9446,test
9447,test
9448,train
9449,test
9450,test
9451,test
9452,test
9453,test
9454,test
9455,train
9456,test
9457,train
9458,test
9459,train
9460,test
9461,train
9462,train
9463,test
9464,train
9465,train
9466,train
9467,test
9468,train
9469,train
9470,train
9471,train
9472,test
9473,train
9474,train
9475,train
9476,test
9477,train
9478,train
9479,test
9480,train
9481,train
9482,train
9483,train
9484,train
9485,train
9486,train
9487,train
9488,train
9489,train
9490,train
9491,train
9492,train
9493,train
9494,train
9495,train
9496,test
9497,train
9498,train
9499,test
9500,train
9501,train
9502,train
9503,train
9504,train
9505,train
9506,train
9507,train
9508,train
9509,test
9510,train
9511,train
9512,train
9513,train
9514,train
9515,train
9516,train
9517,train
9518,train
9519,train
9520,train
9521,train
9522,train
9523,test
9524,train
9525,train
9526,train
9527,train
9528,train
9529,train
9530,train
9531,test
9532,train
9533,train
9534,train
9535,train
9536,train
9537,train
9538,train
9539,train
9540,train
9541,train
9542,train
9543,train
9544,train
9545,train
9546,train
9547,train
9548,train
9549,train
9550,test
9551,train
9552,train
9553,test
9554,train
9555,train
9556,train
9557,train
9558,train
9559,train
9560,train
9561,train
9562,train
9563,test
9564,test
9565,train
9566,train
9567,train
9568,train
9569,test
9570,train
9571,train
9572,train
9573,train
9574,train
9575,train
9576,test
9577,train
9578,test
9579,test
9580,train
9581,train
9582,train
9583,train
9584,test
9585,train
9586,train
9587,train
9588,train
9589,train
9590,train
9591,train
9592,train
9593,test
9594,train
9595,train
9596,train
9597,train
9598,train
9599,train
9600,train
9601,test
9602,train
9603,train
9604,train
9605,train
9606,train
9607,train
9608,train
9609,test
9610,train
9611,train
9612,train
9613,train
9614,train
9615,train
9616,test
9617,train
9618,test
9619,train
9620,train
9621,train
9622,train
9623,test
9624,train
9625,train
9626,train
9627,train
9628,train
9629,train
9630,test
9631,train
9632,train
9633,train
9634,test
9635,train
9636,test
9637,train
9638,train
9639,train
9640,train
9641,train
9642,train
9643,train
9644,train
9645,train
9646,train
9647,train
9648,train
9649,train
9650,train
9651,train
9652,train
9653,train
9654,train
9655,train
9656,test
9657,train
9658,train
9659,train
9660,train
9661,train
9662,train
9663,train
9664,train
9665,train
9666,train
9667,train
9668,train
9669,train
9670,train
9671,train
9672,train
9673,train
9674,train
9675,train
9676,train
9677,train
9678,test
9679,train
9680,train
9681,train
9682,test
9683,train
9684,train
9685,train
9686,test
9687,test
9688,test
9689,train
9690,train
9691,train
9692,train
9693,train
9694,train
9695,train
9696,train
9697,test
9698,train
9699,train
9700,train
9701,train
9702,train
9703,test
9704,train
9705,test
9706,train
9707,test
9708,train
9709,test
9710,train
9711,train
9712,train
9713,train
9714,train
9715,test
9716,train
9717,train
9718,train
9719,test
9720,train
9721,train
9722,train
9723,train
9724,train
9725,train
9726,train
9727,train
9728,train
9729,train
9730,train
9731,train
9732,train
9733,train
9734,train
9735,train
9736,train
9737,train
9738,train
9739,train
9740,train
9741,train
9742,train
9743,train
9744,test
9745,test
9746,train
9747,train
9748,train
9749,train
9750,test
9751,train
9752,train
9753,train
9754,train
9755,train
9756,train
9757,train
9758,train
9759,train
9760,train
9761,train
9762,train
9763,train
9764,train
9765,train
9766,train
9767,train
9768,train
9769,train
9770,train
9771,train
9772,train
9773,train
9774,train
9775,train
9776,test
9777,train
9778,train
9779,train
9780,test
9781,test
9782,train
9783,train
9784,test
9785,test
9786,train
9787,train
9788,train
9789,test
9790,train
9791,train
9792,train
9793,train
9794,train
9795,train
9796,train
9797,train
9798,train
9799,train
9800,train
9801,train
9802,train
9803,train
9804,test
9805,train
9806,train
9807,train
9808,train
9809,train
9810,train
9811,train
9812,train
9813,train
9814,train
9815,train
9816,train
9817,train
9818,train
9819,test
9820,train
9821,train
9822,test
9823,train
9824,test
9825,train
9826,train
9827,test
9828,train
9829,test
9830,train
9831,test
9832,train
9833,train
9834,test
9835,train
9836,train
9837,train
9838,train
9839,train
9840,train
9841,train
9842,test
9843,test
9844,train
9845,test
9846,train
9847,train
9848,train
9849,train
9850,train
9851,train
9852,train
9853,train
9854,train
9855,train
9856,train
9857,test
9858,train
9859,train
9860,train
9861,train
9862,train
9863,test
9864,train
9865,train
9866,train
9867,train
9868,train
9869,train
9870,train
9871,train
9872,train
9873,train
9874,train
9875,train
9876,train
9877,train
9878,train
9879,test
9880,train
9881,train
9882,train
9883,train
9884,train
9885,train
9886,train
9887,test
9888,train
9889,train
9890,train
9891,train
9892,train
9893,train
9894,train
9895,train
9896,train
9897,test
9898,train
9899,test
9900,train
9901,train
9902,train
9903,train
9904,train
9905,train
9906,train
9907,train
9908,train
9909,train
9910,train
9911,train
9912,train
9913,train
9914,train
9915,train
9916,train
9917,train
9918,train
9919,train
9920,train
9921,train
9922,train
9923,train
9924,test
9925,train
9926,train
9927,train
9928,test
9929,train
9930,train
9931,train
9932,train
9933,train
9934,train
9935,train
9936,train
9937,train
9938,train
9939,train
9940,train
9941,test
9942,train
9943,train
9944,train
9945,train
9946,train
9947,train
9948,train
9949,train
9950,train
9951,train
9952,train
9953,train
9954,train
9955,train
9956,train
9957,train
9958,train
9959,train
9960,train
9961,train
9962,train
9963,train
9964,train
9965,train
9966,train
9967,train
9968,train
9969,train
9970,train
9971,train
9972,train
9973,train
9974,train
9975,train
9976,train
9977,train
9978,train
9979,train
9980,train
9981,test
9982,train
9983,train
9984,train
9985,train
9986,train
9987,test
9988,train
9989,test
9990,test
9991,train
9992,train
9993,train
9994,test
9995,train
9996,train
9997,train
9998,train
9999,train
10000,train
10001,train
10002,train
10003,test
10004,test
10005,train
10006,train
10007,train
10008,train
10009,test
10010,train
10011,train
10012,train
10013,train
10014,train
10015,train
10016,train
10017,test
10018,train
10019,train
10020,train
10021,train
10022,train
10023,train
10024,train
10025,train
10026,train
10027,train
10028,train
10029,train
10030,train
10031,train
10032,test
10033,train
10034,train
10035,train
10036,test
10037,train
10038,train
10039,train
10040,test
10041,train
10042,test
10043,train
10044,train
10045,train
10046,train
10047,train
10048,train
10049,train
10050,train
10051,train
10052,train
10053,test
10054,train
10055,test
10056,train
10057,train
10058,test
10059,train
10060,test
10061,train
10062,train
10063,train
10064,test
10065,train
10066,train
10067,test
10068,train
10069,test
10070,train
10071,train
10072,train
10073,train
10074,train
10075,train
10076,train
10077,train
10078,train
10079,test
10080,train
10081,train
10082,train
10083,train
10084,test
10085,train
10086,train
10087,test
10088,train
10089,train
10090,train
10091,train
10092,train
10093,train
10094,train
10095,test
10096,test
10097,train
10098,train
10099,train
10100,train
10101,train
10102,train
10103,train
10104,train
10105,test
10106,train
10107,train
10108,train
10109,test
10110,test
10111,train
10112,train
10113,train
10114,test
10115,train
10116,train
10117,train
10118,train
10119,train
10120,train
10121,train
10122,train
10123,train
10124,train
10125,train
10126,train
10127,test
10128,train
10129,train
10130,test
10131,train
10132,train
10133,train
10134,train
10135,test
10136,test
10137,train
10138,test
10139,train
10140,train
10141,train
10142,train
10143,train
10144,train
10145,train
10146,train
10147,test
10148,train
10149,train
10150,train
10151,train
10152,train
10153,train
10154,train
10155,train
10156,train
10157,train
10158,train
10159,train
10160,train
10161,test
10162,train
10163,train
10164,train
10165,train
10166,train
10167,test
10168,train
10169,test
10170,train
10171,train
10172,train
10173,train
10174,train
10175,train
10176,train
10177,train
10178,train
10179,train
10180,train
10181,train
10182,train
10183,train
10184,train
10185,train
10186,train
10187,train
10188,train
10189,test
10190,train
10191,train
10192,train
10193,train
10194,train
10195,train
10196,train
10197,train
10198,train
10199,train
10200,test
10201,test
10202,train
10203,train
10204,train
10205,test
10206,train
10207,train
10208,test
10209,train
10210,train
10211,train
10212,train
10213,train
10214,train
10215,train
10216,test
10217,test
10218,train
10219,train
10220,train
10221,train
10222,test
10223,train
10224,train
10225,train
10226,train
10227,train
10228,train
10229,train
10230,train
10231,train
10232,train
10233,train
10234,train
10235,test
10236,test
10237,test
10238,test
10239,train
10240,test
10241,test
10242,train
10243,train
10244,train
10245,train
10246,test
10247,test
10248,train
10249,train
10250,train
10251,train
10252,train
10253,train
10254,train
10255,train
10256,train
10257,train
10258,train
10259,train
10260,train
10261,train
10262,train
10263,train
10264,train
10265,train
10266,train
10267,train
10268,train
10269,train
10270,train
10271,train
10272,train
10273,train
10274,train
10275,train
10276,test
10277,test
10278,train
10279,train
10280,train
10281,train
10282,test
10283,train
10284,train
10285,test
10286,train
10287,test
10288,test
10289,train
10290,train
10291,train
10292,train
10293,train
10294,train
10295,train
10296,train
10297,train
10298,train
10299,train
10300,train
10301,train
10302,train
10303,train
10304,test
10305,train
10306,train
10307,train
10308,train
10309,train
10310,train
10311,train
10312,train
10313,train
10314,train
10315,train
10316,train
10317,train
10318,train
10319,train
10320,train
10321,train
10322,train
10323,train
10324,test
10325,train
10326,test
10327,train
10328,train
10329,train
10330,train
10331,test
10332,test
10333,train
10334,train
10335,train
10336,train
10337,train
10338,test
10339,train
10340,train
10341,test
10342,train
10343,test
10344,test
10345,train
10346,train
10347,train
10348,train
10349,train
10350,train
10351,train
10352,train
10353,train
10354,train
10355,train
10356,train
10357,train
10358,train
10359,train
10360,train
10361,test
10362,test
10363,train
10364,train
10365,train
10366,train
10367,train
10368,test
10369,train
10370,train
10371,train
10372,train
10373,train
10374,train
10375,train
10376,train
10377,test
10378,train
10379,test
10380,train
10381,train
10382,train
10383,test
10384,train
10385,train
10386,train
10387,train
10388,train
10389,train
10390,train
10391,train
10392,train
10393,train
10394,train
10395,train
10396,train
10397,train
10398,train
10399,train
10400,train
10401,train
10402,train
10403,train
10404,train
10405,test
10406,test
10407,test
10408,train
10409,train
10410,train
10411,test
10412,train
10413,train
10414,train
10415,test
10416,train
10417,train
10418,test
10419,train
10420,train
10421,test
10422,train
10423,train
10424,train
10425,train
10426,train
10427,train
10428,train
10429,train
10430,train
10431,train
10432,train
10433,train
10434,train
10435,train
10436,test
10437,train
10438,train
10439,train
10440,train
10441,train
10442,train
10443,test
10444,train
10445,train
10446,train
10447,train
10448,train
10449,train
10450,test
10451,train
10452,train
10453,train
10454,train
10455,test
10456,train
10457,train
10458,train
10459,train
10460,train
10461,train
10462,train
10463,train
10464,test
10465,test
10466,train
10467,train
10468,train
10469,train
10470,test
10471,train
10472,train
10473,train
10474,test
10475,train
10476,train
10477,train
10478,test
10479,train
10480,test
10481,train
10482,train
10483,train
10484,train
10485,train
10486,train
10487,train
10488,test
10489,train
10490,test
10491,train
10492,train
10493,train
10494,train
10495,train
10496,train
10497,train
10498,test
10499,train
10500,train
10501,train
10502,train
10503,train
10504,train
10505,test
10506,test
10507,train
10508,train
10509,train
10510,train
10511,test
10512,train
10513,train
10514,train
10515,train
10516,train
10517,train
10518,train
10519,train
10520,train
10521,test
10522,test
10523,train
10524,train
10525,train
10526,train
10527,train
10528,train
10529,train
10530,train
10531,test
10532,train
10533,train
10534,train
10535,test
10536,train
10537,train
10538,test
10539,train
10540,train
10541,train
10542,test
10543,train
10544,train
10545,train
10546,test
10547,train
10548,train
10549,test
10550,train
10551,train
10552,train
10553,train
10554,train
10555,train
10556,train
10557,train
10558,train
10559,train
10560,train
10561,train
10562,test
10563,train
10564,train
10565,test
10566,train
10567,train
10568,test
10569,train
10570,train
10571,train
10572,train
10573,train
10574,train
10575,test
10576,train
10577,train
10578,train
10579,train
10580,train
10581,train
10582,test
10583,train
10584,train
10585,test
10586,test
10587,train
10588,train
10589,train
10590,test
10591,train
10592,train
10593,train
10594,train
10595,train
10596,train
10597,test
10598,train
10599,train
10600,train
10601,train
10602,test
10603,train
10604,train
10605,train
10606,test
10607,train
10608,train
10609,test
10610,train
10611,train
10612,train
10613,train
10614,train
10615,train
10616,test
10617,train
10618,train
10619,train
10620,train
10621,train
10622,train
10623,train
10624,train
10625,train
10626,train
10627,train
10628,test
10629,train
10630,train
10631,train
10632,train
10633,train
10634,train
10635,train
10636,train
10637,train
10638,train
10639,train
10640,train
10641,train
10642,train
10643,train
10644,train
10645,train
10646,train
10647,train
10648,test
10649,train
10650,train
10651,train
10652,train
10653,train
10654,train
10655,train
10656,train
10657,train
10658,train
10659,train
10660,train
10661,train
10662,test
10663,test
10664,train
10665,train
10666,train
10667,train
10668,train
10669,train
10670,train
10671,train
10672,train
10673,train
10674,train
10675,test
10676,train
10677,train
10678,test
10679,train
10680,train
10681,train
10682,train
10683,train
10684,train
10685,test
10686,train
10687,train
10688,train
10689,train
10690,train
10691,train
10692,train
10693,train
10694,train
10695,train
10696,train
10697,train
10698,train
10699,train
10700,train
10701,test
10702,train
10703,train
10704,test
10705,train
10706,test
10707,train
10708,train
10709,test
10710,train
10711,train
10712,test
10713,test
10714,train
10715,train
10716,train
10717,train
10718,train
10719,train
10720,train
10721,train
10722,train
10723,train
10724,train
10725,test
10726,test
10727,train
10728,train
10729,train
10730,train
10731,train
10732,train
10733,train
10734,test
10735,train
10736,train
10737,train
10738,train
10739,test
10740,train
10741,train
10742,train
10743,train
10744,train
10745,train
10746,train
10747,train
10748,train
10749,test
10750,test
10751,train
10752,train
10753,train
10754,test
10755,train
10756,train
10757,train
10758,train
10759,train
10760,train
10761,test
10762,train
10763,test
10764,train
10765,train
10766,train
10767,train
10768,train
10769,train
10770,train
10771,train
10772,train
10773,train
10774,train
10775,train
10776,train
10777,test
10778,train
10779,test
10780,test
10781,train
10782,test
10783,train
10784,test
10785,train
10786,train
10787,train
10788,test
10789,train
10790,train
10791,train
10792,train
10793,train
10794,train
10795,train
10796,train
10797,train
10798,train
10799,train
10800,train
10801,test
10802,train
10803,train
10804,train
10805,train
10806,train
10807,train
10808,train
10809,train
10810,train
10811,train
10812,train
10813,train
10814,test
10815,train
10816,test
10817,train
10818,train
10819,test
10820,train
10821,train
10822,train
10823,train
10824,train
10825,train
10826,train
10827,train
10828,train
10829,test
10830,test
10831,test
10832,train
10833,train
10834,train
10835,train
10836,train
10837,test
10838,test
10839,train
10840,train
10841,test
10842,train
10843,train
10844,train
10845,test
10846,train
10847,train
10848,test
10849,test
10850,train
10851,test
10852,test
10853,test
10854,train
10855,train
10856,train
10857,train
10858,train
10859,train
10860,train
10861,train
10862,train
10863,train
10864,train
10865,test
10866,train
10867,train
10868,train
10869,test
10870,train
10871,train
10872,train
10873,test
10874,train
10875,train
10876,train
10877,train
10878,train
10879,test
10880,train
10881,train
10882,train
10883,train
10884,train
10885,train
10886,train
10887,train
10888,train
10889,train
10890,test
10891,train
10892,train
10893,train
10894,train
10895,test
10896,test
10897,train
10898,test
10899,test
10900,train
10901,test
10902,train
10903,train
10904,train
10905,train
10906,test
10907,test
10908,train
10909,train
10910,train
10911,train
10912,train
10913,test
10914,test
10915,train
10916,train
10917,train
10918,train
10919,test
10920,train
10921,train
10922,test
10923,test
10924,train
10925,train
10926,train
10927,test
10928,train
10929,train
10930,train
10931,test
10932,test
10933,train
10934,train
10935,train
10936,train
10937,train
10938,train
10939,train
10940,train
10941,test
10942,train
10943,train
10944,test
10945,train
10946,train
10947,train
10948,train
10949,test
10950,train
10951,train
10952,train
10953,train
10954,test
10955,train
10956,train
10957,train
10958,train
10959,train
10960,test
10961,train
10962,train
10963,train
10964,train
10965,train
10966,train
10967,train
10968,train
10969,test
10970,test
10971,train
10972,test
10973,test
10974,test
10975,train
10976,train
10977,train
10978,test
10979,train
10980,train
10981,train
10982,train
10983,train
10984,test
10985,train
10986,train
10987,train
10988,test
10989,train
10990,train
10991,train
10992,train
10993,test
10994,train
10995,test
10996,train
10997,train
10998,train
10999,train
11000,train
11001,test
11002,test
11003,train
11004,train
11005,train
11006,test
11007,train
11008,train
11009,train
11010,train
11011,train
11012,train
11013,test
11014,train
11015,train
11016,train
11017,train
11018,train
11019,train
11020,train
11021,train
11022,test
11023,train
11024,train
11025,test
11026,train
11027,train
11028,train
11029,train
11030,train
11031,train
11032,train
11033,test
11034,train
11035,test
11036,train
11037,train
11038,train
11039,train
11040,train
11041,train
11042,train
11043,train
11044,train
11045,train
11046,train
11047,test
11048,test
11049,train
11050,test
11051,train
11052,train
11053,test
11054,train
11055,train
11056,train
11057,test
11058,train
11059,train
11060,train
11061,train
11062,test
11063,train
11064,train
11065,train
11066,train
11067,train
11068,train
11069,test
11070,train
11071,train
11072,train
11073,test
11074,train
11075,train
11076,test
11077,train
11078,train
11079,train
11080,test
11081,train
11082,test
11083,train
11084,train
11085,train
11086,train
11087,train
11088,test
11089,train
11090,train
11091,train
11092,train
11093,train
11094,train
11095,train
11096,train
11097,train
11098,train
11099,train
11100,train
11101,train
11102,train
11103,train
11104,test
11105,test
11106,train
11107,test
11108,train
11109,train
11110,train
11111,test
11112,train
11113,train
11114,train
11115,train
11116,test
11117,train
11118,test
11119,test
11120,train
11121,test
11122,test
11123,train
11124,train
11125,test
11126,train
11127,test
11128,test
11129,train
11130,train
11131,test
11132,test
11133,train
11134,train
11135,train
11136,train
11137,train
11138,train
11139,train
11140,train
11141,test
11142,test
11143,test
11144,train
11145,train
11146,train
11147,test
11148,test
11149,train
11150,test
11151,train
11152,train
11153,train
11154,train
11155,test
11156,train
11157,train
11158,train
11159,train
11160,train
11161,train
11162,test
11163,train
11164,train
11165,train
11166,train
11167,train
11168,train
11169,train
11170,test
11171,train
11172,train
11173,train
11174,train
11175,train
11176,train
11177,train
11178,train
11179,test
11180,train
11181,train
11182,train
11183,test
11184,test
11185,train
11186,train
11187,train
11188,train
11189,train
11190,train
11191,train
11192,train
11193,train
11194,test
11195,train
11196,train
11197,train
11198,train
11199,train
11200,train
11201,train
11202,train
11203,train
11204,train
11205,train
11206,train
11207,train
11208,train
11209,train
11210,test
11211,train
11212,train
11213,train
11214,train
11215,train
11216,test
11217,train
11218,train
11219,test
11220,train
11221,train
11222,train
11223,train
11224,train
11225,train
11226,train
11227,train
11228,train
11229,train
11230,train
11231,train
11232,train
11233,test
11234,train
11235,train
11236,test
11237,train
11238,test
11239,train
11240,train
11241,train
11242,train
11243,test
11244,train
11245,test
11246,train
11247,train
11248,train
11249,train
11250,test
11251,train
11252,train
11253,train
11254,test
11255,train
11256,train
11257,test
11258,train
11259,train
11260,train
11261,train
11262,train
11263,test
11264,test
11265,train
11266,train
11267,train
11268,train
11269,train
11270,train
11271,train
11272,train
11273,train
11274,test
11275,test
11276,train
11277,train
11278,train
11279,train
11280,test
11281,train
11282,train
11283,train
11284,test
11285,train
11286,train
11287,test
11288,train
11289,test
11290,test
11291,train
11292,train
11293,train
11294,train
11295,train
11296,train
11297,train
11298,train
11299,train
11300,train
11301,train
11302,train
11303,train
11304,train
11305,train
11306,train
11307,train
11308,train
11309,train
11310,train
11311,train
11312,train
11313,train
11314,train
11315,train
11316,train
11317,train
11318,train
11319,train
11320,train
11321,train
11322,test
11323,train
11324,train
11325,train
11326,train
11327,test
11328,test
11329,train
11330,test
11331,train
11332,test
11333,train
11334,test
11335,train
11336,train
11337,test
11338,train
11339,train
11340,train
11341,train
11342,train
11343,train
11344,test
11345,train
11346,train
11347,train
11348,train
11349,test
11350,train
11351,train
11352,train
11353,train
11354,train
11355,train
11356,train
11357,train
11358,test
11359,test
11360,train
11361,train
11362,train
11363,train
11364,train
11365,train
11366,train
11367,train
11368,train
11369,train
11370,train
11371,train
11372,train
11373,test
11374,test
11375,train
11376,train
11377,test
11378,train
11379,train
11380,train
11381,train
11382,train
11383,test
11384,train
11385,train
11386,train
11387,train
11388,train
11389,train
11390,test
11391,train
11392,train
11393,train
11394,train
11395,train
11396,train
11397,train
11398,train
11399,test
11400,train
11401,train
11402,train
11403,train
11404,train
11405,train
11406,train
11407,train
11408,test
11409,train
11410,train
11411,train
11412,train
11413,train
11414,train
11415,train
11416,train
11417,test
11418,train
11419,train
11420,train
11421,train
11422,test
11423,train
11424,test
11425,test
11426,train
11427,test
11428,train
11429,train
11430,train
11431,test
11432,train
11433,train
11434,train
11435,train
11436,test
11437,test
11438,train
11439,train
11440,train
11441,train
11442,train
11443,train
11444,train
11445,train
11446,train
11447,train
11448,test
11449,train
11450,test
11451,train
11452,train
11453,train
11454,train
11455,train
11456,train
11457,train
11458,train
11459,train
11460,train
11461,train
11462,train
11463,train
11464,train
11465,train
11466,train
11467,train
11468,train
11469,train
11470,train
11471,train
11472,train
11473,train
11474,train
11475,train
11476,test
11477,train
11478,train
11479,train
11480,test
11481,train
11482,test
11483,train
11484,train
11485,train
11486,test
11487,train
11488,train
11489,train
11490,train
11491,train
11492,test
11493,test
11494,train
11495,test
11496,test
11497,train
11498,test
11499,train
11500,train
11501,train
11502,train
11503,train
11504,train
11505,train
11506,test
11507,train
11508,train
11509,train
11510,test
11511,train
11512,train
11513,train
11514,train
11515,train
11516,train
11517,train
11518,train
11519,train
11520,train
11521,train
11522,train
11523,train
11524,train
11525,test
11526,train
11527,train
11528,train
11529,train
11530,train
11531,train
11532,test
11533,train
11534,test
11535,train
11536,train
11537,train
11538,test
11539,train
11540,train
11541,train
11542,test
11543,train
11544,test
11545,train
11546,train
11547,train
11548,train
11549,train
11550,train
11551,train
11552,train
11553,train
11554,train
11555,test
11556,train
11557,train
11558,train
11559,test
11560,train
11561,train
11562,train
11563,train
11564,train
11565,test
11566,train
11567,train
11568,test
11569,train
11570,train
11571,train
11572,train
11573,train
11574,train
11575,train
11576,test
11577,train
11578,train
11579,train
11580,train
11581,test
11582,train
11583,test
11584,test
11585,train
11586,train
11587,test
11588,train
11589,train
11590,train
11591,train
11592,train
11593,train
11594,train
11595,train
11596,train
11597,train
11598,train
11599,train
11600,train
11601,test
11602,train
11603,train
11604,train
11605,train
11606,train
11607,train
11608,test
11609,train
11610,train
11611,test
11612,train
11613,train
11614,test
11615,train
11616,test
11617,train
11618,train
11619,train
11620,train
11621,train
11622,train
11623,train
11624,test
11625,test
11626,train
11627,train
11628,test
11629,train
11630,train
11631,train
11632,train
11633,test
11634,test
11635,train
11636,train
11637,test
11638,train
11639,train
11640,train
11641,test
11642,test
11643,train
11644,train
11645,train
11646,train
11647,test
11648,test
11649,train
11650,train
11651,train
11652,train
11653,train
11654,train
11655,train
11656,train
11657,train
11658,train
11659,train
11660,train
11661,train
11662,train
11663,test
11664,train
11665,train
11666,train
11667,train
11668,train
11669,train
11670,train
11671,train
11672,train
11673,train
11674,train
11675,train
11676,test
11677,train
11678,train
11679,train
11680,train
11681,train
11682,train
11683,train
11684,train
11685,train
11686,train
11687,train
11688,train
11689,train
11690,train
11691,train
11692,test
11693,train
11694,train
11695,train
11696,train
11697,train
11698,train
11699,train
11700,train
11701,train
11702,test
11703,train
11704,train
11705,train
11706,test
11707,train
11708,test
11709,train
11710,train
11711,train
11712,train
11713,train
11714,train
11715,test
11716,train
11717,train
11718,test
11719,train
11720,train
11721,test
11722,train
11723,train
11724,train
11725,test
11726,train
11727,test
11728,train
11729,train
11730,train
11731,train
11732,train
11733,train
11734,train
11735,train
11736,train
11737,train
11738,test
11739,train
11740,train
11741,train
11742,test
11743,train
11744,train
11745,train
11746,train
11747,train
11748,test
11749,train
11750,train
11751,train
11752,train
11753,train
11754,train
11755,train
11756,test
11757,train
11758,train
11759,test
11760,test
11761,train
11762,test
11763,train
11764,train
11765,train
11766,train
11767,train
11768,train
11769,test
11770,train
11771,train
11772,train
11773,train
11774,train
11775,train
11776,test
11777,test
11778,train
11779,train
11780,test
11781,train
11782,train
11783,train
11784,train
11785,train
11786,train
11787,train
11788,train
11789,train
11790,train
11791,train
11792,train
11793,train
11794,test
11795,test
11796,train
11797,test
11798,train
11799,train
11800,test
11801,train
11802,test
11803,train
11804,test
11805,test
11806,train
11807,test
11808,test
11809,train
11810,train
11811,train
11812,test
11813,test
11814,test
11815,test
11816,train
11817,train
11818,train
11819,train
11820,train
11821,train
11822,train
11823,train
11824,train
11825,train
11826,train
11827,test
11828,train
11829,train
11830,train
11831,test
11832,train
11833,train
11834,train
11835,train
11836,train
11837,train
11838,train
11839,train
11840,train
11841,test
11842,train
11843,train
11844,train
11845,train
11846,train
11847,train
11848,train
11849,train
11850,train
11851,train
11852,train
11853,train
11854,train
11855,train
11856,test
11857,train
11858,train
11859,train
11860,train
11861,test
11862,test
11863,train
11864,train
11865,train
11866,train
11867,train
11868,train
11869,train
11870,train
11871,test
11872,train
11873,train
11874,train
11875,test
11876,test
11877,train
11878,train
11879,train
11880,train
11881,train
11882,train
11883,train
11884,test
11885,test
11886,train
11887,train
11888,train
11889,train
11890,train
11891,test
11892,train
11893,train
11894,train
11895,train
11896,test
11897,train
11898,test
11899,train
11900,train
11901,train
11902,train
11903,train
11904,train
11905,test
11906,test
11907,test
11908,test
11909,train
11910,train
11911,test
11912,train
11913,train
11914,train
11915,train
11916,train
11917,train
11918,train
11919,train
11920,train
11921,train
11922,test
11923,test
11924,test
11925,train
11926,train
11927,train
11928,train
11929,test
11930,train
11931,train
11932,train
11933,train
11934,train
11935,train
11936,train
11937,train
11938,train
11939,train
11940,train
11941,train
11942,train
11943,train
11944,train
11945,test
11946,train
11947,train
11948,test
11949,train
11950,train
11951,train
11952,train
11953,train
11954,train
11955,train
11956,train
11957,train
11958,test
11959,test
11960,train
11961,train
11962,train
11963,test
11964,train
11965,test
11966,train
11967,train
11968,test
11969,train
11970,train
11971,train
11972,train
11973,train
11974,train
11975,test
11976,test
11977,test
11978,test
11979,test
11980,train
11981,train
11982,train
11983,train
11984,train
11985,train
11986,test
11987,train
11988,train
11989,train
11990,test
11991,test
11992,train
11993,train
11994,train
11995,train
11996,train
11997,train
11998,train
11999,train
12000,test
12001,train
12002,test
12003,train
12004,train
12005,train
12006,train
12007,train
12008,train
12009,train
12010,train
12011,train
12012,train
12013,train
12014,train
12015,test
12016,test
12017,train
12018,train
12019,train
12020,test
12021,train
12022,train
12023,train
12024,train
12025,train
12026,test
12027,train
12028,train
12029,train
12030,test
12031,test
12032,train
12033,test
12034,train
12035,test
12036,train
12037,test
12038,train
12039,train
12040,train
12041,train
12042,train
12043,train
12044,train
12045,test
12046,train
12047,train
12048,train
12049,train
12050,train
12051,train
12052,train
12053,train
12054,train
12055,train
12056,train
12057,train
12058,train
12059,train
12060,train
12061,train
12062,train
12063,test
12064,train
12065,test
12066,train
12067,train
12068,train
12069,test
12070,train
12071,train
12072,train
12073,train
12074,train
12075,test
12076,test
12077,train
12078,train
12079,train
12080,train
12081,train
12082,train
12083,train
12084,train
12085,train
12086,train
12087,train
12088,test
12089,train
12090,test
12091,train
12092,train
12093,train
12094,train
12095,train
12096,train
12097,train
12098,train
12099,train
12100,train
12101,train
12102,train
12103,train
12104,train
12105,train
12106,train
12107,train
12108,test
12109,train
12110,train
12111,test
12112,train
12113,test
12114,train
12115,train
12116,test
12117,train
12118,test
12119,train
12120,train
12121,train
12122,test
12123,test
12124,train
12125,train
12126,train
12127,train
12128,train
12129,train
12130,train
12131,train
12132,train
12133,train
12134,test
12135,train
12136,test
12137,train
12138,train
12139,train
12140,train
12141,train
12142,train
12143,train
12144,train
12145,train
12146,train
12147,train
12148,train
12149,train
12150,test
12151,train
12152,train
12153,train
12154,train
12155,train
12156,train
12157,test
12158,train
12159,train
12160,test
12161,train
12162,train
12163,train
12164,test
12165,train
12166,train
12167,test
12168,train
12169,train
12170,train
12171,train
12172,test
12173,train
12174,train
12175,train
12176,train
12177,train
12178,test
12179,train
12180,train
12181,train
12182,train
12183,test
12184,train
12185,train
12186,train
12187,test
12188,test
12189,train
12190,train
12191,train
12192,train
12193,train
12194,train
12195,train
12196,train
12197,train
12198,train
12199,test
12200,train
12201,train
12202,train
12203,test
12204,test
12205,train
12206,train
12207,train
12208,train
12209,train
12210,train
12211,train
12212,test
12213,train
12214,train
12215,train
12216,train
12217,test
12218,train
12219,train
12220,train
12221,test
12222,train
12223,train
12224,train
12225,train
12226,train
12227,train
12228,train
12229,train
12230,train
12231,train
12232,train
12233,train
12234,test
12235,train
12236,test
12237,train
12238,train
12239,test
12240,train
12241,train
12242,train
12243,train
12244,train
12245,train
12246,train
12247,train
12248,train
12249,train
12250,test
12251,train
12252,train
12253,train
12254,test
12255,train
12256,train
12257,test
12258,test
12259,train
12260,train
12261,test
12262,train
12263,test
12264,train
12265,train
12266,train
12267,test
12268,train
12269,train
12270,train
12271,train
12272,train
12273,train
12274,train
12275,train
12276,train
12277,train
12278,train
12279,train
12280,train
12281,test
12282,train
12283,train
12284,train
12285,train
12286,train
12287,train
12288,train
12289,test
12290,train
12291,train
12292,train
12293,train
12294,train
12295,train
12296,train
12297,train
12298,train
12299,test
12300,train
12301,train
12302,train
12303,train
12304,train
12305,test
12306,test
12307,train
12308,train
12309,train
12310,train
12311,train
12312,train
12313,train
12314,train
12315,train
12316,test
12317,train
12318,train
12319,train
12320,train
12321,train
12322,train
12323,test
12324,test
12325,test
12326,train
12327,train
12328,test
12329,train
12330,train
12331,train
12332,test
12333,train
12334,train
12335,train
12336,test
12337,train
12338,train
12339,test
12340,train
12341,train
12342,train
12343,train
12344,train
12345,train
12346,train
12347,train
12348,test
12349,test
12350,test
12351,test
12352,train
12353,train
12354,test
12355,test
12356,train
12357,train
12358,test
12359,train
12360,train
12361,train
12362,train
12363,train
12364,train
12365,train
12366,train
12367,train
12368,train
12369,train
12370,train
12371,test
12372,train
12373,test
12374,train
12375,train
12376,train
12377,train
12378,train
12379,test
12380,train
12381,train
12382,train
12383,test
12384,train
12385,train
12386,test
12387,train
12388,test
12389,train
12390,train
12391,test
12392,train
12393,test
12394,train
12395,train
12396,train
12397,train
12398,train
12399,train
12400,train
12401,train
12402,train
12403,train
12404,train
12405,train
12406,train
12407,train
12408,train
12409,test
12410,test
12411,test
12412,train
12413,train
12414,train
12415,train
12416,train
12417,train
12418,train
12419,train
12420,test
12421,test
12422,train
12423,train
12424,train
12425,train
12426,train
12427,train
12428,train
12429,train
12430,test
12431,train
12432,train
12433,train
12434,train
12435,train
12436,test
12437,train
12438,train
12439,train
12440,test
12441,train
12442,train
12443,train
12444,train
12445,train
12446,train
12447,train
12448,test
12449,train
12450,train
12451,train
12452,train
12453,train
12454,train
12455,train
12456,train
12457,train
12458,test
12459,test
12460,train
12461,train
12462,train
12463,test
12464,train
12465,train
12466,test
12467,train
12468,train
12469,train
12470,train
12471,train
12472,train
12473,train
12474,train
12475,train
12476,train
12477,train
12478,train
12479,train
12480,train
12481,train
12482,test
12483,train
12484,test
12485,train
12486,train
12487,train
12488,train
12489,train
12490,test
12491,train
12492,test
12493,train
12494,train
12495,train
12496,train
12497,test
12498,test
12499,train
12500,test
12501,train
12502,train
12503,train
12504,test
12505,train
12506,test
12507,train
12508,train
12509,test
12510,train
12511,train
12512,test
12513,train
12514,train
12515,train
12516,train
12517,train
12518,train
12519,train
12520,train
12521,train
12522,test
12523,train
12524,train
12525,train
12526,train
12527,train
12528,train
12529,train
12530,train
12531,train
12532,train
12533,train
12534,train
12535,train
12536,train
12537,train
12538,test
12539,train
12540,train
12541,train
12542,train
12543,train
12544,train
12545,test
12546,test
12547,train
12548,train
12549,test
12550,train
12551,train
12552,train
12553,train
12554,train
12555,train
12556,train
12557,test
12558,train
12559,test
12560,train
12561,train
12562,train
12563,train
12564,train
12565,train
12566,train
12567,test
12568,train
12569,train
12570,train
12571,train
12572,train
12573,train
12574,train
12575,train
12576,test
12577,train
12578,train
12579,train
12580,train
12581,train
12582,test
12583,train
12584,train
12585,test
12586,train
12587,train
12588,train
12589,train
12590,train
12591,train
12592,train
12593,train
12594,train
12595,train
12596,train
12597,train
12598,test
12599,train
12600,train
12601,train
12602,test
12603,train
12604,train
12605,test
12606,train
12607,train
12608,test
12609,train
12610,train
12611,train
12612,train
12613,train
12614,train
12615,train
12616,train
12617,test
12618,train
12619,train
12620,train
12621,train
12622,train
12623,train
12624,train
12625,test
12626,train
12627,test
12628,train
12629,test
12630,train
12631,train
12632,train
12633,test
12634,train
12635,train
12636,train
12637,test
12638,train
12639,train
12640,train
12641,test
12642,train
12643,test
12644,test
12645,test
12646,train
12647,train
12648,test
12649,test
12650,train
12651,test
12652,train
12653,train
12654,train
12655,train
12656,train
12657,train
12658,train
12659,test
12660,train
12661,train
12662,train
12663,train
12664,train
12665,train
12666,train
12667,train
12668,train
12669,test
12670,train
12671,train
12672,test
12673,test
12674,train
12675,train
12676,train
12677,train
12678,train
12679,train
12680,train
12681,train
12682,train
12683,train
12684,test
12685,train
12686,train
12687,train
12688,train
12689,test
12690,test
12691,train
12692,train
12693,train
12694,train
12695,train
12696,train
12697,test
12698,train
12699,train
12700,train
12701,train
12702,train
12703,train
12704,train
12705,train
12706,train
12707,train
12708,train
12709,train
12710,train
12711,train
12712,train
12713,test
12714,test
12715,train
12716,train
12717,test
12718,train
12719,train
12720,test
12721,train
12722,train
12723,train
12724,train
12725,train
12726,train
12727,train
12728,test
12729,test
12730,train
12731,train
12732,train
12733,train
12734,test
12735,train
12736,train
12737,train
12738,train
12739,train
12740,train
12741,train
12742,test
12743,train
12744,train
12745,test
12746,train
12747,train
12748,train
12749,train
12750,test
12751,train
12752,train
12753,train
12754,train
12755,train
12756,train
12757,test
12758,test
12759,train
12760,train
12761,train
12762,train
12763,train
12764,test
12765,train
12766,train
12767,train
12768,train
12769,train
12770,test
12771,train
12772,test
12773,train
12774,test
12775,test
12776,train
12777,train
12778,test
12779,train
12780,train
12781,train
12782,train
12783,train
12784,train
12785,train
12786,train
12787,test
12788,train
12789,test
12790,train
12791,train
12792,train
12793,test
12794,train
12795,train
12796,test
12797,train
12798,train
12799,test
12800,test
12801,train
12802,train
12803,test
12804,train
12805,train
12806,train
12807,train
12808,train
12809,train
12810,train
12811,test
12812,train
12813,train
12814,train
12815,train
12816,test
12817,train
12818,test
12819,train
12820,train
12821,train
12822,train
12823,train
12824,train
12825,test
12826,train
12827,train
12828,test
12829,train
12830,train
12831,train
12832,train
12833,test
12834,test
12835,train
12836,train
12837,train
12838,train
12839,train
12840,train
12841,test
12842,train
12843,train
12844,train
12845,train
12846,train
12847,train
12848,train
12849,train
12850,train
12851,test
12852,train
12853,train
12854,train
12855,train
12856,train
12857,train
12858,test
12859,train
12860,train
12861,train
12862,train
12863,train
12864,train
12865,train
12866,train
12867,train
12868,train
12869,train
12870,train
12871,train
12872,train
12873,train
12874,train
12875,train
12876,train
12877,train
12878,train
12879,train
12880,train
12881,train
12882,train
12883,train
12884,train
12885,train
12886,train
12887,train
12888,train
12889,train
12890,train
12891,test
12892,train
12893,train
12894,train
12895,train
12896,train
12897,train
12898,train
12899,train
12900,train
12901,train
12902,train
12903,test
12904,train
12905,train
12906,train
12907,test
12908,train
12909,train
12910,train
12911,test
12912,train
12913,train
12914,train
12915,train
12916,train
12917,train
12918,train
12919,train
12920,train
12921,test
12922,train
12923,train
12924,train
12925,train
12926,train
12927,train
12928,train
12929,train
12930,train
12931,test
12932,train
12933,train
12934,train
12935,test
12936,train
12937,train
12938,test
12939,train
12940,test
12941,test
12942,train
12943,train
12944,train
12945,train
12946,train
12947,train
12948,test
12949,train
12950,test
12951,train
12952,test
12953,train
12954,train
12955,train
12956,test
12957,train
12958,train
12959,test
12960,train
12961,train
12962,train
12963,train
12964,train
12965,train
12966,train
12967,test
12968,train
12969,train
12970,train
12971,train
12972,train
12973,train
12974,test
12975,train
12976,train
12977,train
12978,train
12979,train
12980,train
12981,train
12982,train
12983,train
12984,train
12985,train
12986,train
12987,train
12988,train
12989,train
12990,train
12991,test
12992,test
12993,train
12994,train
12995,train
12996,train
12997,train
12998,train
12999,train
13000,train
13001,train
13002,test
13003,test
13004,train
13005,train
13006,train
13007,train
13008,train
13009,train
13010,train
13011,train
13012,train
13013,train
13014,test
13015,test
13016,train
13017,train
13018,train
13019,train
13020,train
13021,train
13022,train
13023,train
13024,train
13025,train
13026,train
13027,train
13028,train
13029,test
13030,train
13031,test
13032,train
13033,train
13034,train
13035,train
13036,train
13037,test
13038,train
13039,train
13040,train
13041,train
13042,train
13043,train
13044,train
13045,train
13046,test
13047,train
13048,test
13049,test
13050,train
13051,train
13052,test
13053,train
13054,train
13055,train
13056,train
13057,test
13058,train
13059,train
13060,train
13061,train
13062,train
13063,train
13064,train
13065,train
13066,train
13067,train
13068,test
13069,train
13070,train
13071,train
13072,train
13073,train
13074,train
13075,train
13076,train
13077,train
13078,train
13079,train
13080,train
13081,train
13082,test
13083,train
13084,train
13085,test
13086,train
13087,test
13088,train
13089,train
13090,train
13091,train
13092,test
13093,train
13094,test
13095,test
13096,train
13097,test
13098,train
13099,train
13100,test
13101,test
13102,test
13103,train
13104,train
13105,train
13106,train
13107,train
13108,train
13109,train
13110,train
13111,test
13112,test
13113,train
13114,test
13115,train
13116,test
13117,test
13118,train
13119,train
13120,train
13121,test
13122,train
13123,train
13124,train
13125,train
13126,train
13127,train
13128,train
13129,train
13130,train
13131,test
13132,train
13133,train
13134,train
13135,test
13136,train
13137,train
13138,train
13139,train
13140,train
13141,train
13142,train
13143,train
13144,train
13145,test
13146,test
13147,train
13148,test
13149,train
13150,train
13151,train
13152,train
13153,train
13154,train
13155,train
13156,train
13157,test
13158,test
13159,train
13160,train
13161,train
13162,train
13163,train
13164,train
13165,train
13166,train
13167,train
13168,test
13169,train
13170,train
13171,train
13172,train
13173,test
13174,train
13175,train
13176,train
13177,train
13178,train
13179,train
13180,test
13181,train
13182,train
13183,test
13184,train
13185,train
13186,train
13187,test
13188,train
13189,train
13190,train
13191,test
13192,test
13193,train
13194,test
13195,test
13196,train
13197,train
13198,train
13199,train
13200,train
13201,test
13202,train
13203,train
13204,test
13205,train
13206,train
13207,train
13208,train
13209,test
13210,test
13211,train
13212,train
13213,train
13214,train
13215,test
13216,test
13217,train
13218,train
13219,train
13220,train
13221,train
13222,train
13223,train
13224,train
13225,train
13226,test
13227,train
13228,train
13229,train
13230,train
13231,train
13232,test
13233,train
13234,train
13235,test
13236,train
13237,train
13238,test
13239,train
13240,test
13241,train
13242,train
13243,train
13244,train
13245,train
13246,test
13247,train
13248,train
13249,train
13250,test
13251,train
13252,train
13253,train
13254,train
13255,test
13256,train
13257,train
13258,train
13259,train
13260,train
13261,train
13262,train
13263,train
13264,train
13265,train
13266,train
13267,train
13268,train
13269,train
13270,train
13271,train
13272,test
13273,train
13274,train
13275,train
13276,train
13277,train
13278,train
13279,train
13280,test
13281,train
13282,train
13283,train
13284,train
13285,test
13286,test
13287,train
13288,train
13289,train
13290,train
13291,train
13292,test
13293,test
13294,train
13295,train
13296,test
13297,test
13298,train
13299,test
13300,test
13301,train
13302,train
13303,test
13304,train
13305,test
13306,train
13307,train
13308,train
13309,train
13310,train
13311,train
13312,train
13313,train
13314,train
13315,test
13316,train
13317,train
13318,test
13319,test
13320,train
13321,train
13322,train
13323,test
13324,test
13325,train
13326,test
13327,test
13328,train
13329,train
13330,train
13331,test
13332,train
13333,train
13334,train
13335,train
13336,train
13337,train
13338,train
13339,train
13340,test
13341,train
13342,train
13343,train
13344,train
13345,test
13346,train
13347,train
13348,train
13349,train
13350,train
13351,train
13352,test
13353,train
13354,train
13355,train
13356,train
13357,test
13358,test
13359,train
13360,train
13361,test
13362,train
13363,train
13364,train
13365,train
13366,train
13367,train
13368,train
13369,train
13370,train
13371,train
13372,train
13373,test
13374,train
13375,train
13376,train
13377,test
13378,train
13379,train
13380,train
13381,train
13382,train
13383,train
13384,train
13385,train
13386,train
13387,test
13388,train
13389,test
13390,train
13391,train
13392,train
13393,train
13394,train
13395,test
13396,train
13397,train
13398,train
13399,train
13400,train
13401,test
13402,train
13403,train
13404,train
13405,train
13406,train
13407,train
13408,train
13409,train
13410,test
13411,train
13412,train
13413,train
13414,test
13415,train
13416,train
13417,train
13418,test
13419,train
13420,train
13421,train
13422,train
13423,train
13424,train
13425,test
13426,train
13427,train
13428,train
13429,train
13430,train
13431,test
13432,train
13433,train
13434,train
13435,train
13436,train
13437,train
13438,train
13439,test
13440,train
13441,train
13442,train
13443,train
13444,train
13445,train
13446,train
13447,train
13448,train
13449,train
13450,test
13451,test
13452,train
13453,train
13454,test
13455,test
13456,train
13457,train
13458,train
13459,train
13460,train
13461,train
13462,train
13463,train
13464,train
13465,train
13466,train
13467,train
13468,train
13469,train
13470,train
13471,train
13472,train
13473,train
13474,train
13475,test
13476,train
13477,train
13478,train
13479,train
13480,train
13481,train
13482,train
13483,train
13484,test
13485,train
13486,train
13487,train
13488,train
13489,train
13490,test
13491,train
13492,train
13493,train
13494,train
13495,train
13496,test
13497,train
13498,train
13499,train
13500,train
13501,train
13502,test
13503,train
13504,train
13505,train
13506,train
13507,train
13508,test
13509,test
13510,train
13511,train
13512,train
13513,train
13514,train
13515,train
13516,test
13517,train
13518,train
13519,test
13520,train
13521,train
13522,train
13523,train
13524,train
13525,test
13526,test
13527,test
13528,test
13529,train
13530,train
13531,train
13532,train
13533,train
13534,train
13535,train
13536,train
13537,test
13538,train
13539,train
13540,train
13541,train
13542,train
13543,train
13544,train
13545,train
13546,test
13547,train
13548,test
13549,train
13550,train
13551,train
13552,train
13553,train
13554,train
13555,train
13556,train
13557,test
13558,train
13559,train
13560,train
13561,train
13562,train
13563,train
13564,test
13565,train
13566,train
13567,test
13568,train
13569,train
13570,train
13571,train
13572,train
13573,train
13574,train
13575,train
13576,train
13577,train
13578,train
13579,test
13580,train
13581,test
13582,test
13583,train
13584,train
13585,train
13586,train
13587,train
13588,train
13589,train
13590,train
13591,train
13592,train
13593,train
13594,train
13595,train
13596,train
13597,train
13598,train
13599,test
13600,train
13601,train
13602,train
13603,train
13604,test
13605,train
13606,train
13607,train
13608,train
13609,train
13610,train
13611,train
13612,train
13613,train
13614,test
13615,test
13616,test
13617,test
13618,train
13619,train
13620,test
13621,test
13622,train
13623,train
13624,train
13625,train
13626,train
13627,test
13628,train
13629,train
13630,train
13631,train
13632,test
13633,train
13634,train
13635,train
13636,train
13637,train
13638,train
13639,train
13640,train
13641,train
13642,train
13643,train
13644,train
13645,train
13646,test
13647,train
13648,train
13649,train
13650,train
13651,train
13652,train
13653,train
13654,test
13655,train
13656,train
13657,train
13658,train
13659,train
13660,train
13661,test
13662,train
13663,train
13664,train
13665,train
13666,train
13667,train
13668,train
13669,train
13670,train
13671,test
13672,train
13673,train
13674,train
13675,train
13676,train
13677,train
13678,test
13679,test
13680,train
13681,train
13682,train
13683,test
13684,train
13685,train
13686,train
13687,train
13688,train
13689,train
13690,test
13691,test
13692,train
13693,train
13694,train
13695,test
13696,test
13697,train
13698,test
13699,train
13700,test
13701,test
13702,train
13703,train
13704,train
13705,test
13706,test
13707,train
13708,train
13709,test
13710,train
13711,test
13712,train
13713,test
13714,train
13715,train
13716,train
13717,train
13718,train
13719,train
13720,train
13721,train
13722,test
13723,train
13724,train
13725,train
13726,train
13727,train
13728,train
13729,train
13730,train
13731,train
13732,train
13733,train
13734,test
13735,train
13736,train
13737,train
13738,train
13739,train
13740,train
13741,test
13742,train
13743,train
13744,test
13745,test
13746,train
13747,train
13748,train
13749,test
13750,train
13751,train
13752,test
13753,train
13754,train
13755,train
13756,train
13757,train
13758,test
13759,train
13760,train
13761,train
13762,train
13763,train
13764,test
13765,train
13766,train
13767,test
13768,train
13769,test
13770,test
13771,train
13772,test
13773,train
13774,train
13775,train
13776,train
13777,train
13778,train
13779,train
13780,test
13781,train
13782,test
13783,test
13784,train
13785,test
13786,train
13787,train
13788,train
13789,test
13790,train
13791,train
13792,test
13793,test
13794,train
13795,train
13796,train
13797,test
13798,test
13799,train
13800,train
13801,test
13802,train
13803,train
13804,train
13805,train
13806,train
13807,test
13808,train
13809,train
13810,train
13811,train
13812,train
13813,test
13814,train
13815,train
13816,train
13817,test
13818,train
13819,train
13820,test
13821,train
13822,train
13823,train
13824,train
13825,train
13826,train
13827,train
13828,train
13829,test
13830,train
13831,train
13832,train
13833,train
13834,train
13835,train
13836,train
13837,train
13838,train
13839,train
13840,train
13841,train
13842,train
13843,train
13844,test
13845,test
13846,train
13847,train
13848,train
13849,train
13850,train
13851,train
13852,train
13853,train
13854,test
13855,train
13856,train
13857,train
13858,train
13859,train
13860,train
13861,test
13862,train
13863,train
13864,train
13865,train
13866,train
13867,train
13868,train
13869,test
13870,train
13871,train
13872,test
13873,train
13874,test
13875,train
13876,test
13877,train
13878,train
13879,train
13880,train
13881,train
13882,train
13883,train
13884,train
13885,test
13886,train
13887,train
13888,train
13889,train
13890,train
13891,test
13892,train
13893,test
13894,train
13895,train
13896,train
13897,train
13898,train
13899,train
13900,train
13901,train
13902,train
13903,test
13904,train
13905,train
13906,train
13907,train
13908,train
13909,train
13910,train
13911,test
13912,train
13913,train
13914,test
13915,train
13916,train
13917,train
13918,train
13919,train
13920,train
13921,train
13922,test
13923,train
13924,test
13925,test
13926,train
13927,train
13928,train
13929,train
13930,train
13931,train
13932,train
13933,test
13934,train
13935,train
13936,train
13937,test
13938,train
13939,test
13940,train
13941,train
13942,train
13943,train
13944,test
13945,test
13946,train
13947,train
13948,train
13949,train
13950,train
13951,train
13952,train
13953,train
13954,train
13955,test
13956,train
13957,train
13958,train
13959,train
13960,train
13961,train
13962,train
13963,train
13964,train
13965,train
13966,train
13967,train
13968,train
13969,train
13970,train
13971,train
13972,train
13973,train
13974,train
13975,train
13976,train
13977,test
13978,train
13979,train
13980,train
13981,test
13982,train
13983,test
13984,test
13985,train
13986,train
13987,test
13988,train
13989,train
13990,train
13991,test
13992,train
13993,train
13994,train
13995,test
13996,train
13997,train
13998,test
13999,train
14000,train
14001,train
14002,train
14003,train
14004,train
14005,test
14006,train
14007,train
14008,train
14009,train
14010,train
14011,train
14012,train
14013,train
14014,train
14015,train
14016,train
14017,train
14018,test
14019,train
14020,train
14021,train
14022,train
14023,test
14024,train
14025,train
14026,train
14027,train
14028,train
14029,train
14030,train
14031,train
14032,train
14033,test
14034,train
14035,train
14036,train
14037,test
14038,train
14039,train
14040,train
14041,test
14042,train
14043,train
14044,train
14045,train
14046,train
14047,train
14048,train
14049,train
14050,train
14051,train
14052,train
14053,train
14054,train
14055,train
14056,train
14057,train
14058,train
14059,train
14060,train
14061,train
14062,train
14063,train
14064,train
14065,train
14066,train
14067,train
14068,train
14069,test
14070,train
14071,train
14072,train
14073,test
14074,train
14075,train
14076,test
14077,train
14078,train
14079,train
14080,train
14081,train
14082,train
14083,train
14084,train
14085,test
14086,test
14087,train
14088,train
14089,train
14090,test
14091,train
14092,train
14093,train
14094,train
14095,test
14096,train
14097,train
14098,train
14099,test
14100,train
14101,train
14102,test
14103,train
14104,train
14105,test
14106,train
14107,train
14108,train
14109,test
14110,train
14111,train
14112,test
14113,test
14114,test
14115,train
14116,train
14117,train
14118,train
14119,train
14120,test
14121,train
14122,train
14123,train
14124,train
14125,train
14126,train
14127,train
14128,train
14129,train
14130,train
14131,train
14132,train
14133,train
14134,train
14135,train
14136,train
14137,train
14138,train
14139,test
14140,train
14141,test
14142,train
14143,train
14144,train
14145,train
14146,train
14147,train
14148,train
14149,train
14150,train
14151,train
14152,test
14153,train
14154,test
14155,train
14156,train
14157,test
14158,train
14159,train
14160,train
14161,train
14162,train
14163,train
14164,train
14165,test
14166,test
14167,train
14168,test
14169,train
14170,test
14171,train
14172,test
14173,test
14174,train
14175,train
14176,train
14177,train
14178,test
14179,train
14180,train
14181,train
14182,train
14183,train
14184,train
14185,test
14186,train
14187,train
14188,test
14189,test
14190,test
14191,train
14192,test
14193,train
14194,train
14195,train
14196,train
14197,train
14198,train
14199,train
14200,train
14201,train
14202,test
14203,train
14204,train
14205,train
14206,train
14207,train
14208,train
14209,train
14210,train
14211,train
14212,train
14213,test
14214,test
14215,train
14216,train
14217,train
14218,train
14219,train
14220,train
14221,train
14222,test
14223,test
14224,test
14225,train
14226,train
14227,train
14228,train
14229,train
14230,train
14231,train
14232,test
14233,train
14234,train
14235,train
14236,train
14237,train
14238,train
14239,train
14240,train
14241,train
14242,train
14243,train
14244,test
14245,test
14246,train
14247,train
14248,train
14249,train
14250,test
14251,train
14252,train
14253,train
14254,train
14255,train
14256,train
14257,test
14258,train
14259,test
14260,train
14261,train
14262,train
14263,train
14264,test
14265,train
14266,train
14267,test
14268,train
14269,test
14270,train
14271,train
14272,train
14273,test
14274,train
14275,test
14276,train
14277,train
14278,train
14279,train
14280,train
14281,train
14282,train
14283,test
14284,train
14285,train
14286,train
14287,train
14288,test
14289,train
14290,train
14291,train
14292,test
14293,test
14294,train
14295,train
14296,train
14297,train
14298,train
14299,train
14300,train
14301,train
14302,train
14303,train
14304,train
14305,train
14306,train
14307,train
14308,test
14309,train
14310,train
14311,train
14312,test
14313,train
14314,train
14315,test
14316,train
14317,train
14318,train
14319,train
14320,train
14321,test
14322,train
14323,train
14324,test
14325,train
14326,train
14327,train
14328,train
14329,test
14330,train
14331,train
14332,test
14333,test
14334,test
14335,train
14336,train
14337,train
14338,train
14339,train
14340,train
14341,train
14342,train
14343,test
14344,train
14345,train
14346,train
14347,train
14348,train
14349,train
14350,train
14351,train
14352,train
14353,test
14354,train
14355,train
14356,test
14357,train
14358,test
14359,test
14360,train
14361,train
14362,train
14363,train
14364,train
14365,train
14366,train
14367,train
14368,train
14369,train
14370,train
14371,train
14372,test
14373,train
14374,train
14375,train
14376,train
14377,test
14378,train
14379,test
14380,train
14381,train
14382,train
14383,train
14384,test
14385,train
14386,train
14387,train
14388,train
14389,train
14390,train
14391,train
14392,train
14393,train
14394,test
14395,train
14396,test
14397,train
14398,train
14399,train
14400,train
14401,test
14402,train
14403,test
14404,train
14405,test
14406,train
14407,train
14408,train
14409,train
14410,train
14411,train
14412,train
14413,test
14414,test
14415,train
14416,test
14417,train
14418,train
14419,train
14420,test
14421,test
14422,train
14423,train
14424,test
14425,train
14426,train
14427,train
14428,test
14429,train
14430,train
14431,train
14432,train
14433,train
14434,train
14435,train
14436,test
14437,train
14438,train
14439,train
14440,train
14441,train
14442,train
14443,train
14444,test
14445,train
14446,train
14447,test
14448,train
14449,train
14450,train
14451,test
14452,train
14453,train
14454,train
14455,train
14456,train
14457,train
14458,train
14459,train
14460,train
14461,test
14462,train
14463,test
14464,train
14465,train
14466,train
14467,train
14468,test
14469,train
14470,train
14471,test
14472,train
14473,train
14474,test
14475,train
14476,train
14477,train
14478,train
14479,train
14480,train
14481,train
14482,train
14483,train
14484,test
14485,train
14486,train
14487,test
14488,test
14489,train
14490,train
14491,train
14492,test
14493,train
14494,train
14495,test
14496,test
14497,train
14498,test
14499,train
14500,train
14501,train
14502,train
14503,test
14504,test
14505,train
14506,train
14507,train
14508,train
14509,train
14510,train
14511,train
14512,test
14513,train
14514,train
14515,train
14516,train
14517,train
14518,train
14519,train
14520,train
14521,train
14522,train
14523,train
14524,train
14525,test
14526,test
14527,train
14528,train
14529,train
14530,test
14531,train
14532,train
14533,train
14534,train
14535,train
14536,train
14537,train
14538,test
14539,train
14540,train
14541,train
14542,train
14543,train
14544,test
14545,train
14546,train
14547,train
14548,train
14549,test
14550,train
14551,train
14552,train
14553,test
14554,train
14555,train
14556,test
14557,train
14558,train
14559,train
14560,train
14561,train
14562,train
14563,train
14564,train
14565,train
14566,train
14567,test
14568,train
14569,train
14570,train
14571,train
14572,train
14573,train
14574,train
14575,train
14576,train
14577,train
14578,train
14579,test
14580,train
14581,train
14582,train
14583,test
14584,train
14585,train
14586,train
14587,test
14588,train
14589,train
14590,train
14591,train
14592,train
14593,test
14594,train
14595,train
14596,test
14597,train
14598,train
14599,test
14600,train
14601,train
14602,train
14603,test
14604,train
14605,train
14606,train
14607,test
14608,test
14609,train
14610,train
14611,train
14612,train
14613,train
14614,train
14615,test
14616,train
14617,train
14618,test
14619,train
14620,train
14621,train
14622,train
14623,train
14624,train
14625,test
14626,train
14627,test
14628,train
14629,train
14630,train
14631,test
14632,train
14633,train
14634,train
14635,train
14636,train
14637,train
14638,train
14639,test
14640,train
14641,train
14642,train
14643,train
14644,train
14645,train
14646,train
14647,train
14648,test
14649,train
14650,train
14651,train
14652,train
14653,test
14654,train
14655,train
14656,train
14657,train
14658,train
14659,train
14660,train
14661,train
14662,train
14663,train
14664,train
14665,test
14666,train
14667,train
14668,test
14669,train
14670,train
14671,train
14672,test
14673,test
14674,train
14675,test
14676,train
14677,train
14678,train
14679,test
14680,train
14681,train
14682,train
14683,train
14684,train
14685,train
14686,train
14687,train
14688,train
14689,train
14690,train
14691,train
14692,test
14693,train
14694,test
14695,train
14696,train
14697,train
14698,train
14699,train
14700,test
14701,train
14702,train
14703,train
14704,train
14705,train
14706,train
14707,train
14708,train
14709,train
14710,train
14711,test
14712,train
14713,test
14714,train
14715,train
14716,train
14717,train
14718,train
14719,train
14720,train
14721,train
14722,test
14723,train
14724,test
14725,train
14726,train
14727,test
14728,train
14729,train
14730,test
14731,train
14732,train
14733,train
14734,test
14735,test
14736,train
14737,test
14738,train
14739,train
14740,train
14741,train
14742,train
14743,train
14744,train
14745,test
14746,train
14747,train
14748,train
14749,train
14750,train
14751,train
14752,train
14753,train
14754,train
14755,train
14756,test
14757,test
14758,train
14759,train
14760,train
14761,train
14762,train
14763,train
14764,train
14765,train
14766,train
14767,train
14768,train
14769,train
14770,test
14771,train
14772,train
14773,test
14774,train
14775,test
14776,train
14777,train
14778,train
14779,train
14780,train
14781,train
14782,test
14783,train
14784,train
14785,train
14786,train
14787,train
14788,train
14789,train
14790,train
14791,train
14792,train
14793,train
14794,train
14795,train
14796,train
14797,train
14798,test
14799,test
14800,train
14801,train
14802,train
14803,train
14804,train
14805,train
14806,train
14807,train
14808,train
14809,test
14810,train
14811,train
14812,train
14813,train
14814,train
14815,train
14816,train
14817,test
14818,train
14819,train
14820,test
14821,test
14822,test
14823,train
14824,train
14825,train
14826,train
14827,train
14828,train
14829,train
14830,train
14831,train
14832,train
14833,train
14834,train
14835,train
14836,train
14837,train
14838,train
14839,train
14840,train
14841,train
14842,test
14843,train
14844,train
14845,train
14846,test
14847,train
14848,train
14849,train
14850,train
14851,train
14852,train
14853,test
14854,train
14855,train
14856,train
14857,test
14858,train
14859,train
14860,test
14861,train
14862,test
14863,train
14864,train
14865,train
14866,test
14867,train
14868,train
14869,train
14870,train
14871,train
14872,train
14873,train
14874,test
14875,train
14876,train
14877,train
14878,train
14879,train
14880,train
14881,test
14882,train
14883,train
14884,train
14885,train
14886,train
14887,train
14888,test
14889,train
14890,train
14891,train
14892,train
14893,test
14894,train
14895,train
14896,train
14897,train
14898,test
14899,train
14900,train
14901,train
14902,train
14903,train
14904,train
14905,train
14906,test
14907,train
14908,train
14909,train
14910,train
14911,test
14912,train
14913,train
14914,train
14915,train
14916,test
14917,train
14918,train
14919,train
14920,train
14921,train
14922,train
14923,test
14924,train
14925,train
14926,test
14927,train
14928,train
14929,train
14930,train
14931,train
14932,train
14933,train
14934,train
14935,test
14936,train
14937,test
14938,train
14939,train
14940,train
14941,train
14942,train
14943,train
14944,train
14945,train
14946,train
14947,train
14948,train
14949,train
14950,train
14951,train
14952,test
14953,test
14954,test
14955,train
14956,train
14957,train
14958,test
14959,train
14960,train
14961,train
14962,train
14963,train
14964,train
14965,test
14966,train
14967,train
14968,train
14969,train
14970,train
14971,train
14972,train
14973,train
14974,train
14975,train
14976,train
14977,train
14978,train
14979,train
14980,train
14981,train
14982,train
14983,train
14984,train
14985,train
14986,train
14987,train
14988,train
14989,train
14990,train
14991,train
14992,train
14993,train
14994,train
14995,train
14996,train
14997,test
14998,train
14999,test
15000,train
15001,train
15002,test
15003,train
15004,train
15005,train
15006,train
15007,train
15008,test
15009,train
15010,train
15011,train
15012,train
15013,test
15014,train
15015,train
15016,test
15017,train
15018,train
15019,train
15020,train
15021,train
15022,train
15023,test
15024,train
15025,train
15026,train
15027,train
15028,train
15029,test
15030,test
15031,test
15032,train
15033,test
15034,train
15035,test
15036,train
15037,train
15038,train
15039,train
15040,test
15041,train
15042,train
15043,test
15044,test
15045,train
15046,train
15047,train
15048,test
15049,train
15050,test
15051,train
15052,train
15053,train
15054,train
15055,train
15056,test
15057,train
15058,train
15059,train
15060,train
15061,train
15062,train
15063,test
15064,test
15065,train
15066,train
15067,test
15068,train
15069,train
15070,test
15071,train
15072,train
15073,train
15074,train
15075,test
15076,train
15077,test
15078,train
15079,train
15080,train
15081,train
15082,test
15083,train
15084,train
15085,train
15086,train
15087,test
15088,train
15089,test
15090,train
15091,train
15092,test
15093,train
15094,train
15095,train
15096,train
15097,train
15098,train
15099,train
15100,train
15101,train
15102,train
15103,train
15104,test
15105,train
15106,train
15107,train
15108,train
15109,test
15110,train
15111,train
15112,test
15113,train
15114,train
15115,test
15116,test
15117,train
15118,train
15119,train
15120,train
15121,train
15122,train
15123,train
15124,train
15125,train
15126,test
15127,train
15128,train
15129,train
15130,train
15131,test
15132,test
15133,train
15134,train
15135,test
15136,test
15137,train
15138,train
15139,train
15140,test
15141,test
15142,train
15143,train
15144,train
15145,train
15146,train
15147,train
15148,test
15149,train
15150,train
15151,train
15152,train
15153,train
15154,train
15155,train
15156,train
15157,train
15158,train
15159,train
15160,test
15161,train
15162,train
15163,test
15164,test
15165,train
15166,test
15167,train
15168,train
15169,train
15170,test
15171,train
15172,train
15173,train
15174,train
15175,test
15176,test
15177,train
15178,train
15179,train
15180,train
15181,test
15182,train
15183,train
15184,test
15185,train
15186,train
15187,train
15188,test
15189,train
15190,train
15191,train
15192,train
15193,train
15194,train
15195,test
15196,train
15197,test
15198,test
15199,train
15200,train
15201,train
15202,test
15203,train
15204,train
15205,train
15206,train
15207,train
15208,train
15209,train
15210,train
15211,train
15212,train
15213,train
15214,train
15215,train
15216,train
15217,train
15218,train
15219,train
15220,train
15221,train
15222,train
15223,train
15224,train
15225,test
15226,train
15227,train
15228,train
15229,test
15230,train
15231,train
15232,test
15233,train
15234,train
15235,train
15236,train
15237,test
15238,test
15239,train
15240,test
15241,test
15242,train
15243,train
15244,train
15245,train
15246,train
15247,train
15248,train
15249,train
15250,train
15251,train
15252,train
15253,train
15254,train
15255,train
15256,train
15257,train
15258,train
15259,test
15260,train
15261,train
15262,train
15263,train
15264,train
15265,train
15266,train
15267,train
15268,train
15269,train
15270,train
15271,train
15272,train
15273,train
15274,train
15275,train
15276,train
15277,train
15278,test
15279,train
15280,train
15281,train
15282,train
15283,test
15284,train
15285,test
15286,train
15287,train
15288,train
15289,test
15290,train
15291,train
15292,train
15293,train
15294,train
15295,test
15296,train
15297,train
15298,train
15299,train
15300,train
15301,train
15302,train
15303,train
15304,train
15305,test
15306,train
15307,test
15308,train
15309,test
15310,train
15311,train
15312,train
15313,train
15314,test
15315,train
15316,train
15317,train
15318,train
15319,train
15320,train
15321,train
15322,train
15323,train
15324,train
15325,test
15326,test
15327,train
15328,train
15329,train
15330,train
15331,train
15332,train
15333,train
15334,test
15335,train
15336,train
15337,train
15338,train
15339,train
15340,test
15341,train
15342,train
15343,train
15344,train
15345,train
15346,test
15347,train
15348,train
15349,train
15350,train
15351,train
15352,train
15353,train
15354,train
15355,train
15356,test
15357,train
15358,train
15359,train
15360,train
15361,train
15362,train
15363,train
15364,test
15365,train
15366,train
15367,test
15368,train
15369,train
15370,train
15371,test
15372,train
15373,train
15374,train
15375,train
15376,train
15377,train
15378,train
15379,train
15380,train
15381,train
15382,train
15383,test
15384,train
15385,train
15386,test
15387,train
15388,train
15389,train
15390,train
15391,test
15392,train
15393,train
15394,train
15395,train
15396,test
15397,train
15398,train
15399,train
15400,train
15401,train
15402,train
15403,test
15404,train
15405,train
15406,test
15407,test
15408,train
15409,train
15410,train
15411,test
15412,train
15413,train
15414,train
15415,train
15416,test
15417,train
15418,train
15419,test
15420,train
15421,train
15422,train
15423,train
15424,train
15425,test
15426,train
15427,train
15428,test
15429,train
15430,train
15431,train
15432,train
15433,test
15434,train
15435,train
15436,train
15437,test
15438,train
15439,train
15440,train
15441,train
15442,train
15443,test
15444,train
15445,train
15446,train
15447,train
15448,train
15449,test
15450,test
15451,test
15452,train
15453,train
15454,train
15455,test
15456,test
15457,train
15458,train
15459,test
15460,train
15461,train
15462,test
15463,train
15464,train
15465,test
15466,train
15467,train
15468,train
15469,test
15470,train
15471,test
15472,train
15473,train
15474,train
15475,train
15476,test
15477,train
15478,train
15479,train
15480,train
15481,train
15482,test
15483,train
15484,train
15485,test
15486,train
15487,test
15488,train
15489,test
15490,train
15491,train
15492,train
15493,train
15494,train
15495,train
15496,test
15497,train
15498,train
15499,test
15500,test
15501,test
15502,train
15503,train
15504,train
15505,train
15506,train
15507,train
15508,train
15509,train
15510,train
15511,train
15512,train
15513,train
15514,train
15515,test
15516,train
15517,train
15518,train
15519,train
15520,train
15521,train
15522,train
15523,train
15524,test
15525,train
15526,train
15527,train
15528,train
15529,train
15530,train
15531,train
15532,train
15533,train
15534,train
15535,train
15536,train
15537,train
15538,train
15539,train
15540,train
15541,train
15542,train
15543,train
15544,train
15545,train
15546,train
15547,test
15548,train
15549,train
15550,train
15551,train
15552,train
15553,train
15554,train
15555,train
15556,train
15557,train
15558,test
15559,train
15560,train
15561,train
15562,train
15563,train
15564,train
15565,train
15566,train
15567,train
15568,train
15569,train
15570,train
15571,train
15572,train
15573,train
15574,train
15575,train
15576,train
15577,test
15578,train
15579,test
15580,train
15581,train
15582,test
15583,train
15584,train
15585,train
15586,train
15587,train
15588,train
15589,train
15590,train
15591,train
15592,train
15593,train
15594,train
15595,train
15596,train
15597,train
15598,train
15599,train
15600,train
15601,train
15602,test
15603,train
15604,train
15605,train
15606,train
15607,test
15608,test
15609,train
15610,train
15611,train
15612,train
15613,test
15614,train
15615,train
15616,train
15617,train
15618,train
15619,test
15620,train
15621,train
15622,train
15623,train
15624,train
15625,train
15626,train
15627,train
15628,train
15629,test
15630,train
15631,train
15632,train
15633,train
15634,train
15635,test
15636,train
15637,train
15638,test
15639,test
15640,test
15641,test
15642,train
15643,test
15644,train
15645,train
15646,test
15647,test
15648,train
15649,test
15650,train
15651,train
15652,test
15653,train
15654,train
15655,train
15656,test
15657,train
15658,train
15659,train
15660,train
15661,train
15662,test
15663,test
15664,train
15665,test
15666,train
15667,train
15668,train
15669,train
15670,test
15671,train
15672,train
15673,train
15674,train
15675,train
15676,test
15677,train
15678,train
15679,train
15680,train
15681,train
15682,train
15683,test
15684,train
15685,train
15686,train
15687,train
15688,test
15689,test
15690,test
15691,train
15692,test
15693,train
15694,test
15695,train
15696,train
15697,train
15698,train
15699,test
15700,train
15701,train
15702,train
15703,train
15704,train
15705,train
15706,train
15707,train
15708,train
15709,test
15710,train
15711,train
15712,train
15713,train
15714,test
15715,train
15716,train
15717,train
15718,train
15719,train
15720,train
15721,train
15722,test
15723,train
15724,train
15725,train
15726,test
15727,test
15728,train
15729,train
15730,train
15731,train
15732,train
15733,test
15734,train
15735,train
15736,train
15737,train
15738,test
15739,train
15740,test
15741,train
15742,train
15743,train
15744,test
15745,train
15746,train
15747,train
15748,train
15749,train
15750,train
15751,train
15752,train
15753,train
15754,train
15755,train
15756,train
15757,train
15758,train
15759,train
15760,train
15761,train
15762,train
15763,train
15764,test
15765,train
15766,test
15767,train
15768,train
15769,train
15770,train
15771,train
15772,train
15773,train
15774,train
15775,train
15776,test
15777,test
15778,train
15779,test
15780,train
15781,train
15782,train
15783,train
15784,train
15785,train
15786,train
15787,train
15788,train
15789,train
15790,test
15791,train
15792,train
15793,train
15794,test
15795,train
15796,train
15797,test
15798,train
15799,test
15800,train
15801,train
15802,test
15803,test
15804,train
15805,train
15806,train
15807,train
15808,train
15809,train
15810,train
15811,train
15812,train
15813,test
15814,train
15815,train
15816,train
15817,train
15818,train
15819,train
15820,train
15821,train
15822,train
15823,train
15824,train
15825,train
15826,train
15827,train
15828,train
15829,train
15830,train
15831,train
15832,test
15833,train
15834,train
15835,train
15836,train
15837,train
15838,train
15839,train
15840,train
15841,test
15842,train
15843,train
15844,train
15845,train
15846,train
15847,train
15848,train
15849,train
15850,train
15851,train
15852,train
15853,train
15854,train
15855,train
15856,test
15857,train
15858,train
15859,train
15860,train
15861,train
15862,test
15863,train
15864,train
15865,train
15866,train
15867,train
15868,train
15869,train
15870,train
15871,test
15872,train
15873,test
15874,test
15875,train
15876,train
15877,train
15878,train
15879,train
15880,test
15881,train
15882,test
15883,train
15884,train
15885,train
15886,train
15887,train
15888,train
15889,train
15890,train
15891,train
15892,train
15893,train
15894,test
15895,test
15896,train
15897,train
15898,train
15899,train
15900,train
15901,train
15902,train
15903,train
15904,train
15905,test
15906,train
15907,train
15908,train
15909,train
15910,test
15911,train
15912,train
15913,train
15914,train
15915,train
15916,train
15917,train
15918,test
15919,train
15920,train
15921,train
15922,test
15923,train
15924,train
15925,train
15926,test
15927,train
15928,train
15929,test
15930,train
15931,test
15932,train
15933,train
15934,train
15935,train
15936,train
15937,train
15938,train
15939,train
15940,train
15941,train
15942,train
15943,train
15944,train
15945,train
15946,train
15947,train
15948,train
15949,train
15950,train
15951,train
15952,train
15953,train
15954,train
15955,test
15956,train
15957,train
15958,test
15959,train
15960,train
15961,train
15962,test
15963,test
15964,train
15965,test
15966,train
15967,train
15968,train
15969,train
15970,train
15971,train
15972,train
15973,train
15974,train
15975,train
15976,train
15977,test
15978,train
15979,test
15980,train
15981,train
15982,test
15983,train
15984,train
15985,train
15986,test
15987,train
15988,train
15989,train
15990,test
15991,train
15992,test
15993,train
15994,train
15995,train
15996,train
15997,test
15998,train
15999,train
16000,train
16001,train
16002,test
16003,train
16004,train
16005,test
16006,train
16007,train
16008,train
16009,train
16010,train
16011,train
16012,train
16013,train
16014,train
16015,train
16016,train
16017,train
16018,train
16019,train
16020,train
16021,train
16022,train
16023,train
16024,train
16025,test
16026,train
16027,train
16028,train
16029,train
16030,train
16031,train
16032,train
16033,train
16034,train
16035,train
16036,train
16037,test
16038,train
16039,test
16040,train
16041,test
16042,train
16043,train
16044,train
16045,train
16046,train
16047,train
16048,train
16049,train
16050,train
16051,train
16052,train
16053,train
16054,train
16055,train
16056,train
16057,train
16058,train
16059,test
16060,train
16061,test
16062,test
16063,train
16064,test
16065,test
16066,train
16067,train
16068,train
16069,train
16070,train
16071,train
16072,train
16073,train
16074,test
16075,train
16076,test
16077,train
16078,train
16079,train
16080,train
16081,train
16082,train
16083,train
16084,train
16085,train
16086,train
16087,train
16088,test
16089,test
16090,train
16091,train
16092,train
16093,train
16094,train
16095,train
16096,train
16097,test
16098,test
16099,train
16100,train
16101,train
16102,train
16103,test
16104,train
16105,train
16106,test
16107,test
16108,test
16109,train
16110,train
16111,train
16112,train
16113,train
16114,train
16115,train
16116,train
16117,train
16118,train
16119,train
16120,test
16121,test
16122,train
16123,train
16124,train
16125,train
16126,test
16127,train
16128,train
16129,train
16130,train
16131,train
16132,train
16133,train
16134,train
16135,train
16136,train
16137,test
16138,test
16139,train
16140,train
16141,train
16142,train
16143,train
16144,train
16145,train
16146,train
16147,train
16148,train
16149,train
16150,train
16151,test
16152,train
16153,train
16154,train
16155,train
16156,train
16157,test
16158,test
16159,test
16160,train
16161,test
16162,train
16163,train
16164,train
16165,train
16166,train
16167,train
16168,train
16169,train
16170,train
16171,train
16172,train
16173,train
16174,train
16175,train
16176,train
16177,train
16178,train
16179,train
16180,test
16181,test
16182,train
16183,train
16184,test
16185,test
16186,train
16187,train
16188,train
16189,train
16190,train
16191,train
16192,train
16193,train
16194,train
16195,train
16196,train
16197,train
16198,train
16199,test
16200,train
16201,train
16202,train
16203,train
16204,train
16205,train
16206,train
16207,train
16208,train
16209,train
16210,train
16211,test
16212,test
16213,train
16214,train
16215,test
16216,train
16217,train
16218,train
16219,train
16220,train
16221,train
16222,train
16223,train
16224,train
16225,train
16226,test
16227,train
16228,test
16229,train
16230,train
16231,train
16232,test
16233,train
16234,test
16235,train
16236,train
16237,train
16238,train
16239,test
16240,test
16241,train
16242,train
16243,train
16244,train
16245,train
16246,train
16247,train
16248,train
16249,train
16250,train
16251,train
16252,train
16253,train
16254,train
16255,train
16256,test
16257,train
16258,train
16259,train
16260,train
16261,test
16262,train
16263,train
16264,test
16265,train
16266,test
16267,train
16268,test
16269,test
16270,test
16271,train
16272,train
16273,train
16274,train
16275,train
16276,test
16277,train
16278,train
16279,train
16280,test
16281,test
16282,test
16283,train
16284,train
16285,test
16286,train
16287,train
16288,train
16289,train
16290,train
16291,train
16292,train
16293,train
16294,train
16295,train
16296,train
16297,train
16298,train
16299,train
16300,train
16301,train
16302,train
16303,train
16304,train
16305,train
16306,train
16307,train
16308,train
16309,train
16310,train
16311,train
16312,train
16313,train
16314,train
16315,train
16316,train
16317,test
16318,train
16319,train
16320,train
16321,train
16322,test
16323,train
16324,train
16325,train
16326,train
16327,test
16328,train
16329,train
16330,train
16331,train
16332,train
16333,train
16334,train
16335,train
16336,test
16337,train
16338,test
16339,train
16340,train
16341,train
16342,train
16343,train
16344,test
16345,train
16346,test
16347,train
16348,train
16349,train
16350,train
16351,train
16352,test
16353,train
16354,test
16355,test
16356,train
16357,train
16358,train
16359,train
16360,train
16361,train
16362,train
16363,test
16364,train
16365,test
16366,test
16367,train
16368,train
16369,train
16370,train
16371,train
16372,train
16373,test
16374,train
16375,train
16376,train
16377,test
16378,train
16379,train
16380,test
16381,train
16382,train
16383,train
16384,train
16385,test
16386,train
16387,train
16388,train
16389,test
16390,train
16391,train
16392,test
16393,train
16394,test
16395,train
16396,test
16397,train
16398,train
16399,train
16400,train
16401,train
16402,train
16403,train
16404,train
16405,train
16406,train
16407,train
16408,train
16409,train
16410,train
16411,test
16412,train
16413,train
16414,train
16415,train
16416,test
16417,test
16418,train
16419,test
16420,train
16421,train
16422,train
16423,train
16424,test
16425,train
16426,test
16427,test
16428,train
16429,train
16430,train
16431,train
16432,train
16433,test
16434,train
16435,test
16436,train
16437,test
16438,test
16439,train
16440,train
16441,train
16442,train
16443,train
16444,train
16445,train
16446,train
16447,train
16448,test
16449,train
16450,train
16451,train
16452,train
16453,train
16454,train
16455,train
16456,train
16457,train
16458,train
16459,test
16460,train
16461,test
16462,train
16463,train
16464,train
16465,train
16466,train
16467,train
16468,train
16469,train
16470,train
16471,train
16472,train
16473,train
16474,train
16475,train
16476,train
16477,test
16478,train
16479,train
16480,train
16481,train
16482,train
16483,test
16484,train
16485,test
16486,train
16487,test
16488,train
16489,train
16490,train
16491,test
16492,train
16493,test
16494,train
16495,train
16496,test
16497,train
16498,train
16499,train
16500,train
16501,test
16502,train
16503,train
16504,train
16505,train
16506,train
16507,train
16508,train
16509,train
16510,train
16511,test
16512,test
16513,train
16514,train
16515,train
16516,test
16517,test
16518,train
16519,test
16520,train
16521,train
16522,train
16523,test
16524,train
16525,train
16526,test
16527,train
16528,train
16529,train
16530,test
16531,train
16532,test
16533,train
16534,train
16535,train
16536,train
16537,train
16538,train
16539,test
16540,train
16541,train
16542,train
16543,train
16544,train
16545,train
16546,test
16547,test
16548,train
16549,test
16550,train
16551,train
16552,test
16553,test
16554,train
16555,test
16556,train
16557,train
16558,test
16559,test
16560,train
16561,train
16562,train
16563,test
16564,train
16565,train
16566,train
16567,train
16568,test
16569,train
16570,test
16571,train
16572,train
16573,train
16574,train
16575,train
16576,train
16577,train
16578,train
16579,train
16580,train
16581,test
16582,train
16583,train
16584,train
16585,train
16586,train
16587,test
16588,train
16589,train
16590,train
16591,test
16592,train
16593,test
16594,train
16595,train
16596,train
16597,train
16598,train
16599,train
16600,train
16601,train
16602,train
16603,train
16604,train
16605,train
16606,test
16607,train
16608,train
16609,train
16610,train
16611,train
16612,test
16613,train
16614,train
16615,train
16616,train
16617,train
16618,test
16619,train
16620,train
16621,train
16622,test
16623,test
16624,train
16625,train
16626,train
16627,train
16628,train
16629,train
16630,train
16631,train
16632,train
16633,train
16634,test
16635,train
16636,train
16637,train
16638,test
16639,train
16640,train
16641,train
16642,train
16643,train
16644,test
16645,test
16646,train
16647,train
16648,train
16649,train
16650,train
16651,train
16652,train
16653,train
16654,train
16655,train
16656,train
16657,train
16658,train
16659,train
16660,train
16661,train
16662,train
16663,train
16664,train
16665,train
16666,test
16667,train
16668,train
16669,test
16670,train
16671,train
16672,train
16673,train
16674,train
16675,test
16676,train
16677,train
16678,train
16679,test
16680,train
16681,train
16682,train
16683,train
16684,test
16685,train
16686,train
16687,test
16688,test
16689,train
16690,train
16691,test
16692,train
16693,train
16694,train
16695,test
16696,train
16697,train
16698,train
16699,train
16700,train
16701,test
16702,train
16703,train
16704,train
16705,train
16706,train
16707,train
16708,test
16709,train
16710,test
16711,train
16712,train
16713,test
16714,train
16715,train
16716,train
16717,train
16718,train
16719,test
16720,train
16721,train
16722,train
16723,train
16724,train
16725,train
16726,train
16727,test
16728,train
16729,train
16730,train
16731,train
16732,train
16733,test
16734,train
16735,train
16736,train
16737,test
16738,train
16739,train
16740,test
16741,train
16742,train
16743,train
16744,test
16745,train
16746,train
16747,train
16748,test
16749,train
16750,train
16751,train
16752,train
16753,test
16754,train
16755,train
16756,train
16757,train
16758,test
16759,train
16760,train
16761,train
16762,train
16763,train
16764,train
16765,test
16766,test
16767,test
16768,train
16769,train
16770,test
16771,test
16772,train
16773,train
16774,train
16775,train
16776,train
16777,train
16778,train
16779,train
16780,train
16781,test
16782,train
16783,train
16784,train
16785,train
16786,train
16787,train
16788,train
16789,train
16790,test
16791,train
16792,test
16793,test
16794,test
16795,train
16796,test
16797,train
16798,train
16799,train
16800,train
16801,test
16802,test
16803,train
16804,train
16805,train
16806,test
16807,train
16808,train
16809,train
16810,train
16811,test
16812,train
16813,train
16814,train
16815,train
16816,test
16817,train
16818,train
16819,train
16820,train
16821,train
16822,train
16823,test
16824,test
16825,train
16826,train
16827,train
16828,train
16829,train
16830,train
16831,train
16832,train
16833,train
16834,train
16835,train
16836,train
16837,train
16838,train
16839,train
16840,train
16841,train
16842,train
16843,train
16844,test
16845,train
16846,train
16847,train
16848,train
16849,train
16850,train
16851,test
16852,train
16853,test
16854,train
16855,train
16856,train
16857,test
16858,train
16859,train
16860,test
16861,test
16862,train
16863,test
16864,test
16865,test
16866,train
16867,test
16868,train
16869,train
16870,train
16871,train
16872,train
16873,train
16874,train
16875,train
16876,test
16877,test
16878,train
16879,train
16880,train
16881,train
16882,train
16883,test
16884,train
16885,train
16886,train
16887,test
16888,test
16889,test
16890,train
16891,train
16892,train
16893,train
16894,train
16895,train
16896,test
16897,train
16898,train
16899,train
16900,test
16901,train
16902,test
16903,train
16904,train
16905,train
16906,train
16907,train
16908,train
16909,test
16910,train
16911,train
16912,train
16913,train
16914,train
16915,train
16916,train
16917,test
16918,train
16919,train
16920,test
16921,train
16922,train
16923,train
16924,test
16925,train
16926,train
16927,test
16928,train
16929,train
16930,train
16931,train
16932,test
16933,train
16934,train
16935,train
16936,train
16937,train
16938,test
16939,test
16940,train
16941,test
16942,train
16943,train
16944,train
16945,test
16946,train
16947,test
16948,train
16949,train
16950,test
16951,train
16952,train
16953,train
16954,test
16955,train
16956,train
16957,train
16958,train
16959,train
16960,train
16961,train
16962,train
16963,test
16964,train
16965,train
16966,train
16967,train
16968,train
16969,train
16970,test
16971,train
16972,test
16973,train
16974,train
16975,train
16976,train
16977,train
16978,test
16979,train
16980,train
16981,test
16982,train
16983,train
16984,train
16985,train
16986,test
16987,train
16988,train
16989,train
16990,train
16991,train
16992,test
16993,train
16994,train
16995,train
16996,train
16997,train
16998,train
16999,train
17000,train
17001,train
17002,train
17003,train
17004,train
17005,train
17006,train
17007,test
17008,train
17009,train
17010,train
17011,test
17012,train
17013,train
17014,train
17015,train
17016,train
17017,train
17018,train
17019,train
17020,train
17021,train
17022,train
17023,train
17024,train
17025,train
17026,test
17027,test
17028,train
17029,train
17030,train
17031,train
17032,test
17033,train
17034,test
17035,train
17036,train
17037,test
17038,train
17039,train
17040,test
17041,test
17042,train
17043,train
17044,train
17045,train
17046,train
17047,train
17048,train
17049,test
17050,train
17051,train
17052,train
17053,train
17054,test
17055,test
17056,train
17057,train
17058,train
17059,test
17060,train
17061,train
17062,train
17063,train
17064,train
17065,train
17066,train
17067,train
17068,train
17069,test
17070,test
17071,train
17072,train
17073,train
17074,train
17075,train
17076,train
17077,test
17078,train
17079,train
17080,train
17081,train
17082,train
17083,train
17084,test
17085,train
17086,train
17087,train
17088,train
17089,train
17090,test
17091,train
17092,train
17093,train
17094,train
17095,train
17096,train
17097,train
17098,test
17099,train
17100,train
17101,train
17102,train
17103,train
17104,test
17105,train
17106,train
17107,train
17108,train
17109,train
17110,test
17111,train
17112,train
17113,train
17114,train
17115,train
17116,train
17117,train
17118,train
17119,train
17120,train
17121,train
17122,train
17123,train
17124,test
17125,train
17126,train
17127,train
17128,test
17129,train
17130,train
17131,train
17132,train
17133,train
17134,train
17135,train
17136,train
17137,test
17138,train
17139,test
17140,test
17141,train
17142,test
17143,train
17144,train
17145,train
17146,train
17147,test
17148,train
17149,train
17150,test
17151,train
17152,test
17153,train
17154,train
17155,train
17156,train
17157,train
17158,train
17159,train
17160,train
17161,test
17162,train
17163,train
17164,train
17165,train
17166,train
17167,train
17168,test
17169,train
17170,train
17171,test
17172,train
17173,train
17174,train
17175,train
17176,train
17177,train
17178,train
17179,test
17180,test
17181,train
17182,test
17183,train
17184,train
17185,train
17186,train
17187,train
17188,train
17189,train
17190,train
17191,train
17192,train
17193,train
17194,train
17195,train
17196,train
17197,train
17198,train
17199,train
17200,train
17201,test
17202,train
17203,test
17204,train
17205,test
17206,train
17207,train
17208,train
17209,train
17210,test
17211,test
17212,train
17213,train
17214,train
17215,test
17216,test
17217,train
17218,train
17219,train
17220,train
17221,train
17222,train
17223,train
17224,train
17225,train
17226,train
17227,train
17228,train
17229,test
17230,train
17231,train
17232,train
17233,train
17234,test
17235,train
17236,train
17237,train
17238,train
17239,train
17240,train
17241,train
17242,test
17243,train
17244,train
17245,train
17246,train
17247,train
17248,train
17249,train
17250,train
17251,train
17252,train
17253,test
17254,train
17255,train
17256,train
17257,test
17258,train
17259,train
17260,train
17261,test
17262,train
17263,train
17264,train
17265,test
17266,test
17267,train
17268,train
17269,train
17270,train
17271,train
17272,test
17273,test
17274,train
17275,train
17276,test
17277,train
17278,test
17279,train
17280,train
17281,train
17282,train
17283,test
17284,test
17285,train
17286,train
17287,train
17288,train
17289,train
17290,train
17291,test
17292,test
17293,train
17294,test
17295,train
17296,train
17297,train
17298,train
17299,train
17300,train
17301,train
17302,train
17303,train
17304,train
17305,train
17306,train
17307,train
17308,train
17309,train
17310,train
17311,train
17312,test
17313,test
17314,test
17315,test
17316,train
17317,train
17318,train
17319,test
17320,train
17321,train
17322,test
17323,test
17324,test
17325,train
17326,train
17327,train
17328,train
17329,train
17330,train
17331,train
17332,train
17333,train
17334,train
17335,train
17336,train
17337,train
17338,train
17339,train
17340,test
17341,train
17342,train
17343,train
17344,train
17345,train
17346,train
17347,train
17348,train
17349,train
17350,train
17351,train
17352,test
17353,train
17354,test
17355,train
17356,train
17357,train
17358,train
17359,test
17360,train
17361,train
17362,test
17363,train
17364,train
17365,train
17366,train
17367,train
17368,train
17369,train
17370,train
17371,train
17372,train
17373,train
17374,train
17375,train
17376,train
17377,train
17378,train
17379,train
17380,train
17381,train
17382,train
17383,train
17384,test
17385,test
17386,test
17387,train
17388,train
17389,train
17390,train
17391,train
17392,train
17393,test
17394,train
17395,train
17396,train
17397,train
17398,train
17399,test
17400,test
17401,train
17402,test
17403,train
17404,train
17405,train
17406,train
17407,train
17408,train
17409,train
17410,train
17411,train
17412,test
17413,test
17414,train
17415,train
17416,test
17417,train
17418,train
17419,train
17420,test
17421,train
17422,train
17423,train
17424,train
17425,train
17426,train
17427,train
17428,test
17429,train
17430,train
17431,train
17432,train
17433,test
17434,test
17435,train
17436,test
17437,train
17438,test
17439,test
17440,train
17441,train
17442,test
17443,train
17444,train
17445,train
17446,train
17447,train
17448,train
17449,train
17450,train
17451,train
17452,train
17453,train
17454,test
17455,train
17456,test
17457,train
17458,train
17459,train
17460,train
17461,train
17462,train
17463,train
17464,train
17465,train
17466,train
17467,test
17468,train
17469,train
17470,train
17471,train
17472,train
17473,train
17474,train
17475,train
17476,train
17477,train
17478,train
17479,train
17480,train
17481,train
17482,test
17483,train
17484,train
17485,train
17486,train
17487,train
17488,test
17489,train
17490,test
17491,train
17492,train
17493,test
17494,train
17495,train
17496,test
17497,train
17498,train
17499,train
17500,test
17501,train
17502,train
17503,test
17504,train
17505,train
17506,train
17507,test
17508,train
17509,test
17510,train
17511,train
17512,train
17513,train
17514,test
17515,train
17516,train
17517,test
17518,train
17519,test
17520,train
17521,test
17522,train
17523,test
17524,train
17525,train
17526,test
17527,test
17528,train
17529,train
17530,test
17531,train
17532,train
17533,train
17534,train
17535,train
17536,train
17537,test
17538,train
17539,test
17540,train
17541,test
17542,train
17543,train
17544,train
17545,test
17546,train
17547,train
17548,test
17549,train
17550,train
17551,train
17552,train
17553,train
17554,train
17555,train
17556,train
17557,train
17558,test
17559,train
17560,train
17561,train
17562,train
17563,test
17564,train
17565,train
17566,train
17567,train
17568,train
17569,train
17570,train
17571,test
17572,train
17573,train
17574,train
17575,train
17576,train
17577,train
17578,test
17579,train
17580,test
17581,train
17582,train
17583,train
17584,train
17585,train
17586,test
17587,train
17588,test
17589,train
17590,test
17591,train
17592,train
17593,train
17594,train
17595,train
17596,train
17597,train
17598,train
17599,train
17600,train
17601,train
17602,train
17603,train
17604,train
17605,train
17606,train
17607,train
17608,train
17609,train
17610,train
17611,train
17612,train
17613,train
17614,train
17615,train
17616,train
17617,train
17618,test
17619,train
17620,train
17621,train
17622,train
17623,train
17624,test
17625,test
17626,train
17627,train
17628,train
17629,test
17630,train
17631,train
17632,test
17633,train
17634,train
17635,test
17636,train
17637,train
17638,train
17639,train
17640,train
17641,train
17642,test
17643,train
17644,train
17645,train
17646,train
17647,train
17648,train
17649,test
17650,test
17651,train
17652,train
17653,train
17654,train
17655,train
17656,train
17657,train
17658,train
17659,train
17660,train
17661,test
17662,test
17663,train
17664,train
17665,train
17666,train
17667,train
17668,train
17669,train
17670,train
17671,train
17672,train
17673,train
17674,train
17675,train
17676,train
17677,train
17678,train
17679,train
17680,test
17681,train
17682,train
17683,test
17684,train
17685,train
17686,train
17687,train
17688,train
17689,train
17690,train
17691,train
17692,test
17693,train
17694,train
17695,train
17696,train
17697,train
17698,train
17699,train
17700,train
17701,train
17702,train
17703,train
17704,train
17705,train
17706,train
17707,test
17708,train
17709,train
17710,train
17711,train
17712,test
17713,train
17714,train
17715,train
17716,train
17717,train
17718,test
17719,test
17720,train
17721,train
17722,train
17723,test
17724,train
17725,train
17726,train
17727,train
17728,train
17729,train
17730,train
17731,train
17732,train
17733,train
17734,train
17735,train
17736,test
17737,train
17738,train
17739,train
17740,train
17741,train
17742,train
17743,train
17744,test
17745,train
17746,test
17747,test
17748,train
17749,train
17750,train
17751,train
17752,train
17753,train
17754,train
17755,test
17756,train
17757,train
17758,test
17759,train
17760,train
17761,test
17762,train
17763,train
17764,train
17765,train
17766,test
17767,train
17768,train
17769,test
17770,train
17771,train
17772,train
17773,train
17774,test
17775,train
17776,train
17777,test
17778,test
17779,train
17780,test
17781,train
17782,train
17783,train
17784,train
17785,train
17786,train
17787,test
17788,test
17789,train
17790,train
17791,train
17792,test
17793,train
17794,train
17795,train
17796,test
17797,train
17798,train
17799,test
17800,train
17801,train
17802,train
17803,train
17804,test
17805,train
17806,train
17807,train
17808,test
17809,train
17810,train
17811,test
17812,train
17813,train
17814,train
17815,train
17816,train
17817,train
17818,train
17819,train
17820,test
17821,train
17822,train
17823,train
17824,train
17825,train
17826,train
17827,train
17828,train
17829,test
17830,train
17831,train
17832,train
17833,train
17834,train
17835,train
17836,train
17837,test
17838,train
17839,test
17840,train
17841,train
17842,train
17843,train
17844,train
17845,train
17846,train
17847,train
17848,test
17849,train
17850,train
17851,train
17852,train
17853,train
17854,test
17855,train
17856,train
17857,train
17858,test
17859,train
17860,train
17861,train
17862,train
17863,test
17864,train
17865,train
17866,test
17867,train
17868,train
17869,train
17870,test
17871,train
17872,train
17873,test
17874,test
17875,train
17876,train
17877,train
17878,test
17879,train
17880,test
17881,test
17882,train
17883,train
17884,train
17885,train
17886,test
17887,train
17888,train
17889,train
17890,train
17891,train
17892,train
17893,train
17894,train
17895,train
17896,test
17897,train
17898,train
17899,train
17900,train
17901,train
17902,test
17903,train
17904,train
17905,train
17906,train
17907,train
17908,train
17909,train
17910,train
17911,test
17912,train
17913,test
17914,train
17915,train
17916,test
17917,train
17918,train
17919,test
17920,train
17921,train
17922,train
17923,train
17924,train
17925,test
17926,train
17927,train
17928,test
17929,train
17930,test
17931,train
17932,train
17933,test
17934,train
17935,train
17936,test
17937,train
17938,test
17939,train
17940,test
17941,train
17942,train
17943,train
17944,train
17945,train
17946,train
17947,train
17948,train
17949,train
17950,train
17951,train
17952,train
17953,train
17954,test
17955,train
17956,test
17957,test
17958,test
17959,test
17960,train
17961,train
17962,train
17963,train
17964,train
17965,train
17966,train
17967,train
17968,test
17969,train
17970,train
17971,test
17972,test
17973,test
17974,train
17975,test
17976,train
17977,test
17978,train
17979,train
17980,test
17981,test
17982,train
17983,test
17984,train
17985,test
17986,train
17987,train
17988,train
17989,train
17990,train
17991,test
17992,train
17993,train
17994,train
17995,train
17996,train
17997,train
17998,train
17999,train
18000,test
18001,train
18002,train
18003,test
18004,train
18005,test
18006,train
18007,train
18008,train
18009,train
18010,test
18011,test
18012,train
18013,test
18014,train
18015,train
18016,train
18017,test
18018,train
18019,train
18020,test
18021,train
18022,train
18023,train
18024,train
18025,test
18026,train
18027,test
18028,train
18029,train
18030,train
18031,train
18032,train
18033,train
18034,train
18035,train
18036,train
18037,train
18038,test
18039,train
18040,test
18041,test
18042,train
18043,train
18044,train
18045,train
18046,train
18047,train
18048,train
18049,train
18050,train
18051,train
18052,train
18053,train
18054,train
18055,train
18056,train
18057,test
18058,train
18059,train
18060,train
18061,train
18062,test
18063,test
18064,train
18065,train
18066,train
18067,train
18068,train
18069,train
18070,train
18071,test
18072,train
18073,train
18074,train
18075,train
18076,test
18077,train
18078,train
18079,train
18080,train
18081,train
18082,train
18083,train
18084,test
18085,train
18086,test
18087,train
18088,train
18089,train
18090,test
18091,train
18092,train
18093,train
18094,train
18095,train
18096,train
18097,test
18098,train
18099,test
18100,train
18101,train
18102,train
18103,train
18104,train
18105,test
18106,train
18107,test
18108,train
18109,train
18110,test
18111,train
18112,train
18113,train
18114,train
18115,train
18116,train
18117,train
18118,train
18119,test
18120,train
18121,train
18122,train
18123,test
18124,train
18125,train
18126,train
18127,test
18128,train
18129,train
18130,train
18131,test
18132,test
18133,train
18134,test
18135,train
18136,train
18137,train
18138,test
18139,train
18140,train
18141,test
18142,train
18143,train
18144,train
18145,train
18146,train
18147,train
18148,train
18149,test
18150,test
18151,train
18152,train
18153,test
18154,train
18155,train
18156,train
18157,train
18158,train
18159,train
18160,train
18161,test
18162,train
18163,train
18164,train
18165,train
18166,train
18167,train
18168,train
18169,test
18170,train
18171,train
18172,train
18173,train
18174,train
18175,train
18176,train
18177,train
18178,train
18179,train
18180,train
18181,test
18182,train
18183,test
18184,train
18185,test
18186,train
18187,train
18188,test
18189,train
18190,test
18191,train
18192,test
18193,test
18194,test
18195,test
18196,train
18197,test
18198,train
18199,train
18200,test
18201,train
18202,train
18203,test
18204,train
18205,train
18206,train
18207,train
18208,train
18209,train
18210,train
18211,train
18212,train
18213,train
18214,train
18215,train
18216,train
18217,test
18218,train
18219,train
18220,train
18221,train
18222,train
18223,train
18224,train
18225,test
18226,train
18227,train
18228,train
18229,train
18230,train
18231,test
18232,train
18233,train
18234,train
18235,train
18236,test
18237,train
18238,train
18239,train
18240,train
18241,train
18242,test
18243,test
18244,test
18245,train
18246,train
18247,train
18248,train
18249,train
18250,train
18251,train
18252,test
18253,train
18254,train
18255,train
18256,train
18257,train
18258,train
18259,train
18260,train
18261,test
18262,train
18263,train
18264,train
18265,train
18266,test
18267,train
18268,test
18269,train
18270,train
18271,train
18272,train
18273,train
18274,train
18275,train
18276,train
18277,test
18278,train
18279,train
18280,train
18281,train
18282,train
18283,train
18284,train
18285,train
18286,train
18287,train
18288,test
18289,train
18290,train
18291,train
18292,test
18293,train
18294,train
18295,train
18296,train
18297,test
18298,test
18299,train
18300,test
18301,train
18302,test
18303,train
18304,train
18305,train
18306,test
18307,train
18308,train
18309,train
18310,test
18311,train
18312,train
18313,train
18314,train
18315,train
18316,train
18317,train
18318,train
18319,train
18320,train
18321,train
18322,test
18323,test
18324,train
18325,train
18326,train
18327,train
18328,test
18329,train
18330,train
18331,test
18332,train
18333,train
18334,train
18335,train
18336,train
18337,train
18338,train
18339,train
18340,test
18341,train
18342,train
18343,train
18344,train
18345,train
18346,train
18347,train
18348,train
18349,train
18350,test
18351,train
18352,train
18353,train
18354,train
18355,test
18356,train
18357,train
18358,train
18359,test
18360,train
18361,train
18362,train
18363,test
18364,test
18365,test
18366,train
18367,train
18368,test
18369,train
18370,train
18371,train
18372,test
18373,test
18374,train
18375,train
18376,train
18377,train
18378,test
18379,train
18380,train
18381,train
18382,test
18383,train
18384,train
18385,test
18386,test
18387,test
18388,train
18389,train
18390,train
18391,train
18392,test
18393,train
18394,train
18395,test
18396,train
18397,train
18398,train
18399,train
18400,train
18401,test
18402,train
18403,test
18404,train
18405,train
18406,train
18407,train
18408,train
18409,train
18410,train
18411,train
18412,train
18413,train
18414,train
18415,train
18416,train
18417,train
18418,train
18419,train
18420,train
18421,train
18422,train
18423,train
18424,train
18425,test
18426,train
18427,train
18428,test
18429,train
18430,train
18431,train
18432,train
18433,test
18434,train
18435,test
18436,test
18437,train
18438,train
18439,train
18440,train
18441,train
18442,train
18443,train
18444,train
18445,train
18446,train
18447,train
18448,test
18449,train
18450,train
18451,train
18452,train
18453,train
18454,test
18455,train
18456,train
18457,train
18458,train
18459,test
18460,train
18461,train
18462,train
18463,train
18464,train
18465,test
18466,train
18467,train
18468,train
18469,train
18470,test
18471,train
18472,train
18473,train
18474,test
18475,test
18476,train
18477,train
18478,test
18479,test
18480,train
18481,train
18482,train
18483,train
18484,test
18485,train
18486,train
18487,train
18488,test
18489,train
18490,train
18491,train
18492,train
18493,train
18494,train
18495,train
18496,train
18497,train
18498,test
18499,train
18500,train
18501,train
18502,train
18503,train
18504,train
18505,test
18506,train
18507,train
18508,test
18509,test
18510,train
18511,train
18512,train
18513,train
18514,train
18515,train
18516,train
18517,train
18518,train
18519,train
18520,train
18521,train
18522,train
18523,test
18524,test
18525,test
18526,test
18527,train
18528,train
18529,train
18530,test
18531,train
18532,train
18533,train
18534,train
18535,train
18536,train
18537,train
18538,train
18539,test
18540,train
18541,train
18542,test
18543,train
18544,train
18545,train
18546,test
18547,train
18548,test
18549,train
18550,train
18551,train
18552,test
18553,train
18554,train
18555,train
18556,train
18557,test
18558,train
18559,train
18560,train
18561,train
18562,train
18563,train
18564,train
18565,train
18566,test
18567,train
18568,train
18569,train
18570,train
18571,train
18572,train
18573,test
18574,train
18575,test
18576,train
18577,test
18578,test
18579,train
18580,train
18581,train
18582,test
18583,train
18584,test
18585,train
18586,test
18587,train
18588,train
18589,train
18590,train
18591,test
18592,train
18593,train
18594,train
18595,test
18596,train
18597,train
18598,train
18599,train
18600,train
18601,train
18602,test
18603,train
18604,test
18605,train
18606,train
18607,train
18608,train
18609,train
18610,train
18611,train
18612,train
18613,test
18614,train
18615,train
18616,test
18617,train
18618,train
18619,train
18620,test
18621,test
18622,train
18623,test
18624,train
18625,train
18626,train
18627,train
18628,train
18629,train
18630,train
18631,train
18632,train
18633,train
18634,train
18635,train
18636,train
18637,train
18638,train
18639,train
18640,train
18641,test
18642,train
18643,train
18644,train
18645,train
18646,test
18647,train
18648,test
18649,train
18650,train
18651,train
18652,train
18653,train
18654,train
18655,test
18656,train
18657,train
18658,train
18659,train
18660,train
18661,train
18662,train
18663,train
18664,test
18665,train
18666,train
18667,train
18668,train
18669,train
18670,train
18671,train
18672,train
18673,train
18674,train
18675,train
18676,test
18677,train
18678,train
18679,train
18680,train
18681,test
18682,train
18683,train
18684,train
18685,test
18686,train
18687,train
18688,test
18689,train
18690,train
18691,train
18692,train
18693,train
18694,train
18695,train
18696,train
18697,train
18698,train
18699,train
18700,train
18701,train
18702,train
18703,train
18704,train
18705,train
18706,train
18707,train
18708,train
18709,test
18710,test
18711,train
18712,train
18713,test
18714,train
18715,train
18716,train
18717,test
18718,train
18719,train
18720,train
18721,train
18722,train
18723,train
18724,test
18725,test
18726,train
18727,train
18728,train
18729,test
18730,train
18731,train
18732,train
18733,train
18734,test
18735,train
18736,test
18737,train
18738,train
18739,train
18740,train
18741,train
18742,train
18743,train
18744,train
18745,test
18746,train
18747,train
18748,test
18749,train
18750,train
18751,test
18752,train
18753,train
18754,train
18755,train
18756,train
18757,train
18758,train
18759,train
18760,train
18761,train
18762,train
18763,train
18764,train
18765,train
18766,train
18767,test
18768,train
18769,train
18770,train
18771,train
18772,train
18773,train
18774,train
18775,test
18776,train
18777,train
18778,train
18779,train
18780,train
18781,train
18782,train
18783,train
18784,train
18785,train
18786,test
18787,train
18788,test
18789,train
18790,train
18791,train
18792,train
18793,test
18794,train
18795,train
18796,train
18797,train
18798,train
18799,train
18800,train
18801,train
18802,train
18803,train
18804,test
18805,train
18806,train
18807,train
18808,train
18809,train
18810,train
18811,train
18812,test
18813,test
18814,train
18815,train
18816,train
18817,train
18818,train
18819,test
18820,train
18821,train
18822,train
18823,train
18824,train
18825,train
18826,train
18827,train
18828,train
18829,train
18830,test
18831,test
18832,train
18833,train
18834,train
18835,train
18836,train
18837,test
18838,test
18839,train
18840,train
18841,train
18842,train
18843,train
18844,train
18845,train
18846,train
18847,train
18848,train
18849,train
18850,train
18851,train
18852,train
18853,train
18854,train
18855,train
18856,test
18857,train
18858,train
18859,train
18860,train
18861,test
18862,train
18863,train
18864,test
18865,test
18866,train
18867,train
18868,train
18869,train
18870,test
18871,train
18872,train
18873,train
18874,train
18875,train
18876,train
18877,train
18878,train
18879,train
18880,train
18881,train
18882,train
18883,train
18884,test
18885,train
18886,train
18887,train
18888,train
18889,train
18890,train
18891,test
18892,train
18893,train
18894,test
18895,train
18896,train
18897,train
18898,train
18899,test
18900,train
18901,train
18902,train
18903,test
18904,train
18905,train
18906,train
18907,test
18908,train
18909,train
18910,train
18911,train
18912,test
18913,train
18914,train
18915,train
18916,test
18917,train
18918,test
18919,train
18920,train
18921,train
18922,train
18923,test
18924,train
18925,train
18926,train
18927,train
18928,train
18929,train
18930,test
18931,test
18932,train
18933,train
18934,train
18935,train
18936,train
18937,train
18938,train
18939,train
18940,train
18941,train
18942,train
18943,train
18944,train
18945,test
18946,train
18947,train
18948,test
18949,train
18950,train
18951,train
18952,train
18953,test
18954,train
18955,train
18956,train
18957,train
18958,train
18959,train
18960,train
18961,train
18962,train
18963,train
18964,train
18965,train
18966,train
18967,train
18968,train
18969,train
18970,train
18971,train
18972,train
18973,train
18974,train
18975,train
18976,train
18977,train
18978,train
18979,train
18980,test
18981,train
18982,test
18983,train
18984,train
18985,train
18986,train
18987,train
18988,test
18989,train
18990,train
18991,train
18992,train
18993,train
18994,train
18995,test
18996,train
18997,train
18998,train
18999,train
19000,train
19001,train
19002,train
19003,test
19004,train
19005,test
19006,train
19007,test
19008,test
19009,train
19010,test
19011,train
19012,train
19013,train
19014,train
19015,train
19016,train
19017,train
19018,train
19019,train
19020,train
19021,train
19022,train
19023,train
19024,test
19025,test
19026,train
19027,train
19028,train
19029,train
19030,train
19031,test
19032,train
19033,train
19034,train
19035,train
19036,test
19037,train
19038,train
19039,train
19040,train
19041,train
19042,test
19043,train
19044,train
19045,train
19046,train
19047,test
19048,train
19049,train
19050,train
19051,test
19052,train
19053,train
19054,train
19055,train
19056,train
19057,train
19058,test
19059,train
19060,train
19061,test
19062,train
19063,train
19064,train
19065,train
19066,train
19067,train
19068,train
19069,train
19070,train
19071,train
19072,test
19073,train
19074,train
19075,train
19076,train
19077,train
19078,train
19079,train
19080,train
19081,train
19082,test
19083,train
19084,train
19085,train
19086,test
19087,train
19088,train
19089,train
19090,train
19091,train
19092,train
19093,test
19094,train
19095,train
19096,train
19097,train
19098,test
19099,train
19100,train
19101,train
19102,train
19103,test
19104,train
19105,train
19106,train
19107,train
19108,train
19109,train
19110,train
19111,train
19112,test
19113,test
19114,train
19115,test
19116,test
19117,train
19118,train
19119,train
19120,test
19121,train
19122,train
19123,train
19124,test
19125,train
19126,train
19127,train
19128,test
19129,train
19130,train
19131,test
19132,train
19133,train
19134,train
19135,test
19136,test
19137,train
19138,train
19139,test
19140,train
19141,train
19142,train
19143,train
19144,train
19145,test
19146,train
19147,train
19148,train
19149,train
19150,train
19151,train
19152,test
19153,test
19154,train
19155,train
19156,train
19157,train
19158,train
19159,train
19160,train
19161,test
19162,train
19163,train
19164,train
19165,train
19166,train
19167,train
19168,train
19169,train
19170,train
19171,train
19172,train
19173,test
19174,train
19175,train
19176,train
19177,train
19178,train
19179,test
19180,train
19181,test
19182,train
19183,train
19184,train
19185,train
19186,test
19187,train
19188,train
19189,train
19190,train
19191,train
19192,train
19193,train
19194,test
19195,train
19196,train
19197,train
19198,train
19199,train
19200,test
19201,train
19202,train
19203,train
19204,train
19205,train
19206,train
19207,train
19208,train
19209,train
19210,train
19211,train
19212,train
19213,train
19214,train
19215,train
19216,train
19217,train
19218,train
19219,train
19220,train
19221,test
19222,train
19223,train
19224,train
19225,train
19226,train
19227,train
19228,test
19229,train
19230,train
19231,test
19232,test
19233,train
19234,train
19235,train
19236,train
19237,train
19238,train
19239,train
19240,test
19241,train
19242,test
19243,train
19244,test
19245,train
19246,test
19247,train
19248,train
19249,test
19250,train
19251,train
19252,train
19253,train
19254,train
19255,train
19256,train
19257,train
19258,train
19259,train
19260,train
19261,train
19262,train
19263,test
19264,train
19265,train
19266,test
19267,train
19268,train
19269,train
19270,train
19271,train
19272,train
19273,train
19274,train
19275,train
19276,train
19277,train
19278,train
19279,train
19280,train
19281,test
19282,test
19283,test
19284,test
19285,train
19286,train
19287,train
19288,train
19289,train
19290,train
19291,train
19292,test
19293,train
19294,train
19295,test
19296,train
19297,test
19298,train
19299,train
19300,train
19301,train
19302,train
19303,train
19304,test
19305,train
19306,train
19307,test
19308,train
19309,train
19310,test
19311,train
19312,train
19313,test
19314,test
19315,train
19316,test
19317,test
19318,train
19319,train
19320,train
19321,train
19322,train
19323,train
19324,test
19325,train
19326,train
19327,test
19328,train
19329,test
19330,train
19331,train
19332,train
19333,train
19334,train
19335,train
19336,train
19337,train
19338,train
19339,train
19340,train
19341,train
19342,train
19343,train
19344,train
19345,train
19346,train
19347,train
19348,train
19349,train
19350,train
19351,train
19352,train
19353,train
19354,train
19355,train
19356,train
19357,train
19358,test
19359,train
19360,train
19361,train
19362,train
19363,train
19364,test
19365,train
19366,train
19367,train
19368,train
19369,test
19370,train
19371,train
19372,train
19373,test
19374,train
19375,test
19376,train
19377,train
19378,train
19379,train
19380,train
19381,train
19382,test
19383,train
19384,train
19385,train
19386,train
19387,train
19388,test
19389,train
19390,train
19391,test
19392,train
19393,train
19394,test
19395,train
19396,train
19397,train
19398,test
19399,test
19400,train
19401,train
19402,train
19403,train
19404,train
19405,test
19406,train
19407,train
19408,train
19409,train
19410,train
19411,train
19412,train
19413,train
19414,train
19415,train
19416,train
19417,train
19418,train
19419,train
19420,train
19421,train
19422,train
19423,train
19424,train
19425,train
19426,train
19427,train
19428,test
19429,train
19430,train
19431,test
19432,train
19433,train
19434,test
19435,train
19436,train
19437,test
19438,train
19439,train
19440,train
19441,train
19442,train
19443,train
19444,test
19445,train
19446,train
19447,train
19448,train
19449,train
19450,train
19451,train
19452,train
19453,train
19454,train
19455,train
19456,train
19457,train
19458,test
19459,train
19460,train
19461,train
19462,train
19463,train
19464,train
19465,train
19466,train
19467,train
19468,train
19469,train
19470,train
19471,train
19472,train
19473,train
19474,train
19475,train
19476,train
19477,test
19478,train
19479,train
19480,train
19481,test
19482,train
19483,train
19484,train
19485,train
19486,test
19487,train
19488,test
19489,train
19490,train
19491,train
19492,train
19493,train
19494,train
19495,train
19496,test
19497,test
19498,test
19499,train
19500,train
19501,test
19502,train
19503,train
19504,train
19505,train
19506,train
19507,train
19508,train
19509,test
19510,test
19511,test
19512,train
19513,train
19514,train
19515,train
19516,train
19517,train
19518,train
19519,train
19520,train
19521,train
19522,train
19523,train
19524,train
19525,test
19526,test
19527,train
19528,test
19529,train
19530,train
19531,train
19532,train
19533,train
19534,train
19535,train
19536,test
19537,train
19538,train
19539,train
19540,train
19541,train
19542,train
19543,train
19544,train
19545,train
19546,test
19547,train
19548,test
19549,train
19550,train
19551,train
19552,test
19553,train
19554,test
19555,train
19556,train
19557,train
19558,train
19559,train
19560,train
19561,train
19562,train
19563,train
19564,train
19565,train
19566,train
19567,train
19568,train
19569,train
19570,train
19571,train
19572,train
19573,train
19574,train
19575,train
19576,train
19577,test
19578,train
19579,train
19580,test
19581,train
19582,train
19583,train
19584,train
19585,train
19586,train
19587,train
19588,train
19589,test
19590,train
19591,test
19592,train
19593,train
19594,train
19595,train
19596,test
19597,train
19598,train
19599,train
19600,train
19601,test
19602,train
19603,train
19604,train
19605,train
19606,train
19607,train
19608,test
19609,train
19610,train
19611,train
19612,test
19613,train
19614,train
19615,train
19616,train
19617,test
19618,train
19619,train
19620,test
19621,test
19622,test
19623,train
19624,test
19625,test
19626,train
19627,train
19628,train
19629,test
19630,train
19631,train
19632,train
19633,train
19634,train
19635,train
19636,train
19637,train
19638,train
19639,train
19640,test
19641,train
19642,test
19643,test
19644,test
19645,train
19646,train
19647,train
19648,train
19649,train
19650,train
19651,train
19652,test
19653,train
19654,train
19655,train
19656,train
19657,train
19658,train
19659,train
19660,train
19661,train
19662,train
19663,train
19664,train
19665,train
19666,train
19667,train
19668,train
19669,train
19670,test
19671,test
19672,train
19673,train
19674,test
19675,train
19676,train
19677,train
19678,train
19679,train
19680,train
19681,train
19682,train
19683,train
19684,test
19685,train
19686,train
19687,train
19688,train
19689,train
19690,train
19691,train
19692,train
19693,train
19694,train
19695,test
19696,test
19697,train
19698,train
19699,train
19700,train
19701,train
19702,train
19703,train
19704,train
19705,test
19706,test
19707,train
19708,test
19709,train
19710,train
19711,train
19712,test
19713,train
19714,train
19715,train
19716,train
19717,train
19718,train
19719,train
19720,train
19721,train
19722,train
19723,train
19724,train
19725,train
19726,test
19727,train
19728,train
19729,train
19730,train
19731,train
19732,test
19733,test
19734,train
19735,train
19736,train
19737,test
19738,train
19739,train
19740,train
19741,test
19742,train
19743,train
19744,train
19745,train
19746,train
19747,train
19748,test
19749,train
19750,train
19751,train
19752,train
19753,train
19754,train
19755,test
19756,train
19757,train
19758,test
19759,test
19760,train
19761,train
19762,train
19763,test
19764,train
19765,train
19766,test
19767,train
19768,train
19769,train
19770,train
19771,train
19772,test
19773,train
19774,train
19775,train
19776,train
19777,train
19778,train
19779,train
19780,test
19781,train
19782,test
19783,test
19784,train
19785,train
19786,train
19787,train
19788,train
19789,train
19790,test
19791,test
19792,test
19793,test
19794,train
19795,train
19796,test
19797,train
19798,train
19799,train
19800,train
19801,test
19802,train
19803,train
19804,train
19805,test
19806,train
19807,train
19808,train
19809,train
19810,train
19811,train
19812,train
19813,train
19814,train
19815,train
19816,train
19817,train
19818,test
19819,train
19820,test
19821,train
19822,train
19823,train
19824,train
19825,test
19826,test
19827,train
19828,train
19829,train
19830,train
19831,train
19832,test
19833,test
19834,test
19835,train
19836,test
19837,test
19838,train
19839,train
19840,train
19841,test
19842,train
19843,train
19844,test
19845,test
19846,train
19847,train
19848,train
19849,test
19850,train
19851,train
19852,test
19853,train
19854,train
19855,train
19856,test
19857,train
19858,train
19859,test
19860,train
19861,test
19862,train
19863,test
19864,train
19865,train
19866,train
19867,train
19868,train
19869,train
19870,train
19871,train
19872,train
19873,train
19874,train
19875,train
19876,test
19877,train
19878,test
19879,train
19880,train
19881,train
19882,train
19883,train
19884,train
19885,train
19886,train
19887,train
19888,train
19889,test
19890,test
19891,train
19892,train
19893,train
19894,train
19895,test
19896,train
19897,train
19898,train
19899,train
19900,train
19901,test
19902,train
19903,train
19904,train
19905,test
19906,train
19907,train
19908,test
19909,train
19910,train
19911,train
19912,train
19913,train
19914,train
19915,train
19916,train
19917,train
19918,train
19919,test
19920,train
19921,train
19922,test
19923,train
19924,train
19925,test
19926,train
19927,train
19928,train
19929,train
19930,train
19931,train
19932,train
19933,train
19934,train
19935,train
19936,train
19937,test
19938,test
19939,train
19940,train
19941,train
19942,train
19943,test
19944,train
19945,train
19946,train
19947,train
19948,test
19949,train
19950,train
19951,test
19952,train
19953,train
19954,train
19955,train
19956,train
19957,train
19958,test
19959,train
19960,test
19961,train
19962,test
19963,train
19964,train
19965,train
19966,train
19967,train
19968,train
19969,train
19970,train
19971,train
19972,train
19973,train
19974,train
19975,test
19976,train
19977,train
19978,train
19979,train
19980,train
19981,train
19982,train
19983,train
19984,train
19985,train
19986,train
19987,train
19988,test
19989,test
19990,train
19991,test
19992,train
19993,train
19994,train
19995,test
19996,train
19997,train
19998,train
19999,train
20000,test
20001,test
20002,train
20003,train
20004,train
20005,train
20006,test
20007,train
20008,train
20009,train
20010,test
20011,train
20012,train
20013,test
20014,train
20015,train
20016,train
20017,train
20018,train
20019,train
20020,train
20021,train
20022,train
20023,test
20024,train
20025,train
20026,train
20027,train
20028,test
20029,train
20030,train
20031,train
20032,train
20033,train
20034,train
20035,train
20036,test
20037,train
20038,train
20039,train
20040,train
20041,train
20042,train
20043,train
20044,train
20045,train
20046,test
20047,train
20048,train
20049,train
20050,train
20051,train
20052,train
20053,train
20054,train
20055,train
20056,train
20057,test
20058,train
20059,test
20060,train
20061,train
20062,train
20063,train
20064,train
20065,test
20066,train
20067,train
20068,test
20069,train
20070,test
20071,train
20072,train
20073,train
20074,train
20075,train
20076,test
20077,train
20078,train
20079,train
20080,train
20081,test
20082,train
20083,train
20084,test
20085,train
20086,train
20087,train
20088,train
20089,train
20090,test
20091,train
20092,train
20093,train
20094,train
20095,train
20096,train
20097,train
20098,test
20099,train
20100,test
20101,train
20102,train
20103,train
20104,train
20105,train
20106,train
20107,train
20108,train
20109,train
20110,train
20111,train
20112,train
20113,train
20114,train
20115,train
20116,test
20117,train
20118,train
20119,train
20120,train
20121,train
20122,test
20123,train
20124,train
20125,train
20126,train
20127,train
20128,train
20129,test
20130,train
20131,test
20132,train
20133,train
20134,train
20135,train
20136,train
20137,train
20138,train
20139,test
20140,train
20141,test
20142,train
20143,train
20144,test
20145,train
20146,train
20147,train
20148,train
20149,test
20150,train
20151,test
20152,train
20153,train
20154,test
20155,train
20156,train
20157,test
20158,train
20159,train
20160,train
20161,train
20162,test
20163,train
20164,train
20165,train
20166,test
20167,train
20168,train
20169,train
20170,train
20171,train
20172,test
20173,train
20174,train
20175,train
20176,test
20177,train
20178,train
20179,train
20180,train
20181,train
20182,train
20183,train
20184,train
20185,train
20186,train
20187,train
20188,test
20189,train
20190,train
20191,train
20192,train
20193,train
20194,train
20195,train
20196,train
20197,test
20198,train
20199,train
20200,train
20201,test
20202,train
20203,train
20204,test
20205,train
20206,train
20207,train
20208,train
20209,train
20210,test
20211,test
20212,train
20213,train
20214,test
20215,train
20216,train
20217,train
20218,train
20219,test
20220,train
20221,train
20222,test
20223,train
20224,train
20225,test
20226,test
20227,train
20228,train
20229,train
20230,train
20231,train
20232,train
20233,train
20234,train
20235,train
20236,train
20237,train
20238,train
20239,train
20240,train
20241,train
20242,test
20243,train
20244,train
20245,train
20246,train
20247,train
20248,train
20249,train
20250,train
20251,test
20252,train
20253,train
20254,train
20255,train
20256,train
20257,test
20258,test
20259,test
20260,train
20261,test
20262,train
20263,train
20264,train
20265,test
20266,train
20267,train
20268,train
20269,test
20270,train
20271,train
20272,train
20273,train
20274,train
20275,train
20276,train
20277,train
20278,train
20279,train
20280,train
20281,train
20282,train
20283,train
20284,test
20285,test
20286,train
20287,train
20288,train
20289,test
20290,train
20291,train
20292,train
20293,train
20294,train
20295,train
20296,train
20297,train
20298,train
20299,test
20300,train
20301,train
20302,train
20303,train
20304,train
20305,train
20306,train
20307,train
20308,train
20309,train
20310,train
20311,train
20312,train
20313,train
20314,train
20315,train
20316,test
20317,train
20318,train
20319,train
20320,train
20321,train
20322,train
20323,test
20324,train
20325,test
20326,train
20327,train
20328,train
20329,test
20330,train
20331,train
20332,train
20333,train
20334,train
20335,test
20336,train
20337,train
20338,train
20339,test
20340,train
20341,train
20342,train
20343,train
20344,train
20345,train
20346,train
20347,train
20348,train
20349,train
20350,train
20351,train
20352,train
20353,train
20354,train
20355,train
20356,train
20357,test
20358,train
20359,train
20360,train
20361,train
20362,train
20363,test
20364,test
20365,test
20366,train
20367,test
20368,train
20369,test
20370,train
20371,test
20372,train
20373,train
20374,train
20375,train
20376,train
20377,test
20378,train
20379,train
20380,train
20381,train
20382,test
20383,test
20384,train
20385,train
20386,train
20387,test
20388,train
20389,test
20390,train
20391,train
20392,train
20393,train
20394,train
20395,test
20396,train
20397,train
20398,train
20399,train
20400,train
20401,train
20402,train
20403,train
20404,train
20405,train
20406,train
20407,train
20408,train
20409,train
20410,test
20411,train
20412,test
20413,test
20414,test
20415,train
20416,train
20417,train
20418,train
20419,train
20420,train
20421,test
20422,test
20423,train
20424,train
20425,train
20426,train
20427,train
20428,train
20429,train
20430,train
20431,train
20432,train
20433,test
20434,train
20435,train
20436,train
20437,train
20438,train
20439,train
20440,train
20441,train
20442,train
20443,test
20444,train
20445,train
20446,train
20447,train
20448,test
20449,train
20450,train
20451,train
20452,train
20453,train
20454,train
20455,train
20456,train
20457,train
20458,train
20459,train
20460,train
20461,train
20462,train
20463,train
20464,train
20465,train
20466,train
20467,train
20468,train
20469,train
20470,train
20471,test
20472,test
20473,test
20474,train
20475,train
20476,train
20477,train
20478,train
20479,train
20480,train
20481,train
20482,train
20483,train
20484,train
20485,train
20486,train
20487,train
20488,test
20489,train
20490,train
20491,train
20492,train
20493,train
20494,test
20495,train
20496,train
20497,train
20498,train
20499,train
20500,train
20501,train
20502,train
20503,train
20504,train
20505,train
20506,train
20507,train
20508,train
20509,train
20510,train
20511,train
20512,train
20513,train
20514,train
20515,test
20516,train
20517,train
20518,train
20519,train
20520,train
20521,train
20522,train
20523,train
20524,train
20525,test
20526,train
20527,train
20528,test
20529,train
20530,train
20531,train
20532,train
20533,train
20534,train
20535,test
20536,train
20537,train
20538,train
20539,train
20540,train
20541,train
20542,train
20543,train
20544,train
20545,train
20546,train
20547,train
20548,train
20549,test
20550,train
20551,train
20552,train
20553,train
20554,train
20555,train
20556,test
20557,train
20558,train
20559,train
20560,train
20561,test
20562,train
20563,train
20564,test
20565,train
20566,train
20567,test
20568,train
20569,train
20570,test
20571,train
20572,train
20573,train
20574,train
20575,train
20576,train
20577,train
20578,train
20579,train
20580,test
20581,test
20582,train
20583,train
20584,train
20585,train
20586,train
20587,train
20588,train
20589,test
20590,train
20591,train
20592,train
20593,train
20594,train
20595,train
20596,train
20597,test
20598,train
20599,train
20600,train
20601,train
20602,train
20603,train
20604,train
20605,train
20606,train
20607,test
20608,train
20609,train
20610,test
20611,train
20612,train
20613,train
20614,test
20615,test
20616,train
20617,test
20618,train
20619,train
20620,train
20621,train
20622,train
20623,train
20624,train
20625,train
20626,test
20627,train
20628,train
20629,test
20630,train
20631,train
20632,train
20633,train
20634,train
20635,train
20636,train
20637,train
20638,train
20639,train
20640,train
20641,test
20642,test
20643,train
20644,train
20645,test
20646,train
20647,train
20648,train
20649,train
20650,test
20651,train
20652,train
20653,train
20654,train
20655,test
20656,train
20657,train
20658,train
20659,train
20660,train
20661,test
20662,test
20663,test
20664,train
20665,train
20666,train
20667,train
20668,test
20669,train
20670,train
20671,train
20672,train
20673,train
20674,train
20675,train
20676,train
20677,train
20678,train
20679,train
20680,train
20681,train
20682,test
20683,train
20684,train
20685,train
20686,train
20687,train
20688,train
20689,train
20690,test
20691,test
20692,train
20693,train
20694,test
20695,train
20696,train
20697,train
20698,train
20699,train
20700,train
20701,test
20702,train
20703,test
20704,train
20705,train
20706,train
20707,train
20708,train
20709,train
20710,train
20711,train
20712,train
20713,test
20714,test
20715,test
20716,train
20717,train
20718,train
20719,train
20720,train
20721,train
20722,train
20723,test
20724,train
20725,train
20726,train
20727,test
20728,train
20729,train
20730,train
20731,train
20732,train
20733,test
20734,train
20735,train
20736,train
20737,train
20738,train
20739,train
20740,train
20741,train
20742,test
20743,train
20744,train
20745,train
20746,train
20747,train
20748,train
20749,train
20750,test
20751,train
20752,train
20753,train
20754,train
20755,train
20756,train
20757,train
20758,train
20759,train
20760,train
20761,test
20762,train
20763,train
20764,train
20765,train
20766,train
20767,train
20768,test
20769,train
20770,train
20771,train
20772,train
20773,train
20774,train
20775,train
20776,train
20777,train
20778,train
20779,test
20780,test
20781,test
20782,train
20783,train
20784,train
20785,train
20786,train
20787,train
20788,train
20789,train
20790,test
20791,train
20792,train
20793,train
20794,train
20795,train
20796,test
20797,train
20798,test
20799,train
20800,train
20801,train
20802,test
20803,test
20804,train
20805,test
20806,train
20807,test
20808,train
20809,test
20810,train
20811,train
20812,train
20813,test
20814,train
20815,test
20816,train
20817,train
20818,test
20819,test
20820,train
20821,train
20822,train
20823,train
20824,test
20825,train
20826,train
20827,test
20828,train
20829,train
20830,train
20831,train
20832,train
20833,train
20834,train
20835,train
20836,test
20837,test
20838,train
20839,train
20840,train
20841,train
20842,train
20843,test
20844,test
20845,train
20846,train
20847,test
20848,test
20849,train
20850,train
20851,train
20852,train
20853,train
20854,train
20855,test
20856,train
20857,test
20858,test
20859,train
20860,train
20861,test
20862,train
20863,train
20864,train
20865,train
20866,train
20867,train
20868,train
20869,train
20870,train
20871,test
20872,train
20873,train
20874,train
20875,test
20876,train
20877,train
20878,train
20879,test
20880,train
20881,train
20882,train
20883,train
20884,test
20885,train
20886,train
20887,test
20888,test
20889,train
20890,test
20891,test
20892,train
20893,train
20894,train
20895,train
20896,train
20897,train
20898,train
20899,train
20900,train
20901,train
20902,train
20903,train
20904,train
20905,test
20906,train
20907,train
20908,train
20909,test
20910,train
20911,train
20912,train
20913,train
20914,test
20915,train
20916,train
20917,train
20918,train
20919,train
20920,train
20921,train
20922,train
20923,train
20924,train
20925,test
20926,train
20927,train
20928,train
20929,train
20930,train
20931,train
20932,train
20933,train
20934,train
20935,test
20936,train
20937,train
20938,test
20939,train
20940,train
20941,train
20942,test
20943,train
20944,train
20945,train
20946,train
20947,train
20948,train
20949,train
20950,test
20951,train
20952,test
20953,train
20954,train
20955,train
20956,train
20957,train
20958,train
20959,train
20960,test
20961,train
20962,train
20963,test
20964,train
20965,train
20966,test
20967,test
20968,train
20969,train
20970,train
20971,train
20972,train
20973,train
20974,train
20975,train
20976,train
20977,train
20978,train
20979,train
20980,train
20981,train
20982,train
20983,test
20984,train
20985,train
20986,train
20987,train
20988,train
20989,train
20990,train
20991,test
20992,test
20993,train
20994,train
20995,train
20996,train
20997,test
20998,train
20999,train
21000,train
21001,train
21002,train
21003,train
21004,train
21005,train
21006,train
21007,train
21008,train
21009,train
21010,train
21011,train
21012,train
21013,train
21014,train
21015,train
21016,train
21017,test
21018,train
21019,test
21020,train
21021,train
21022,train
21023,train
21024,train
21025,train
21026,train
21027,train
21028,train
21029,test
21030,test
21031,train
21032,train
21033,test
21034,train
21035,train
21036,test
21037,train
21038,train
21039,train
21040,test
21041,train
21042,train
21043,train
21044,test
21045,train
21046,train
21047,train
21048,train
21049,test
21050,train
21051,train
21052,train
21053,train
21054,test
21055,train
21056,train
21057,test
21058,train
21059,train
21060,train
21061,train
21062,test
21063,train
21064,train
21065,train
21066,test
21067,train
21068,train
21069,train
21070,train
21071,test
21072,train
21073,train
21074,train
21075,train
21076,train
21077,train
21078,test
21079,train
21080,train
21081,train
21082,train
21083,train
21084,train
21085,train
21086,train
21087,train
21088,train
21089,train
21090,train
21091,train
21092,train
21093,train
21094,train
21095,train
21096,train
21097,train
21098,train
21099,train
21100,test
21101,train
21102,test
21103,train
21104,train
21105,train
21106,train
21107,train
21108,train
21109,train
21110,train
21111,train
21112,train
21113,train
21114,train
21115,train
21116,train
21117,train
21118,train
21119,train
21120,test
21121,test
21122,train
21123,train
21124,test
21125,train
21126,train
21127,train
21128,train
21129,train
21130,train
21131,train
21132,train
21133,test
21134,train
21135,train
21136,test
21137,test
21138,train
21139,test
21140,train
21141,train
21142,train
21143,train
21144,train
21145,train
21146,train
21147,train
21148,train
21149,train
21150,train
21151,train
21152,train
21153,train
21154,train
21155,test
21156,train
21157,train
21158,train
21159,train
21160,train
21161,train
21162,train
21163,test
21164,train
21165,train
21166,train
21167,train
21168,test
21169,train
21170,train
21171,train
21172,train
21173,train
21174,train
21175,test
21176,train
21177,train
21178,test
21179,train
21180,train
21181,train
21182,train
21183,train
21184,train
21185,train
21186,test
21187,test
21188,train
21189,train
21190,train
21191,train
21192,train
21193,train
21194,train
21195,train
21196,test
21197,train
21198,test
21199,train
21200,train
21201,train
21202,train
21203,train
21204,train
21205,train
21206,test
21207,train
21208,train
21209,train
21210,train
21211,train
21212,train
21213,test
21214,train
21215,train
21216,train
21217,train
21218,test
21219,train
21220,test
21221,train
21222,train
21223,train
21224,train
21225,train
21226,train
21227,train
21228,train
21229,train
21230,train
21231,train
21232,train
21233,train
21234,test
21235,train
21236,train
21237,train
21238,train
21239,train
21240,test
21241,train
21242,train
21243,train
21244,train
21245,train
21246,train
21247,test
21248,train
21249,train
21250,train
21251,train
21252,train
21253,train
21254,train
21255,train
21256,train
21257,train
21258,train
21259,train
21260,train
21261,train
21262,train
21263,test
21264,train
21265,test
21266,train
21267,train
21268,train
21269,test
21270,test
21271,train
21272,train
21273,test
21274,train
21275,train
21276,train
21277,train
21278,train
21279,test
21280,train
21281,test
21282,train
21283,train
21284,train
21285,train
21286,train
21287,train
21288,train
21289,test
21290,train
21291,train
21292,train
21293,test
21294,train
21295,train
21296,train
21297,train
21298,train
21299,train
21300,train
21301,train
21302,test
21303,train
21304,train
21305,train
21306,test
21307,train
21308,train
21309,test
21310,test
21311,train
21312,train
21313,test
21314,train
21315,train
21316,test
21317,train
21318,train
21319,test
21320,train
21321,train
21322,train
21323,train
21324,test
21325,train
21326,train
21327,train
21328,test
21329,train
21330,train
21331,train
21332,train
21333,train
21334,train
21335,train
21336,train
21337,train
21338,train
21339,train
21340,train
21341,train
21342,train
21343,train
21344,train
21345,train
21346,test
21347,test
21348,test
21349,train
21350,test
21351,train
21352,train
21353,train
21354,train
21355,train
21356,train
21357,train
21358,train
21359,train
21360,train
21361,train
21362,train
21363,test
21364,test
21365,train
21366,train
21367,train
21368,test
21369,train
21370,train
21371,train
21372,test
21373,train
21374,test
21375,train
21376,train
21377,train
21378,train
21379,train
21380,test
21381,train
21382,train
21383,train
21384,test
21385,test
21386,test
21387,train
21388,train
21389,train
21390,train
21391,test
21392,train
21393,train
21394,train
21395,train
21396,train
21397,train
21398,train
21399,train
21400,train
21401,train
21402,train
21403,train
21404,train
21405,train
21406,train
21407,train
21408,train
21409,train
21410,train
21411,train
21412,train
21413,train
21414,test
21415,test
21416,train
21417,train
21418,train
21419,train
21420,train
21421,test
21422,train
21423,train
21424,train
21425,train
21426,train
21427,train
21428,train
21429,train
21430,train
21431,test
21432,train
21433,train
21434,train
21435,train
21436,train
21437,test
21438,train
21439,test
21440,test
21441,train
21442,train
21443,train
21444,train
21445,test
21446,test
21447,test
21448,train
21449,train
21450,train
21451,train
21452,test
21453,test
21454,train
21455,train
21456,test
21457,test
21458,train
21459,train
21460,train
21461,test
21462,train
21463,train
21464,train
21465,train
21466,train
21467,test
21468,train
21469,train
21470,test
21471,test
21472,train
21473,train
21474,train
21475,train
21476,train
21477,train
21478,train
21479,train
21480,train
21481,train
21482,test
21483,train
21484,train
21485,test
21486,train
21487,train
21488,train
21489,train
21490,train
21491,test
21492,train
21493,train
21494,train
21495,train
21496,train
21497,train
21498,test
21499,train
21500,train
21501,test
21502,train
21503,train
21504,train
21505,train
21506,train
21507,train
21508,train
21509,train
21510,train
21511,train
21512,train
21513,train
21514,train
21515,test
21516,train
21517,train
21518,train
21519,test
21520,train
21521,train
21522,train
21523,train
21524,train
21525,test
21526,train
21527,train
21528,train
21529,train
21530,test
21531,train
21532,train
21533,test
21534,train
21535,test
21536,train
21537,train
21538,train
21539,test
21540,train
21541,train
21542,train
21543,train
21544,train
21545,test
21546,train
21547,train
21548,train
21549,test
21550,train
21551,test
21552,train
21553,train
21554,train
21555,train
21556,train
21557,train
21558,train
21559,train
21560,train
21561,train
21562,train
21563,train
21564,train
21565,test
21566,train
21567,train
21568,train
21569,train
21570,train
21571,train
21572,test
21573,train
21574,train
21575,test
21576,train
21577,train
21578,train
21579,train
21580,train
21581,train
21582,train
21583,train
21584,train
21585,train
21586,train
21587,train
21588,test
21589,test
21590,train
21591,train
21592,train
21593,train
21594,train
21595,test
21596,train
21597,train
21598,test
21599,train
21600,train
21601,test
21602,train
21603,train
21604,train
21605,train
21606,train
21607,train
21608,train
21609,train
21610,train
21611,train
21612,train
21613,train
21614,test
21615,train
21616,train
21617,train
21618,train
21619,train
21620,train
21621,train
21622,train
21623,train
21624,train
21625,train
21626,train
21627,train
21628,train
21629,train
21630,train
21631,train
21632,train
21633,train
21634,train
21635,test
21636,train
21637,test
21638,train
21639,test
21640,test
21641,train
21642,train
21643,test
21644,test
21645,train
21646,test
21647,train
21648,test
21649,test
21650,train
21651,test
21652,test
21653,test
21654,train
21655,test
21656,train
21657,train
21658,test
21659,train
21660,train
21661,test
21662,train
21663,train
21664,train
21665,train
21666,train
21667,test
21668,train
21669,train
21670,train
21671,train
21672,test
21673,test
21674,train
21675,train
21676,test
21677,test
21678,test
21679,train
21680,train
21681,train
21682,train
21683,test
21684,test
21685,test
21686,train
21687,train
21688,train
21689,train
21690,test
21691,test
21692,train
21693,train
21694,train
21695,test
21696,train
21697,train
21698,train
21699,train
21700,test
21701,train
21702,train
21703,test
21704,train
21705,test
21706,train
21707,test
21708,train
21709,train
21710,train
21711,test
21712,test
21713,train
21714,train
21715,train
21716,train
21717,train
21718,test
21719,train
21720,train
21721,train
21722,train
21723,train
21724,test
21725,test
21726,train
21727,train
21728,train
21729,train
21730,train
21731,train
21732,test
21733,train
21734,train
21735,train
21736,train
21737,train
21738,train
21739,test
21740,train
21741,train
21742,test
21743,train
21744,train
21745,train
21746,test
21747,train
21748,train
21749,test
21750,train
21751,test
21752,train
21753,train
21754,train
21755,train
21756,train
21757,train
21758,train
21759,train
21760,train
21761,train
21762,train
21763,test
21764,train
21765,train
21766,train
21767,test
21768,test
21769,train
21770,test
21771,train
21772,test
21773,train
21774,train
21775,train
21776,train
21777,test
21778,train
21779,test
21780,train
21781,test
21782,train
21783,train
21784,train
21785,train
21786,train
21787,train
21788,train
21789,train
21790,train
21791,train
21792,test
21793,train
21794,train
21795,test
21796,train
21797,test
21798,train
21799,train
21800,train
21801,train
21802,train
21803,train
21804,train
21805,train
21806,train
21807,train
21808,train
21809,test
21810,train
21811,train
21812,train
21813,test
21814,train
21815,test
21816,train
21817,train
21818,train
21819,train
21820,test
21821,train
21822,test
21823,train
21824,train
21825,train
21826,test
21827,train
21828,train
21829,train
21830,test
21831,train
21832,train
21833,train
21834,test
21835,train
21836,test
21837,train
21838,test
21839,train
21840,train
21841,test
21842,train
21843,train
21844,train
21845,train
21846,train
21847,train
21848,train
21849,train
21850,train
21851,test
21852,train
21853,train
21854,train
21855,train
21856,train
21857,test
21858,train
21859,train
21860,train
21861,train
21862,train
21863,train
21864,train
21865,train
21866,train
21867,train
21868,train
21869,train
21870,train
21871,train
21872,train
21873,train
21874,train
21875,test
21876,train
21877,test
21878,train
21879,train
21880,train
21881,train
21882,train
21883,train
21884,test
21885,train
21886,train
21887,train
21888,train
21889,train
21890,train
21891,train
21892,train
21893,test
21894,train
21895,test
21896,train
21897,test
21898,train
21899,train
21900,train
21901,train
21902,train
21903,train
21904,train
21905,train
21906,test
21907,train
21908,test
21909,train
21910,train
21911,train
21912,test
21913,train
21914,train
21915,train
21916,test
21917,train
21918,train
21919,train
21920,train
21921,train
21922,train
21923,train
21924,train
21925,train
21926,train
21927,train
21928,train
21929,train
21930,test
21931,test
21932,test
21933,train
21934,train
21935,train
21936,train
21937,train
21938,train
21939,train
21940,train
21941,train
21942,train
21943,test
21944,train
21945,test
21946,test
21947,train
21948,train
21949,train
21950,test
21951,train
21952,train
21953,train
21954,train
21955,train
21956,train
21957,train
21958,test
21959,train
21960,train
21961,train
21962,train
21963,train
21964,train
21965,train
21966,train
21967,train
21968,train
21969,test
21970,train
21971,test
21972,train
21973,train
21974,train
21975,train
21976,test
21977,train
21978,train
21979,train
21980,train
21981,train
21982,test
21983,test
21984,test
21985,train
21986,train
21987,train
21988,train
21989,train
21990,train
21991,train
21992,train
21993,train
21994,train
21995,train
21996,train
21997,train
21998,train
21999,train
22000,test
22001,train
22002,train
22003,train
22004,train
22005,test
22006,test
22007,test
22008,train
22009,train
22010,train
22011,test
22012,train
22013,train
22014,test
22015,train
22016,train
22017,train
22018,train
22019,train
22020,train
22021,train
22022,train
22023,train
22024,train
22025,train
22026,train
22027,test
22028,train
22029,train
22030,train
22031,train
22032,train
22033,test
22034,train
22035,train
22036,train
22037,train
22038,test
22039,train
22040,train
22041,train
22042,train
22043,train
22044,test
22045,train
22046,test
22047,train
22048,train
22049,test
22050,train
22051,train
22052,test
22053,train
22054,train
22055,train
22056,train
22057,train
22058,train
22059,train
22060,train
22061,train
22062,train
22063,train
22064,train
22065,train
22066,train
22067,test
22068,train
22069,train
22070,train
22071,train
22072,train
22073,train
22074,train
22075,train
22076,train
22077,test
22078,train
22079,test
22080,train
22081,train
22082,train
22083,train
22084,train
22085,train
22086,train
22087,train
22088,train
22089,train
22090,test
22091,train
22092,train
22093,train
22094,train
22095,train
22096,train
22097,train
22098,train
22099,train
22100,train
22101,test
22102,train
22103,test
22104,train
22105,train
22106,train
22107,test
22108,test
22109,train
22110,test
22111,train
22112,train
22113,train
22114,train
22115,train
22116,train
22117,train
22118,train
22119,train
22120,train
22121,train
22122,train
22123,train
22124,test
22125,test
22126,train
22127,train
22128,train
22129,train
22130,test
22131,train
22132,train
22133,test
22134,train
22135,test
22136,train
22137,train
22138,test
22139,train
22140,test
22141,train
22142,train
22143,train
22144,train
22145,train
22146,test
22147,train
22148,train
22149,train
22150,train
22151,train
22152,train
22153,train
22154,train
22155,train
22156,train
22157,test
22158,train
22159,train
22160,train
22161,train
22162,test
22163,test
22164,train
22165,train
22166,train
22167,test
22168,train
22169,test
22170,test
22171,train
22172,train
22173,train
22174,test
22175,train
22176,train
22177,train
22178,train
22179,test
22180,train
22181,train
22182,train
22183,train
22184,train
22185,train
22186,train
22187,train
22188,train
22189,test
22190,test
22191,train
22192,train
22193,train
22194,train
22195,test
22196,train
22197,test
22198,train
22199,train
22200,train
22201,train
22202,test
22203,test
22204,train
22205,train
22206,train
22207,train
22208,train
22209,train
22210,train
22211,test
22212,train
22213,train
22214,train
22215,train
22216,train
22217,train
22218,train
22219,train
22220,train
22221,test
22222,test
22223,test
22224,train
22225,train
22226,train
22227,train
22228,train
22229,test
22230,train
22231,train
22232,train
22233,train
22234,train
22235,train
22236,train
22237,train
22238,train
22239,train
22240,test
22241,train
22242,test
22243,test
22244,train
22245,train
22246,train
22247,test
22248,train
22249,train
22250,train
22251,train
22252,train
22253,test
22254,train
22255,train
22256,train
22257,train
22258,train
22259,train
22260,train
22261,test
22262,train
22263,train
22264,train
22265,train
22266,train
22267,test
22268,train
22269,train
22270,train
22271,train
22272,train
22273,train
22274,train
22275,train
22276,train
22277,test
22278,test
22279,train
22280,train
22281,train
22282,train
22283,train
22284,train
22285,train
22286,test
22287,test
22288,train
22289,test
22290,train
22291,test
22292,train
22293,train
22294,test
22295,train
22296,train
22297,train
22298,test
22299,train
22300,train
22301,train
22302,test
22303,test
22304,train
22305,test
22306,train
22307,train
22308,train
22309,train
22310,train
22311,train
22312,train
22313,train
22314,train
22315,train
22316,train
22317,train
22318,train
22319,train
22320,train
22321,train
22322,train
22323,test
22324,test
22325,train
22326,train
22327,train
22328,train
22329,train
22330,train
22331,train
22332,train
22333,train
22334,train
22335,train
22336,train
22337,train
22338,test
22339,train
22340,train
22341,train
22342,train
22343,train
22344,train
22345,train
22346,train
22347,train
22348,train
22349,test
22350,train
22351,train
22352,train
22353,train
22354,train
22355,train
22356,train
22357,test
22358,train
22359,train
22360,test
22361,train
22362,train
22363,test
22364,train
22365,train
22366,test
22367,train
22368,test
22369,train
22370,train
22371,train
22372,train
22373,train
22374,train
22375,train
22376,test
22377,test
22378,train
22379,test
22380,train
22381,train
22382,train
22383,train
22384,train
22385,train
22386,train
22387,train
22388,train
22389,test
22390,train
22391,train
22392,train
22393,train
22394,train
22395,test
22396,train
22397,train
22398,train
22399,test
22400,train
22401,train
22402,train
22403,train
22404,train
22405,train
22406,train
22407,train
22408,test
22409,train
22410,train
22411,train
22412,train
22413,train
22414,train
22415,train
22416,test
22417,train
22418,train
22419,train
22420,test
22421,train
22422,train
22423,test
22424,test
22425,test
22426,train
22427,test
22428,train
22429,train
22430,test
22431,train
22432,train
22433,test
22434,train
22435,train
22436,test
22437,train
22438,test
22439,train
22440,train
22441,train
22442,train
22443,train
22444,test
22445,train
22446,train
22447,train
22448,test
22449,train
22450,train
22451,test
22452,train
22453,train
22454,train
22455,train
22456,train
22457,train
22458,train
22459,train
22460,train
22461,train
22462,train
22463,train
22464,train
22465,train
22466,train
22467,train
22468,test
22469,train
22470,train
22471,train
22472,test
22473,train
22474,train
22475,train
22476,test
22477,test
22478,train
22479,test
22480,train
22481,test
22482,train
22483,test
22484,train
22485,train
22486,train
22487,train
22488,train
22489,train
22490,test
22491,train
22492,test
22493,train
22494,train
22495,train
22496,train
22497,train
22498,train
22499,train
22500,test
22501,train
22502,train
22503,train
22504,train
22505,train
22506,test
22507,train
22508,test
22509,train
22510,test
22511,train
22512,train
22513,train
22514,train
22515,train
22516,test
22517,train
22518,train
22519,train
22520,train
22521,train
22522,train
22523,train
22524,train
22525,test
22526,test
22527,train
22528,train
22529,train
22530,train
22531,test
22532,train
22533,train
22534,train
22535,train
22536,train
22537,train
22538,test
22539,test
22540,train
22541,train
22542,train
22543,train
22544,train
22545,train
22546,train
22547,train
22548,train
22549,test
22550,train
22551,train
22552,train
22553,train
22554,train
22555,train
22556,test
22557,test
22558,train
22559,test
22560,train
22561,train
22562,train
22563,train
22564,train
22565,test
22566,train
22567,train
22568,train
22569,test
22570,train
22571,test
22572,train
22573,train
22574,train
22575,train
22576,train
22577,train
22578,test
22579,train
22580,test
22581,train
22582,train
22583,train
22584,train
22585,train
22586,train
22587,test
22588,train
22589,test
22590,train
22591,train
22592,train
22593,train
22594,train
22595,train
22596,train
22597,train
22598,train
22599,train
22600,train
22601,train
22602,test
22603,train
22604,train
22605,train
22606,train
22607,train
22608,train
22609,train
22610,train
22611,test
22612,train
22613,train
22614,train
22615,train
22616,train
22617,test
22618,train
22619,train
22620,train
22621,train
22622,test
22623,test
22624,train
22625,train
22626,test
22627,test
22628,test
22629,test
22630,train
22631,train
22632,test
22633,train
22634,train
22635,test
22636,train
22637,train
22638,train
22639,train
22640,train
22641,train
22642,test
22643,train
22644,test
22645,train
22646,test
22647,train
22648,train
22649,train
22650,train
22651,train
22652,train
22653,train
22654,train
22655,train
22656,train
22657,train
22658,train
22659,train
22660,train
22661,train
22662,train
22663,test
22664,train
22665,train
22666,train
22667,train
22668,train
22669,train
22670,test
22671,train
22672,train
22673,test
22674,train
22675,test
22676,test
22677,train
22678,train
22679,train
22680,train
22681,train
22682,train
22683,train
22684,train
22685,train
22686,test
22687,train
22688,train
22689,train
22690,train
22691,train
22692,train
22693,test
22694,train
22695,train
22696,train
22697,train
22698,train
22699,train
22700,train
22701,train
22702,train
22703,train
22704,test
22705,train
22706,test
22707,train
22708,train
22709,test
22710,train
22711,train
22712,train
22713,train
22714,test
22715,train
22716,train
22717,train
22718,train
22719,train
22720,train
22721,train
22722,train
22723,train
22724,train
22725,train
22726,train
22727,train
22728,train
22729,train
22730,train
22731,train
22732,test
22733,test
22734,train
22735,train
22736,test
22737,train
22738,test
22739,train
22740,train
22741,train
22742,train
22743,train
22744,train
22745,test
22746,train
22747,train
22748,train
22749,train
22750,train
22751,train
22752,train
22753,train
22754,train
22755,train
22756,train
22757,test
22758,train
22759,train
22760,train
22761,train
22762,test
22763,train
22764,train
22765,train
22766,test
22767,test
22768,train
22769,train
22770,train
22771,train
22772,train
22773,train
22774,test
22775,train
22776,test
22777,train
22778,train
22779,train
22780,train
22781,train
22782,train
22783,test
22784,train
22785,train
22786,test
22787,train
22788,train
22789,train
22790,train
22791,train
22792,train
22793,train
22794,train
22795,train
22796,test
22797,test
22798,train
22799,train
22800,train
22801,train
22802,train
22803,test
22804,train
22805,train
22806,train
22807,train
22808,train
22809,train
22810,train
22811,train
22812,train
22813,train
22814,train
22815,train
22816,train
22817,train
22818,train
22819,train
22820,train
22821,train
22822,train
22823,train
22824,test
22825,test
22826,train
22827,train
22828,train
22829,train
22830,test
22831,test
22832,train
22833,train
22834,train
22835,train
22836,train
22837,train
22838,test
22839,train
22840,train
22841,train
22842,train
22843,train
22844,train
22845,train
22846,test
22847,train
22848,train
22849,test
22850,train
22851,train
22852,train
22853,train
22854,train
22855,train
22856,train
22857,train
22858,train
22859,train
22860,train
22861,train
22862,train
22863,train
22864,test
22865,train
22866,train
22867,train
22868,train
22869,train
22870,train
22871,train
22872,train
22873,train
22874,train
22875,train
22876,train
22877,test
22878,train
22879,train
22880,train
22881,test
22882,test
22883,train
22884,train
22885,train
22886,train
22887,train
22888,train
22889,test
22890,train
22891,train
22892,test
22893,train
22894,test
22895,train
22896,train
22897,train
22898,train
22899,train
22900,test
22901,test
22902,train
22903,train
22904,train
22905,train
22906,train
22907,train
22908,train
22909,train
22910,train
22911,train
22912,test
22913,train
22914,test
22915,train
22916,test
22917,train
22918,train
22919,test
22920,test
22921,train
22922,train
22923,test
22924,train
22925,train
22926,train
22927,train
22928,train
22929,train
22930,train
22931,test
22932,train
22933,train
22934,train
22935,test
22936,train
22937,train
22938,train
22939,train
22940,test
22941,train
22942,train
22943,train
22944,train
22945,test
22946,train
22947,train
22948,train
22949,train
22950,train
22951,train
22952,train
22953,train
22954,train
22955,train
22956,train
22957,train
22958,train
22959,train
22960,train
22961,train
22962,train
22963,train
22964,train
22965,train
22966,train
22967,train
22968,train
22969,train
22970,train
22971,train
22972,train
22973,train
22974,train
22975,train
22976,train
22977,train
22978,test
22979,train
22980,train
22981,train
22982,train
22983,test
22984,train
22985,train
22986,train
22987,train
22988,train
22989,train
22990,train
22991,test
22992,test
22993,train
22994,train
22995,train
22996,train
22997,train
22998,train
22999,train
23000,test
23001,train
23002,train
23003,train
23004,train
23005,train
23006,train
23007,train
23008,train
23009,test
23010,train
23011,train
23012,test
23013,train
23014,train
23015,train
23016,train
23017,train
23018,train
23019,train
23020,train
23021,train
23022,train
23023,test
23024,train
23025,train
23026,train
23027,train
23028,train
23029,train
23030,train
23031,train
23032,train
23033,train
23034,test
23035,train
23036,train
23037,test
23038,test
23039,train
23040,train
23041,train
23042,train
23043,train
23044,train
23045,test
23046,train
23047,train
23048,train
23049,test
23050,train
23051,test
23052,train
23053,train
23054,train
23055,train
23056,test
23057,train
23058,train
23059,train
23060,train
23061,test
23062,train
23063,train
23064,train
23065,train
23066,train
23067,test
23068,train
23069,test
23070,test
23071,test
23072,train
23073,train
23074,train
23075,train
23076,train
23077,train
23078,train
23079,train
23080,train
23081,train
23082,train
23083,train
23084,train
23085,train
23086,train
23087,train
23088,train
23089,train
23090,train
23091,train
23092,test
23093,test
23094,train
23095,train
23096,train
23097,train
23098,test
23099,test
23100,test
23101,train
23102,train
23103,train
23104,train
23105,train
23106,train
23107,test
23108,train
23109,train
23110,test
23111,test
23112,test
23113,train
23114,train
23115,train
23116,test
23117,train
23118,train
23119,train
23120,train
23121,train
23122,train
23123,train
23124,train
23125,train
23126,train
23127,train
23128,train
23129,test
23130,train
23131,train
23132,train
23133,train
23134,train
23135,test
23136,train
23137,test
23138,train
23139,train
23140,train
23141,train
23142,train
23143,train
23144,train
23145,test
23146,train
23147,train
23148,train
23149,train
23150,train
23151,train
23152,train
23153,train
23154,train
23155,test
23156,train
23157,train
23158,train
23159,train
23160,train
23161,train
23162,train
23163,train
23164,test
23165,train
23166,train
23167,train
23168,train
23169,train
23170,train
23171,test
23172,train
23173,train
23174,train
23175,train
23176,train
23177,train
23178,train
23179,train
23180,train
23181,train
23182,train
23183,train
23184,test
23185,train
23186,train
23187,train
23188,train
23189,train
23190,train
23191,train
23192,train
23193,train
23194,train
23195,train
23196,train
23197,train
23198,train
23199,train
23200,train
23201,test
23202,train
23203,test
23204,train
23205,test
23206,train
23207,train
23208,test
23209,train
23210,test
23211,train
23212,test
23213,train
23214,train
23215,test
23216,train
23217,train
23218,train
23219,test
23220,train
23221,train
23222,train
23223,train
23224,train
23225,train
23226,train
23227,train
23228,train
23229,train
23230,train
23231,train
23232,test
23233,train
23234,train
23235,train
23236,train
23237,test
23238,train
23239,train
23240,train
23241,train
23242,test
23243,train
23244,train
23245,train
23246,train
23247,train
23248,train
23249,test
23250,train
23251,train
23252,test
23253,train
23254,train
23255,train
23256,train
23257,test
23258,test
23259,train
23260,train
23261,train
23262,test
23263,train
23264,train
23265,train
23266,test
23267,train
23268,train
23269,train
23270,train
23271,train
23272,train
23273,train
23274,train
23275,train
23276,train
23277,train
23278,train
23279,train
23280,test
23281,train
23282,train
23283,test
23284,train
23285,train
23286,train
23287,train
23288,test
23289,train
23290,test
23291,train
23292,train
23293,train
23294,train
23295,train
23296,train
23297,train
23298,train
23299,test
23300,train
23301,train
23302,train
23303,train
23304,train
23305,train
23306,train
23307,train
23308,train
23309,train
23310,train
23311,train
23312,test
23313,train
23314,train
23315,train
23316,test
23317,train
23318,train
23319,train
23320,train
23321,train
23322,train
23323,train
23324,train
23325,train
23326,train
23327,test
23328,train
23329,train
23330,test
23331,test
23332,train
23333,train
23334,train
23335,test
23336,train
23337,train
23338,train
23339,train
23340,train
23341,train
23342,train
23343,test
23344,train
23345,train
23346,test
23347,test
23348,train
23349,train
23350,test
23351,train
23352,train
23353,train
23354,train
23355,train
23356,test
23357,test
23358,train
23359,test
23360,train
23361,train
23362,train
23363,train
23364,train
23365,train
23366,train
23367,train
23368,train
23369,train
23370,test
23371,train
23372,train
23373,test
23374,train
23375,train
23376,train
23377,test
23378,train
23379,test
23380,train
23381,test
23382,train
23383,test
23384,train
23385,train
23386,train
23387,train
23388,train
23389,train
23390,train
23391,test
23392,train
23393,train
23394,test
23395,train
23396,train
23397,train
23398,train
23399,train
23400,train
23401,train
23402,train
23403,train
23404,train
23405,train
23406,train
23407,train
23408,train
23409,train
23410,train
23411,test
23412,train
23413,train
23414,train
23415,train
23416,train
23417,train
23418,train
23419,train
23420,train
23421,train
23422,train
23423,train
23424,train
23425,test
23426,test
23427,train
23428,train
23429,train
23430,train
23431,train
23432,train
23433,train
23434,train
23435,test
23436,train
23437,train
23438,train
23439,test
23440,test
23441,test
23442,test
23443,train
23444,train
23445,train
23446,train
23447,train
23448,train
23449,train
23450,train
23451,train
23452,train
23453,train
23454,train
23455,train
23456,train
23457,train
23458,train
23459,train
23460,train
23461,train
23462,train
23463,train
23464,train
23465,train
23466,train
23467,test
23468,train
23469,test
23470,train
23471,train
23472,test
23473,train
23474,test
23475,train
23476,train
23477,test
23478,test
23479,train
23480,test
23481,train
23482,train
23483,train
23484,test
23485,train
23486,test
23487,train
23488,train
23489,train
23490,train
23491,train
23492,train
23493,test
23494,train
23495,train
23496,train
23497,test
23498,test
23499,train
23500,train
23501,train
23502,test
23503,test
23504,train
23505,test
23506,test
23507,test
23508,train
23509,train
23510,test
23511,train
23512,train
23513,test
23514,train
23515,train
23516,train
23517,train
23518,test
23519,train
23520,test
23521,train
23522,test
23523,train
23524,train
23525,train
23526,train
23527,train
23528,train
23529,train
23530,train
23531,train
23532,train
23533,train
23534,train
23535,train
23536,train
23537,train
23538,test
23539,test
23540,train
23541,train
23542,train
23543,test
23544,test
23545,test
23546,train
23547,train
23548,train
23549,train
23550,train
23551,train
23552,train
23553,train
23554,train
23555,train
23556,train
23557,test
23558,test
23559,test
23560,train
23561,train
23562,train
23563,train
23564,train
23565,test
23566,train
23567,train
23568,test
23569,test
23570,train
23571,train
23572,train
23573,train
23574,test
23575,train
23576,test
23577,train
23578,train
23579,train
23580,train
23581,train
23582,train
23583,train
23584,train
23585,train
23586,train
23587,train
23588,train
23589,train
23590,train
23591,train
23592,train
23593,train
23594,test
23595,train
23596,train
23597,train
23598,train
23599,train
23600,train
23601,train
23602,train
23603,train
23604,train
23605,train
23606,train
23607,test
23608,train
23609,test
23610,train
23611,train
23612,train
23613,train
23614,train
23615,train
23616,train
23617,train
23618,train
23619,train
23620,train
23621,train
23622,train
23623,train
23624,train
23625,train
23626,test
23627,train
23628,train
23629,train
23630,train
23631,test
23632,test
23633,train
23634,test
23635,train
23636,train
23637,train
23638,train
23639,test
23640,train
23641,train
23642,train
23643,train
23644,train
23645,train
23646,train
23647,train
23648,train
23649,train
23650,train
23651,test
23652,train
23653,train
23654,test
23655,test
23656,test
23657,train
23658,train
23659,test
23660,train
23661,test
23662,test
23663,test
23664,train
23665,train
23666,train
23667,train
23668,train
23669,train
23670,train
23671,train
23672,train
23673,test
23674,train
23675,train
23676,train
23677,train
23678,train
23679,train
23680,train
23681,train
23682,test
23683,test
23684,train
23685,test
23686,train
23687,train
23688,train
23689,train
23690,train
23691,train
23692,train
23693,train
23694,test
23695,train
23696,train
23697,test
23698,train
23699,train
23700,train
23701,train
23702,train
23703,train
23704,train
23705,train
23706,train
23707,train
23708,train
23709,train
23710,train
23711,test
23712,train
23713,train
23714,test
23715,train
23716,train
23717,train
23718,train
23719,train
23720,train
23721,train
23722,train
23723,train
23724,test
23725,train
23726,train
23727,train
23728,train
23729,test
23730,train
23731,train
23732,train
23733,train
23734,train
23735,train
23736,train
23737,train
23738,train
23739,train
23740,train
23741,train
23742,train
23743,train
23744,train
23745,train
23746,test
23747,train
23748,test
23749,train
23750,test
23751,train
23752,train
23753,test
23754,train
23755,train
23756,train
23757,train
23758,train
23759,test
23760,test
23761,train
23762,test
23763,train
23764,train
23765,train
23766,test
23767,train
23768,train
23769,train
23770,train
23771,train
23772,test
23773,train
23774,train
23775,train
23776,train
23777,train
23778,train
23779,train
23780,train
23781,train
23782,test
23783,test
23784,train
23785,train
23786,train
23787,test
23788,train
23789,train
23790,train
23791,train
23792,train
23793,test
23794,train
23795,test
23796,train
23797,test
23798,train
23799,train
23800,train
23801,train
23802,test
23803,train
23804,train
23805,train
23806,train
23807,test
23808,train
23809,train
23810,train
23811,train
23812,train
23813,train
23814,test
23815,train
23816,train
23817,test
23818,train
23819,train
23820,test
23821,train
23822,train
23823,train
23824,train
23825,train
23826,test
23827,train
23828,train
23829,test
23830,train
23831,train
23832,train
23833,train
23834,train
23835,train
23836,test
23837,train
23838,test
23839,test
23840,train
23841,train
23842,train
23843,train
23844,test
23845,train
23846,train
23847,test
23848,test
23849,test
23850,train
23851,train
23852,train
23853,train
23854,train
23855,train
23856,train
23857,train
23858,train
23859,test
23860,test
23861,test
23862,train
23863,train
23864,train
23865,train
23866,train
23867,test
23868,train
23869,test
23870,train
23871,train
23872,train
23873,train
23874,train
23875,train
23876,train
23877,train
23878,test
23879,test
23880,train
23881,train
23882,test
23883,train
23884,train
23885,train
23886,train
23887,train
23888,train
23889,train
23890,train
23891,train
23892,train
23893,train
23894,train
23895,train
23896,train
23897,train
23898,test
23899,train
23900,test
23901,train
23902,test
23903,train
23904,train
23905,train
23906,train
23907,test
23908,train
23909,test
23910,train
23911,test
23912,train
23913,train
23914,test
23915,train
23916,test
23917,train
23918,test
23919,train
23920,test
23921,train
23922,train
23923,train
23924,train
23925,test
23926,train
23927,train
23928,train
23929,train
23930,train
23931,train
23932,test
23933,train
23934,train
23935,train
23936,train
23937,train
23938,train
23939,train
23940,test
23941,train
23942,train
23943,train
23944,test
23945,train
23946,train
23947,train
23948,train
23949,train
23950,train
23951,train
23952,test
23953,train
23954,test
23955,train
23956,test
23957,train
23958,train
23959,train
23960,train
23961,test
23962,train
23963,train
23964,train
23965,train
23966,train
23967,test
23968,train
23969,train
23970,train
23971,train
23972,train
23973,train
23974,train
23975,train
23976,train
23977,test
23978,train
23979,train
23980,test
23981,train
23982,train
23983,train
23984,train
23985,train
23986,train
23987,train
23988,train
23989,train
23990,train
23991,train
23992,train
23993,train
23994,train
23995,train
23996,train
23997,train
23998,train
23999,train
24000,train
24001,train
24002,train
24003,train
24004,train
24005,train
24006,test
24007,train
24008,train
24009,train
24010,train
24011,train
24012,train
24013,train
24014,train
24015,train
24016,train
24017,train
24018,train
24019,train
24020,train
24021,train
24022,train
24023,train
24024,train
24025,test
24026,train
24027,train
24028,test
24029,train
24030,train
24031,train
24032,train
24033,train
24034,train
24035,test
24036,train
24037,train
24038,train
24039,test
24040,train
24041,train
24042,train
24043,train
24044,test
24045,test
24046,train
24047,train
24048,test
24049,train
24050,train
24051,train
24052,train
24053,train
24054,train
24055,train
24056,test
24057,train
24058,train
24059,train
24060,test
24061,train
24062,test
24063,train
24064,train
24065,train
24066,train
24067,train
24068,train
24069,train
24070,train
24071,test
24072,train
24073,train
24074,train
24075,train
24076,train
24077,train
24078,train
24079,test
24080,train
24081,train
24082,train
24083,train
24084,test
24085,train
24086,train
24087,test
24088,train
24089,train
24090,train
24091,test
24092,train
24093,test
24094,test
24095,train
24096,train
24097,train
24098,train
24099,train
24100,train
24101,train
24102,train
24103,train
24104,train
24105,train
24106,train
24107,train
24108,test
24109,train
24110,train
24111,train
24112,test
24113,train
24114,test
24115,train
24116,train
24117,train
24118,test
24119,train
24120,test
24121,train
24122,test
24123,train
24124,test
24125,train
24126,test
24127,train
24128,train
24129,train
24130,test
24131,train
24132,train
24133,test
24134,test
24135,train
24136,test
24137,train
24138,train
24139,train
24140,test
24141,train
24142,train
24143,train
24144,train
24145,train
24146,test
24147,train
24148,train
24149,train
24150,train
24151,train
24152,train
24153,test
24154,train
24155,test
24156,train
24157,train
24158,test
24159,train
24160,train
24161,train
24162,test
24163,train
24164,test
24165,test
24166,train
24167,train
24168,train
24169,test
24170,train
24171,train
24172,train
24173,train
24174,train
24175,test
24176,train
24177,train
24178,train
24179,train
24180,train
24181,train
24182,train
24183,train
24184,test
24185,train
24186,train
24187,train
24188,test
24189,train
24190,train
24191,train
24192,train
24193,train
24194,train
24195,train
24196,train
24197,test
24198,train
24199,test
24200,train
24201,train
24202,test
24203,train
24204,train
24205,train
24206,train
24207,test
24208,train
24209,test
24210,train
24211,train
24212,train
24213,train
24214,train
24215,test
24216,train
24217,train
24218,train
24219,train
24220,train
24221,train
24222,train
24223,train
24224,test
24225,train
24226,train
24227,test
24228,train
24229,train
24230,train
24231,train
24232,test
24233,train
24234,train
24235,train
24236,test
24237,train
24238,train
24239,train
24240,test
24241,test
24242,train
24243,train
24244,train
24245,train
24246,train
24247,train
24248,train
24249,test
24250,train
24251,train
24252,train
24253,train
24254,train
24255,train
24256,test
24257,train
24258,train
24259,test
24260,train
24261,train
24262,train
24263,train
24264,test
24265,train
24266,test
24267,test
24268,test
24269,train
24270,train
24271,train
24272,test
24273,test
24274,train
24275,train
24276,train
24277,train
24278,train
24279,test
24280,train
24281,train
24282,train
24283,train
24284,train
24285,train
24286,train
24287,test
24288,train
24289,train
24290,test
24291,train
24292,test
24293,train
24294,train
24295,train
24296,test
24297,train
24298,train
24299,train
24300,train
24301,test
24302,train
24303,train
24304,train
24305,test
24306,train
24307,train
24308,train
24309,train
24310,train
24311,test
24312,train
24313,test
24314,train
24315,train
24316,train
24317,train
24318,train
24319,train
24320,train
24321,train
24322,train
24323,train
24324,test
24325,train
24326,train
24327,train
24328,train
24329,train
24330,train
24331,train
24332,train
24333,train
24334,train
24335,train
24336,train
24337,train
24338,train
24339,train
24340,test
24341,test
24342,train
24343,train
24344,train
24345,train
24346,test
24347,train
24348,train
24349,test
24350,test
24351,train
24352,train
24353,test
24354,train
24355,train
24356,train
24357,train
24358,test
24359,train
24360,test
24361,train
24362,train
24363,train
24364,train
24365,train
24366,train
24367,train
24368,train
24369,test
24370,train
24371,train
24372,train
24373,train
24374,train
24375,train
24376,train
24377,train
24378,train
24379,train
24380,test
24381,train
24382,train
24383,test
24384,train
24385,train
24386,train
24387,train
24388,train
24389,train
24390,train
24391,train
24392,train
24393,train
24394,train
24395,train
24396,train
24397,test
24398,train
24399,train
24400,train
24401,train
24402,train
24403,train
24404,train
24405,train
24406,train
24407,train
24408,test
24409,train
24410,train
24411,train
24412,train
24413,train
24414,train
24415,test
24416,train
24417,train
24418,test
24419,train
24420,test
24421,train
24422,train
24423,train
24424,train
24425,test
24426,train
24427,train
24428,train
24429,train
24430,train
24431,train
24432,train
24433,train
24434,train
24435,train
24436,train
24437,train
24438,train
24439,train
24440,train
24441,train
24442,train
24443,train
24444,train
24445,train
24446,train
24447,train
24448,train
24449,train
24450,train
24451,train
24452,train
24453,train
24454,test
24455,train
24456,train
24457,train
24458,train
24459,train
24460,train
24461,train
24462,test
24463,train
24464,train
24465,train
24466,train
24467,train
24468,train
24469,train
24470,train
24471,train
24472,train
24473,train
24474,train
24475,train
24476,train
24477,test
24478,train
24479,train
24480,test
24481,train
24482,train
24483,test
24484,train
24485,test
24486,test
24487,train
24488,train
24489,train
24490,train
24491,train
24492,train
24493,test
24494,train
24495,test
24496,train
24497,train
24498,train
24499,train
24500,train
24501,train
24502,train
24503,train
24504,test
24505,train
24506,train
24507,train
24508,train
24509,train
24510,train
24511,train
24512,train
24513,train
24514,train
24515,train
24516,train
24517,train
24518,test
24519,test
24520,train
24521,test
24522,train
24523,train
24524,train
24525,train
24526,train
24527,train
24528,train
24529,train
24530,train
24531,train
24532,train
24533,train
24534,train
24535,train
24536,train
24537,train
24538,train
24539,train
24540,train
24541,train
24542,train
24543,train
24544,train
24545,train
24546,train
24547,train
24548,train
24549,train
24550,train
24551,test
24552,test
24553,train
24554,train
24555,train
24556,train
24557,test
24558,train
24559,test
24560,train
24561,train
24562,train
24563,train
24564,train
24565,test
24566,train
24567,train
24568,train
24569,train
24570,test
24571,train
24572,train
24573,test
24574,train
24575,test
24576,train
24577,train
24578,train
24579,train
24580,train
24581,train
24582,train
24583,train
24584,test
24585,train
24586,train
24587,train
24588,train
24589,train
24590,train
24591,train
24592,train
24593,train
24594,train
24595,test
24596,train
24597,train
24598,test
24599,train
24600,train
24601,test
24602,train
24603,train
24604,test
24605,train
24606,test
24607,train
24608,train
24609,train
24610,test
24611,train
24612,train
24613,train
24614,train
24615,train
24616,train
24617,train
24618,train
24619,test
24620,train
24621,train
24622,train
24623,train
24624,test
24625,train
24626,train
24627,train
24628,train
24629,train
24630,test
24631,train
24632,train
24633,train
24634,train
24635,train
24636,test
24637,train
24638,test
24639,test
24640,train
24641,train
24642,test
24643,train
24644,train
24645,train
24646,train
24647,train
24648,train
24649,train
24650,train
24651,train
24652,test
24653,train
24654,train
24655,train
24656,test
24657,train
24658,train
24659,train
24660,train
24661,train
24662,test
24663,test
24664,train
24665,train
24666,train
24667,train
24668,train
24669,train
24670,train
24671,test
24672,train
24673,train
24674,train
24675,train
24676,train
24677,test
24678,test
24679,test
24680,train
24681,test
24682,train
24683,test
24684,test
24685,train
24686,train
24687,test
24688,train
24689,train
24690,train
24691,test
24692,train
24693,train
24694,train
24695,train
24696,train
24697,test
24698,test
24699,train
24700,train
24701,test
24702,train
24703,train
24704,train
24705,train
24706,train
24707,train
24708,test
24709,train
24710,train
24711,train
24712,train
24713,train
24714,train
24715,train
24716,train
24717,train
24718,train
24719,train
24720,train
24721,train
24722,train
24723,train
24724,train
24725,train
24726,train
24727,train
24728,train
24729,train
24730,test
24731,train
24732,train
24733,train
24734,train
24735,train
24736,train
24737,train
24738,train
24739,train
24740,train
24741,test
24742,train
24743,train
24744,train
24745,test
24746,train
24747,train
24748,train
24749,train
24750,test
24751,train
24752,train
24753,train
24754,train
24755,test
24756,train
24757,train
24758,test
24759,train
24760,train
24761,train
24762,train
24763,train
24764,test
24765,train
24766,train
24767,train
24768,test
24769,train
24770,train
24771,test
24772,train
24773,test
24774,train
24775,train
24776,train
24777,train
24778,train
24779,train
24780,test
24781,train
24782,train
24783,train
24784,test
24785,train
24786,train
24787,test
24788,train
24789,test
24790,train
24791,test
24792,train
24793,train
24794,train
24795,test
24796,train
24797,test
24798,train
24799,train
24800,train
24801,train
24802,train
24803,train
24804,train
24805,train
24806,train
24807,test
24808,train
24809,test
24810,test
24811,train
24812,train
24813,train
24814,train
24815,train
24816,train
24817,train
24818,train
24819,train
24820,train
24821,train
24822,train
24823,train
24824,train
24825,train
24826,train
24827,train
24828,train
24829,train
24830,train
24831,train
24832,test
24833,train
24834,train
24835,train
24836,train
24837,train
24838,train
24839,train
24840,test
24841,test
24842,train
24843,train
24844,train
24845,train
24846,train
24847,train
24848,test
24849,train
24850,train
24851,train
24852,train
24853,train
24854,test
24855,train
24856,train
24857,train
24858,train
24859,train
24860,test
24861,train
24862,train
24863,train
24864,train
24865,test
24866,test
24867,train
24868,train
24869,train
24870,test
24871,train
24872,test
24873,train
24874,train
24875,train
24876,train
24877,train
24878,test
24879,train
24880,test
24881,train
24882,train
24883,test
24884,test
24885,train
24886,train
24887,test
24888,test
24889,train
24890,train
24891,train
24892,train
24893,train
24894,train
24895,train
24896,train
24897,train
24898,train
24899,train
24900,train
24901,train
24902,train
24903,train
24904,train
24905,train
24906,test
24907,train
24908,train
24909,train
24910,train
24911,test
24912,train
24913,train
24914,test
24915,train
24916,train
24917,test
24918,train
24919,train
24920,test
24921,test
24922,train
24923,test
24924,train
24925,train
24926,train
24927,train
24928,test
24929,train
24930,train
24931,test
24932,train
24933,train
24934,train
24935,train
24936,test
24937,test
24938,test
24939,test
24940,train
24941,train
24942,train
24943,train
24944,train
24945,train
24946,train
24947,train
24948,train
24949,train
24950,train
24951,train
24952,train
24953,train
24954,train
24955,train
24956,test
24957,train
24958,train
24959,train
24960,train
24961,train
24962,train
24963,test
24964,train
24965,train
24966,train
24967,train
24968,train
24969,train
24970,train
24971,train
24972,test
24973,train
24974,train
24975,train
24976,train
24977,test
24978,train
24979,train
24980,train
24981,train
24982,train
24983,train
24984,train
24985,train
24986,test
24987,train
24988,train
24989,train
24990,train
24991,train
24992,train
24993,train
24994,train
24995,train
24996,train
24997,test
24998,train
24999,train
25000,train
25001,train
25002,train
25003,train
25004,train
25005,test
25006,train
25007,train
25008,train
25009,train
25010,train
25011,test
25012,train
25013,train
25014,train
25015,train
25016,train
25017,train
25018,train
25019,test
25020,test
25021,test
25022,train
25023,test
25024,train
25025,test
25026,test
25027,train
25028,test
25029,train
25030,train
25031,train
25032,train
25033,train
25034,test
25035,train
25036,test
25037,train
25038,train
25039,train
25040,train
25041,test
25042,train
25043,train
25044,train
25045,train
25046,train
25047,train
25048,train
25049,train
25050,train
25051,train
25052,train
25053,train
25054,train
25055,test
25056,train
25057,train
25058,train
25059,train
25060,train
25061,train
25062,train
25063,train
25064,train
25065,train
25066,train
25067,train
25068,test
25069,test
25070,test
25071,train
25072,train
25073,train
25074,train
25075,train
25076,train
25077,train
25078,train
25079,train
25080,train
25081,train
25082,test
25083,train
25084,test
25085,train
25086,test
25087,train
25088,test
25089,train
25090,train
25091,train
25092,train
25093,train
25094,train
25095,train
25096,train
25097,train
25098,train
25099,train
25100,train
25101,test
25102,train
25103,train
25104,train
25105,test
25106,train
25107,train
25108,test
25109,train
25110,train
25111,train
25112,train
25113,train
25114,train
25115,train
25116,train
25117,test
25118,train
25119,train
25120,train
25121,train
25122,train
25123,train
25124,test
25125,train
25126,train
25127,train
25128,train
25129,train
25130,train
25131,train
25132,test
25133,train
25134,train
25135,train
25136,test
25137,train
25138,train
25139,train
25140,test
25141,train
25142,test
25143,train
25144,test
25145,test
25146,train
25147,train
25148,train
25149,test
25150,test
25151,train
25152,train
25153,train
25154,train
25155,train
25156,train
25157,train
25158,train
25159,train
25160,train
25161,train
25162,train
25163,train
25164,train
25165,train
25166,train
25167,test
25168,train
25169,train
25170,train
25171,train
25172,test
25173,test
25174,train
25175,train
25176,train
25177,train
25178,train
25179,train
25180,train
25181,train
25182,train
25183,train
25184,train
25185,test
25186,train
25187,train
25188,train
25189,train
25190,train
25191,train
25192,train
25193,train
25194,train
25195,train
25196,test
25197,train
25198,train
25199,test
25200,train
25201,train
25202,train
25203,train
25204,train
25205,train
25206,train
25207,train
25208,train
25209,test
25210,train
25211,train
25212,train
25213,test
25214,test
25215,train
25216,train
25217,test
25218,train
25219,train
25220,train
25221,train
25222,train
25223,train
25224,train
25225,train
25226,test
25227,train
25228,train
25229,train
25230,train
25231,train
25232,train
25233,test
25234,train
25235,train
25236,train
25237,train
25238,train
25239,train
25240,train
25241,train
25242,train
25243,train
25244,train
25245,train
25246,train
25247,train
25248,train
25249,train
25250,train
25251,test
25252,train
25253,train
25254,train
25255,train
25256,test
25257,train
25258,train
25259,train
25260,train
25261,train
25262,train
25263,train
25264,train
25265,train
25266,train
25267,train
25268,train
25269,test
25270,train
25271,test
25272,train
25273,test
25274,test
25275,train
25276,train
25277,train
25278,train
25279,train
25280,train
25281,train
25282,train
25283,train
25284,test
25285,train
25286,test
25287,train
25288,train
25289,test
25290,test
25291,train
25292,train
25293,train
25294,test
25295,test
25296,train
25297,train
25298,train
25299,train
25300,train
25301,train
25302,train
25303,train
25304,train
25305,train
25306,test
25307,train
25308,train
25309,test
25310,train
25311,test
25312,train
25313,train
25314,train
25315,test
25316,train
25317,test
25318,train
25319,train
25320,train
25321,train
25322,train
25323,train
25324,test
25325,train
25326,train
25327,train
25328,train
25329,test
25330,train
25331,train
25332,train
25333,train
25334,train
25335,train
25336,train
25337,train
25338,train
25339,test
25340,train
25341,test
25342,train
25343,train
25344,test
25345,train
25346,train
25347,train
25348,test
25349,test
25350,train
25351,test
25352,train
25353,test
25354,train
25355,train
25356,test
25357,train
25358,train
25359,test
25360,train
25361,train
25362,train
25363,test
25364,train
25365,train
25366,train
25367,train
25368,train
25369,train
25370,train
25371,train
25372,train
25373,train
25374,train
25375,train
25376,train
25377,train
25378,train
25379,train
25380,train
25381,train
25382,train
25383,train
25384,train
25385,train
25386,test
25387,test
25388,train
25389,train
25390,train
25391,train
25392,train
25393,train
25394,train
25395,test
25396,test
25397,test
25398,train
25399,train
25400,test
25401,train
25402,train
25403,train
25404,train
25405,train
25406,test
25407,train
25408,test
25409,train
25410,train
25411,train
25412,train
25413,train
25414,train
25415,train
25416,train
25417,test
25418,test
25419,test
25420,train
25421,train
25422,train
25423,test
25424,train
25425,train
25426,train
25427,train
25428,train
25429,test
25430,train
25431,train
25432,train
25433,train
25434,train
25435,train
25436,train
25437,test
25438,train
25439,train
25440,train
25441,train
25442,train
25443,train
25444,train
25445,test
25446,test
25447,train
25448,test
25449,train
25450,train
25451,train
25452,train
25453,train
25454,test
25455,train
25456,test
25457,train
25458,train
25459,train
25460,train
25461,train
25462,train
25463,train
25464,train
25465,train
25466,train
25467,train
25468,train
25469,train
25470,train
25471,test
25472,train
25473,train
25474,train
25475,train
25476,test
25477,train
25478,train
25479,train
25480,train
25481,train
25482,train
25483,train
25484,train
25485,train
25486,train
25487,train
25488,train
25489,train
25490,train
25491,test
25492,train
25493,train
25494,test
25495,train
25496,test
25497,train
25498,train
25499,test
25500,train
25501,test
25502,train
25503,train
25504,train
25505,test
25506,train
25507,test
25508,test
25509,train
25510,train
25511,train
25512,test
25513,test
25514,train
25515,train
25516,test
25517,train
25518,train
25519,train
25520,train
25521,test
25522,train
25523,test
25524,train
25525,train
25526,train
25527,test
25528,train
25529,test
25530,train
25531,train
25532,train
25533,train
25534,test
25535,train
25536,train
25537,test
25538,train
25539,train
25540,train
25541,train
25542,train
25543,train
25544,train
25545,train
25546,train
25547,train
25548,test
25549,train
25550,train
25551,train
25552,train
25553,test
25554,train
25555,test
25556,test
25557,train
25558,test
25559,train
25560,train
25561,test
25562,train
25563,train
25564,train
25565,train
25566,train
25567,train
25568,train
25569,train
25570,train
25571,train
25572,train
25573,test
25574,train
25575,train
25576,train
25577,train
25578,train
25579,train
25580,train
25581,train
25582,train
25583,test
25584,test
25585,train
25586,train
25587,train
25588,train
25589,train
25590,train
25591,train
25592,train
25593,train
25594,train
25595,test
25596,train
25597,train
25598,train
25599,test
25600,train
25601,train
25602,train
25603,train
25604,train
25605,train
25606,test
25607,train
25608,train
25609,train
25610,train
25611,train
25612,train
25613,test
25614,train
25615,train
25616,train
25617,train
25618,train
25619,train
25620,train
25621,train
25622,test
25623,train
25624,test
25625,train
25626,train
25627,train
25628,train
25629,test
25630,train
25631,test
25632,train
25633,train
25634,test
25635,train
25636,train
25637,train
25638,train
25639,train
25640,test
25641,train
25642,train
25643,train
25644,train
25645,train
25646,test
25647,train
25648,train
25649,train
25650,train
25651,train
25652,train
25653,train
25654,train
25655,train
25656,test
25657,train
25658,train
25659,train
25660,train
25661,train
25662,train
25663,train
25664,train
25665,train
25666,train
25667,train
25668,test
25669,test
25670,test
25671,test
25672,train
25673,test
25674,train
25675,train
25676,train
25677,train
25678,train
25679,train
25680,train
25681,test
25682,train
25683,train
25684,test
25685,test
25686,train
25687,train
25688,train
25689,train
25690,train
25691,train
25692,train
25693,train
25694,train
25695,test
25696,train
25697,train
25698,train
25699,train
25700,test
25701,train
25702,train
25703,train
25704,test
25705,train
25706,train
25707,train
25708,train
25709,test
25710,train
25711,test
25712,train
25713,test
25714,test
25715,train
25716,train
25717,train
25718,train
25719,train
25720,train
25721,train
25722,train
25723,test
25724,train
25725,train
25726,train
25727,train
25728,train
25729,train
25730,train
25731,train
25732,train
25733,test
25734,train
25735,train
25736,train
25737,train
25738,train
25739,train
25740,train
25741,train
25742,train
25743,train
25744,train
25745,test
25746,train
25747,train
25748,train
25749,train
25750,train
25751,train
25752,train
25753,train
25754,train
25755,train
25756,train
25757,test
25758,train
25759,train
25760,train
25761,train
25762,train
25763,test
25764,train
25765,train
25766,train
25767,train
25768,train
25769,train
25770,train
25771,train
25772,test
25773,train
25774,train
25775,train
25776,test
25777,test
25778,train
25779,train
25780,train
25781,train
25782,train
25783,test
25784,train
25785,train
25786,train
25787,train
25788,test
25789,train
25790,train
25791,train
25792,test
25793,test
25794,test
25795,test
25796,test
25797,train
25798,train
25799,train
25800,train
25801,train
25802,train
25803,train
25804,train
25805,train
25806,train
25807,train
25808,train
25809,train
25810,train
25811,train
25812,train
25813,train
25814,train
25815,train
25816,train
25817,train
25818,train
25819,train
25820,train
25821,train
25822,train
25823,train
25824,test
25825,train
25826,train
25827,train
25828,train
25829,train
25830,train
25831,train
25832,train
25833,test
25834,train
25835,train
25836,test
25837,train
25838,test
25839,test
25840,train
25841,train
25842,train
25843,train
25844,train
25845,train
25846,test
25847,train
25848,train
25849,train
25850,train
25851,train
25852,train
25853,train
25854,train
25855,train
25856,train
25857,train
25858,train
25859,train
25860,test
25861,train
25862,test
25863,test
25864,train
25865,train
25866,train
25867,test
25868,train
25869,test
25870,test
25871,train
25872,train
25873,test
25874,test
25875,train
25876,train
25877,test
25878,test
25879,train
25880,test
25881,train
25882,train
25883,test
25884,train
25885,train
25886,train
25887,train
25888,train
25889,test
25890,test
25891,train
25892,train
25893,test
25894,test
25895,test
25896,train
25897,train
25898,train
25899,train
25900,train
25901,train
25902,train
25903,train
25904,test
25905,test
25906,train
25907,train
25908,test
25909,test
25910,train
25911,train
25912,train
25913,train
25914,train
25915,train
25916,train
25917,train
25918,train
25919,train
25920,train
25921,test
25922,train
25923,train
25924,train
25925,train
25926,train
25927,test
25928,train
25929,train
25930,train
25931,train
25932,train
25933,train
25934,train
25935,train
25936,train
25937,train
25938,train
25939,train
25940,train
25941,test
25942,test
25943,train
25944,train
25945,test
25946,train
25947,train
25948,train
25949,train
25950,test
25951,train
25952,train
25953,train
25954,train
25955,train
25956,train
25957,train
25958,train
25959,train
25960,train
25961,train
25962,test
25963,train
25964,train
25965,train
25966,train
25967,train
25968,train
25969,train
25970,test
25971,train
25972,train
25973,train
25974,train
25975,train
25976,train
25977,train
25978,train
25979,train
25980,train
25981,train
25982,train
25983,train
25984,train
25985,train
25986,train
25987,train
25988,test
25989,train
25990,train
25991,train
25992,train
25993,test
25994,train
25995,train
25996,train
25997,train
25998,test
25999,train
26000,test
26001,train
26002,train
26003,test
26004,train
26005,train
26006,test
26007,train
26008,train
26009,train
26010,train
26011,train
26012,train
26013,train
26014,test
26015,test
26016,train
26017,train
26018,train
26019,train
26020,train
26021,train
26022,train
26023,train
26024,train
26025,train
26026,test
26027,train
26028,train
26029,train
26030,train
26031,train
26032,train
26033,train
26034,train
26035,train
26036,test
26037,test
26038,train
26039,train
26040,train
26041,train
26042,train
26043,train
26044,train
26045,train
26046,train
26047,train
26048,test
26049,train
26050,test
26051,train
26052,train
26053,train
26054,train
26055,train
26056,test
26057,test
26058,train
26059,train
26060,train
26061,train
26062,train
26063,train
26064,test
26065,train
26066,train
26067,train
26068,train
26069,train
26070,train
26071,test
26072,train
26073,train
26074,train
26075,train
26076,train
26077,train
26078,train
26079,train
26080,train
26081,train
26082,train
26083,test
26084,train
26085,test
26086,train
26087,test
26088,train
26089,train
26090,train
26091,train
26092,train
26093,train
26094,train
26095,test
26096,test
26097,train
26098,train
26099,train
26100,test
26101,train
26102,train
26103,train
26104,train
26105,train
26106,train
26107,train
26108,train
26109,train
26110,train
26111,train
26112,train
26113,train
26114,train
26115,train
26116,train
26117,test
26118,train
26119,train
26120,train
26121,train
26122,train
26123,train
26124,train
26125,train
26126,test
26127,train
26128,train
26129,test
26130,train
26131,test
26132,test
26133,train
26134,train
26135,train
26136,test
26137,train
26138,train
26139,train
26140,test
26141,train
26142,train
26143,train
26144,train
26145,train
26146,train
26147,train
26148,train
26149,train
26150,train
26151,test
26152,train
26153,train
26154,train
26155,train
26156,test
26157,train
26158,test
26159,train
26160,train
26161,test
26162,train
26163,train
26164,train
26165,train
26166,test
26167,test
26168,train
26169,train
26170,train
26171,train
26172,train
26173,train
26174,train
26175,train
26176,train
26177,test
26178,train
26179,test
26180,train
26181,test
26182,train
26183,train
26184,train
26185,train
26186,test
26187,test
26188,train
26189,train
26190,train
26191,test
26192,train
26193,train
26194,train
26195,train
26196,train
26197,test
26198,train
26199,train
26200,test
26201,train
26202,train
26203,test
26204,train
26205,train
26206,train
26207,train
26208,train
26209,train
26210,train
26211,train
26212,train
26213,train
26214,train
26215,train
26216,train
26217,train
26218,train
26219,train
26220,test
26221,train
26222,train
26223,train
26224,train
26225,train
26226,train
26227,train
26228,train
26229,train
26230,test
26231,train
26232,train
26233,train
26234,train
26235,train
26236,test
26237,train
26238,train
26239,train
26240,train
26241,test
26242,train
26243,train
26244,test
26245,train
26246,train
26247,train
26248,test
26249,train
26250,train
26251,train
26252,train
26253,test
26254,train
26255,train
26256,train
26257,train
26258,train
26259,train
26260,train
26261,train
26262,train
26263,train
26264,train
26265,train
26266,train
26267,test
26268,train
26269,train
26270,train
26271,train
26272,train
26273,train
26274,train
26275,train
26276,test
26277,test
26278,train
26279,train
26280,train
26281,test
26282,train
26283,train
26284,train
26285,test
26286,train
26287,train
26288,train
26289,train
26290,train
26291,train
26292,train
26293,train
26294,test
26295,train
26296,train
26297,train
26298,train
26299,test
26300,train
26301,train
26302,train
26303,test
26304,train
26305,train
26306,train
26307,train
26308,train
26309,train
26310,train
26311,train
26312,test
26313,train
26314,train
26315,train
26316,train
26317,train
26318,train
26319,train
26320,train
26321,train
26322,test
26323,train
26324,test
26325,train
26326,test
26327,train
26328,train
26329,train
26330,train
26331,train
26332,train
26333,train
26334,train
26335,train
26336,train
26337,train
26338,train
26339,test
26340,train
26341,train
26342,train
26343,train
26344,train
26345,train
26346,test
26347,train
26348,test
26349,test
26350,train
26351,train
26352,train
26353,train
26354,train
26355,train
26356,train
26357,test
26358,train
26359,train
26360,train
26361,train
26362,test
26363,train
26364,test
26365,train
26366,train
26367,train
26368,train
26369,train
26370,train
26371,test
26372,test
26373,train
26374,test
26375,train
26376,train
26377,train
26378,train
26379,train
26380,test
26381,train
26382,train
26383,train
26384,train
26385,train
26386,train
26387,test
26388,test
26389,train
26390,train
26391,train
26392,test
26393,test
26394,train
26395,train
26396,train
26397,train
26398,train
26399,train
26400,train
26401,train
26402,train
26403,train
26404,train
26405,train
26406,train
26407,train
26408,train
26409,train
26410,train
26411,train
26412,train
26413,train
26414,train
26415,test
26416,train
26417,train
26418,test
26419,train
26420,train
26421,test
26422,train
26423,train
26424,train
26425,train
26426,train
26427,train
26428,test
26429,test
26430,train
26431,train
26432,train
26433,train
26434,train
26435,train
26436,train
26437,train
26438,train
26439,train
26440,test
26441,train
26442,test
26443,train
26444,train
26445,train
26446,train
26447,train
26448,train
26449,train
26450,train
26451,test
26452,train
26453,train
26454,test
26455,train
26456,train
26457,train
26458,train
26459,train
26460,train
26461,test
26462,train
26463,train
26464,train
26465,test
26466,test
26467,train
26468,test
26469,train
26470,train
26471,test
26472,test
26473,train
26474,train
26475,train
26476,train
26477,train
26478,train
26479,train
26480,train
26481,test
26482,train
26483,train
26484,train
26485,train
26486,train
26487,test
26488,train
26489,train
26490,test
26491,train
26492,train
26493,train
26494,test
26495,train
26496,train
26497,train
26498,train
26499,train
26500,train
26501,test
26502,test
26503,train
26504,train
26505,train
26506,train
26507,train
26508,train
26509,test
26510,train
26511,train
26512,train
26513,train
26514,train
26515,test
26516,test
26517,train
26518,train
26519,test
26520,train
26521,train
26522,train
26523,train
26524,train
26525,train
26526,test
26527,test
26528,train
26529,train
26530,train
26531,train
26532,train
26533,train
26534,train
26535,train
26536,test
26537,test
26538,train
26539,train
26540,train
26541,train
26542,train
26543,train
26544,test
26545,train
26546,train
26547,train
26548,train
26549,train
26550,train
26551,test
26552,test
26553,train
26554,train
26555,train
26556,train
26557,train
26558,train
26559,train
26560,train
26561,test
26562,train
26563,train
26564,train
26565,train
26566,train
26567,test
26568,train
26569,train
26570,train
26571,train
26572,test
26573,train
26574,train
26575,train
26576,test
26577,train
26578,train
26579,test
26580,train
26581,train
26582,train
26583,train
26584,train
26585,train
26586,train
26587,train
26588,test
26589,train
26590,train
26591,train
26592,train
26593,train
26594,train
26595,train
26596,train
26597,train
26598,train
26599,train
26600,train
26601,train
26602,test
26603,train
26604,train
26605,train
26606,train
26607,test
26608,train
26609,test
26610,train
26611,train
26612,train
26613,train
26614,train
26615,train
26616,test
26617,train
26618,train
26619,train
26620,test
26621,train
26622,train
26623,train
26624,test
26625,train
26626,train
26627,train
26628,train
26629,train
26630,test
26631,train
26632,train
26633,test
26634,test
26635,train
26636,train
26637,train
26638,train
26639,train
26640,test
26641,train
26642,train
26643,train
26644,train
26645,train
26646,test
26647,test
26648,train
26649,train
26650,train
26651,train
26652,train
26653,train
26654,test
26655,test
26656,train
26657,train
26658,train
26659,train
26660,train
26661,train
26662,train
26663,train
26664,train
26665,train
26666,train
26667,train
26668,train
26669,train
26670,train
26671,train
26672,train
26673,train
26674,train
26675,train
26676,train
26677,train
26678,train
26679,train
26680,train
26681,train
26682,train
26683,train
26684,train
26685,train
26686,test
26687,train
26688,test
26689,test
26690,train
26691,train
26692,train
26693,train
26694,train
26695,train
26696,test
26697,train
26698,train
26699,train
26700,train
26701,train
26702,train
26703,train
26704,test
26705,test
26706,train
26707,train
26708,train
26709,train
26710,train
26711,train
26712,train
26713,train
26714,train
26715,train
26716,train
26717,train
26718,train
26719,train
26720,train
26721,train
26722,train
26723,train
26724,test
26725,train
26726,train
26727,train
26728,train
26729,train
26730,train
26731,train
26732,train
26733,train
26734,train
26735,train
26736,test
26737,test
26738,train
26739,train
26740,train
26741,test
26742,train
26743,train
26744,train
26745,train
26746,train
26747,train
26748,train
26749,test
26750,train
26751,train
26752,test
26753,train
26754,train
26755,train
26756,train
26757,train
26758,train
26759,train
26760,train
26761,train
26762,train
26763,train
26764,test
26765,train
26766,train
26767,test
26768,train
26769,train
26770,train
26771,train
26772,test
26773,train
26774,train
26775,train
26776,train
26777,train
26778,train
26779,test
26780,train
26781,train
26782,train
26783,train
26784,train
26785,test
26786,train
26787,train
26788,train
26789,train
26790,train
26791,train
26792,train
26793,train
26794,test
26795,train
26796,train
26797,train
26798,train
26799,train
26800,train
26801,train
26802,train
26803,test
26804,test
26805,train
26806,train
26807,train
26808,train
26809,train
26810,test
26811,train
26812,train
26813,train
26814,train
26815,test
26816,train
26817,train
26818,train
26819,train
26820,test
26821,train
26822,train
26823,train
26824,train
26825,train
26826,train
26827,train
26828,train
26829,train
26830,train
26831,train
26832,train
26833,train
26834,train
26835,train
26836,train
26837,train
26838,test
26839,train
26840,train
26841,train
26842,train
26843,train
26844,train
26845,test
26846,train
26847,test
26848,train
26849,train
26850,train
26851,train
26852,train
26853,train
26854,train
26855,train
26856,train
26857,train
26858,train
26859,train
26860,train
26861,train
26862,train
26863,test
26864,test
26865,train
26866,train
26867,test
26868,train
26869,train
26870,train
26871,train
26872,test
26873,test
26874,train
26875,train
26876,train
26877,test
26878,train
26879,train
26880,train
26881,train
26882,train
26883,train
26884,test
26885,test
26886,train
26887,train
26888,train
26889,test
26890,test
26891,train
26892,train
26893,train
26894,train
26895,test
26896,train
26897,train
26898,train
26899,train
26900,train
26901,train
26902,train
26903,train
26904,train
26905,train
26906,train
26907,train
26908,train
26909,test
26910,train
26911,train
26912,test
26913,train
26914,train
26915,train
26916,test
26917,train
26918,train
26919,train
26920,train
26921,train
26922,test
26923,train
26924,train
26925,train
26926,train
26927,test
26928,train
26929,test
26930,train
26931,train
26932,train
26933,test
26934,train
26935,test
26936,train
26937,train
26938,train
26939,test
26940,train
26941,train
26942,train
26943,test
26944,train
26945,test
26946,train
26947,train
26948,train
26949,train
26950,test
26951,train
26952,train
26953,train
26954,test
26955,test
26956,train
26957,train
26958,test
26959,train
26960,train
26961,train
26962,test
26963,train
26964,train
26965,train
26966,train
26967,train
26968,train
26969,test
26970,test
26971,train
26972,train
26973,train
26974,train
26975,train
26976,train
26977,train
26978,train
26979,test
26980,train
26981,train
26982,test
26983,train
26984,train
26985,train
26986,train
26987,train
26988,train
26989,test
26990,test
26991,test
26992,train
26993,train
26994,test
26995,train
26996,train
26997,train
26998,train
26999,train
27000,train
27001,train
27002,train
27003,test
27004,train
27005,train
27006,train
27007,test
27008,train
27009,train
27010,train
27011,test
27012,train
27013,test
27014,train
27015,train
27016,train
27017,train
27018,train
27019,train
27020,train
27021,train
27022,train
27023,train
27024,test
27025,train
27026,test
27027,train
27028,train
27029,train
27030,train
27031,train
27032,train
27033,train
27034,train
27035,train
27036,train
27037,train
27038,train
27039,train
27040,train
27041,test
27042,train
27043,test
27044,test
27045,train
27046,train
27047,train
27048,train
27049,train
27050,train
27051,train
27052,train
27053,train
27054,test
27055,train
27056,train
27057,train
27058,train
27059,train
27060,train
27061,test
27062,train
27063,train
27064,train
27065,train
27066,train
27067,train
27068,train
27069,train
27070,train
27071,train
27072,train
27073,train
27074,train
27075,train
27076,train
27077,train
27078,train
27079,test
27080,test
27081,train
27082,train
27083,train
27084,train
27085,test
27086,train
27087,train
27088,train
27089,train
27090,train
27091,train
27092,test
27093,train
27094,train
27095,train
27096,train
27097,train
27098,train
27099,train
27100,test
27101,train
27102,train
27103,train
27104,test
27105,train
27106,train
27107,train
27108,train
27109,train
27110,train
27111,train
27112,train
27113,train
27114,test
27115,train
27116,test
27117,test
27118,train
27119,train
27120,train
27121,train
27122,train
27123,test
27124,test
27125,train
27126,train
27127,test
27128,train
27129,train
27130,train
27131,train
27132,test
27133,train
27134,train
27135,train
27136,train
27137,train
27138,train
27139,train
27140,test
27141,train
27142,train
27143,train
27144,train
27145,test
27146,train
27147,train
27148,train
27149,train
27150,train
27151,train
27152,train
27153,train
27154,train
27155,train
27156,test
27157,train
27158,train
27159,train
27160,train
27161,train
27162,train
27163,train
27164,train
27165,train
27166,train
27167,train
27168,train
27169,train
27170,train
27171,train
27172,train
27173,train
27174,train
27175,train
27176,train
27177,train
27178,train
27179,test
27180,train
27181,train
27182,train
27183,train
27184,test
27185,test
27186,train
27187,train
27188,train
27189,train
27190,train
27191,train
27192,train
27193,train
27194,train
27195,test
27196,train
27197,train
27198,train
27199,train
27200,train
27201,train
27202,train
27203,train
27204,train
27205,test
27206,train
27207,train
27208,test
27209,train
27210,train
27211,train
27212,test
27213,train
27214,test
27215,test
27216,train
27217,train
27218,train
27219,train
27220,train
27221,train
27222,train
27223,train
27224,train
27225,train
27226,train
27227,train
27228,train
27229,train
27230,train
27231,train
27232,test
27233,train
27234,train
27235,test
27236,train
27237,test
27238,train
27239,train
27240,train
27241,train
27242,test
27243,train
27244,train
27245,test
27246,test
27247,test
27248,test
27249,train
27250,train
27251,train
27252,train
27253,test
27254,test
27255,train
27256,train
27257,train
27258,train
27259,train
27260,train
27261,train
27262,train
27263,train
27264,train
27265,train
27266,test
27267,train
27268,train
27269,train
27270,test
27271,train
27272,train
27273,test
27274,train
27275,train
27276,train
27277,train
27278,train
27279,train
27280,train
27281,train
27282,train
27283,train
27284,train
27285,train
27286,test
27287,train
27288,train
27289,test
27290,train
27291,train
27292,train
27293,test
27294,train
27295,train
27296,train
27297,train
27298,test
27299,test
27300,train
27301,train
27302,test
27303,train
27304,train
27305,train
27306,train
27307,train
27308,train
27309,train
27310,test
27311,train
27312,test
27313,test
27314,test
27315,train
27316,train
27317,train
27318,train
27319,train
27320,test
27321,train
27322,train
27323,train
27324,train
27325,train
27326,train
27327,train
27328,train
27329,test
27330,train
27331,train
27332,train
27333,test
27334,train
27335,train
27336,test
27337,train
27338,train
27339,train
27340,train
27341,test
27342,train
27343,train
27344,test
27345,train
27346,train
27347,test
27348,train
27349,train
27350,train
27351,test
27352,train
27353,train
27354,train
27355,train
27356,test
27357,train
27358,train
27359,train
27360,train
27361,train
27362,train
27363,train
27364,train
27365,train
27366,train
27367,test
27368,train
27369,test
27370,train
27371,train
27372,train
27373,train
27374,train
27375,train
27376,train
27377,train
27378,train
27379,test
27380,train
27381,train
27382,train
27383,train
27384,test
27385,train
27386,train
27387,train
27388,test
27389,train
27390,train
27391,train
27392,train
27393,train
27394,train
27395,train
27396,train
27397,train
27398,test
27399,train
27400,train
27401,train
27402,train
27403,train
27404,train
27405,test
27406,test
27407,train
27408,test
27409,test
27410,train
27411,train
27412,train
27413,test
27414,train
27415,train
27416,train
27417,train
27418,train
27419,train
27420,train
27421,test
27422,train
27423,train
27424,train
27425,train
27426,train
27427,train
27428,train
27429,train
27430,train
27431,train
27432,train
27433,train
27434,train
27435,train
27436,test
27437,train
27438,train
27439,train
27440,train
27441,train
27442,train
27443,test
27444,train
27445,test
27446,test
27447,train
27448,train
27449,train
27450,train
27451,test
27452,test
27453,train
27454,train
27455,test
27456,train
27457,test
27458,train
27459,test
27460,train
27461,train
27462,train
27463,train
27464,train
27465,train
27466,train
27467,test
27468,train
27469,train
27470,test
27471,train
27472,train
27473,train
27474,train
27475,test
27476,train
27477,train
27478,train
27479,train
27480,train
27481,train
27482,train
27483,train
27484,train
27485,train
27486,test
27487,train
27488,train
27489,train
27490,test
27491,train
27492,train
27493,train
27494,test
27495,train
27496,train
27497,test
27498,train
27499,train
27500,test
27501,train
27502,test
27503,train
27504,test
27505,train
27506,train
27507,train
27508,train
27509,test
27510,train
27511,train
27512,train
27513,train
27514,train
27515,train
27516,train
27517,train
27518,train
27519,train
27520,train
27521,train
27522,train
27523,train
27524,test
27525,test
27526,test
27527,train
27528,train
27529,train
27530,train
27531,test
27532,train
27533,train
27534,train
27535,train
27536,train
27537,train
27538,train
27539,train
27540,train
27541,train
27542,train
27543,train
27544,train
27545,train
27546,test
27547,train
27548,train
27549,train
27550,train
27551,test
27552,train
27553,train
27554,test
27555,train
27556,train
27557,train
27558,test
27559,test
27560,train
27561,train
27562,train
27563,train
27564,train
27565,train
27566,train
27567,test
27568,train
27569,train
27570,train
27571,train
27572,train
27573,train
27574,train
27575,train
27576,train
27577,train
27578,train
27579,train
27580,train
27581,train
27582,train
27583,test
27584,train
27585,train
27586,train
27587,test
27588,train
27589,train
27590,train
27591,train
27592,train
27593,test
27594,test
27595,test
27596,train
27597,train
27598,test
27599,train
27600,train
27601,test
27602,train
27603,train
27604,train
27605,train
27606,train
27607,train
27608,train
27609,train
27610,train
27611,train
27612,train
27613,test
27614,test
27615,train
27616,train
27617,train
27618,train
27619,train
27620,train
27621,train
27622,test
27623,train
27624,test
27625,test
27626,test
27627,train
27628,train
27629,test
27630,train
27631,train
27632,train
27633,test
27634,test
27635,train
27636,train
27637,train
27638,train
27639,train
27640,test
27641,train
27642,train
27643,train
27644,train
27645,train
27646,train
27647,train
27648,train
27649,train
27650,train
27651,train
27652,train
27653,train
27654,train
27655,train
27656,train
27657,train
27658,train
27659,train
27660,train
27661,train
27662,train
27663,train
27664,train
27665,train
27666,train
27667,train
27668,train
27669,train
27670,train
27671,train
27672,train
27673,train
27674,train
27675,test
27676,test
27677,test
27678,train
27679,test
27680,test
27681,train
27682,train
27683,train
27684,train
27685,train
27686,train
27687,train
27688,train
27689,train
27690,train
27691,test
27692,train
27693,train
27694,train
27695,train
27696,train
27697,train
27698,test
27699,train
27700,train
27701,train
27702,train
27703,train
27704,train
27705,train
27706,train
27707,test
27708,test
27709,train
27710,train
27711,test
27712,test
27713,test
27714,test
27715,train
27716,train
27717,train
27718,train
27719,test
27720,train
27721,train
27722,train
27723,train
27724,train
27725,train
27726,test
27727,train
27728,train
27729,train
27730,train
27731,train
27732,train
27733,test
27734,train
27735,test
27736,train
27737,train
27738,train
27739,train
27740,train
27741,train
27742,train
27743,train
27744,train
27745,train
27746,test
27747,test
27748,train
27749,train
27750,train
27751,train
27752,train
27753,train
27754,test
27755,train
27756,train
27757,train
27758,train
27759,train
27760,train
27761,train
27762,train
27763,train
27764,train
27765,train
27766,train
27767,train
27768,test
27769,train
27770,test
27771,train
27772,train
27773,train
27774,train
27775,train
27776,test
27777,train
27778,train
27779,train
27780,train
27781,train
27782,train
27783,test
27784,test
27785,train
27786,train
27787,train
27788,train
27789,train
27790,train
27791,train
27792,train
27793,train
27794,train
27795,test
27796,train
27797,test
27798,train
27799,train
27800,train
27801,test
27802,train
27803,test
27804,train
27805,train
27806,test
27807,train
27808,train
27809,train
27810,train
27811,train
27812,train
27813,test
27814,train
27815,train
27816,train
27817,train
27818,train
27819,train
27820,train
27821,train
27822,train
27823,train
27824,train
27825,train
27826,train
27827,train
27828,test
27829,train
27830,train
27831,train
27832,train
27833,train
27834,train
27835,train
27836,train
27837,train
27838,train
27839,train
27840,train
27841,train
27842,train
27843,train
27844,train
27845,train
27846,train
27847,train
27848,train
27849,train
27850,train
27851,test
27852,train
27853,train
27854,train
27855,train
27856,train
27857,train
27858,train
27859,train
27860,train
27861,train
27862,train
27863,train
27864,test
27865,train
27866,train
27867,train
27868,train
27869,train
27870,test
27871,train
27872,test
27873,test
27874,train
27875,train
27876,train
27877,train
27878,train
27879,train
27880,train
27881,train
27882,train
27883,train
27884,test
27885,test
27886,train
27887,train
27888,train
27889,train
27890,train
27891,train
27892,train
27893,train
27894,train
27895,train
27896,train
27897,train
27898,train
27899,test
27900,train
27901,train
27902,test
27903,test
27904,train
27905,train
27906,test
27907,train
27908,train
27909,train
27910,test
27911,train
27912,train
27913,train
27914,test
27915,train
27916,train
27917,train
27918,train
27919,test
27920,train
27921,train
27922,train
27923,train
27924,train
27925,train
27926,train
27927,train
27928,train
27929,train
27930,test
27931,train
27932,train
27933,test
27934,train
27935,test
27936,train
27937,train
27938,train
27939,train
27940,train
27941,train
27942,test
27943,test
27944,train
27945,train
27946,train
27947,train
27948,train
27949,train
27950,train
27951,train
27952,test
27953,train
27954,train
27955,train
27956,train
27957,train
27958,test
27959,test
27960,test
27961,train
27962,test
27963,train
27964,train
27965,train
27966,test
27967,train
27968,train
27969,train
27970,test
27971,train
27972,train
27973,train
27974,train
27975,test
27976,train
27977,test
27978,train
27979,train
27980,train
27981,train
27982,test
27983,train
27984,test
27985,test
27986,train
27987,train
27988,train
27989,test
27990,train
27991,train
27992,train
27993,train
27994,train
27995,train
27996,train
27997,train
27998,train
27999,train
28000,train
28001,train
28002,train
28003,train
28004,train
28005,train
28006,test
28007,test
28008,train
28009,train
28010,train
28011,train
28012,train
28013,train
28014,test
28015,train
28016,train
28017,train
28018,train
28019,train
28020,train
28021,train
28022,test
28023,train
28024,train
28025,train
28026,train
28027,train
28028,train
28029,train
28030,train
28031,train
28032,test
28033,train
28034,train
28035,test
28036,train
28037,train
28038,train
28039,train
28040,train
28041,train
28042,test
28043,test
28044,train
28045,train
28046,train
28047,test
28048,train
28049,train
28050,train
28051,train
28052,train
28053,train
28054,test
28055,train
28056,train
28057,train
28058,train
28059,train
28060,train
28061,train
28062,test
28063,train
28064,train
28065,train
28066,train
28067,train
28068,train
28069,test
28070,train
28071,train
28072,test
28073,test
28074,train
28075,train
28076,test
28077,train
28078,train
28079,train
28080,train
28081,test
28082,test
28083,train
28084,train
28085,train
28086,train
28087,train
28088,train
28089,train
28090,train
28091,train
28092,train
28093,train
28094,train
28095,train
28096,test
28097,train
28098,test
28099,test
28100,train
28101,train
28102,train
28103,train
28104,test
28105,test
28106,train
28107,test
28108,train
28109,train
28110,test
28111,train
28112,train
28113,test
28114,train
28115,train
28116,train
28117,train
28118,train
28119,test
28120,train
28121,test
28122,test
28123,train
28124,test
28125,train
28126,train
28127,train
28128,train
28129,train
28130,test
28131,train
28132,train
28133,test
28134,test
28135,train
28136,train
28137,train
28138,train
28139,train
28140,train
28141,train
28142,train
28143,train
28144,train
28145,train
28146,train
28147,train
28148,train
28149,train
28150,train
28151,train
28152,train
28153,train
28154,train
28155,test
28156,train
28157,train
28158,test
28159,train
28160,test
28161,train
28162,train
28163,train
28164,train
28165,test
28166,train
28167,train
28168,test
28169,test
28170,train
28171,train
28172,train
28173,train
28174,train
28175,train
28176,test
28177,train
28178,train
28179,train
28180,train
28181,train
28182,train
28183,test
28184,train
28185,train
28186,train
28187,train
28188,train
28189,train
28190,train
28191,test
28192,train
28193,train
28194,test
28195,test
28196,train
28197,train
28198,test
28199,test
28200,train
28201,test
28202,train
28203,train
28204,train
28205,test
28206,train
28207,train
28208,train
28209,train
28210,train
28211,train
28212,train
28213,train
28214,train
28215,test
28216,train
28217,train
28218,train
28219,train
28220,train
28221,train
28222,train
28223,train
28224,train
28225,train
28226,train
28227,test
28228,train
28229,train
28230,test
28231,test
28232,test
28233,train
28234,train
28235,train
28236,train
28237,test
28238,train
28239,train
28240,train
28241,train
28242,train
28243,train
28244,test
28245,train
28246,test
28247,train
28248,test
28249,train
28250,train
28251,test
28252,train
28253,test
28254,train
28255,test
28256,train
28257,train
28258,train
28259,train
28260,train
28261,train
28262,test
28263,train
28264,test
28265,test
28266,train
28267,train
28268,test
28269,test
28270,train
28271,train
28272,train
28273,train
28274,train
28275,train
28276,test
28277,test
28278,test
28279,test
28280,train
28281,train
28282,train
28283,train
28284,train
28285,train
28286,train
28287,train
28288,train
28289,train
28290,train
28291,train
28292,train
28293,train
28294,train
28295,train
28296,test
28297,train
28298,train
28299,train
28300,test
28301,train
28302,train
28303,train
28304,train
28305,test
28306,train
28307,train
28308,train
28309,train
28310,train
28311,train
28312,train
28313,train
28314,train
28315,train
28316,train
28317,train
28318,train
28319,train
28320,test
28321,train
28322,train
28323,train
28324,test
28325,train
28326,train
28327,train
28328,train
28329,train
28330,train
28331,train
28332,train
28333,test
28334,test
28335,train
28336,train
28337,train
28338,train
28339,train
28340,train
28341,train
28342,test
28343,train
28344,train
28345,train
28346,train
28347,train
28348,train
28349,train
28350,train
28351,train
28352,train
28353,test
28354,test
28355,train
28356,train
28357,train
28358,train
28359,test
28360,train
28361,test
28362,test
28363,train
28364,test
28365,train
28366,train
28367,test
28368,train
28369,train
28370,train
28371,train
28372,train
28373,train
28374,train
28375,train
28376,train
28377,train
28378,train
28379,train
28380,train
28381,test
28382,test
28383,train
28384,train
28385,train
28386,train
28387,train
28388,train
28389,test
28390,train
28391,train
28392,train
28393,train
28394,train
28395,train
28396,train
28397,train
28398,train
28399,train
28400,train
28401,train
28402,train
28403,train
28404,train
28405,train
28406,train
28407,train
28408,train
28409,test
28410,train
28411,test
28412,train
28413,train
28414,train
28415,train
28416,train
28417,train
28418,train
28419,train
28420,train
28421,train
28422,test
28423,train
28424,train
28425,train
28426,train
28427,test
28428,test
28429,train
28430,train
28431,train
28432,train
28433,train
28434,test
28435,train
28436,train
28437,train
28438,train
28439,train
28440,train
28441,train
28442,test
28443,train
28444,train
28445,train
28446,train
28447,train
28448,train
28449,train
28450,train
28451,train
28452,train
28453,train
28454,train
28455,train
28456,train
28457,test
28458,train
28459,train
28460,train
28461,train
28462,train
28463,test
28464,test
28465,train
28466,train
28467,train
28468,test
28469,train
28470,train
28471,train
28472,train
28473,test
28474,train
28475,train
28476,train
28477,train
28478,train
28479,test
28480,train
28481,train
28482,train
28483,train
28484,train
28485,train
28486,train
28487,train
28488,train
28489,train
28490,train
28491,train
28492,train
28493,train
28494,train
28495,test
28496,test
28497,train
28498,train
28499,test
28500,train
28501,train
28502,train
28503,train
28504,test
28505,train
28506,test
28507,train
28508,train
28509,train
28510,train
28511,test
28512,train
28513,train
28514,train
28515,train
28516,train
28517,train
28518,train
28519,train
28520,train
28521,test
28522,train
28523,test
28524,train
28525,test
28526,train
28527,train
28528,test
28529,train
28530,train
28531,test
28532,train
28533,train
28534,train
28535,train
28536,train
28537,train
28538,train
28539,train
28540,train
28541,train
28542,test
28543,train
28544,train
28545,train
28546,train
28547,train
28548,train
28549,train
28550,test
28551,train
28552,train
28553,train
28554,train
28555,test
28556,train
28557,train
28558,train
28559,train
28560,test
28561,train
28562,train
28563,train
28564,train
28565,train
28566,train
28567,test
28568,train
28569,train
28570,train
28571,train
28572,train
28573,train
28574,train
28575,train
28576,train
28577,train
28578,train
28579,train
28580,train
28581,train
28582,train
28583,train
28584,train
28585,test
28586,train
28587,train
28588,train
28589,train
28590,train
28591,train
28592,train
28593,train
28594,train
28595,train
28596,test
28597,train
28598,train
28599,train
28600,train
28601,test
28602,train
28603,test
28604,train
28605,train
28606,train
28607,train
28608,train
28609,train
28610,train
28611,train
28612,train
28613,test
28614,train
28615,train
28616,test
28617,train
28618,test
28619,train
28620,train
28621,train
28622,train
28623,train
28624,train
28625,train
28626,test
28627,train
28628,train
28629,test
28630,train
28631,train
28632,train
28633,test
28634,train
28635,test
28636,train
28637,train
28638,train
28639,train
28640,train
28641,train
28642,train
28643,test
28644,test
28645,train
28646,test
28647,test
28648,train
28649,train
28650,train
28651,train
28652,train
28653,train
28654,train
28655,train
28656,train
28657,train
28658,train
28659,train
28660,train
28661,train
28662,train
28663,train
28664,train
28665,train
28666,test
28667,train
28668,train
28669,train
28670,train
28671,train
28672,test
28673,train
28674,test
28675,train
28676,train
28677,train
28678,train
28679,train
28680,train
28681,train
28682,train
28683,train
28684,train
28685,test
28686,train
28687,train
28688,train
28689,train
28690,train
28691,train
28692,test
28693,train
28694,train
28695,train
28696,train
28697,train
28698,train
28699,train
28700,train
28701,test
28702,train
28703,test
28704,train
28705,train
28706,train
28707,train
28708,train
28709,train
28710,test
28711,train
28712,train
28713,train
28714,test
28715,test
28716,train
28717,train
28718,train
28719,train
28720,train
28721,train
28722,train
28723,train
28724,train
28725,train
28726,train
28727,train
28728,train
28729,train
28730,train
28731,train
28732,train
28733,test
28734,train
28735,train
28736,train
28737,train
28738,train
28739,train
28740,train
28741,test
28742,test
28743,train
28744,train
28745,test
28746,train
28747,train
28748,test
28749,train
28750,test
28751,test
28752,train
28753,train
28754,train
28755,test
28756,train
28757,train
28758,train
28759,train
28760,train
28761,train
28762,test
28763,train
28764,train
28765,test
28766,train
28767,train
28768,train
28769,test
28770,test
28771,train
28772,test
28773,train
28774,train
28775,train
28776,train
28777,train
28778,train
28779,train
28780,train
28781,train
28782,train
28783,train
28784,train
28785,train
28786,train
28787,train
28788,train
28789,train
28790,train
28791,train
28792,train
28793,train
28794,train
28795,train
28796,train
28797,train
28798,train
28799,train
28800,train
28801,train
28802,train
28803,train
28804,train
28805,test
28806,train
28807,train
28808,train
28809,train
28810,train
28811,train
28812,train
28813,train
28814,test
28815,train
28816,test
28817,train
28818,test
28819,train
28820,test
28821,train
28822,train
28823,train
28824,train
28825,train
28826,train
28827,train
28828,train
28829,test
28830,test
28831,train
28832,train
28833,test
28834,train
28835,train
28836,train
28837,train
28838,train
28839,train
28840,train
28841,train
28842,test
28843,train
28844,train
28845,train
28846,train
28847,train
28848,test
28849,train
28850,train
28851,train
28852,train
28853,train
28854,train
28855,test
28856,test
28857,train
28858,train
28859,train
28860,test
28861,train
28862,train
28863,test
28864,train
28865,train
28866,test
28867,train
28868,train
28869,train
28870,test
28871,train
28872,train
28873,train
28874,train
28875,train
28876,train
28877,test
28878,train
28879,train
28880,test
28881,test
28882,train
28883,train
28884,train
28885,train
28886,train
28887,train
28888,train
28889,train
28890,train
28891,train
28892,train
28893,train
28894,train
28895,train
28896,test
28897,train
28898,train
28899,test
28900,train
28901,train
28902,train
28903,train
28904,train
28905,train
28906,train
28907,train
28908,train
28909,train
28910,test
28911,train
28912,train
28913,train
28914,train
28915,train
28916,train
28917,test
28918,train
28919,train
28920,train
28921,train
28922,train
28923,test
28924,train
28925,train
28926,test
28927,train
28928,train
28929,test
28930,test
28931,train
28932,train
28933,train
28934,train
28935,train
28936,train
28937,train
28938,train
28939,train
28940,train
28941,train
28942,train
28943,train
28944,train
28945,train
28946,test
28947,train
28948,train
28949,train
28950,train
28951,train
28952,train
28953,train
28954,train
28955,test
28956,train
28957,train
28958,train
28959,train
28960,test
28961,train
28962,train
28963,train
28964,train
28965,test
28966,train
28967,train
28968,train
28969,train
28970,train
28971,train
28972,test
28973,train
28974,train
28975,train
28976,test
28977,train
28978,train
28979,train
28980,train
28981,train
28982,train
28983,train
28984,train
28985,train
28986,train
28987,train
28988,train
28989,train
28990,train
28991,test
28992,train
28993,test
28994,train
28995,train
28996,train
28997,train
28998,train
28999,train
29000,train
29001,test
29002,train
29003,train
29004,train
29005,train
29006,test
29007,train
29008,train
29009,test
29010,train
29011,train
29012,train
29013,test
29014,test
29015,train
29016,test
29017,train
29018,test
29019,train
29020,train
29021,train
29022,train
29023,train
29024,train
29025,test
29026,train
29027,train
29028,train
29029,train
29030,test
29031,train
29032,train
29033,train
29034,train
29035,test
29036,train
29037,test
29038,train
29039,train
29040,train
29041,train
29042,train
29043,train
29044,train
29045,train
29046,train
29047,train
29048,train
29049,train
29050,train
29051,train
29052,train
29053,train
29054,test
29055,train
29056,train
29057,train
29058,test
29059,train
29060,test
29061,train
29062,train
29063,test
29064,train
29065,train
29066,train
29067,test
29068,train
29069,test
29070,train
29071,test
29072,train
29073,train
29074,train
29075,train
29076,train
29077,test
29078,train
29079,train
29080,train
29081,test
29082,train
29083,test
29084,train
29085,train
29086,test
29087,train
29088,train
29089,train
29090,train
29091,test
29092,train
29093,train
29094,train
29095,test
29096,train
29097,train
29098,train
29099,train
29100,train
29101,test
29102,test
29103,train
29104,test
29105,train
29106,test
29107,train
29108,train
29109,train
29110,train
29111,train
29112,train
29113,train
29114,train
29115,train
29116,train
29117,train
29118,train
29119,test
29120,test
29121,train
29122,train
29123,test
29124,train
29125,train
29126,train
29127,test
29128,train
29129,test
29130,train
29131,train
29132,train
29133,train
29134,test
29135,test
29136,test
29137,train
29138,train
29139,train
29140,train
29141,test
29142,train
29143,train
29144,train
29145,train
29146,train
29147,test
29148,train
29149,train
29150,train
29151,train
29152,test
29153,train
29154,test
29155,train
29156,train
29157,train
29158,test
29159,train
29160,test
29161,test
29162,test
29163,train
29164,train
29165,test
29166,train
29167,train
29168,test
29169,train
29170,train
29171,train
29172,test
29173,train
29174,train
29175,train
29176,train
29177,test
29178,train
29179,train
29180,train
29181,train
29182,train
29183,test
29184,train
29185,train
29186,train
29187,train
29188,train
29189,test
29190,test
29191,test
29192,train
29193,train
29194,train
29195,train
29196,train
29197,train
29198,test
29199,train
29200,train
29201,train
29202,train
29203,train
29204,train
29205,train
29206,test
29207,train
29208,train
29209,train
29210,test
29211,train
29212,train
29213,train
29214,train
29215,test
29216,train
29217,test
29218,train
29219,test
29220,train
29221,train
29222,train
29223,train
29224,train
29225,train
29226,train
29227,test
29228,train
29229,test
29230,train
29231,train
29232,train
29233,train
29234,train
29235,train
29236,train
29237,train
29238,test
29239,train
29240,train
29241,train
29242,train
29243,train
29244,train
29245,train
29246,train
29247,train
29248,train
29249,train
29250,train
29251,test
29252,train
29253,train
29254,train
29255,train
29256,test
29257,train
29258,train
29259,train
29260,train
29261,test
29262,train
29263,train
29264,train
29265,train
29266,train
29267,train
29268,test
29269,test
29270,train
29271,train
29272,train
29273,train
29274,test
29275,test
29276,train
29277,train
29278,train
29279,train
29280,train
29281,train
29282,train
29283,train
29284,train
29285,train
29286,train
29287,train
29288,train
29289,train
29290,train
29291,train
29292,test
29293,train
29294,test
29295,train
29296,train
29297,train
29298,train
29299,test
29300,test
29301,train
29302,train
29303,test
29304,train
29305,train
29306,train
29307,train
29308,train
29309,train
29310,test
29311,train
29312,test
29313,train
29314,train
29315,train
29316,test
29317,train
29318,train
29319,train
29320,train
29321,train
29322,test
29323,test
29324,train
29325,train
29326,train
29327,train
29328,train
29329,test
29330,train
29331,train
29332,test
29333,test
29334,train
29335,train
29336,test
29337,train
29338,train
29339,train
29340,train
29341,train
29342,train
29343,train
29344,test
29345,train
29346,train
29347,train
29348,train
29349,train
29350,train
29351,train
29352,train
29353,train
29354,train
29355,train
29356,train
29357,train
29358,test
29359,test
29360,train
29361,train
29362,train
29363,train
29364,train
29365,train
29366,train
29367,test
29368,test
29369,test
29370,train
29371,train
29372,train
29373,train
29374,test
29375,train
29376,train
29377,train
29378,test
29379,test
29380,train
29381,train
29382,train
29383,train
29384,train
29385,train
29386,test
29387,train
29388,test
29389,train
29390,train
29391,train
29392,train
29393,train
29394,train
29395,train
29396,train
29397,train
29398,train
29399,test
29400,test
29401,train
29402,train
29403,test
29404,train
29405,train
29406,test
29407,train
29408,test
29409,train
29410,train
29411,train
29412,test
29413,test
29414,train
29415,train
29416,train
29417,train
29418,train
29419,test
29420,train
29421,test
29422,train
29423,train
29424,test
29425,train
29426,train
29427,test
29428,train
29429,train
29430,test
29431,train
29432,train
29433,train
29434,train
29435,test
29436,train
29437,train
29438,train
29439,train
29440,train
29441,test
29442,train
29443,train
29444,test
29445,train
29446,test
29447,train
29448,train
29449,train
29450,test
29451,train
29452,train
29453,train
29454,train
29455,train
29456,train
29457,train
29458,train
29459,test
29460,train
29461,train
29462,train
29463,train
29464,train
29465,train
29466,train
29467,train
29468,train
29469,train
29470,train
29471,train
29472,train
29473,test
29474,test
29475,train
29476,train
29477,train
29478,train
29479,train
29480,train
29481,train
29482,test
29483,train
29484,train
29485,train
29486,train
29487,train
29488,test
29489,train
29490,train
29491,train
29492,train
29493,train
29494,test
29495,test
29496,train
29497,train
29498,train
29499,test
29500,train
29501,train
29502,train
29503,train
29504,train
29505,train
29506,train
29507,train
29508,train
29509,train
29510,train
29511,train
29512,train
29513,train
29514,train
29515,train
29516,train
29517,train
29518,test
29519,train
29520,train
29521,test
29522,train
29523,train
29524,test
29525,train
29526,test
29527,train
29528,train
29529,test
29530,train
29531,train
29532,train
29533,train
29534,train
29535,train
29536,train
29537,test
29538,test
29539,train
29540,train
29541,test
29542,train
29543,train
29544,train
29545,train
29546,train
29547,train
29548,test
29549,train
29550,train
29551,train
29552,train
29553,train
29554,train
29555,train
29556,train
29557,train
29558,train
29559,train
29560,test
29561,train
29562,test
29563,train
29564,test
29565,train
29566,train
29567,train
29568,train
29569,train
29570,train
29571,train
29572,train
29573,test
29574,train
29575,train
29576,test
29577,train
29578,train
29579,test
29580,train
29581,train
29582,train
29583,train
29584,train
29585,train
29586,train
29587,test
29588,train
29589,test
29590,train
29591,train
29592,test
29593,train
29594,train
29595,train
29596,train
29597,train
29598,train
29599,train
29600,train
29601,train
29602,test
29603,train
29604,train
29605,train
29606,test
29607,train
29608,train
29609,train
29610,test
29611,train
29612,train
29613,train
29614,train
29615,train
29616,test
29617,train
29618,train
29619,train
29620,train
29621,test
29622,train
29623,train
29624,train
29625,train
29626,train
29627,train
29628,train
29629,train
29630,test
29631,train
29632,test
29633,train
29634,train
29635,train
29636,test
29637,train
29638,train
29639,train
29640,train
29641,test
29642,train
29643,train
29644,train
29645,train
29646,test
29647,train
29648,test
29649,train
29650,train
29651,train
29652,test
29653,train
29654,train
29655,train
29656,train
29657,train
29658,train
29659,train
29660,train
29661,test
29662,train
29663,train
29664,train
29665,train
29666,train
29667,train
29668,train
29669,train
29670,train
29671,test
29672,train
29673,train
29674,train
29675,test
29676,train
29677,train
29678,train
29679,train
29680,train
29681,train
29682,train
29683,train
29684,train
29685,train
29686,train
29687,train
29688,test
29689,train
29690,train
29691,train
29692,train
29693,train
29694,train
29695,train
29696,train
29697,train
29698,test
29699,train
29700,train
29701,train
29702,train
29703,train
29704,test
29705,test
29706,train
29707,test
29708,train
29709,train
29710,test
29711,test
29712,test
29713,test
29714,train
29715,train
29716,test
29717,train
29718,train
29719,train
29720,train
29721,train
29722,train
29723,train
29724,train
29725,train
29726,test
29727,train
29728,train
29729,train
29730,test
29731,train
29732,train
29733,test
29734,train
29735,train
29736,test
29737,train
29738,train
29739,train
29740,train
29741,test
29742,train
29743,train
29744,train
29745,train
29746,train
29747,test
29748,train
29749,train
29750,train
29751,train
29752,train
29753,train
29754,test
29755,train
29756,train
29757,train
29758,train
29759,train
29760,train
29761,train
29762,train
29763,train
29764,test
29765,train
29766,train
29767,train
29768,train
29769,train
29770,train
29771,train
29772,train
29773,train
29774,test
29775,train
29776,train
29777,test
29778,train
29779,test
29780,train
29781,train
29782,train
29783,test
29784,train
29785,train
29786,train
29787,test
29788,train
29789,train
29790,train
29791,train
29792,train
29793,train
29794,test
29795,train
29796,train
29797,train
29798,train
29799,test
29800,train
29801,test
29802,train
29803,test
29804,train
29805,train
29806,train
29807,train
29808,train
29809,train
29810,train
29811,train
29812,train
29813,train
29814,train
29815,test
29816,train
29817,test
29818,train
29819,test
29820,train
29821,train
29822,train
29823,train
29824,train
29825,train
29826,train
29827,test
29828,test
29829,train
29830,train
29831,train
29832,train
29833,train
29834,train
29835,train
29836,train
29837,train
29838,train
29839,train
29840,train
29841,train
29842,test
29843,train
29844,train
29845,train
29846,test
29847,train
29848,train
29849,train
29850,train
29851,train
29852,train
29853,train
29854,train
29855,train
29856,train
29857,train
29858,train
29859,train
29860,train
29861,train
29862,train
29863,train
29864,train
29865,train
29866,train
29867,test
29868,train
29869,train
29870,test
29871,train
29872,test
29873,train
29874,train
29875,train
29876,train
29877,train
29878,train
29879,test
29880,train
29881,train
29882,train
29883,test
29884,test
29885,train
29886,train
29887,train
29888,train
29889,train
29890,train
29891,train
29892,train
29893,train
29894,test
29895,train
29896,train
29897,test
29898,train
29899,train
29900,test
29901,train
29902,train
29903,train
29904,train
29905,train
29906,train
29907,test
29908,test
29909,train
29910,train
29911,train
29912,train
29913,train
29914,train
29915,train
29916,train
29917,test
29918,test
29919,train
29920,train
29921,test
29922,test
29923,train
29924,train
29925,train
29926,train
29927,train
29928,test
29929,test
29930,train
29931,train
29932,train
29933,train
29934,train
29935,test
29936,train
29937,train
29938,train
29939,train
29940,train
29941,train
29942,test
29943,train
29944,train
29945,train
29946,test
29947,train
29948,train
29949,train
29950,train
29951,train
29952,train
29953,train
29954,train
29955,train
29956,train
29957,train
29958,train
29959,train
29960,train
29961,train
29962,train
29963,train
29964,train
29965,train
29966,train
29967,test
29968,test
29969,train
29970,train
29971,test
29972,train
29973,train
29974,test
29975,train
29976,test
29977,train
29978,train
29979,test
29980,train
29981,train
29982,test
29983,test
29984,train
29985,train
29986,train
29987,test
29988,train
29989,train
29990,train
29991,train
29992,test
29993,test
29994,test
29995,train
29996,test
29997,test
29998,train
29999,train
30000,train
30001,train
30002,test
30003,train
30004,train
30005,train
30006,train
30007,test
30008,train
30009,train
30010,train
30011,train
30012,train
30013,train
30014,train
30015,train
30016,train
30017,train
30018,test
30019,train
30020,train
30021,train
30022,train
30023,test
30024,train
30025,test
30026,train
30027,train
30028,train
30029,train
30030,test
30031,train
30032,train
30033,train
30034,test
30035,test
30036,train
30037,train
30038,train
30039,train
30040,train
30041,train
30042,test
30043,test
30044,train
30045,train
30046,test
30047,train
30048,train
30049,train
30050,train
30051,test
30052,train
30053,train
30054,train
30055,train
30056,test
30057,train
30058,train
30059,train
30060,train
30061,test
30062,train
30063,train
30064,train
30065,train
30066,test
30067,train
30068,train
30069,train
30070,train
30071,train
30072,train
30073,train
30074,train
30075,test
30076,train
30077,train
30078,train
30079,test
30080,train
30081,train
30082,train
30083,test
30084,train
30085,test
30086,train
30087,test
30088,train
30089,train
30090,train
30091,train
30092,train
30093,train
30094,test
30095,train
30096,train
30097,train
30098,test
30099,test
30100,test
30101,train
30102,train
30103,train
30104,train
30105,train
30106,train
30107,train
30108,test
30109,train
30110,train
30111,train
30112,train
30113,train
30114,train
30115,train
30116,test
30117,train
30118,train
30119,train
30120,train
30121,train
30122,train
30123,train
30124,train
30125,train
30126,train
30127,test
30128,train
30129,train
30130,train
30131,train
30132,train
30133,train
30134,train
30135,train
30136,train
30137,train
30138,train
30139,train
30140,train
30141,train
30142,train
30143,train
30144,train
30145,train
30146,train
30147,test
30148,train
30149,train
30150,train
30151,train
30152,test
30153,train
30154,train
30155,test
30156,train
30157,train
30158,test
30159,train
30160,train
30161,test
30162,train
30163,test
30164,train
30165,train
30166,train
30167,train
30168,train
30169,train
30170,train
30171,train
30172,train
30173,test
30174,train
30175,train
30176,test
30177,train
30178,test
30179,train
30180,train
30181,train
30182,train
30183,train
30184,train
30185,train
30186,train
30187,train
30188,test
30189,test
30190,train
30191,train
30192,train
30193,test
30194,train
30195,test
30196,train
30197,train
30198,train
30199,train
30200,test
30201,train
30202,train
30203,train
30204,train
30205,train
30206,train
30207,train
30208,train
30209,train
30210,train
30211,train
30212,train
30213,train
30214,train
30215,train
30216,train
30217,train
30218,train
30219,train
30220,test
30221,train
30222,train
30223,train
30224,train
30225,test
30226,test
30227,test
30228,test
30229,train
30230,test
30231,train
30232,train
30233,train
30234,train
30235,train
30236,train
30237,train
30238,train
30239,train
30240,train
30241,train
30242,train
30243,train
30244,test
30245,test
30246,train
30247,test
30248,train
30249,train
30250,train
30251,train
30252,train
30253,train
30254,train
30255,train
30256,test
30257,train
30258,train
30259,train
30260,train
30261,test
30262,train
30263,train
30264,train
30265,train
30266,train
30267,train
30268,train
30269,train
30270,train
30271,train
30272,test
30273,train
30274,train
30275,train
30276,train
30277,train
30278,test
30279,train
30280,train
30281,train
30282,train
30283,test
30284,train
30285,train
30286,train
30287,test
30288,train
30289,test
30290,train
30291,train
30292,test
30293,test
30294,train
30295,train
30296,train
30297,train
30298,test
30299,train
30300,test
30301,train
30302,train
30303,train
30304,train
30305,train
30306,test
30307,train
30308,train
30309,train
30310,train
30311,train
30312,test
30313,train
30314,train
30315,train
30316,train
30317,train
30318,train
30319,train
30320,test
30321,train
30322,train
30323,train
30324,test
30325,train
30326,test
30327,train
30328,train
30329,train
30330,test
30331,test
30332,test
30333,train
30334,train
30335,test
30336,train
30337,train
30338,test
30339,train
30340,test
30341,train
30342,test
30343,train
30344,train
30345,train
30346,train
30347,train
30348,train
30349,train
30350,train
30351,train
30352,train
30353,test
30354,train
30355,train
30356,train
30357,train
30358,train
30359,train
30360,train
30361,train
30362,train
30363,test
30364,test
30365,train
30366,train
30367,test
30368,train
30369,test
30370,train
30371,test
30372,train
30373,test
30374,train
30375,train
30376,train
30377,train
30378,train
30379,test
30380,train
30381,train
30382,train
30383,test
30384,train
30385,train
30386,train
30387,train
30388,test
30389,train
30390,train
30391,test
30392,train
30393,train
30394,train
30395,train
30396,test
30397,train
30398,train
30399,test
30400,test
30401,train
30402,train
30403,train
30404,train
30405,train
30406,train
30407,test
30408,test
30409,train
30410,train
30411,train
30412,train
30413,train
30414,train
30415,train
30416,train
30417,train
30418,train
30419,train
30420,train
30421,train
30422,test
30423,train
30424,train
30425,train
30426,train
30427,test
30428,train
30429,test
30430,train
30431,train
30432,train
30433,train
30434,train
30435,train
30436,train
30437,test
30438,test
30439,train
30440,train
30441,test
30442,train
30443,train
30444,train
30445,train
30446,train
30447,train
30448,train
30449,test
30450,train
30451,test
30452,train
30453,test
30454,train
30455,train
30456,test
30457,train
30458,train
30459,train
30460,train
30461,train
30462,test
30463,train
30464,train
30465,train
30466,train
30467,train
30468,train
30469,train
30470,test
30471,train
30472,test
30473,train
30474,train
30475,train
30476,train
30477,train
30478,train
30479,train
30480,test
30481,train
30482,train
30483,train
30484,train
30485,train
30486,train
30487,train
30488,train
30489,test
30490,train
30491,train
30492,test
30493,test
30494,train
30495,train
30496,train
30497,train
30498,train
30499,train
30500,train
30501,train
30502,train
30503,train
30504,train
30505,train
30506,train
30507,train
30508,train
30509,test
30510,train
30511,test
30512,train
30513,train
30514,test
30515,test
30516,train
30517,train
30518,train
30519,train
30520,train
30521,test
30522,train
30523,train
30524,train
30525,train
30526,train
30527,train
30528,train
30529,train
30530,train
30531,train
30532,train
30533,test
30534,train
30535,train
30536,train
30537,train
30538,train
30539,train
30540,train
30541,train
30542,test
30543,train
30544,train
30545,test
30546,train
30547,test
30548,train
30549,train
30550,train
30551,train
30552,train
30553,train
30554,test
30555,train
30556,test
30557,train
30558,train
30559,train
30560,test
30561,test
30562,train
30563,test
30564,train
30565,train
30566,train
30567,train
30568,train
30569,test
30570,train
30571,train
30572,train
30573,train
30574,train
30575,test
30576,train
30577,train
30578,test
30579,train
30580,train
30581,train
30582,test
30583,train
30584,train
30585,train
30586,train
30587,test
30588,train
30589,train
30590,train
30591,train
30592,test
30593,test
30594,train
30595,test
30596,train
30597,train
30598,train
30599,train
30600,test
30601,train
30602,train
30603,test
30604,train
30605,train
30606,train
30607,test
30608,train
30609,train
30610,test
30611,train
30612,train
30613,test
30614,test
30615,train
30616,train
30617,train
30618,train
30619,train
30620,test
30621,test
30622,train
30623,train
30624,train
30625,train
30626,train
30627,train
30628,train
30629,train
30630,test
30631,train
30632,train
30633,train
30634,train
30635,train
30636,train
30637,train
30638,train
30639,train
30640,train
30641,test
30642,train
30643,train
30644,train
30645,test
30646,train
30647,train
30648,train
30649,test
30650,train
30651,test
30652,train
30653,test
30654,train
30655,train
30656,train
30657,train
30658,train
30659,train
30660,train
30661,train
30662,train
30663,test
30664,train
30665,train
30666,train
30667,train
30668,train
30669,train
30670,train
30671,test
30672,test
30673,train
30674,train
30675,train
30676,train
30677,train
30678,train
30679,train
30680,test
30681,train
30682,train
30683,train
30684,test
30685,train
30686,train
30687,train
30688,test
30689,train
30690,train
30691,train
30692,train
30693,test
30694,train
30695,test
30696,train
30697,train
30698,train
30699,train
30700,train
30701,test
30702,train
30703,train
30704,train
30705,train
30706,train
30707,train
30708,train
30709,test
30710,train
30711,train
30712,train
30713,train
30714,train
30715,train
30716,test
30717,train
30718,train
30719,test
30720,test
30721,train
30722,train
30723,train
30724,train
30725,test
30726,train
30727,test
30728,train
30729,train
30730,train
30731,train
30732,train
30733,train
30734,train
30735,test
30736,train
30737,train
30738,train
30739,train
30740,train
30741,train
30742,train
30743,train
30744,test
30745,test
30746,test
30747,train
30748,test
30749,train
30750,train
30751,train
30752,test
30753,train
30754,train
30755,test
30756,train
30757,train
30758,train
30759,train
30760,test
30761,test
30762,train
30763,train
30764,train
30765,train
30766,train
30767,train
30768,train
30769,train
30770,train
30771,train
30772,train
30773,test
30774,test
30775,train
30776,train
30777,train
30778,train
30779,train
30780,test
30781,train
30782,test
30783,test
30784,train
30785,train
30786,train
30787,test
30788,train
30789,train
30790,train
30791,train
30792,train
30793,train
30794,test
30795,train
30796,test
30797,test
30798,train
30799,train
30800,train
30801,train
30802,train
30803,train
30804,test
30805,train
30806,train
30807,train
30808,test
30809,train
30810,train
30811,train
30812,train
30813,train
30814,train
30815,train
30816,train
30817,train
30818,train
30819,train
30820,train
30821,test
30822,test
30823,train
30824,train
30825,test
30826,train
30827,test
30828,train
30829,train
30830,train
30831,train
30832,train
30833,test
30834,test
30835,test
30836,train
30837,test
30838,test
30839,test
30840,train
30841,train
30842,train
30843,train
30844,train
30845,test
30846,train
30847,train
30848,train
30849,train
30850,train
30851,test
30852,train
30853,train
30854,train
30855,train
30856,train
30857,train
30858,train
30859,train
30860,train
30861,train
30862,train
30863,train
30864,test
30865,train
30866,train
30867,train
30868,test
30869,train
30870,train
30871,test
30872,train
30873,train
30874,test
30875,test
30876,test
30877,train
30878,train
30879,train
30880,train
30881,train
30882,train
30883,train
30884,train
30885,train
30886,test
30887,train
30888,train
30889,test
30890,train
30891,test
30892,train
30893,test
30894,train
30895,train
30896,train
30897,train
30898,train
30899,train
30900,train
30901,train
30902,train
30903,test
30904,test
30905,train
30906,train
30907,train
30908,train
30909,test
30910,test
30911,train
30912,train
30913,train
30914,test
30915,test
30916,test
30917,test
30918,train
30919,test
30920,train
30921,test
30922,train
30923,train
30924,train
30925,train
30926,test
30927,train
30928,train
30929,train
30930,train
30931,train
30932,test
30933,train
30934,test
30935,train
30936,train
30937,test
30938,train
30939,test
30940,test
30941,test
30942,train
30943,train
30944,train
30945,test
30946,train
30947,train
30948,train
30949,train
30950,train
30951,train
30952,train
30953,train
30954,test
30955,train
30956,test
30957,train
30958,test
30959,train
30960,train
30961,train
30962,train
30963,train
30964,test
30965,train
30966,train
30967,train
30968,train
30969,train
30970,train
30971,train
30972,train
30973,train
30974,train
30975,train
30976,train
30977,train
30978,train
30979,test
30980,train
30981,test
30982,train
30983,train
30984,train
30985,train
30986,test
30987,train
30988,test
30989,train
30990,train
30991,train
30992,train
30993,train
30994,train
30995,test
30996,train
30997,train
30998,train
30999,train
31000,train
31001,train
31002,train
31003,test
31004,train
31005,train
31006,test
31007,test
31008,train
31009,test
31010,train
31011,test
31012,train
31013,train
31014,train
31015,train
31016,train
31017,train
31018,test
31019,train
31020,train
31021,train
31022,train
31023,train
31024,train
31025,train
31026,train
31027,train
31028,train
31029,train
31030,train
31031,train
31032,train
31033,train
31034,train
31035,train
31036,test
31037,train
31038,train
31039,train
31040,train
31041,train
31042,train
31043,train
31044,test
31045,train
31046,train
31047,test
31048,train
31049,train
31050,train
31051,train
31052,train
31053,train
31054,train
31055,train
31056,test
31057,train
31058,train
31059,test
31060,test
31061,train
31062,train
31063,train
31064,train
31065,train
31066,train
31067,train
31068,train
31069,train
31070,train
31071,train
31072,train
31073,test
31074,test
31075,train
31076,train
31077,test
31078,train
31079,train
31080,train
31081,train
31082,test
31083,train
31084,train
31085,train
31086,test
31087,train
31088,train
31089,train
31090,train
31091,train
31092,train
31093,test
31094,train
31095,train
31096,test
31097,test
31098,train
31099,train
31100,train
31101,train
31102,train
31103,test
31104,train
31105,train
31106,train
31107,test
31108,train
31109,train
31110,test
31111,train
31112,train
31113,train
31114,train
31115,train
31116,train
31117,train
31118,train
31119,train
31120,train
31121,test
31122,train
31123,train
31124,train
31125,train
31126,train
31127,train
31128,train
31129,train
31130,train
31131,train
31132,test
31133,test
31134,train
31135,train
31136,train
31137,train
31138,test
31139,train
31140,train
31141,train
31142,train
31143,train
31144,test
31145,train
31146,train
31147,train
31148,train
31149,test
31150,train
31151,train
31152,train
31153,test
31154,train
31155,train
31156,train
31157,test
31158,train
31159,train
31160,test
31161,test
31162,train
31163,test
31164,train
31165,test
31166,train
31167,train
31168,train
31169,train
31170,train
31171,test
31172,train
31173,train
31174,train
31175,train
31176,train
31177,test
31178,train
31179,test
31180,test
31181,train
31182,train
31183,train
31184,test
31185,test
31186,train
31187,train
31188,train
31189,train
31190,test
31191,train
31192,train
31193,test
31194,train
31195,test
31196,train
31197,train
31198,test
31199,train
31200,train
31201,train
31202,train
31203,train
31204,train
31205,test
31206,train
31207,train
31208,train
31209,train
31210,train
31211,train
31212,train
31213,train
31214,train
31215,train
31216,test
31217,train
31218,test
31219,train
31220,train
31221,train
31222,test
31223,test
31224,train
31225,train
31226,test
31227,train
31228,train
31229,test
31230,train
31231,train
31232,test
31233,train
31234,train
31235,train
31236,train
31237,train
31238,train
31239,train
31240,train
31241,train
31242,train
31243,train
31244,train
31245,train
31246,train
31247,train
31248,train
31249,train
31250,test
31251,train
31252,train
31253,test
31254,train
31255,train
31256,test
31257,train
31258,test
31259,train
31260,train
31261,test
31262,train
31263,train
31264,train
31265,train
31266,train
31267,train
31268,train
31269,train
31270,train
31271,train
31272,train
31273,train
31274,test
31275,train
31276,train
31277,train
31278,train
31279,test
31280,train
31281,test
31282,train
31283,test
31284,train
31285,train
31286,train
31287,train
31288,train
31289,train
31290,test
31291,test
31292,train
31293,train
31294,train
31295,train
31296,train
31297,train
31298,train
31299,train
31300,train
31301,train
31302,test
31303,train
31304,train
31305,train
31306,train
31307,test
31308,test
31309,train
31310,test
31311,train
31312,train
31313,train
31314,train
31315,train
31316,train
31317,train
31318,test
31319,train
31320,train
31321,train
31322,train
31323,train
31324,train
31325,train
31326,test
31327,train
31328,train
31329,train
31330,train
31331,train
31332,train
31333,train
31334,train
31335,train
31336,test
31337,train
31338,test
31339,train
31340,test
31341,train
31342,train
31343,train
31344,train
31345,train
31346,train
31347,test
31348,train
31349,train
31350,train
31351,train
31352,train
31353,train
31354,test
31355,test
31356,train
31357,train
31358,train
31359,train
31360,train
31361,train
31362,test
31363,test
31364,train
31365,train
31366,train
31367,test
31368,test
31369,test
31370,train
31371,train
31372,test
31373,train
31374,test
31375,train
31376,train
31377,test
31378,train
31379,train
31380,train
31381,test
31382,train
31383,test
31384,train
31385,train
31386,train
31387,train
31388,train
31389,train
31390,train
31391,train
31392,train
31393,train
31394,train
31395,train
31396,train
31397,train
31398,train
31399,train
31400,train
31401,train
31402,test
31403,train
31404,train
31405,train
31406,train
31407,train
31408,train
31409,train
31410,train
31411,train
31412,train
31413,train
31414,train
31415,test
31416,train
31417,test
31418,test
31419,train
31420,train
31421,train
31422,test
31423,train
31424,test
31425,train
31426,train
31427,train
31428,train
31429,train
31430,train
31431,train
31432,train
31433,train
31434,train
31435,train
31436,test
31437,train
31438,train
31439,train
31440,train
31441,train
31442,train
31443,test
31444,train
31445,train
31446,train
31447,test
31448,train
31449,train
31450,train
31451,test
31452,train
31453,train
31454,train
31455,train
31456,train
31457,train
31458,train
31459,train
31460,train
31461,train
31462,train
31463,train
31464,train
31465,train
31466,train
31467,train
31468,test
31469,train
31470,train
31471,train
31472,train
31473,train
31474,train
31475,train
31476,test
31477,train
31478,train
31479,train
31480,train
31481,train
31482,train
31483,train
31484,train
31485,train
31486,train
31487,train
31488,test
31489,train
31490,train
31491,train
31492,train
31493,train
31494,train
31495,train
31496,train
31497,test
31498,train
31499,train
31500,train
31501,train
31502,train
31503,test
31504,train
31505,train
31506,train
31507,train
31508,train
31509,test
31510,test
31511,train
31512,train
31513,train
31514,train
31515,test
31516,test
31517,train
31518,train
31519,train
31520,test
31521,train
31522,train
31523,train
31524,test
31525,test
31526,test
31527,train
31528,train
31529,train
31530,train
31531,train
31532,test
31533,train
31534,train
31535,train
31536,test
31537,test
31538,train
31539,train
31540,train
31541,test
31542,train
31543,train
31544,train
31545,test
31546,train
31547,test
31548,train
31549,train
31550,train
31551,train
31552,train
31553,train
31554,train
31555,train
31556,train
31557,train
31558,train
31559,train
31560,test
31561,train
31562,train
31563,train
31564,train
31565,test
31566,train
31567,train
31568,train
31569,test
31570,train
31571,train
31572,train
31573,train
31574,train
31575,train
31576,test
31577,train
31578,train
31579,train
31580,train
31581,train
31582,test
31583,train
31584,train
31585,train
31586,train
31587,train
31588,train
31589,train
31590,train
31591,train
31592,train
31593,train
31594,train
31595,train
31596,train
31597,train
31598,train
31599,train
31600,test
31601,test
31602,train
31603,test
31604,train
31605,test
31606,test
31607,test
31608,test
31609,train
31610,train
31611,test
31612,train
31613,train
31614,test
31615,train
31616,train
31617,train
31618,train
31619,test
31620,train
31621,train
31622,train
31623,train
31624,test
31625,train
31626,train
31627,test
31628,train
31629,test
31630,train
31631,test
31632,train
31633,train
31634,train
31635,test
31636,train
31637,test
31638,train
31639,train
31640,train
31641,test
31642,train
31643,train
31644,train
31645,train
31646,train
31647,train
31648,train
31649,train
31650,train
31651,train
31652,test
31653,train
31654,train
31655,train
31656,train
31657,train
31658,train
31659,train
31660,train
31661,test
31662,train
31663,train
31664,train
31665,train
31666,test
31667,train
31668,train
31669,train
31670,train
31671,train
31672,train
31673,train
31674,train
31675,train
31676,test
31677,test
31678,train
31679,train
31680,train
31681,train
31682,train
31683,train
31684,train
31685,train
31686,train
31687,train
31688,train
31689,train
31690,train
31691,train
31692,train
31693,train
31694,test
31695,train
31696,train
31697,train
31698,test
31699,train
31700,train
31701,train
31702,train
31703,train
31704,train
31705,train
31706,train
31707,train
31708,train
31709,test
31710,train
31711,train
31712,train
31713,train
31714,train
31715,train
31716,train
31717,test
31718,test
31719,train
31720,train
31721,test
31722,train
31723,test
31724,train
31725,train
31726,train
31727,train
31728,train
31729,train
31730,train
31731,train
31732,train
31733,train
31734,train
31735,test
31736,train
31737,train
31738,test
31739,test
31740,train
31741,test
31742,test
31743,train
31744,train
31745,train
31746,test
31747,test
31748,train
31749,train
31750,train
31751,train
31752,train
31753,train
31754,train
31755,train
31756,train
31757,train
31758,test
31759,train
31760,train
31761,train
31762,train
31763,train
31764,train
31765,train
31766,train
31767,test
31768,train
31769,train
31770,train
31771,train
31772,train
31773,train
31774,train
31775,test
31776,train
31777,train
31778,train
31779,test
31780,train
31781,test
31782,train
31783,train
31784,train
31785,train
31786,train
31787,train
31788,train
31789,train
31790,train
31791,train
31792,train
31793,train
31794,train
31795,train
31796,test
31797,train
31798,test
31799,train
31800,train
31801,test
31802,train
31803,test
31804,train
31805,test
31806,train
31807,train
31808,train
31809,train
31810,train
31811,test
31812,train
31813,train
31814,train
31815,train
31816,train
31817,train
31818,test
31819,train
31820,test
31821,train
31822,train
31823,train
31824,train
31825,train
31826,test
31827,train
31828,train
31829,train
31830,train
31831,test
31832,train
31833,train
31834,test
31835,train
31836,train
31837,train
31838,train
31839,train
31840,train
31841,train
31842,train
31843,train
31844,test
31845,train
31846,train
31847,train
31848,train
31849,train
31850,train
31851,train
31852,train
31853,test
31854,train
31855,train
31856,train
31857,test
31858,train
31859,train
31860,test
31861,test
31862,test
31863,train
31864,train
31865,train
31866,train
31867,train
31868,train
31869,train
31870,train
31871,train
31872,test
31873,train
31874,test
31875,train
31876,train
31877,train
31878,train
31879,train
31880,train
31881,train
31882,train
31883,train
31884,train
31885,train
31886,test
31887,train
31888,test
31889,train
31890,test
31891,train
31892,train
31893,train
31894,test
31895,test
31896,train
31897,train
31898,train
31899,train
31900,train
31901,train
31902,train
31903,test
31904,test
31905,train
31906,test
31907,train
31908,test
31909,train
31910,train
31911,train
31912,train
31913,test
31914,train
31915,test
31916,train
31917,train
31918,train
31919,train
31920,train
31921,test
31922,train
31923,train
31924,train
31925,test
31926,train
31927,train
31928,train
31929,train
31930,train
31931,train
31932,test
31933,train
31934,train
31935,train
31936,train
31937,train
31938,train
31939,train
31940,train
31941,test
31942,train
31943,test
31944,train
31945,test
31946,train
31947,test
31948,test
31949,train
31950,train
31951,train
31952,train
31953,train
31954,train
31955,train
31956,train
31957,train
31958,test
31959,test
31960,test
31961,train
31962,test
31963,train
31964,train
31965,test
31966,test
31967,train
31968,test
31969,train
31970,train
31971,test
31972,train
31973,train
31974,test
31975,train
31976,train
31977,train
31978,train
31979,train
31980,test
31981,test
31982,train
31983,train
31984,train
31985,train
31986,train
31987,train
31988,train
31989,train
31990,train
31991,train
31992,train
31993,train
31994,train
31995,test
31996,train
31997,train
31998,train
31999,train
32000,train
32001,train
32002,train
32003,test
32004,train
32005,train
32006,test
32007,train
32008,train
32009,test
32010,train
32011,test
32012,train
32013,test
32014,train
32015,test
32016,train
32017,train
32018,train
32019,train
32020,train
32021,train
32022,train
32023,test
32024,test
32025,train
32026,test
32027,train
32028,test
32029,train
32030,train
32031,train
32032,train
32033,train
32034,train
32035,train
32036,train
32037,train
32038,train
32039,train
32040,train
32041,train
32042,train
32043,train
32044,train
32045,train
32046,test
32047,train
32048,train
32049,train
32050,train
32051,train
32052,train
32053,train
32054,train
32055,train
32056,train
32057,train
32058,train
32059,train
32060,train
32061,train
32062,train
32063,train
32064,train
32065,test
32066,train
32067,train
32068,train
32069,train
32070,train
32071,train
32072,train
32073,train
32074,test
32075,train
32076,train
32077,test
32078,train
32079,test
32080,test
32081,test
32082,train
32083,train
32084,train
32085,train
32086,train
32087,test
32088,test
32089,train
32090,train
32091,test
32092,train
32093,train
32094,train
32095,train
32096,train
32097,train
32098,train
32099,test
32100,train
32101,train
32102,train
32103,test
32104,train
32105,train
32106,train
32107,train
32108,train
32109,train
32110,train
32111,test
32112,train
32113,test
32114,train
32115,test
32116,train
32117,test
32118,train
32119,train
32120,train
32121,train
32122,test
32123,train
32124,train
32125,test
32126,test
32127,train
32128,train
32129,train
32130,train
32131,train
32132,train
32133,train
32134,test
32135,train
32136,train
32137,train
32138,train
32139,test
32140,train
32141,train
32142,train
32143,train
32144,train
32145,train
32146,train
32147,train
32148,test
32149,train
32150,train
32151,train
32152,train
32153,train
32154,test
32155,test
32156,train
32157,train
32158,train
32159,test
32160,test
32161,train
32162,train
32163,train
32164,train
32165,train
32166,train
32167,train
32168,train
32169,train
32170,train
32171,train
32172,test
32173,train
32174,train
32175,train
32176,train
32177,train
32178,train
32179,train
32180,train
32181,train
32182,test
32183,train
32184,train
32185,train
32186,train
32187,train
32188,test
32189,test
32190,test
32191,train
32192,train
32193,train
32194,train
32195,train
32196,train
32197,train
32198,train
32199,train
32200,train
32201,test
32202,train
32203,train
32204,test
32205,train
32206,train
32207,train
32208,train
32209,train
32210,train
32211,train
32212,test
32213,train
32214,train
32215,train
32216,train
32217,train
32218,train
32219,train
32220,train
32221,train
32222,train
32223,train
32224,train
32225,train
32226,train
32227,train
32228,train
32229,test
32230,train
32231,test
32232,train
32233,train
32234,train
32235,train
32236,train
32237,train
32238,train
32239,train
32240,train
32241,test
32242,train
32243,train
32244,train
32245,train
32246,train
32247,train
32248,test
32249,train
32250,test
32251,train
32252,train
32253,train
32254,test
32255,train
32256,test
32257,train
32258,train
32259,train
32260,train
32261,train
32262,train
32263,test
32264,train
32265,train
32266,test
32267,train
32268,train
32269,train
32270,train
32271,test
32272,train
32273,train
32274,test
32275,train
32276,train
32277,train
32278,train
32279,train
32280,test
32281,train
32282,test
32283,test
32284,train
32285,train
32286,train
32287,test
32288,train
32289,train
32290,train
32291,train
32292,train
32293,train
32294,train
32295,train
32296,test
32297,train
32298,train
32299,train
32300,train
32301,train
32302,train
32303,train
32304,train
32305,train
32306,train
32307,train
32308,train
32309,train
32310,train
32311,train
32312,test
32313,train
32314,train
32315,test
32316,test
32317,test
32318,train
32319,train
32320,train
32321,train
32322,train
32323,train
32324,train
32325,train
32326,train
32327,train
32328,train
32329,test
32330,train
32331,train
32332,train
32333,train
32334,train
32335,train
32336,test
32337,train
32338,train
32339,test
32340,train
32341,train
32342,test
32343,train
32344,train
32345,test
32346,train
32347,test
32348,train
32349,test
32350,train
32351,train
32352,test
32353,test
32354,train
32355,train
32356,test
32357,test
32358,train
32359,train
32360,test
32361,train
32362,test
32363,train
32364,train
32365,train
32366,train
32367,train
32368,train
32369,train
32370,train
32371,train
32372,train
32373,train
32374,train
32375,test
32376,test
32377,train
32378,train
32379,train
32380,train
32381,train
32382,train
32383,test
32384,train
32385,train
32386,train
32387,train
32388,train
32389,train
32390,test
32391,train
32392,train
32393,train
32394,train
32395,train
32396,train
32397,train
32398,test
32399,train
32400,train
32401,train
32402,train
32403,test
32404,train
32405,train
32406,train
32407,train
32408,train
32409,train
32410,train
32411,test
32412,train
32413,train
32414,train
32415,train
32416,test
32417,train
32418,train
32419,train
32420,train
32421,train
32422,train
32423,train
32424,test
32425,train
32426,train
32427,train
32428,train
32429,train
32430,train
32431,train
32432,train
32433,train
32434,train
32435,train
32436,train
32437,test
32438,train
32439,train
32440,train
32441,train
32442,train
32443,train
32444,train
32445,test
32446,train
32447,train
32448,test
32449,test
32450,train
32451,test
32452,train
32453,train
32454,train
32455,test
32456,train
32457,train
32458,test
32459,test
32460,train
32461,train
32462,train
32463,train
32464,train
32465,train
32466,train
32467,train
32468,train
32469,train
32470,train
32471,train
32472,train
32473,train
32474,train
32475,train
32476,test
32477,train
32478,train
32479,test
32480,train
32481,train
32482,train
32483,train
32484,train
32485,train
32486,train
32487,train
32488,test
32489,train
32490,train
32491,train
32492,train
32493,train
32494,train
32495,train
32496,train
32497,test
32498,train
32499,test
32500,train
32501,train
32502,train
32503,train
32504,train
32505,train
32506,test
32507,train
32508,train
32509,train
32510,train
32511,train
32512,train
32513,train
32514,train
32515,test
32516,train
32517,train
32518,test
32519,train
32520,test
32521,train
32522,train
32523,train
32524,train
32525,train
32526,train
32527,train
32528,train
32529,train
32530,train
32531,train
32532,train
32533,test
32534,train
32535,train
32536,train
32537,test
32538,train
32539,test
32540,train
32541,train
32542,test
32543,train
32544,train
32545,train
32546,train
32547,test
32548,train
32549,train
32550,test
32551,train
32552,train
32553,test
32554,train
32555,train
32556,test
32557,test
32558,train
32559,train
32560,train
32561,train
32562,test
32563,train
32564,train
32565,train
32566,train
32567,train
32568,train
32569,train
32570,train
32571,train
32572,train
32573,train
32574,train
32575,train
32576,train
32577,train
32578,train
32579,train
32580,train
32581,train
32582,train
32583,train
32584,train
32585,train
32586,train
32587,test
32588,train
32589,train
32590,train
32591,train
32592,train
32593,test
32594,train
32595,test
32596,train
32597,train
32598,train
32599,train
32600,test
32601,train
32602,train
32603,test
32604,train
32605,train
32606,train
32607,train
32608,test
32609,train
32610,train
32611,train
32612,train
32613,train
32614,train
32615,train
32616,train
32617,train
32618,train
32619,train
32620,train
32621,train
32622,test
32623,train
32624,train
32625,train
32626,train
32627,test
32628,train
32629,train
32630,train
32631,train
32632,test
32633,train
32634,test
32635,train
32636,test
32637,train
32638,train
32639,train
32640,train
32641,train
32642,train
32643,train
32644,train
32645,train
32646,train
32647,train
32648,train
32649,train
32650,train
32651,train
32652,train
32653,test
32654,train
32655,train
32656,test
32657,train
32658,train
32659,test
32660,train
32661,train
32662,test
32663,test
32664,train
32665,train
32666,train
32667,train
32668,train
32669,train
32670,test
32671,test
32672,train
32673,train
32674,test
32675,train
32676,train
32677,train
32678,train
32679,train
32680,train
32681,train
32682,train
32683,train
32684,train
32685,train
32686,train
32687,test
32688,test
32689,train
32690,train
32691,train
32692,train
32693,train
32694,train
32695,train
32696,train
32697,train
32698,train
32699,train
32700,train
32701,train
32702,train
32703,train
32704,train
32705,train
32706,train
32707,train
32708,train
32709,train
32710,train
32711,test
32712,train
32713,train
32714,train
32715,train
32716,train
32717,train
32718,train
32719,train
32720,train
32721,train
32722,train
32723,train
32724,train
32725,test
32726,train
32727,train
32728,train
32729,train
32730,train
32731,train
32732,test
32733,train
32734,train
32735,test
32736,test
32737,test
32738,train
32739,train
32740,train
32741,test
32742,train
32743,train
32744,train
32745,train
32746,train
32747,test
32748,test
32749,train
32750,train
32751,test
32752,test
32753,train
32754,train
32755,test
32756,train
32757,train
32758,train
32759,train
32760,train
32761,test
32762,train
32763,train
32764,train
32765,train
32766,train
32767,test
32768,test
32769,train
32770,train
32771,train
32772,train
32773,train
32774,train
32775,test
32776,train
32777,train
32778,train
32779,test
32780,test
32781,train
32782,train
32783,train
32784,train
32785,train
32786,train
32787,train
32788,train
32789,train
32790,train
32791,train
32792,train
32793,train
32794,train
32795,train
32796,test
32797,train
32798,train
32799,train
32800,train
32801,train
32802,train
32803,train
32804,train
32805,train
32806,train
32807,train
32808,train
32809,train
32810,train
32811,train
32812,train
32813,train
32814,train
32815,train
32816,train
32817,train
32818,train
32819,train
32820,train
32821,train
32822,train
32823,train
32824,train
32825,test
32826,train
32827,train
32828,train
32829,train
32830,train
32831,train
32832,train
32833,train
32834,test
32835,train
32836,train
32837,test
32838,train
32839,test
32840,train
32841,train
32842,train
32843,train
32844,train
32845,train
32846,train
32847,train
32848,train
32849,test
32850,train
32851,test
32852,train
32853,train
32854,train
32855,train
32856,test
32857,train
32858,train
32859,train
32860,train
32861,train
32862,train
32863,train
32864,train
32865,train
32866,test
32867,train
32868,train
32869,train
32870,train
32871,train
32872,train
32873,train
32874,train
32875,train
32876,train
32877,train
32878,train
32879,train
32880,train
32881,train
32882,train
32883,train
32884,train
32885,train
32886,train
32887,train
32888,test
32889,train
32890,train
32891,train
32892,train
32893,train
32894,train
32895,train
32896,test
32897,train
32898,train
32899,train
32900,train
32901,train
32902,train
32903,train
32904,train
32905,train
32906,train
32907,train
32908,test
32909,train
32910,train
32911,train
32912,train
32913,train
32914,train
32915,train
32916,test
32917,train
32918,train
32919,test
32920,train
32921,train
32922,train
32923,train
32924,train
32925,train
32926,train
32927,train
32928,train
32929,train
32930,test
32931,test
32932,train
32933,train
32934,train
32935,train
32936,train
32937,train
32938,train
32939,train
32940,train
32941,train
32942,test
32943,train
32944,train
32945,test
32946,train
32947,train
32948,test
32949,train
32950,train
32951,train
32952,train
32953,train
32954,train
32955,train
32956,test
32957,train
32958,train
32959,train
32960,train
32961,train
32962,train
32963,test
32964,train
32965,test
32966,train
32967,train
32968,train
32969,train
32970,train
32971,train
32972,test
32973,train
32974,train
32975,train
32976,test
32977,test
32978,test
32979,test
32980,test
32981,train
32982,train
32983,train
32984,train
32985,train
32986,test
32987,train
32988,test
32989,test
32990,test
32991,test
32992,train
32993,train
32994,test
32995,train
32996,train
32997,train
32998,test
32999,train
33000,train
33001,train
33002,train
33003,test
33004,test
33005,test
33006,train
33007,train
33008,train
33009,test
33010,train
33011,train
33012,train
33013,train
33014,test
33015,train
33016,train
33017,train
33018,train
33019,train
33020,train
33021,train
33022,train
33023,train
33024,train
33025,test
33026,train
33027,train
33028,train
33029,test
33030,train
33031,train
33032,train
33033,test
33034,train
33035,train
33036,train
33037,train
33038,test
33039,train
33040,train
33041,train
33042,train
33043,train
33044,train
33045,train
33046,train
33047,test
33048,train
33049,train
33050,train
33051,train
33052,train
33053,test
33054,train
33055,train
33056,train
33057,train
33058,train
33059,train
33060,train
33061,train
33062,train
33063,train
33064,train
33065,train
33066,train
33067,train
33068,train
33069,train
33070,train
33071,train
33072,test
33073,test
33074,train
33075,train
33076,train
33077,train
33078,test
33079,train
33080,train
33081,train
33082,test
33083,train
33084,train
33085,train
33086,train
33087,test
33088,test
33089,test
33090,test
33091,train
33092,train
33093,train
33094,train
33095,train
33096,train
33097,train
33098,train
33099,train
33100,train
33101,train
33102,train
33103,train
33104,train
33105,train
33106,train
33107,train
33108,test
33109,train
33110,test
33111,train
33112,train
33113,train
33114,test
33115,test
33116,train
33117,train
33118,train
33119,train
33120,train
33121,train
33122,train
33123,train
33124,train
33125,test
33126,train
33127,train
33128,train
33129,train
33130,train
33131,train
33132,train
33133,train
33134,train
33135,train
33136,train
33137,train
33138,train
33139,train
33140,train
33141,test
33142,train
33143,train
33144,test
33145,train
33146,train
33147,train
33148,test
33149,train
33150,train
33151,train
33152,train
33153,train
33154,train
33155,train
33156,train
33157,train
33158,train
33159,train
33160,train
33161,train
33162,test
33163,train
33164,train
33165,train
33166,train
33167,train
33168,train
33169,train
33170,train
33171,train
33172,train
33173,train
33174,train
33175,train
33176,train
33177,train
33178,train
33179,train
33180,train
33181,train
33182,test
33183,train
33184,train
33185,train
33186,train
33187,train
33188,train
33189,train
33190,train
33191,train
33192,train
33193,train
33194,test
33195,train
33196,train
33197,train
33198,train
33199,train
33200,train
33201,train
33202,train
33203,test
33204,test
33205,test
33206,train
33207,train
33208,train
33209,train
33210,train
33211,train
33212,train
33213,train
33214,train
33215,train
33216,test
33217,test
33218,test
33219,train
33220,train
33221,train
33222,train
33223,test
33224,train
33225,test
33226,train
33227,train
33228,train
33229,train
33230,train
33231,train
33232,test
33233,train
33234,train
33235,train
33236,train
33237,train
33238,train
33239,train
33240,train
33241,test
33242,train
33243,train
33244,train
33245,train
33246,train
33247,train
33248,train
33249,train
33250,train
33251,train
33252,train
33253,train
33254,train
33255,train
33256,train
33257,train
33258,test
33259,train
33260,test
33261,test
33262,train
33263,train
33264,train
33265,train
33266,test
33267,train
33268,train
33269,train
33270,train
33271,train
33272,train
33273,train
33274,train
33275,train
33276,train
33277,train
33278,test
33279,train
33280,train
33281,test
33282,train
33283,train
33284,train
33285,test
33286,train
33287,test
33288,train
33289,test
33290,train
33291,train
33292,train
33293,train
33294,train
33295,train
33296,train
33297,train
33298,train
33299,train
33300,train
33301,train
33302,test
33303,test
33304,train
33305,test
33306,train
33307,train
33308,train
33309,train
33310,train
33311,train
33312,train
33313,train
33314,train
33315,train
33316,test
33317,train
33318,train
33319,train
33320,train
33321,test
33322,train
33323,train
33324,train
33325,test
33326,test
33327,train
33328,train
33329,train
33330,train
33331,test
33332,train
33333,train
33334,train
33335,train
33336,train
33337,train
33338,train
33339,train
33340,train
33341,train
33342,train
33343,test
33344,train
33345,test
33346,train
33347,train
33348,train
33349,test
33350,train
33351,train
33352,train
33353,train
33354,train
33355,train
33356,train
33357,train
33358,test
33359,train
33360,train
33361,train
33362,train
33363,train
33364,test
33365,train
33366,train
33367,test
33368,train
33369,train
33370,test
33371,train
33372,train
33373,train
33374,train
33375,train
33376,train
33377,train
33378,train
33379,train
33380,train
33381,train
33382,train
33383,train
33384,train
33385,train
33386,train
33387,train
33388,train
33389,train
33390,train
33391,test
33392,train
33393,test
33394,train
33395,train
33396,train
33397,test
33398,train
33399,train
33400,train
33401,test
33402,train
33403,train
33404,train
33405,test
33406,train
33407,test
33408,train
33409,test
33410,test
33411,train
33412,train
33413,train
33414,train
33415,train
33416,train
33417,train
33418,test
33419,train
33420,train
33421,train
33422,train
33423,train
33424,test
33425,train
33426,train
33427,train
33428,train
33429,train
33430,train
33431,train
33432,train
33433,test
33434,train
33435,test
33436,test
33437,test
33438,train
33439,train
33440,train
33441,train
33442,test
33443,train
33444,train
33445,train
33446,train
33447,train
33448,train
33449,train
33450,train
33451,train
33452,train
33453,train
33454,train
33455,train
33456,test
33457,train
33458,train
33459,train
33460,train
33461,train
33462,train
33463,test
33464,train
33465,train
33466,train
33467,train
33468,train
33469,train
33470,train
33471,train
33472,train
33473,train
33474,train
33475,test
33476,train
33477,train
33478,test
33479,train
33480,test
33481,train
33482,train
33483,train
33484,train
33485,train
33486,train
33487,train
33488,train
33489,train
33490,train
33491,train
33492,train
33493,train
33494,train
33495,train
33496,test
33497,test
33498,test
33499,train
33500,train
33501,train
33502,train
33503,test
33504,train
33505,train
33506,test
33507,train
33508,train
33509,train
33510,train
33511,train
33512,train
33513,train
33514,train
33515,train
33516,train
33517,test
33518,train
33519,train
33520,test
33521,train
33522,train
33523,train
33524,train
33525,test
33526,train
33527,train
33528,train
33529,train
33530,train
33531,test
33532,train
33533,train
33534,train
33535,train
33536,train
33537,test
33538,train
33539,train
33540,train
33541,test
33542,train
33543,train
33544,train
33545,train
33546,train
33547,train
33548,train
33549,test
33550,train
33551,test
33552,test
33553,train
33554,train
33555,test
33556,train
33557,train
33558,train
33559,train
33560,train
33561,train
33562,train
33563,train
33564,train
33565,train
33566,train
33567,train
33568,train
33569,train
33570,train
33571,train
33572,train
33573,train
33574,test
33575,test
33576,train
33577,train
33578,train
33579,train
33580,train
33581,train
33582,train
33583,train
33584,train
33585,train
33586,train
33587,train
33588,test
33589,train
33590,train
33591,train
33592,train
33593,train
33594,train
33595,test
33596,train
33597,train
33598,train
33599,test
33600,train
33601,train
33602,test
33603,train
33604,train
33605,train
33606,train
33607,test
33608,train
33609,train
33610,train
33611,train
33612,train
33613,train
33614,train
33615,train
33616,train
33617,train
33618,train
33619,train
33620,train
33621,train
33622,train
33623,train
33624,train
33625,train
33626,train
33627,train
33628,train
33629,train
33630,train
33631,test
33632,train
33633,test
33634,train
33635,train
33636,train
33637,test
33638,train
33639,train
33640,test
33641,test
33642,test
33643,train
33644,train
33645,train
33646,train
33647,train
33648,train
33649,train
33650,train
33651,train
33652,train
33653,train
33654,train
33655,train
33656,test
33657,train
33658,train
33659,train
33660,train
33661,train
33662,train
33663,test
33664,test
33665,train
33666,train
33667,test
33668,train
33669,test
33670,train
33671,train
33672,train
33673,test
33674,test
33675,train
33676,train
33677,train
33678,train
33679,test
33680,test
33681,train
33682,train
33683,train
33684,train
33685,train
33686,test
33687,train
33688,train
33689,train
33690,train
33691,train
33692,train
33693,train
33694,train
33695,train
33696,train
33697,test
33698,train
33699,train
33700,train
33701,train
33702,train
33703,train
33704,train
33705,test
33706,train
33707,train
33708,test
33709,train
33710,train
33711,test
33712,train
33713,train
33714,train
33715,train
33716,train
33717,test
33718,train
33719,train
33720,train
33721,train
33722,train
33723,train
33724,train
33725,train
33726,train
33727,test
33728,train
33729,test
33730,train
33731,test
33732,train
33733,train
33734,train
33735,train
33736,train
33737,train
33738,test
33739,train
33740,test
33741,test
33742,train
33743,train
33744,test
33745,train
33746,train
33747,train
33748,train
33749,train
33750,train
33751,test
33752,train
33753,train
33754,test
33755,train
33756,train
33757,test
33758,train
33759,test
33760,train
33761,train
33762,test
33763,train
33764,train
33765,train
33766,train
33767,train
33768,train
33769,train
33770,train
33771,train
33772,train
33773,train
33774,train
33775,test
33776,train
33777,train
33778,train
33779,train
33780,train
33781,train
33782,test
33783,train
33784,train
33785,test
33786,train
33787,train
33788,train
33789,train
33790,train
33791,train
33792,train
33793,train
33794,train
33795,train
33796,test
33797,train
33798,train
33799,train
33800,train
33801,train
33802,train
33803,train
33804,train
33805,test
33806,train
33807,train
33808,train
33809,train
33810,train
33811,train
33812,test
33813,train
33814,train
33815,train
33816,train
33817,test
33818,train
33819,train
33820,test
33821,train
33822,train
33823,train
33824,train
33825,test
33826,test
33827,train
33828,train
33829,train
33830,train
33831,train
33832,train
33833,train
33834,train
33835,train
33836,train
33837,test
33838,test
33839,train
33840,train
33841,train
33842,train
33843,train
33844,train
33845,test
33846,train
33847,train
33848,test
33849,train
33850,train
33851,train
33852,train
33853,train
33854,train
33855,train
33856,train
33857,train
33858,test
33859,train
33860,train
33861,test
33862,train
33863,train
33864,train
33865,train
33866,train
33867,train
33868,train
33869,train
33870,train
33871,train
33872,train
33873,train
33874,train
33875,test
33876,train
33877,train
33878,train
33879,train
33880,test
33881,train
33882,train
33883,test
33884,train
33885,train
33886,train
33887,train
33888,train
33889,test
33890,train
33891,train
33892,train
33893,train
33894,train
33895,train
33896,train
33897,train
33898,test
33899,train
33900,train
33901,test
33902,train
33903,test
33904,train
33905,train
33906,train
33907,test
33908,test
33909,test
33910,train
33911,train
33912,train
33913,train
33914,train
33915,train
33916,test
33917,train
33918,test
33919,train
33920,train
33921,test
33922,train
33923,train
33924,test
33925,train
33926,train
33927,train
33928,train
33929,test
33930,test
33931,train
33932,train
33933,train
33934,train
33935,train
33936,test
33937,train
33938,test
33939,test
33940,train
33941,train
33942,train
33943,train
33944,train
33945,train
33946,train
33947,test
33948,train
33949,train
33950,train
33951,test
33952,train
33953,train
33954,test
33955,test
33956,train
33957,train
33958,train
33959,train
33960,train
33961,train
33962,train
33963,train
33964,train
33965,train
33966,train
33967,train
33968,test
33969,train
33970,train
33971,train
33972,train
33973,train
33974,train
33975,train
33976,test
33977,train
33978,test
33979,train
33980,train
33981,train
33982,train
33983,train
33984,train
33985,train
33986,train
33987,train
33988,train
33989,test
33990,train
33991,train
33992,train
33993,train
33994,test
33995,train
33996,train
33997,train
33998,train
33999,train
34000,train
34001,test
34002,train
34003,train
34004,train
34005,train
34006,train
34007,train
34008,train
34009,test
34010,train
34011,train
34012,train
34013,train
34014,train
34015,train
34016,train
34017,train
34018,train
34019,train
34020,test
34021,train
34022,train
34023,test
34024,train
34025,train
34026,test
34027,train
34028,test
34029,train
34030,train
34031,train
34032,train
34033,test
34034,train
34035,train
34036,train
34037,test
34038,train
34039,train
34040,test
34041,train
34042,train
34043,test
34044,train
34045,train
34046,test
34047,train
34048,test
34049,train
34050,train
34051,test
34052,train
34053,train
34054,train
34055,train
34056,train
34057,train
34058,train
34059,train
34060,train
34061,train
34062,train
34063,train
34064,train
34065,train
34066,train
34067,train
34068,train
34069,train
34070,train
34071,train
34072,train
34073,test
34074,train
34075,test
34076,test
34077,train
34078,train
34079,train
34080,train
34081,test
34082,test
34083,train
34084,train
34085,train
34086,train
34087,train
34088,train
34089,train
34090,train
34091,train
34092,test
34093,train
34094,train
34095,test
34096,train
34097,train
34098,train
34099,train
34100,train
34101,train
34102,train
34103,train
34104,train
34105,train
34106,train
34107,test
34108,test
34109,train
34110,train
34111,train
34112,train
34113,train
34114,train
34115,train
34116,train
34117,train
34118,train
34119,train
34120,train
34121,train
34122,train
34123,test
34124,train
34125,train
34126,test
34127,train
34128,test
34129,test
34130,train
34131,train
34132,test
34133,train
34134,train
34135,test
34136,train
34137,train
34138,train
34139,train
34140,test
34141,train
34142,train
34143,train
34144,train
34145,train
34146,train
34147,train
34148,train
34149,train
34150,test
34151,train
34152,train
34153,train
34154,test
34155,train
34156,test
34157,train
34158,train
34159,test
34160,train
34161,train
34162,train
34163,train
34164,test
34165,test
34166,train
34167,train
34168,train
34169,train
34170,train
34171,train
34172,train
34173,train
34174,train
34175,train
34176,test
34177,train
34178,train
34179,train
34180,train
34181,train
34182,train
34183,train
34184,train
34185,train
34186,test
34187,train
34188,train
34189,train
34190,train
34191,test
34192,train
34193,train
34194,train
34195,train
34196,train
34197,train
34198,test
34199,train
34200,train
34201,train
34202,test
34203,test
34204,train
34205,train
34206,test
34207,test
34208,train
34209,train
34210,train
34211,train
34212,train
34213,train
34214,train
34215,train
34216,train
34217,train
34218,train
34219,train
34220,train
34221,train
34222,train
34223,train
34224,train
34225,train
34226,train
34227,test
34228,test
34229,train
34230,train
34231,train
34232,train
34233,train
34234,train
34235,train
34236,train
34237,train
34238,test
34239,train
34240,train
34241,train
34242,train
34243,train
34244,test
34245,train
34246,train
34247,train
34248,test
34249,train
34250,train
34251,train
34252,train
34253,train
34254,train
34255,train
34256,train
34257,train
34258,train
34259,train
34260,train
34261,train
34262,train
34263,train
34264,train
34265,train
34266,test
34267,train
34268,train
34269,train
34270,train
34271,train
34272,train
34273,train
34274,train
34275,test
34276,train
34277,test
34278,train
34279,train
34280,train
34281,train
34282,test
34283,test
34284,train
34285,train
34286,test
34287,train
34288,train
34289,train
34290,train
34291,train
34292,train
34293,train
34294,test
34295,train
34296,test
34297,train
34298,test
34299,train
34300,train
34301,train
34302,train
34303,train
34304,test
34305,train
34306,train
34307,train
34308,train
34309,train
34310,test
34311,train
34312,test
34313,train
34314,train
34315,test
34316,train
34317,train
34318,train
34319,train
34320,train
34321,test
34322,train
34323,train
34324,train
34325,train
34326,train
34327,train
34328,train
34329,train
34330,train
34331,train
34332,train
34333,train
34334,train
34335,train
34336,train
34337,train
34338,test
34339,train
34340,train
34341,train
34342,test
34343,train
34344,train
34345,train
34346,train
34347,train
34348,train
34349,train
34350,train
34351,train
34352,test
34353,train
34354,test
34355,test
34356,train
34357,train
34358,train
34359,train
34360,train
34361,train
34362,test
34363,train
34364,train
34365,train
34366,train
34367,train
34368,test
34369,train
34370,train
34371,train
34372,train
34373,train
34374,train
34375,train
34376,train
34377,train
34378,train
34379,train
34380,train
34381,train
34382,test
34383,train
34384,train
34385,train
34386,train
34387,train
34388,train
34389,train
34390,train
34391,train
34392,train
34393,train
34394,train
34395,train
34396,train
34397,train
34398,train
34399,train
34400,train
34401,train
34402,train
34403,test
34404,train
34405,train
34406,train
34407,train
34408,train
34409,train
34410,train
34411,train
34412,train
34413,test
34414,test
34415,train
34416,test
34417,train
34418,train
34419,train
34420,train
34421,train
34422,train
34423,train
34424,test
34425,train
34426,train
34427,train
34428,train
34429,train
34430,train
34431,train
34432,train
34433,train
34434,train
34435,train
34436,train
34437,train
34438,test
34439,train
34440,test
34441,train
34442,train
34443,train
34444,train
34445,train
34446,test
34447,train
34448,train
34449,train
34450,train
34451,train
34452,train
34453,train
34454,train
34455,train
34456,train
34457,test
34458,test
34459,train
34460,train
34461,train
34462,train
34463,train
34464,train
34465,train
34466,train
34467,test
34468,train
34469,train
34470,train
34471,train
34472,train
34473,test
34474,test
34475,train
34476,train
34477,train
34478,train
34479,train
34480,train
34481,train
34482,train
34483,train
34484,train
34485,train
34486,train
34487,train
34488,test
34489,train
34490,test
34491,train
34492,train
34493,train
34494,train
34495,test
34496,test
34497,test
34498,train
34499,train
34500,train
34501,train
34502,train
34503,train
34504,train
34505,train
34506,train
34507,train
34508,train
34509,train
34510,test
34511,train
34512,test
34513,train
34514,test
34515,train
34516,train
34517,train
34518,test
34519,train
34520,train
34521,train
34522,train
34523,train
34524,train
34525,train
34526,train
34527,train
34528,train
34529,train
34530,train
34531,train
34532,train
34533,train
34534,test
34535,train
34536,test
34537,test
34538,test
34539,train
34540,test
34541,test
34542,train
34543,train
34544,train
34545,train
34546,train
34547,train
34548,train
34549,train
34550,train
34551,test
34552,train
34553,train
34554,test
34555,train
34556,test
34557,train
34558,train
34559,train
34560,train
34561,test
34562,train
34563,train
34564,train
34565,train
34566,train
34567,train
34568,test
34569,train
34570,test
34571,train
34572,train
34573,test
34574,test
34575,test
34576,train
34577,train
34578,train
34579,train
34580,train
34581,test
34582,train
34583,train
34584,train
34585,test
34586,train
34587,train
34588,train
34589,train
34590,train
34591,test
34592,train
34593,test
34594,train
34595,test
34596,test
34597,train
34598,train
34599,train
34600,train
34601,train
34602,train
34603,train
34604,train
34605,train
34606,train
34607,train
34608,train
34609,train
34610,train
34611,test
34612,train
34613,train
34614,train
34615,test
34616,train
34617,test
34618,train
34619,train
34620,train
34621,train
34622,train
34623,train
34624,train
34625,train
34626,test
34627,train
34628,train
34629,train
34630,train
34631,train
34632,train
34633,train
34634,test
34635,train
34636,train
34637,train
34638,train
34639,train
34640,train
34641,train
34642,train
34643,train
34644,train
34645,train
34646,train
34647,test
34648,test
34649,train
34650,train
34651,train
34652,train
34653,train
34654,train
34655,train
34656,train
34657,train
34658,train
34659,test
34660,train
34661,train
34662,train
34663,test
34664,train
34665,train
34666,test
34667,train
34668,test
34669,train
34670,train
34671,train
34672,train
34673,test
34674,train
34675,train
34676,test
34677,train
34678,train
34679,train
34680,train
34681,train
34682,train
34683,train
34684,train
34685,test
34686,train
34687,train
34688,train
34689,test
34690,test
34691,train
34692,train
34693,train
34694,train
34695,train
34696,train
34697,train
34698,train
34699,test
34700,train
34701,train
34702,train
34703,train
34704,train
34705,test
34706,train
34707,train
34708,train
34709,train
34710,train
34711,test
34712,test
34713,test
34714,train
34715,train
34716,test
34717,train
34718,train
34719,test
34720,train
34721,train
34722,test
34723,train
34724,train
34725,test
34726,test
34727,train
34728,test
34729,train
34730,train
34731,train
34732,test
34733,test
34734,train
34735,train
34736,train
34737,test
34738,train
34739,train
34740,train
34741,train
34742,test
34743,train
34744,train
34745,train
34746,train
34747,train
34748,train
34749,train
34750,train
34751,train
34752,train
34753,train
34754,test
34755,train
34756,test
34757,test
34758,train
34759,train
34760,train
34761,train
34762,train
34763,train
34764,train
34765,test
34766,test
34767,train
34768,train
34769,train
34770,train
34771,train
34772,train
34773,train
34774,train
34775,test
34776,test
34777,test
34778,train
34779,test
34780,train
34781,train
34782,train
34783,train
34784,train
34785,train
34786,train
34787,train
34788,train
34789,train
34790,train
34791,train
34792,train
34793,train
34794,train
34795,train
34796,train
34797,test
34798,train
34799,train
34800,test
34801,train
34802,train
34803,train
34804,test
34805,train
34806,test
34807,test
34808,train
34809,test
34810,train
34811,train
34812,train
34813,train
34814,test
34815,train
34816,train
34817,train
34818,test
34819,train
34820,train
34821,test
34822,test
34823,train
34824,train
34825,test
34826,test
34827,train
34828,train
34829,train
34830,train
34831,train
34832,train
34833,train
34834,train
34835,train
34836,train
34837,train
34838,train
34839,train
34840,train
34841,test
34842,train
34843,train
34844,train
34845,train
34846,test
34847,train
34848,train
34849,train
34850,train
34851,test
34852,train
34853,test
34854,train
34855,test
34856,train
34857,train
34858,train
34859,train
34860,train
34861,train
34862,test
34863,train
34864,test
34865,train
34866,train
34867,train
34868,test
34869,train
34870,train
34871,train
34872,test
34873,train
34874,train
34875,train
34876,train
34877,test
34878,train
34879,train
34880,test
34881,train
34882,test
34883,train
34884,train
34885,train
34886,train
34887,train
34888,train
34889,train
34890,train
34891,train
34892,train
34893,test
34894,train
34895,train
34896,train
34897,train
34898,train
34899,train
34900,train
34901,train
34902,train
34903,train
34904,train
34905,train
34906,train
34907,train
34908,test
34909,train
34910,train
34911,train
34912,train
34913,train
34914,train
34915,train
34916,train
34917,train
34918,test
34919,test
34920,train
34921,test
34922,train
34923,train
34924,train
34925,train
34926,train
34927,test
34928,train
34929,train
34930,train
34931,train
34932,train
34933,train
34934,test
34935,train
34936,train
34937,test
34938,train
34939,train
34940,train
34941,train
34942,train
34943,train
34944,train
34945,test
34946,test
34947,train
34948,train
34949,train
34950,train
34951,train
34952,test
34953,train
34954,test
34955,train
34956,test
34957,train
34958,test
34959,train
34960,train
34961,train
34962,test
34963,train
34964,train
34965,train
34966,train
34967,train
34968,test
34969,train
34970,train
34971,train
34972,test
34973,train
34974,train
34975,train
34976,train
34977,train
34978,train
34979,train
34980,train
34981,train
34982,train
34983,train
34984,train
34985,train
34986,train
34987,train
34988,train
34989,train
34990,train
34991,train
34992,train
34993,train
34994,train
34995,train
34996,train
34997,test
34998,test
34999,train
35000,test
35001,train
35002,test
35003,test
35004,train
35005,train
35006,train
35007,train
35008,train
35009,train
35010,train
35011,train
35012,train
35013,train
35014,train
35015,train
35016,train
35017,train
35018,test
35019,test
35020,train
35021,test
35022,train
35023,train
35024,test
35025,test
35026,test
35027,train
35028,test
35029,test
35030,train
35031,train
35032,train
35033,train
35034,test
35035,train
35036,train
35037,test
35038,test
35039,train
35040,train
35041,test
35042,train
35043,train
35044,train
35045,train
35046,test
35047,train
35048,train
35049,train
35050,train
35051,test
35052,train
35053,train
35054,test
35055,train
35056,train
35057,test
35058,train
35059,test
35060,train
35061,train
35062,train
35063,test
35064,train
35065,train
35066,test
35067,train
35068,test
35069,test
35070,train
35071,train
35072,train
35073,train
35074,train
35075,test
35076,train
35077,train
35078,train
35079,train
35080,train
35081,train
35082,test
35083,test
35084,test
35085,train
35086,train
35087,train
35088,train
35089,train
35090,train
35091,train
35092,train
35093,train
35094,train
35095,train
35096,train
35097,train
35098,test
35099,train
35100,train
35101,train
35102,train
35103,test
35104,train
35105,test
35106,test
35107,train
35108,test
35109,train
35110,train
35111,train
35112,train
35113,test
35114,train
35115,train
35116,train
35117,train
35118,train
35119,train
35120,train
35121,test
35122,train
35123,train
35124,train
35125,train
35126,train
35127,train
35128,train
35129,train
35130,test
35131,train
35132,train
35133,test
35134,train
35135,train
35136,train
35137,test
35138,train
35139,test
35140,test
35141,train
35142,train
35143,train
35144,train
35145,train
35146,train
35147,train
35148,test
35149,train
35150,train
35151,train
35152,train
35153,train
35154,train
35155,train
35156,train
35157,test
35158,train
35159,train
35160,train
35161,train
35162,train
35163,test
35164,train
35165,train
35166,test
35167,test
35168,train
35169,train
35170,train
35171,train
35172,train
35173,test
35174,test
35175,train
35176,train
35177,train
35178,train
35179,train
35180,test
35181,test
35182,train
35183,test
35184,train
35185,train
35186,train
35187,train
35188,train
35189,train
35190,train
35191,train
35192,train
35193,train
35194,train
35195,train
35196,train
35197,train
35198,train
35199,test
35200,train
35201,test
35202,train
35203,train
35204,train
35205,train
35206,train
35207,train
35208,train
35209,train
35210,test
35211,train
35212,test
35213,train
35214,train
35215,train
35216,train
35217,train
35218,train
35219,train
35220,train
35221,train
35222,train
35223,train
35224,train
35225,train
35226,train
35227,train
35228,train
35229,train
35230,test
35231,train
35232,train
35233,train
35234,train
35235,train
35236,test
35237,train
35238,train
35239,train
35240,train
35241,train
35242,train
35243,test
35244,test
35245,train
35246,train
35247,train
35248,train
35249,train
35250,train
35251,train
35252,train
35253,train
35254,test
35255,train
35256,train
35257,test
35258,test
35259,train
35260,train
35261,train
35262,train
35263,train
35264,train
35265,test
35266,test
35267,train
35268,train
35269,train
35270,test
35271,train
35272,train
35273,train
35274,train
35275,train
35276,test
35277,test
35278,train
35279,train
35280,train
35281,train
35282,train
35283,train
35284,test
35285,train
35286,train
35287,train
35288,test
35289,train
35290,test
35291,train
35292,train
35293,train
35294,train
35295,train
35296,test
35297,train
35298,test
35299,test
35300,train
35301,train
35302,train
35303,test
35304,train
35305,train
35306,train
35307,test
35308,train
35309,test
35310,train
35311,test
35312,test
35313,test
35314,train
35315,test
35316,train
35317,test
35318,train
35319,train
35320,test
35321,train
35322,train
35323,train
35324,train
35325,train
35326,train
35327,train
35328,train
35329,train
35330,train
35331,train
35332,train
35333,train
35334,test
35335,train
35336,train
35337,test
35338,train
35339,train
35340,train
35341,train
35342,test
35343,train
35344,train
35345,train
35346,train
35347,train
35348,test
35349,train
35350,train
35351,test
35352,train
35353,train
35354,test
35355,train
35356,train
35357,test
35358,train
35359,train
35360,train
35361,train
35362,train
35363,train
35364,test
35365,train
35366,train
35367,train
35368,test
35369,train
35370,train
35371,train
35372,train
35373,train
35374,train
35375,train
35376,train
35377,test
35378,train
35379,train
35380,train
35381,train
35382,train
35383,train
35384,train
35385,train
35386,train
35387,test
35388,train
35389,train
35390,train
35391,test
35392,test
35393,train
35394,test
35395,train
35396,train
35397,train
35398,test
35399,train
35400,test
35401,train
35402,test
35403,train
35404,train
35405,train
35406,train
35407,train
35408,test
35409,train
35410,train
35411,train
35412,train
35413,train
35414,train
35415,train
35416,train
35417,train
35418,test
35419,train
35420,train
35421,train
35422,train
35423,train
35424,train
35425,train
35426,train
35427,train
35428,train
35429,test
35430,test
35431,train
35432,train
35433,train
35434,test
35435,train
35436,train
35437,train
35438,train
35439,train
35440,train
35441,train
35442,train
35443,train
35444,train
35445,train
35446,test
35447,train
35448,train
35449,train
35450,train
35451,train
35452,train
35453,train
35454,train
35455,train
35456,test
35457,test
35458,train
35459,train
35460,train
35461,test
35462,train
35463,test
35464,train
35465,train
35466,train
35467,test
35468,train
35469,train
35470,train
35471,train
35472,train
35473,train
35474,train
35475,test
35476,train
35477,train
35478,train
35479,train
35480,train
35481,train
35482,train
35483,train
35484,test
35485,test
35486,train
35487,test
35488,train
35489,train
35490,test
35491,train
35492,train
35493,train
35494,test
35495,test
35496,train
35497,train
35498,train
35499,train
35500,test
35501,train
35502,test
35503,train
35504,train
35505,train
35506,train
35507,test
35508,train
35509,train
35510,train
35511,train
35512,train
35513,test
35514,train
35515,train
35516,test
35517,test
35518,train
35519,test
35520,train
35521,test
35522,train
35523,train
35524,train
35525,train
35526,train
35527,test
35528,train
35529,train
35530,test
35531,test
35532,train
35533,train
35534,train
35535,test
35536,train
35537,train
35538,train
35539,train
35540,train
35541,train
35542,train
35543,test
35544,test
35545,test
35546,train
35547,test
35548,train
35549,train
35550,train
35551,train
35552,train
35553,train
35554,train
35555,train
35556,train
35557,test
35558,train
35559,test
35560,train
35561,train
35562,train
35563,test
35564,test
35565,train
35566,train
35567,train
35568,test
35569,train
35570,train
35571,test
35572,train
35573,train
35574,train
35575,train
35576,test
35577,train
35578,train
35579,train
35580,train
35581,test
35582,train
35583,train
35584,test
35585,test
35586,train
35587,train
35588,train
35589,train
35590,train
35591,train
35592,train
35593,test
35594,train
35595,train
35596,train
35597,train
35598,train
35599,test
35600,train
35601,train
35602,train
35603,train
35604,train
35605,test
35606,train
35607,train
35608,train
35609,train
35610,train
35611,test
35612,train
35613,train
35614,test
35615,train
35616,train
35617,train
35618,train
35619,test
35620,train
35621,train
35622,train
35623,train
35624,train
35625,test
35626,train
35627,train
35628,test
35629,train
35630,train
35631,train
35632,train
35633,train
35634,train
35635,train
35636,train
35637,train
35638,train
35639,test
35640,train
35641,train
35642,train
35643,train
35644,test
35645,train
35646,train
35647,train
35648,test
35649,train
35650,train
35651,train
35652,train
35653,train
35654,train
35655,train
35656,train
35657,train
35658,test
35659,train
35660,train
35661,train
35662,test
35663,test
35664,test
35665,train
35666,test
35667,test
35668,train
35669,train
35670,train
35671,train
35672,train
35673,train
35674,train
35675,train
35676,train
35677,train
35678,test
35679,train
35680,train
35681,test
35682,train
35683,train
35684,train
35685,test
35686,train
35687,train
35688,train
35689,train
35690,train
35691,train
35692,train
35693,test
35694,train
35695,train
35696,test
35697,test
35698,test
35699,train
35700,train
35701,train
35702,train
35703,train
35704,train
35705,train
35706,train
35707,train
35708,train
35709,train
35710,train
35711,train
35712,train
35713,train
35714,train
35715,train
35716,train
35717,test
35718,train
35719,train
35720,train
35721,train
35722,test
35723,test
35724,train
35725,test
35726,train
35727,train
35728,train
35729,train
35730,train
35731,train
35732,train
35733,train
35734,train
35735,train
35736,test
35737,test
35738,train
35739,train
35740,train
35741,train
35742,test
35743,train
35744,test
35745,train
35746,train
35747,train
35748,train
35749,train
35750,train
35751,train
35752,train
35753,test
35754,train
35755,train
35756,train
35757,train
35758,train
35759,test
35760,train
35761,test
35762,train
35763,test
35764,train
35765,train
35766,test
35767,train
35768,train
35769,train
35770,train
35771,train
35772,train
35773,train
35774,test
35775,train
35776,train
35777,train
35778,train
35779,test
35780,train
35781,test
35782,train
35783,train
35784,train
35785,train
35786,train
35787,train
35788,train
35789,train
35790,train
35791,train
35792,train
35793,train
35794,train
35795,test
35796,train
35797,train
35798,train
35799,test
35800,train
35801,train
35802,train
35803,train
35804,test
35805,test
35806,train
35807,train
35808,train
35809,train
35810,train
35811,train
35812,train
35813,train
35814,train
35815,train
35816,train
35817,train
35818,train
35819,train
35820,train
35821,test
35822,train
35823,train
35824,test
35825,test
35826,train
35827,train
35828,train
35829,train
35830,train
35831,train
35832,train
35833,test
35834,train
35835,test
35836,train
35837,train
35838,train
35839,train
35840,train
35841,train
35842,train
35843,train
35844,test
35845,train
35846,train
35847,train
35848,train
35849,train
35850,test
35851,train
35852,train
35853,train
35854,train
35855,train
35856,train
35857,train
35858,test
35859,train
35860,train
35861,train
35862,train
35863,test
35864,test
35865,train
35866,train
35867,train
35868,train
35869,test
35870,train
35871,train
35872,train
35873,train
35874,train
35875,train
35876,train
35877,test
35878,train
35879,train
35880,train
35881,train
35882,train
35883,train
35884,train
35885,train
35886,test
35887,train
35888,train
35889,train
35890,train
35891,train
35892,test
35893,train
35894,train
35895,train
35896,test
35897,train
35898,test
35899,train
35900,train
35901,train
35902,test
35903,train
35904,train
35905,train
35906,test
35907,train
35908,test
35909,train
35910,test
35911,train
35912,train
35913,train
35914,train
35915,train
35916,test
35917,train
35918,train
35919,train
35920,train
35921,train
35922,train
35923,train
35924,train
35925,train
35926,train
35927,train
35928,train
35929,train
35930,train
35931,train
35932,train
35933,train
35934,train
35935,train
35936,train
35937,train
35938,test
35939,train
35940,train
35941,train
35942,train
35943,train
35944,test
35945,train
35946,train
35947,train
35948,train
35949,train
35950,test
35951,test
35952,train
35953,train
35954,train
35955,test
35956,train
35957,train
35958,train
35959,train
35960,train
35961,train
35962,train
35963,train
35964,train
35965,train
35966,test
35967,train
35968,train
35969,train
35970,train
35971,train
35972,test
35973,train
35974,train
35975,train
35976,train
35977,test
35978,train
35979,test
35980,train
35981,test
35982,train
35983,test
35984,train
35985,train
35986,train
35987,train
35988,train
35989,train
35990,train
35991,train
35992,train
35993,train
35994,train
35995,train
35996,train
35997,train
35998,train
35999,train
36000,test
36001,train
36002,test
36003,train
36004,train
36005,train
36006,test
36007,train
36008,train
36009,test
36010,train
36011,test
36012,train
36013,train
36014,train
36015,train
36016,train
36017,train
36018,train
36019,train
36020,train
36021,train
36022,train
36023,train
36024,train
36025,train
36026,train
36027,train
36028,train
36029,train
36030,test
36031,test
36032,train
36033,test
36034,train
36035,train
36036,train
36037,test
36038,train
36039,train
36040,test
36041,train
36042,test
36043,train
36044,train
36045,train
36046,train
36047,train
36048,train
36049,test
36050,train
36051,test
36052,train
36053,train
36054,test
36055,train
36056,train
36057,test
36058,train
36059,train
36060,train
36061,train
36062,train
36063,train
36064,train
36065,train
36066,train
36067,train
36068,train
36069,train
36070,test
36071,train
36072,train
36073,train
36074,train
36075,train
36076,train
36077,test
36078,test
36079,train
36080,test
36081,train
36082,test
36083,train
36084,train
36085,train
36086,train
36087,train
36088,train
36089,train
36090,train
36091,train
36092,test
36093,train
36094,test
36095,train
36096,train
36097,train
36098,train
36099,train
36100,test
36101,train
36102,train
36103,test
36104,test
36105,train
36106,train
36107,train
36108,test
36109,test
36110,train
36111,train
36112,train
36113,train
36114,train
36115,train
36116,train
36117,train
36118,train
36119,train
36120,test
36121,test
36122,train
36123,train
36124,train
36125,train
36126,train
36127,train
36128,train
36129,test
36130,train
36131,train
36132,train
36133,train
36134,train
36135,train
36136,train
36137,test
36138,train
36139,train
36140,train
36141,train
36142,train
36143,train
36144,train
36145,train
36146,train
36147,train
36148,test
36149,test
36150,train
36151,train
36152,train
36153,test
36154,train
36155,train
36156,train
36157,train
36158,train
36159,train
36160,train
36161,train
36162,train
36163,train
36164,train
36165,train
36166,train
36167,train
36168,train
36169,test
36170,train
36171,train
36172,train
36173,test
36174,train
36175,test
36176,train
36177,train
36178,train
36179,train
36180,train
36181,train
36182,test
36183,train
36184,train
36185,train
36186,train
36187,train
36188,train
36189,train
36190,test
36191,train
36192,train
36193,test
36194,train
36195,train
36196,test
36197,train
36198,train
36199,train
36200,train
36201,train
36202,train
36203,train
36204,train
36205,train
36206,test
36207,train
36208,train
36209,train
36210,train
36211,train
36212,train
36213,test
36214,train
36215,train
36216,train
36217,train
36218,train
36219,test
36220,train
36221,train
36222,test
36223,train
36224,train
36225,test
36226,train
36227,train
36228,train
36229,train
36230,train
36231,test
36232,train
36233,train
36234,train
36235,train
36236,train
36237,test
36238,train
36239,train
36240,train
36241,test
36242,train
36243,train
36244,train
36245,train
36246,train
36247,test
36248,train
36249,train
36250,train
36251,test
36252,train
36253,train
36254,train
36255,train
36256,test
36257,train
36258,test
36259,test
36260,train
36261,test
36262,train
36263,train
36264,train
36265,train
36266,train
36267,train
36268,train
36269,train
36270,train
36271,train
36272,test
36273,train
36274,train
36275,train
36276,train
36277,test
36278,train
36279,train
36280,test
36281,train
36282,test
36283,train
36284,test
36285,train
36286,test
36287,train
36288,test
36289,test
36290,train
36291,train
36292,test
36293,test
36294,train
36295,train
36296,train
36297,train
36298,train
36299,train
36300,train
36301,test
36302,train
36303,train
36304,train
36305,train
36306,train
36307,test
36308,train
36309,train
36310,train
36311,test
36312,train
36313,train
36314,train
36315,train
36316,train
36317,train
36318,train
36319,train
36320,train
36321,train
36322,train
36323,train
36324,train
36325,train
36326,train
36327,train
36328,train
36329,train
36330,train
36331,train
36332,train
36333,train
36334,test
36335,train
36336,train
36337,train
36338,test
36339,test
36340,train
36341,train
36342,test
36343,train
36344,train
36345,train
36346,train
36347,train
36348,train
36349,train
36350,train
36351,train
36352,train
36353,train
36354,train
36355,train
36356,train
36357,train
36358,train
36359,train
36360,train
36361,train
36362,train
36363,train
36364,train
36365,train
36366,train
36367,test
36368,test
36369,train
36370,test
36371,test
36372,test
36373,train
36374,test
36375,train
36376,test
36377,train
36378,train
36379,test
36380,test
36381,test
36382,train
36383,train
36384,train
36385,train
36386,train
36387,test
36388,test
36389,train
36390,train
36391,test
36392,train
36393,test
36394,test
36395,train
36396,train
36397,train
36398,train
36399,train
36400,train
36401,train
36402,train
36403,test
36404,train
36405,train
36406,train
36407,train
36408,train
36409,train
36410,test
36411,train
36412,train
36413,train
36414,train
36415,train
36416,train
36417,train
36418,train
36419,train
36420,test
36421,train
36422,train
36423,train
36424,test
36425,train
36426,train
36427,test
36428,train
36429,train
36430,train
36431,train
36432,train
36433,train
36434,train
36435,train
36436,train
36437,test
36438,train
36439,train
36440,train
36441,train
36442,train
36443,test
36444,train
36445,test
36446,test
36447,train
36448,test
36449,train
36450,train
36451,test
36452,test
36453,test
36454,test
36455,train
36456,train
36457,train
36458,train
36459,train
36460,train
36461,train
36462,train
36463,train
36464,test
36465,train
36466,test
36467,train
36468,train
36469,train
36470,train
36471,train
36472,train
36473,train
36474,train
36475,train
36476,test
36477,train
36478,train
36479,train
36480,train
36481,train
36482,test
36483,train
36484,train
36485,train
36486,train
36487,test
36488,train
36489,train
36490,train
36491,train
36492,test
36493,train
36494,train
36495,train
36496,train
36497,train
36498,train
36499,train
36500,train
36501,train
36502,train
36503,test
36504,train
36505,train
36506,test
36507,train
36508,train
36509,test
36510,train
36511,test
36512,train
36513,train
36514,train
36515,train
36516,test
36517,train
36518,test
36519,test
36520,test
36521,train
36522,train
36523,train
36524,train
36525,train
36526,train
36527,train
36528,train
36529,train
36530,train
36531,train
36532,train
36533,train
36534,train
36535,train
36536,train
36537,test
36538,test
36539,train
36540,train
36541,test
36542,train
36543,train
36544,train
36545,train
36546,train
36547,train
36548,train
36549,train
36550,test
36551,train
36552,train
36553,train
36554,test
36555,train
36556,test
36557,test
36558,train
36559,train
36560,train
36561,train
36562,train
36563,train
36564,train
36565,train
36566,train
36567,train
36568,train
36569,train
36570,test
36571,train
36572,test
36573,train
36574,train
36575,test
36576,test
36577,test
36578,test
36579,train
36580,train
36581,train
36582,train
36583,train
36584,train
36585,test
36586,train
36587,train
36588,train
36589,train
36590,train
36591,train
36592,train
36593,test
36594,test
36595,train
36596,train
36597,test
36598,train
36599,train
36600,train
36601,train
36602,train
36603,train
36604,train
36605,train
36606,train
36607,train
36608,train
36609,train
36610,test
36611,train
36612,train
36613,test
36614,train
36615,train
36616,train
36617,train
36618,train
36619,test
36620,train
36621,train
36622,test
36623,test
36624,train
36625,train
36626,train
36627,train
36628,train
36629,train
36630,train
36631,train
36632,train
36633,test
36634,train
36635,train
36636,train
36637,test
36638,train
36639,train
36640,test
36641,train
36642,test
36643,train
36644,train
36645,train
36646,train
36647,train
36648,train
36649,test
36650,train
36651,test
36652,train
36653,train
36654,test
36655,train
36656,train
36657,train
36658,train
36659,train
36660,train
36661,train
36662,train
36663,train
36664,train
36665,test
36666,test
36667,train
36668,test
36669,train
36670,train
36671,train
36672,train
36673,train
36674,train
36675,train
36676,train
36677,train
36678,train
36679,train
36680,train
36681,train
36682,test
36683,train
36684,train
36685,train
36686,train
36687,train
36688,train
36689,train
36690,test
36691,test
36692,train
36693,train
36694,train
36695,train
36696,train
36697,train
36698,train
36699,train
36700,train
36701,train
36702,train
36703,test
36704,train
36705,test
36706,test
36707,train
36708,test
36709,train
36710,train
36711,train
36712,train
36713,train
36714,test
36715,train
36716,test
36717,train
36718,train
36719,test
36720,train
36721,train
36722,train
36723,train
36724,train
36725,train
36726,train
36727,train
36728,test
36729,train
36730,train
36731,train
36732,train
36733,train
36734,train
36735,train
36736,train
36737,train
36738,test
36739,train
36740,train
36741,train
36742,test
36743,train
36744,test
36745,test
36746,train
36747,test
36748,train
36749,train
36750,train
36751,train
36752,train
36753,train
36754,train
36755,train
36756,train
36757,train
36758,train
36759,train
36760,test
36761,train
36762,train
36763,train
36764,train
36765,train
36766,test
36767,train
36768,train
36769,test
36770,train
36771,test
36772,train
36773,test
36774,test
36775,train
36776,train
36777,train
36778,train
36779,test
36780,test
36781,train
36782,train
36783,test
36784,train
36785,train
36786,train
36787,test
36788,train
36789,train
36790,train
36791,train
36792,train
36793,train
36794,train
36795,test
36796,train
36797,train
36798,train
36799,train
36800,test
36801,train
36802,train
36803,train
36804,train
36805,train
36806,train
36807,train
36808,train
36809,train
36810,train
36811,train
36812,train
36813,train
36814,train
36815,train
36816,test
36817,train
36818,train
36819,train
36820,train
36821,train
36822,train
36823,train
36824,train
36825,train
36826,train
36827,train
36828,test
36829,train
36830,test
36831,train
36832,train
36833,test
36834,train
36835,train
36836,train
36837,train
36838,train
36839,train
36840,train
36841,train
36842,train
36843,train
36844,train
36845,train
36846,train
36847,train
36848,test
36849,train
36850,test
36851,train
36852,train
36853,test
36854,train
36855,train
36856,train
36857,train
36858,train
36859,train
36860,train
36861,test
36862,train
36863,train
36864,train
36865,test
36866,train
36867,train
36868,test
36869,train
36870,train
36871,train
36872,test
36873,train
36874,train
36875,train
36876,train
36877,train
36878,train
36879,train
36880,train
36881,test
36882,test
36883,train
36884,train
36885,test
36886,train
36887,train
36888,train
36889,train
36890,train
36891,test
36892,train
36893,test
36894,train
36895,train
36896,train
36897,train
36898,train
36899,train
36900,train
36901,train
36902,train
36903,train
36904,test
36905,train
36906,train
36907,test
36908,train
36909,train
36910,train
36911,train
36912,test
36913,train
36914,train
36915,train
36916,test
36917,train
36918,train
36919,test
36920,train
36921,test
36922,test
36923,train
36924,test
36925,train
36926,test
36927,train
36928,test
36929,test
36930,train
36931,train
36932,train
36933,train
36934,train
36935,train
36936,test
36937,train
36938,train
36939,train
36940,test
36941,train
36942,train
36943,train
36944,train
36945,train
36946,train
36947,train
36948,train
36949,train
36950,train
36951,train
36952,train
36953,train
36954,train
36955,train
36956,train
36957,train
36958,test
36959,train
36960,train
36961,train
36962,train
36963,test
36964,test
36965,train
36966,test
36967,train
36968,train
36969,train
36970,test
36971,train
36972,test
36973,train
36974,test
36975,train
36976,train
36977,train
36978,train
36979,train
36980,train
36981,train
36982,test
36983,train
36984,train
36985,test
36986,train
36987,train
36988,train
36989,train
36990,train
36991,train
36992,train
36993,train
36994,train
36995,train
36996,train
36997,train
36998,train
36999,train
37000,test
37001,train
37002,train
37003,train
37004,test
37005,train
37006,test
37007,train
37008,test
37009,train
37010,train
37011,train
37012,test
37013,train
37014,test
37015,train
37016,train
37017,train
37018,train
37019,train
37020,train
37021,train
37022,train
37023,train
37024,test
37025,train
37026,test
37027,train
37028,train
37029,train
37030,train
37031,train
37032,train
37033,train
37034,train
37035,train
37036,train
37037,train
37038,train
37039,train
37040,train
37041,test
37042,train
37043,test
37044,train
37045,train
37046,train
37047,train
37048,train
37049,train
37050,train
37051,test
37052,test
37053,test
37054,train
37055,test
37056,train
37057,train
37058,train
37059,train
37060,train
37061,test
37062,test
37063,train
37064,train
37065,train
37066,train
37067,train
37068,train
37069,train
37070,train
37071,train
37072,train
37073,train
37074,test
37075,train
37076,test
37077,train
37078,train
37079,train
37080,train
37081,test
37082,train
37083,train
37084,train
37085,train
37086,train
37087,train
37088,train
37089,train
37090,test
37091,train
37092,train
37093,test
37094,train
37095,train
37096,train
37097,test
37098,train
37099,train
37100,train
37101,train
37102,train
37103,train
37104,train
37105,train
37106,train
37107,test
37108,test
37109,test
37110,train
37111,test
37112,test
37113,train
37114,train
37115,train
37116,train
37117,test
37118,train
37119,test
37120,train
37121,train
37122,train
37123,train
37124,test
37125,test
37126,train
37127,train
37128,train
37129,train
37130,train
37131,test
37132,train
37133,test
37134,train
37135,train
37136,train
37137,train
37138,train
37139,test
37140,train
37141,train
37142,train
37143,test
37144,train
37145,test
37146,train
37147,train
37148,train
37149,test
37150,train
37151,train
37152,test
37153,train
37154,train
37155,train
37156,train
37157,train
37158,train
37159,train
37160,train
37161,train
37162,test
37163,train
37164,train
37165,train
37166,test
37167,train
37168,test
37169,train
37170,test
37171,train
37172,train
37173,train
37174,train
37175,train
37176,train
37177,train
37178,test
37179,train
37180,train
37181,train
37182,train
37183,train
37184,train
37185,train
37186,train
37187,train
37188,train
37189,test
37190,train
37191,train
37192,train
37193,train
37194,train
37195,train
37196,train
37197,train
37198,test
37199,train
37200,train
37201,train
37202,train
37203,train
37204,train
37205,test
37206,train
37207,train
37208,train
37209,train
37210,train
37211,train
37212,test
37213,train
37214,train
37215,train
37216,train
37217,train
37218,train
37219,train
37220,train
37221,train
37222,train
37223,train
37224,train
37225,train
37226,train
37227,train
37228,train
37229,train
37230,train
37231,train
37232,test
37233,test
37234,test
37235,test
37236,train
37237,train
37238,train
37239,train
37240,train
37241,train
37242,train
37243,test
37244,train
37245,train
37246,train
37247,train
37248,train
37249,train
37250,train
37251,test
37252,test
37253,train
37254,train
37255,train
37256,train
37257,train
37258,train
37259,train
37260,train
37261,train
37262,test
37263,train
37264,train
37265,test
37266,train
37267,train
37268,train
37269,train
37270,train
37271,train
37272,train
37273,train
37274,train
37275,train
37276,train
37277,train
37278,train
37279,train
37280,train
37281,train
37282,test
37283,train
37284,train
37285,train
37286,train
37287,train
37288,test
37289,test
37290,train
37291,train
37292,train
37293,train
37294,train
37295,train
37296,train
37297,train
37298,train
37299,train
37300,train
37301,train
37302,train
37303,test
37304,test
37305,train
37306,train
37307,train
37308,train
37309,train
37310,train
37311,train
37312,train
37313,test
37314,train
37315,train
37316,train
37317,train
37318,test
37319,train
37320,train
37321,train
37322,train
37323,train
37324,train
37325,train
37326,test
37327,test
37328,train
37329,train
37330,train
37331,train
37332,test
37333,train
37334,train
37335,test
37336,test
37337,test
37338,train
37339,train
37340,test
37341,train
37342,train
37343,test
37344,train
37345,train
37346,train
37347,train
37348,train
37349,train
37350,train
37351,train
37352,train
37353,train
37354,train
37355,train
37356,train
37357,test
37358,test
37359,test
37360,train
37361,train
37362,test
37363,train
37364,train
37365,train
37366,train
37367,train
37368,train
37369,train
37370,train
37371,train
37372,train
37373,train
37374,train
37375,test
37376,train
37377,train
37378,train
37379,test
37380,test
37381,train
37382,test
37383,train
37384,train
37385,train
37386,train
37387,train
37388,train
37389,train
37390,train
37391,train
37392,train
37393,train
37394,train
37395,train
37396,train
37397,test
37398,train
37399,test
37400,train
37401,train
37402,train
37403,train
37404,train
37405,train
37406,train
37407,train
37408,train
37409,train
37410,train
37411,train
37412,train
37413,train
37414,test
37415,train
37416,train
37417,train
37418,train
37419,train
37420,train
37421,test
37422,test
37423,train
37424,train
37425,test
37426,train
37427,test
37428,train
37429,train
37430,train
37431,test
37432,test
37433,train
37434,train
37435,train
37436,test
37437,train
37438,train
37439,test
37440,train
37441,train
37442,train
37443,train
37444,test
37445,train
37446,train
37447,train
37448,train
37449,test
37450,train
37451,train
37452,train
37453,test
37454,train
37455,train
37456,train
37457,train
37458,train
37459,train
37460,test
37461,train
37462,train
37463,train
37464,train
37465,train
37466,train
37467,test
37468,train
37469,train
37470,train
37471,test
37472,train
37473,train
37474,train
37475,train
37476,train
37477,train
37478,train
37479,train
37480,train
37481,train
37482,test
37483,train
37484,train
37485,train
37486,train
37487,test
37488,train
37489,train
37490,train
37491,train
37492,train
37493,train
37494,test
37495,train
37496,train
37497,train
37498,test
37499,train
37500,train
37501,test
37502,train
37503,train
37504,train
37505,train
37506,train
37507,train
37508,train
37509,train
37510,train
37511,test
37512,train
37513,train
37514,train
37515,train
37516,test
37517,train
37518,train
37519,train
37520,test
37521,train
37522,train
37523,train
37524,train
37525,train
37526,train
37527,test
37528,train
37529,test
37530,train
37531,train
37532,train
37533,train
37534,test
37535,train
37536,train
37537,train
37538,test
37539,train
37540,train
37541,test
37542,test
37543,train
37544,train
37545,train
37546,train
37547,test
37548,test
37549,test
37550,train
37551,train
37552,train
37553,train
37554,test
37555,train
37556,test
37557,train
37558,test
37559,train
37560,train
37561,test
37562,test
37563,train
37564,test
37565,train
37566,train
37567,train
37568,train
37569,train
37570,test
37571,train
37572,train
37573,train
37574,train
37575,train
37576,test
37577,train
37578,train
37579,train
37580,train
37581,train
37582,test
37583,test
37584,train
37585,train
37586,train
37587,test
37588,train
37589,test
37590,train
37591,test
37592,test
37593,train
37594,train
37595,train
37596,train
37597,train
37598,train
37599,train
37600,train
37601,train
37602,test
37603,test
37604,train
37605,train
37606,train
37607,train
37608,train
37609,train
37610,test
37611,train
37612,train
37613,train
37614,train
37615,train
37616,test
37617,train
37618,train
37619,train
37620,train
37621,train
37622,train
37623,train
37624,train
37625,train
37626,train
37627,train
37628,train
37629,train
37630,train
37631,test
37632,train
37633,train
37634,test
37635,train
37636,train
37637,train
37638,train
37639,train
37640,train
37641,train
37642,test
37643,train
37644,train
37645,train
37646,test
37647,train
37648,train
37649,train
37650,test
37651,test
37652,train
37653,train
37654,train
37655,test
37656,train
37657,train
37658,train
37659,train
37660,train
37661,train
37662,train
37663,train
37664,train
37665,train
37666,train
37667,train
37668,train
37669,test
37670,train
37671,train
37672,train
37673,train
37674,train
37675,train
37676,train
37677,train
37678,train
37679,train
37680,train
37681,train
37682,train
37683,train
37684,train
37685,train
37686,train
37687,test
37688,train
37689,train
37690,train
37691,test
37692,test
37693,train
37694,train
37695,train
37696,train
37697,test
37698,train
37699,train
37700,train
37701,train
37702,train
37703,train
37704,train
37705,test
37706,train
37707,train
37708,train
37709,train
37710,test
37711,test
37712,train
37713,train
37714,test
37715,train
37716,train
37717,train
37718,test
37719,train
37720,train
37721,test
37722,train
37723,train
37724,train
37725,train
37726,train
37727,train
37728,test
37729,train
37730,train
37731,test
37732,train
37733,train
37734,train
37735,train
37736,train
37737,train
37738,train
37739,train
37740,test
37741,train
37742,train
37743,train
37744,train
37745,train
37746,test
37747,train
37748,train
37749,train
37750,train
37751,train
37752,train
37753,test
37754,train
37755,test
37756,train
37757,train
37758,train
37759,train
37760,train
37761,test
37762,train
37763,test
37764,train
37765,test
37766,train
37767,test
37768,train
37769,train
37770,test
37771,test
37772,train
37773,train
37774,train
37775,train
37776,test
37777,train
37778,train
37779,train
37780,test
37781,train
37782,train
37783,train
37784,train
37785,train
37786,test
37787,train
37788,train
37789,train
37790,train
37791,test
37792,train
37793,train
37794,train
37795,train
37796,train
37797,train
37798,train
37799,train
37800,train
37801,train
37802,train
37803,train
37804,test
37805,train
37806,train
37807,train
37808,test
37809,train
37810,test
37811,train
37812,train
37813,train
37814,train
37815,train
37816,train
37817,train
37818,train
37819,train
37820,test
37821,train
37822,test
37823,test
37824,train
37825,test
37826,train
37827,train
37828,test
37829,train
37830,train
37831,train
37832,test
37833,train
37834,train
37835,train
37836,train
37837,train
37838,train
37839,test
37840,test
37841,train
37842,train
37843,train
37844,train
37845,test
37846,test
37847,train
37848,test
37849,test
37850,train
37851,train
37852,train
37853,train
37854,test
37855,train
37856,train
37857,train
37858,train
37859,train
37860,train
37861,train
37862,train
37863,train
37864,train
37865,train
37866,train
37867,train
37868,test
37869,train
37870,train
37871,train
37872,train
37873,train
37874,train
37875,train
37876,test
37877,train
37878,train
37879,train
37880,test
37881,train
37882,train
37883,train
37884,train
37885,train
37886,train
37887,train
37888,train
37889,test
37890,train
37891,train
37892,train
37893,train
37894,train
37895,train
37896,train
37897,train
37898,test
37899,train
37900,train
37901,train
37902,train
37903,train
37904,train
37905,train
37906,train
37907,train
37908,train
37909,train
37910,test
37911,train
37912,train
37913,train
37914,train
37915,test
37916,test
37917,train
37918,test
37919,train
37920,test
37921,train
37922,test
37923,train
37924,test
37925,train
37926,test
37927,train
37928,train
37929,train
37930,train
37931,train
37932,train
37933,train
37934,test
37935,train
37936,test
37937,train
37938,train
37939,train
37940,train
37941,train
37942,test
37943,train
37944,train
37945,train
37946,train
37947,test
37948,train
37949,test
37950,train
37951,test
37952,train
37953,train
37954,train
37955,train
37956,train
37957,train
37958,train
37959,train
37960,train
37961,test
37962,train
37963,train
37964,train
37965,train
37966,train
37967,train
37968,train
37969,train
37970,train
37971,train
37972,train
37973,train
37974,train
37975,train
37976,train
37977,train
37978,train
37979,train
37980,train
37981,train
37982,train
37983,train
37984,train
37985,test
37986,test
37987,train
37988,test
37989,train
37990,train
37991,train
37992,train
37993,train
37994,test
37995,train
37996,test
37997,train
37998,train
37999,train
38000,train
38001,train
38002,train
38003,test
38004,test
38005,train
38006,train
38007,train
38008,train
38009,train
38010,train
38011,train
38012,train
38013,train
38014,train
38015,train
38016,train
38017,test
38018,train
38019,train
38020,test
38021,train
38022,train
38023,test
38024,train
38025,train
38026,train
38027,train
38028,train
38029,train
38030,train
38031,train
38032,train
38033,test
38034,train
38035,train
38036,train
38037,train
38038,train
38039,train
38040,train
38041,train
38042,train
38043,train
38044,train
38045,train
38046,train
38047,train
38048,train
38049,train
38050,train
38051,train
38052,train
38053,train
38054,train
38055,train
38056,train
38057,train
38058,train
38059,train
38060,train
38061,train
38062,train
38063,test
38064,train
38065,train
38066,train
38067,train
38068,train
38069,train
38070,train
38071,train
38072,train
38073,train
38074,train
38075,train
38076,train
38077,train
38078,train
38079,train
38080,train
38081,train
38082,test
38083,train
38084,train
38085,train
38086,test
38087,test
38088,train
38089,test
38090,train
38091,test
38092,test
38093,train
38094,train
38095,test
38096,test
38097,train
38098,train
38099,test
38100,train
38101,train
38102,train
38103,train
38104,test
38105,train
38106,train
38107,train
38108,train
38109,train
38110,train
38111,train
38112,train
38113,test
38114,train
38115,train
38116,train
38117,train
38118,train
38119,train
38120,test
38121,train
38122,train
38123,train
38124,train
38125,test
38126,train
38127,test
38128,train
38129,train
38130,train
38131,train
38132,train
38133,train
38134,test
38135,train
38136,test
38137,train
38138,test
38139,train
38140,train
38141,train
38142,train
38143,train
38144,test
38145,train
38146,train
38147,test
38148,train
38149,train
38150,train
38151,train
38152,train
38153,train
38154,train
38155,train
38156,train
38157,test
38158,train
38159,train
38160,test
38161,train
38162,train
38163,train
38164,test
38165,test
38166,train
38167,train
38168,train
38169,train
38170,train
38171,test
38172,train
38173,train
38174,train
38175,train
38176,train
38177,train
38178,train
38179,train
38180,train
38181,train
38182,train
38183,test
38184,train
38185,train
38186,train
38187,train
38188,train
38189,train
38190,test
38191,train
38192,train
38193,train
38194,train
38195,train
38196,train
38197,train
38198,train
38199,train
38200,train
38201,test
38202,train
38203,train
38204,train
38205,train
38206,train
38207,test
38208,train
38209,test
38210,train
38211,train
38212,train
38213,train
38214,train
38215,test
38216,train
38217,train
38218,test
38219,train
38220,test
38221,test
38222,train
38223,train
38224,train
38225,train
38226,train
38227,train
38228,train
38229,test
38230,train
38231,train
38232,train
38233,train
38234,train
38235,train
38236,train
38237,test
38238,train
38239,train
38240,test
38241,train
38242,train
38243,train
38244,train
38245,train
38246,train
38247,train
38248,test
38249,train
38250,train
38251,train
38252,train
38253,train
38254,train
38255,train
38256,train
38257,train
38258,train
38259,train
38260,test
38261,train
38262,train
38263,train
38264,test
38265,train
38266,test
38267,train
38268,test
38269,train
38270,train
38271,train
38272,train
38273,test
38274,train
38275,train
38276,train
38277,train
38278,test
38279,train
38280,train
38281,train
38282,train
38283,test
38284,train
38285,test
38286,train
38287,train
38288,train
38289,train
38290,train
38291,train
38292,train
38293,test
38294,train
38295,test
38296,test
38297,train
38298,train
38299,test
38300,test
38301,test
38302,train
38303,test
38304,train
38305,train
38306,train
38307,train
38308,train
38309,test
38310,train
38311,train
38312,test
38313,train
38314,train
38315,train
38316,train
38317,test
38318,train
38319,train
38320,train
38321,train
38322,train
38323,train
38324,test
38325,train
38326,train
38327,train
38328,train
38329,train
38330,train
38331,train
38332,train
38333,train
38334,test
38335,test
38336,train
38337,train
38338,train
38339,train
38340,train
38341,train
38342,train
38343,train
38344,test
38345,train
38346,train
38347,train
38348,train
38349,train
38350,train
38351,train
38352,train
38353,train
38354,train
38355,train
38356,train
38357,test
38358,train
38359,test
38360,train
38361,test
38362,train
38363,train
38364,train
38365,train
38366,train
38367,train
38368,train
38369,train
38370,train
38371,train
38372,train
38373,train
38374,train
38375,train
38376,train
38377,train
38378,test
38379,train
38380,train
38381,train
38382,train
38383,train
38384,train
38385,train
38386,train
38387,train
38388,train
38389,train
38390,train
38391,train
38392,train
38393,test
38394,train
38395,train
38396,test
38397,train
38398,train
38399,train
38400,train
38401,test
38402,train
38403,train
38404,train
38405,train
38406,train
38407,train
38408,train
38409,train
38410,train
38411,train
38412,train
38413,train
38414,train
38415,test
38416,train
38417,train
38418,train
38419,train
38420,train
38421,train
38422,test
38423,train
38424,train
38425,train
38426,test
38427,train
38428,train
38429,train
38430,train
38431,train
38432,train
38433,train
38434,train
38435,train
38436,train
38437,train
38438,train
38439,train
38440,train
38441,train
38442,train
38443,train
38444,train
38445,train
38446,train
38447,train
38448,train
38449,train
38450,test
38451,test
38452,train
38453,train
38454,test
38455,test
38456,train
38457,train
38458,train
38459,train
38460,train
38461,test
38462,train
38463,train
38464,test
38465,test
38466,train
38467,train
38468,train
38469,test
38470,train
38471,test
38472,train
38473,train
38474,train
38475,train
38476,train
38477,train
38478,train
38479,train
38480,test
38481,test
38482,train
38483,train
38484,train
38485,train
38486,train
38487,train
38488,train
38489,train
38490,train
38491,train
38492,train
38493,train
38494,train
38495,train
38496,test
38497,train
38498,test
38499,train
38500,test
38501,train
38502,train
38503,train
38504,train
38505,train
38506,train
38507,train
38508,train
38509,train
38510,train
38511,train
38512,test
38513,test
38514,train
38515,train
38516,test
38517,test
38518,train
38519,train
38520,train
38521,train
38522,train
38523,test
38524,train
38525,train
38526,train
38527,train
38528,test
38529,train
38530,train
38531,train
38532,train
38533,train
38534,train
38535,train
38536,train
38537,train
38538,train
38539,train
38540,train
38541,test
38542,test
38543,train
38544,train
38545,train
38546,train
38547,train
38548,train
38549,train
38550,train
38551,train
38552,train
38553,train
38554,train
38555,train
38556,train
38557,train
38558,test
38559,train
38560,train
38561,train
38562,train
38563,train
38564,train
38565,train
38566,train
38567,test
38568,train
38569,test
38570,train
38571,train
38572,train
38573,train
38574,train
38575,train
38576,train
38577,test
38578,train
38579,train
38580,train
38581,train
38582,train
38583,train
38584,train
38585,train
38586,train
38587,train
38588,test
38589,train
38590,train
38591,train
38592,test
38593,train
38594,train
38595,test
38596,train
38597,train
38598,train
38599,train
38600,train
38601,train
38602,train
38603,train
38604,train
38605,train
38606,train
38607,train
38608,train
38609,train
38610,train
38611,train
38612,train
38613,train
38614,test
38615,train
38616,train
38617,train
38618,train
38619,train
38620,train
38621,train
38622,train
38623,train
38624,train
38625,train
38626,train
38627,test
38628,train
38629,train
38630,train
38631,train
38632,train
38633,train
38634,test
38635,train
38636,test
38637,train
38638,train
38639,test
38640,train
38641,train
38642,train
38643,train
38644,train
38645,train
38646,train
38647,train
38648,test
38649,train
38650,train
38651,train
38652,train
38653,test
38654,train
38655,train
38656,train
38657,train
38658,test
38659,train
38660,train
38661,test
38662,train
38663,train
38664,train
38665,test
38666,train
38667,test
38668,train
38669,train
38670,test
38671,train
38672,train
38673,train
38674,train
38675,train
38676,test
38677,train
38678,train
38679,test
38680,train
38681,train
38682,test
38683,train
38684,train
38685,test
38686,train
38687,train
38688,train
38689,train
38690,test
38691,train
38692,train
38693,test
38694,train
38695,train
38696,train
38697,train
38698,train
38699,train
38700,train
38701,train
38702,test
38703,train
38704,train
38705,train
38706,train
38707,train
38708,train
38709,train
38710,train
38711,train
38712,test
38713,train
38714,test
38715,train
38716,train
38717,train
38718,train
38719,train
38720,train
38721,train
38722,train
38723,train
38724,train
38725,train
38726,train
38727,train
38728,train
38729,train
38730,train
38731,train
38732,train
38733,train
38734,test
38735,train
38736,train
38737,train
38738,test
38739,test
38740,train
38741,train
38742,test
38743,train
38744,test
38745,train
38746,train
38747,test
38748,train
38749,test
38750,train
38751,train
38752,test
38753,train
38754,train
38755,train
38756,train
38757,train
38758,test
38759,train
38760,train
38761,test
38762,train
38763,train
38764,train
38765,train
38766,train
38767,train
38768,train
38769,train
38770,test
38771,train
38772,train
38773,train
38774,test
38775,train
38776,train
38777,test
38778,train
38779,test
38780,train
38781,train
38782,train
38783,train
38784,train
38785,train
38786,train
38787,train
38788,train
38789,train
38790,train
38791,test
38792,train
38793,train
38794,test
38795,train
38796,train
38797,train
38798,train
38799,train
38800,train
38801,test
38802,test
38803,train
38804,train
38805,train
38806,test
38807,test
38808,train
38809,train
38810,train
38811,test
38812,train
38813,train
38814,train
38815,test
38816,train
38817,train
38818,train
38819,train
38820,train
38821,train
38822,train
38823,train
38824,train
38825,train
38826,train
38827,train
38828,train
38829,train
38830,test
38831,train
38832,train
38833,train
38834,train
38835,train
38836,train
38837,train
38838,train
38839,train
38840,test
38841,train
38842,train
38843,test
38844,train
38845,train
38846,train
38847,train
38848,train
38849,train
38850,train
38851,train
38852,train
38853,test
38854,train
38855,train
38856,train
38857,train
38858,train
38859,train
38860,train
38861,test
38862,train
38863,train
38864,train
38865,train
38866,train
38867,train
38868,test
38869,train
38870,train
38871,test
38872,train
38873,train
38874,train
38875,train
38876,train
38877,train
38878,test
38879,train
38880,test
38881,train
38882,train
38883,train
38884,train
38885,train
38886,train
38887,train
38888,test
38889,train
38890,train
38891,test
38892,train
38893,train
38894,train
38895,train
38896,train
38897,train
38898,train
38899,train
38900,test
38901,train
38902,train
38903,train
38904,train
38905,train
38906,train
38907,train
38908,train
38909,train
38910,train
38911,test
38912,train
38913,test
38914,train
38915,test
38916,train
38917,test
38918,train
38919,train
38920,train
38921,train
38922,train
38923,train
38924,test
38925,train
38926,train
38927,train
38928,train
38929,train
38930,train
38931,train
38932,test
38933,train
38934,train
38935,train
38936,train
38937,train
38938,train
38939,train
38940,train
38941,train
38942,train
38943,train
38944,train
38945,train
38946,test
38947,train
38948,test
38949,train
38950,test
38951,train
38952,train
38953,train
38954,train
38955,train
38956,test
38957,train
38958,train
38959,train
38960,train
38961,train
38962,train
38963,train
38964,train
38965,train
38966,test
38967,train
38968,train
38969,test
38970,test
38971,test
38972,train
38973,train
38974,test
38975,test
38976,train
38977,train
38978,train
38979,test
38980,train
38981,test
38982,train
38983,train
38984,train
38985,train
38986,train
38987,train
38988,train
38989,train
38990,train
38991,train
38992,train
38993,train
38994,train
38995,train
38996,test
38997,train
38998,train
38999,test
39000,train
39001,train
39002,test
39003,train
39004,train
39005,train
39006,train
39007,train
39008,train
39009,train
39010,train
39011,train
39012,train
39013,test
39014,train
39015,train
39016,train
39017,train
39018,train
39019,train
39020,train
39021,train
39022,train
39023,train
39024,train
39025,train
39026,train
39027,train
39028,test
39029,train
39030,train
39031,train
39032,train
39033,test
39034,train
39035,train
39036,train
39037,train
39038,train
39039,train
39040,train
39041,train
39042,test
39043,train
39044,test
39045,train
39046,test
39047,train
39048,train
39049,train
39050,train
39051,train
39052,train
39053,train
39054,train
39055,train
39056,train
39057,train
39058,train
39059,train
39060,test
39061,test
39062,train
39063,train
39064,train
39065,train
39066,test
39067,train
39068,train
39069,test
39070,train
39071,train
39072,train
39073,test
39074,train
39075,train
39076,test
39077,train
39078,train
39079,train
39080,train
39081,test
39082,train
39083,train
39084,test
39085,test
39086,train
39087,train
39088,train
39089,train
39090,train
39091,train
39092,train
39093,train
39094,train
39095,test
39096,train
39097,train
39098,test
39099,test
39100,train
39101,train
39102,train
39103,train
39104,test
39105,train
39106,train
39107,train
39108,train
39109,train
39110,train
39111,train
39112,test
39113,train
39114,train
39115,train
39116,train
39117,train
39118,train
39119,train
39120,train
39121,train
39122,test
39123,train
39124,train
39125,train
39126,test
39127,test
39128,train
39129,train
39130,train
39131,train
39132,train
39133,train
39134,train
39135,train
39136,train
39137,train
39138,train
39139,train
39140,train
39141,train
39142,test
39143,train
39144,train
39145,train
39146,train
39147,train
39148,train
39149,train
39150,train
39151,test
39152,train
39153,test
39154,train
39155,test
39156,train
39157,test
39158,train
39159,train
39160,test
39161,train
39162,train
39163,train
39164,train
39165,test
39166,train
39167,test
39168,test
39169,test
39170,train
39171,train
39172,train
39173,train
39174,train
39175,train
39176,train
39177,train
39178,train
39179,test
39180,train
39181,train
39182,train
39183,train
39184,train
39185,train
39186,train
39187,train
39188,train
39189,train
39190,train
39191,train
39192,train
39193,train
39194,train
39195,train
39196,train
39197,test
39198,train
39199,test
39200,train
39201,train
39202,test
39203,train
39204,train
39205,train
39206,train
39207,train
39208,train
39209,test
39210,train
39211,train
39212,train
39213,train
39214,train
39215,train
39216,train
39217,train
39218,train
39219,train
39220,test
39221,train
39222,train
39223,test
39224,train
39225,train
39226,test
39227,train
39228,test
39229,test
39230,train
39231,train
39232,train
39233,train
39234,train
39235,train
39236,train
39237,train
39238,test
39239,train
39240,train
39241,train
39242,test
39243,train
39244,test
39245,test
39246,train
39247,train
39248,train
39249,train
39250,train
39251,test
39252,train
39253,train
39254,test
39255,test
39256,train
39257,train
39258,train
39259,train
39260,train
39261,test
39262,test
39263,train
39264,train
39265,train
39266,test
39267,train
39268,train
39269,train
39270,train
39271,test
39272,train
39273,test
39274,train
39275,train
39276,train
39277,train
39278,train
39279,train
39280,train
39281,train
39282,train
39283,test
39284,train
39285,train
39286,test
39287,train
39288,train
39289,train
39290,train
39291,test
39292,train
39293,train
39294,train
39295,train
39296,train
39297,train
39298,train
39299,train
39300,test
39301,train
39302,train
39303,train
39304,train
39305,train
39306,train
39307,test
39308,train
39309,test
39310,train
39311,train
39312,train
39313,train
39314,test
39315,train
39316,train
39317,train
39318,train
39319,train
39320,train
39321,test
39322,train
39323,train
39324,train
39325,train
39326,train
39327,train
39328,train
39329,train
39330,train
39331,train
39332,train
39333,test
39334,train
39335,train
39336,train
39337,train
39338,train
39339,train
39340,train
39341,train
39342,train
39343,train
39344,test
39345,test
39346,train
39347,train
39348,train
39349,train
39350,train
39351,train
39352,test
39353,test
39354,train
39355,train
39356,train
39357,test
39358,train
39359,test
39360,test
39361,train
39362,train
39363,test
39364,train
39365,train
39366,train
39367,train
39368,train
39369,test
39370,train
39371,train
39372,train
39373,train
39374,test
39375,train
39376,train
39377,train
39378,test
39379,train
39380,train
39381,test
39382,train
39383,train
39384,train
39385,train
39386,test
39387,train
39388,train
39389,train
39390,train
39391,train
39392,train
39393,train
39394,train
39395,train
39396,train
39397,train
39398,train
39399,train
39400,train
39401,train
39402,train
39403,train
39404,test
39405,train
39406,train
39407,train
39408,train
39409,train
39410,train
39411,train
39412,train
39413,train
39414,train
39415,train
39416,train
39417,test
39418,test
39419,train
39420,train
39421,train
39422,train
39423,train
39424,train
39425,train
39426,train
39427,train
39428,train
39429,train
39430,train
39431,test
39432,train
39433,test
39434,train
39435,train
39436,test
39437,train
39438,test
39439,train
39440,train
39441,train
39442,train
39443,train
39444,train
39445,test
39446,train
39447,train
39448,train
39449,train
39450,train
39451,test
39452,train
39453,train
39454,train
39455,train
39456,train
39457,train
39458,train
39459,test
39460,train
39461,test
39462,train
39463,train
39464,test
39465,train
39466,train
39467,train
39468,train
39469,test
39470,train
39471,train
39472,train
39473,train
39474,train
39475,train
39476,train
39477,train
39478,train
39479,test
39480,train
39481,train
39482,train
39483,train
39484,test
39485,train
39486,train
39487,train
39488,train
39489,train
39490,test
39491,test
39492,train
39493,test
39494,test
39495,train
39496,train
39497,train
39498,train
39499,test
39500,train
39501,train
39502,train
39503,train
39504,train
39505,train
39506,train
39507,train
39508,test
39509,train
39510,test
39511,train
39512,test
39513,train
39514,train
39515,train
39516,train
39517,train
39518,test
39519,train
39520,train
39521,train
39522,train
39523,train
39524,train
39525,train
39526,test
39527,train
39528,test
39529,train
39530,train
39531,test
39532,test
39533,train
39534,train
39535,train
39536,train
39537,train
39538,train
39539,train
39540,train
39541,train
39542,train
39543,test
39544,train
39545,train
39546,train
39547,train
39548,train
39549,test
39550,train
39551,train
39552,test
39553,test
39554,train
39555,train
39556,train
39557,train
39558,train
39559,test
39560,train
39561,train
39562,train
39563,test
39564,train
39565,test
39566,train
39567,train
39568,train
39569,train
39570,train
39571,train
39572,train
39573,train
39574,test
39575,train
39576,train
39577,train
39578,train
39579,test
39580,train
39581,train
39582,test
39583,train
39584,test
39585,train
39586,train
39587,train
39588,test
39589,train
39590,train
39591,train
39592,train
39593,train
39594,test
39595,train
39596,train
39597,test
39598,train
39599,train
39600,train
39601,test
39602,train
39603,train
39604,train
39605,test
39606,train
39607,test
39608,test
39609,test
39610,train
39611,train
39612,train
39613,train
39614,train
39615,train
39616,train
39617,train
39618,train
39619,train
39620,train
39621,train
39622,train
39623,test
39624,test
39625,train
39626,train
39627,train
39628,train
39629,train
39630,train
39631,train
39632,train
39633,train
39634,train
39635,train
39636,train
39637,train
39638,train
39639,train
39640,train
39641,train
39642,test
39643,train
39644,train
39645,train
39646,train
39647,train
39648,train
39649,test
39650,test
39651,train
39652,train
39653,train
39654,train
39655,train
39656,train
39657,test
39658,train
39659,train
39660,train
39661,train
39662,train
39663,train
39664,test
39665,train
39666,train
39667,test
39668,train
39669,train
39670,train
39671,train
39672,test
39673,train
39674,train
39675,train
39676,train
39677,train
39678,train
39679,test
39680,test
39681,train
39682,train
39683,train
39684,train
39685,test
39686,train
39687,train
39688,train
39689,train
39690,train
39691,train
39692,train
39693,train
39694,train
39695,train
39696,train
39697,train
39698,train
39699,train
39700,train
39701,train
39702,train
39703,train
39704,train
39705,test
39706,train
39707,train
39708,train
39709,train
39710,train
39711,test
39712,train
39713,train
39714,train
39715,train
39716,train
39717,train
39718,train
39719,test
39720,train
39721,train
39722,train
39723,train
39724,train
39725,train
39726,train
39727,test
39728,train
39729,train
39730,test
39731,train
39732,test
39733,test
39734,train
39735,train
39736,test
39737,train
39738,train
39739,train
39740,train
39741,train
39742,train
39743,train
39744,test
39745,train
39746,train
39747,train
39748,train
39749,test
39750,train
39751,test
39752,train
39753,test
39754,train
39755,test
39756,train
39757,train
39758,train
39759,train
39760,test
39761,train
39762,test
39763,train
39764,train
39765,train
39766,train
39767,train
39768,test
39769,train
39770,train
39771,test
39772,train
39773,train
39774,test
39775,train
39776,train
39777,train
39778,train
39779,train
39780,train
39781,train
39782,train
39783,test
39784,train
39785,train
39786,train
39787,test
39788,train
39789,test
39790,train
39791,train
39792,train
39793,test
39794,train
39795,train
39796,train
39797,train
39798,train
39799,train
39800,train
39801,train
39802,train
39803,test
39804,train
39805,train
39806,train
39807,train
39808,train
39809,test
39810,test
39811,train
39812,test
39813,train
39814,train
39815,train
39816,train
39817,train
39818,train
39819,train
39820,train
39821,test
39822,train
39823,train
39824,test
39825,train
39826,train
39827,test
39828,test
39829,train
39830,train
39831,train
39832,train
39833,train
39834,train
39835,train
39836,test
39837,train
39838,train
39839,train
39840,train
39841,test
39842,train
39843,train
39844,train
39845,train
39846,train
39847,test
39848,test
39849,test
39850,train
39851,test
39852,train
39853,train
39854,train
39855,train
39856,train
39857,train
39858,train
39859,train
39860,train
39861,train
39862,train
39863,train
39864,train
39865,train
39866,train
39867,train
39868,train
39869,train
39870,train
39871,train
39872,train
39873,train
39874,train
39875,train
39876,train
39877,train
39878,test
39879,test
39880,test
39881,train
39882,train
39883,train
39884,train
39885,train
39886,train
39887,train
39888,train
39889,train
39890,test
39891,train
39892,test
39893,test
39894,train
39895,train
39896,train
39897,train
39898,train
39899,train
39900,train
39901,test
39902,train
39903,train
39904,test
39905,train
39906,train
39907,train
39908,test
39909,test
39910,train
39911,train
39912,test
39913,train
39914,test
39915,train
39916,train
39917,train
39918,train
39919,train
39920,train
39921,test
39922,test
39923,train
39924,train
39925,train
39926,train
39927,test
39928,train
39929,train
39930,train
39931,test
39932,train
39933,test
39934,train
39935,train
39936,train
39937,train
39938,train
39939,test
39940,train
39941,test
39942,train
39943,test
39944,train
39945,train
39946,train
39947,train
39948,train
39949,train
39950,test
39951,train
39952,train
39953,train
39954,train
39955,train
39956,train
39957,test
39958,train
39959,train
39960,train
39961,train
39962,train
39963,train
39964,train
39965,train
39966,train
39967,train
39968,train
39969,train
39970,train
39971,test
39972,train
39973,train
39974,train
39975,test
39976,test
39977,train
39978,train
39979,test
39980,train
39981,train
39982,train
39983,train
39984,test
39985,train
39986,train
39987,test
39988,train
39989,train
39990,train
39991,train
39992,test
39993,train
39994,train
39995,train
39996,train
39997,train
39998,test
39999,train
40000,train
40001,test
40002,train
40003,test
40004,train
40005,train
40006,train
40007,train
40008,train
40009,train
40010,test
40011,train
40012,train
40013,train
40014,train
40015,test
40016,test
40017,train
40018,train
40019,train
40020,train
40021,train
40022,test
40023,train
40024,train
40025,train
40026,train
40027,train
40028,train
40029,train
40030,train
40031,test
40032,train
40033,train
40034,train
40035,train
40036,train
40037,train
40038,test
40039,train
40040,train
40041,train
40042,train
40043,train
40044,train
40045,train
40046,train
40047,train
40048,test
40049,test
40050,train
40051,test
40052,train
40053,train
40054,train
40055,test
40056,train
40057,train
40058,test
40059,train
40060,train
40061,train
40062,train
40063,train
40064,train
40065,train
40066,train
40067,train
40068,train
40069,train
40070,test
40071,train
40072,test
40073,train
40074,train
40075,train
40076,train
40077,test
40078,train
40079,train
40080,test
40081,train
40082,test
40083,train
40084,test
40085,train
40086,train
40087,train
40088,train
40089,train
40090,train
40091,train
40092,train
40093,test
40094,train
40095,train
40096,train
40097,train
40098,train
40099,test
40100,train
40101,train
40102,train
40103,train
40104,train
40105,train
40106,train
40107,train
40108,train
40109,train
40110,train
40111,train
40112,train
40113,train
40114,train
40115,train
40116,train
40117,train
40118,train
40119,test
40120,train
40121,test
40122,train
40123,train
40124,train
40125,train
40126,train
40127,train
40128,train
40129,train
40130,train
40131,train
40132,train
40133,train
40134,train
40135,train
40136,train
40137,train
40138,train
40139,train
40140,train
40141,train
40142,test
40143,train
40144,train
40145,train
40146,test
40147,train
40148,train
40149,test
40150,train
40151,train
40152,train
40153,train
40154,test
40155,train
40156,train
40157,train
40158,train
40159,train
40160,test
40161,train
40162,train
40163,train
40164,train
40165,train
40166,train
40167,train
40168,train
40169,train
40170,train
40171,train
40172,test
40173,train
40174,test
40175,train
40176,train
40177,train
40178,train
40179,train
40180,train
40181,test
40182,test
40183,train
40184,train
40185,train
40186,train
40187,test
40188,train
40189,train
40190,train
40191,train
40192,train
40193,train
40194,test
40195,train
40196,train
40197,train
40198,train
40199,test
40200,train
40201,test
40202,train
40203,train
40204,test
40205,test
40206,train
40207,train
40208,train
40209,test
40210,test
40211,test
40212,test
40213,train
40214,test
40215,train
40216,test
40217,train
40218,train
40219,train
40220,train
40221,train
40222,train
40223,train
40224,test
40225,train
40226,train
40227,train
40228,train
40229,train
40230,test
40231,train
40232,train
40233,train
40234,test
40235,train
40236,train
40237,train
40238,test
40239,train
40240,train
40241,test
40242,train
40243,train
40244,train
40245,test
40246,train
40247,train
40248,train
40249,train
40250,train
40251,train
40252,train
40253,train
40254,train
40255,train
40256,train
40257,train
40258,test
40259,train
40260,train
40261,train
40262,train
40263,test
40264,train
40265,test
40266,test
40267,train
40268,train
40269,test
40270,train
40271,train
40272,test
40273,train
40274,train
40275,train
40276,train
40277,test
40278,test
40279,train
40280,train
40281,train
40282,test
40283,train
40284,train
40285,train
40286,test
40287,train
40288,train
40289,train
40290,test
40291,train
40292,train
40293,test
40294,train
40295,train
40296,test
40297,train
40298,train
40299,train
40300,train
40301,test
40302,train
40303,train
40304,train
40305,train
40306,train
40307,test
40308,train
40309,train
40310,train
40311,train
40312,train
40313,train
40314,train
40315,train
40316,train
40317,train
40318,train
40319,train
40320,train
40321,test
40322,train
40323,train
40324,train
40325,train
40326,test
40327,train
40328,test
40329,train
40330,test
40331,train
40332,train
40333,train
40334,train
40335,train
40336,train
40337,train
40338,train
40339,train
40340,train
40341,train
40342,train
40343,train
40344,train
40345,test
40346,train
40347,train
40348,train
40349,train
40350,train
40351,train
40352,train
40353,train
40354,train
40355,train
40356,test
40357,train
40358,train
40359,train
40360,test
40361,test
40362,test
40363,train
40364,train
40365,train
40366,train
40367,train
40368,train
40369,test
40370,train
40371,train
40372,test
40373,train
40374,train
40375,train
40376,train
40377,train
40378,test
40379,test
40380,train
40381,train
40382,train
40383,train
40384,train
40385,train
40386,train
40387,train
40388,test
40389,test
40390,train
40391,train
40392,test
40393,train
40394,test
40395,test
40396,test
40397,train
40398,test
40399,train
40400,train
40401,train
40402,train
40403,train
40404,test
40405,train
40406,train
40407,test
40408,train
40409,train
40410,train
40411,train
40412,test
40413,train
40414,train
40415,train
40416,train
40417,train
40418,train
40419,train
40420,test
40421,train
40422,train
40423,train
40424,train
40425,train
40426,train
40427,train
40428,test
40429,test
40430,train
40431,test
40432,train
40433,train
40434,train
40435,test
40436,train
40437,test
40438,test
40439,train
40440,train
40441,train
40442,test
40443,train
40444,train
40445,train
40446,train
40447,train
40448,test
40449,train
40450,train
40451,test
40452,train
40453,train
40454,train
40455,train
40456,train
40457,train
40458,train
40459,train
40460,train
40461,train
40462,train
40463,train
40464,train
40465,train
40466,train
40467,test
40468,train
40469,train
40470,train
40471,train
40472,train
40473,train
40474,train
40475,test
40476,train
40477,train
40478,train
40479,train
40480,test
40481,train
40482,train
40483,train
40484,train
40485,train
40486,train
40487,train
40488,train
40489,train
40490,test
40491,test
40492,test
40493,train
40494,train
40495,train
40496,train
40497,test
40498,train
40499,train
40500,test
40501,train
40502,train
40503,train
40504,train
40505,train
40506,test
40507,test
40508,train
40509,train
40510,train
40511,train
40512,test
40513,test
40514,train
40515,test
40516,train
40517,train
40518,test
40519,test
40520,test
40521,train
40522,train
40523,test
40524,train
40525,train
40526,train
40527,test
40528,train
40529,train
40530,train
40531,train
40532,train
40533,train
40534,train
40535,train
40536,train
40537,test
40538,train
40539,train
40540,train
40541,train
40542,train
40543,train
40544,train
40545,train
40546,test
40547,train
40548,test
40549,train
40550,test
40551,train
40552,train
40553,train
40554,train
40555,train
40556,train
40557,train
40558,train
40559,train
40560,train
40561,train
40562,train
40563,train
40564,train
40565,train
40566,train
40567,train
40568,test
40569,train
40570,train
40571,train
40572,train
40573,train
40574,test
40575,train
40576,test
40577,train
40578,test
40579,train
40580,train
40581,train
40582,train
40583,train
40584,train
40585,train
40586,train
40587,train
40588,train
40589,train
40590,test
40591,train
40592,train
40593,train
40594,train
40595,test
40596,test
40597,train
40598,train
40599,test
40600,train
40601,train
40602,train
40603,train
40604,train
40605,train
40606,train
40607,train
40608,train
40609,train
40610,train
40611,train
40612,test
40613,test
40614,train
40615,train
40616,train
40617,train
40618,test
40619,train
40620,train
40621,train
40622,train
40623,train
40624,train
40625,train
40626,train
40627,train
40628,test
40629,train
40630,train
40631,train
40632,test
40633,train
40634,train
40635,train
40636,train
40637,train
40638,test
40639,train
40640,train
40641,train
40642,train
40643,train
40644,train
40645,test
40646,train
40647,train
40648,train
40649,train
40650,train
40651,train
40652,train
40653,train
40654,test
40655,test
40656,train
40657,train
40658,train
40659,train
40660,test
40661,train
40662,train
40663,train
40664,train
40665,train
40666,train
40667,test
40668,train
40669,train
40670,train
40671,test
40672,train
40673,train
40674,test
40675,train
40676,train
40677,train
40678,train
40679,train
40680,train
40681,train
40682,train
40683,train
40684,train
40685,test
40686,train
40687,train
40688,train
40689,train
40690,train
40691,train
40692,test
40693,train
40694,train
40695,train
40696,train
40697,train
40698,train
40699,train
40700,train
40701,train
40702,train
40703,train
40704,train
40705,train
40706,train
40707,train
40708,train
40709,train
40710,train
40711,train
40712,train
40713,train
40714,train
40715,train
40716,train
40717,train
40718,train
40719,train
40720,test
40721,train
40722,test
40723,train
40724,train
40725,train
40726,test
40727,test
40728,train
40729,train
40730,test
40731,train
40732,train
40733,test
40734,train
40735,test
40736,train
40737,train
40738,train
40739,train
40740,test
40741,train
40742,train
40743,train
40744,train
40745,train
40746,test
40747,test
40748,train
40749,train
40750,train
40751,train
40752,train
40753,test
40754,test
40755,train
40756,test
40757,train
40758,train
40759,train
40760,train
40761,train
40762,test
40763,train
40764,train
40765,test
40766,train
40767,train
40768,train
40769,train
40770,train
40771,train
40772,test
40773,train
40774,train
40775,train
40776,train
40777,train
40778,train
40779,train
40780,train
40781,train
40782,train
40783,train
40784,train
40785,train
40786,train
40787,train
40788,test
40789,test
40790,test
40791,train
40792,train
40793,train
40794,train
40795,train
40796,train
40797,train
40798,train
40799,train
40800,train
40801,train
40802,train
40803,train
40804,test
40805,train
40806,test
40807,train
40808,train
40809,test
40810,train
40811,train
40812,test
40813,train
40814,train
40815,train
40816,train
40817,train
40818,test
40819,train
40820,train
40821,test
40822,test
40823,train
40824,test
40825,train
40826,train
40827,test
40828,test
40829,test
40830,train
40831,train
40832,test
40833,train
40834,train
40835,train
40836,test
40837,train
40838,test
40839,train
40840,train
40841,train
40842,train
40843,train
40844,train
40845,train
40846,test
40847,train
40848,train
40849,train
40850,train
40851,train
40852,train
40853,test
40854,train
40855,train
40856,test
40857,train
40858,test
40859,train
40860,train
40861,test
40862,train
40863,train
40864,train
40865,train
40866,train
40867,train
40868,train
40869,train
40870,train
40871,train
40872,train
40873,train
40874,train
40875,test
40876,train
40877,test
40878,train
40879,test
40880,test
40881,train
40882,test
40883,train
40884,train
40885,train
40886,train
40887,train
40888,train
40889,train
40890,train
40891,train
40892,train
40893,test
40894,train
40895,train
40896,train
40897,test
40898,train
40899,train
40900,train
40901,train
40902,train
40903,train
40904,train
40905,train
40906,test
40907,train
40908,train
40909,train
40910,train
40911,train
40912,train
40913,train
40914,train
40915,train
40916,test
40917,train
40918,train
40919,train
40920,test
40921,train
40922,train
40923,train
40924,train
40925,test
40926,train
40927,train
40928,train
40929,train
40930,train
40931,train
40932,train
40933,train
40934,test
40935,train
40936,train
40937,train
40938,train
40939,test
40940,train
40941,train
40942,train
40943,train
40944,train
40945,train
40946,test
40947,test
40948,train
40949,train
40950,train
40951,train
40952,train
40953,train
40954,train
40955,train
40956,train
40957,train
40958,train
40959,train
40960,train
40961,test
40962,train
40963,train
40964,train
40965,test
40966,test
40967,train
40968,train
40969,train
40970,train
40971,train
40972,train
40973,train
40974,train
40975,train
40976,train
40977,train
40978,train
40979,train
40980,test
40981,test
40982,test
40983,train
40984,train
40985,train
40986,test
40987,train
40988,test
40989,train
40990,train
40991,train
40992,train
40993,train
40994,train
40995,test
40996,train
40997,train
40998,train
40999,train
41000,test
41001,train
41002,test
41003,train
41004,train
41005,train
41006,train
41007,train
41008,train
41009,train
41010,train
41011,train
41012,train
41013,test
41014,train
41015,test
41016,train
41017,train
41018,train
41019,train
41020,train
41021,train
41022,train
41023,train
41024,train
41025,test
41026,test
41027,train
41028,train
41029,train
41030,test
41031,train
41032,test
41033,train
41034,train
41035,train
41036,train
41037,train
41038,train
41039,train
41040,train
41041,train
41042,test
41043,train
41044,train
41045,test
41046,train
41047,train
41048,train
41049,train
41050,test
41051,train
41052,train
41053,test
41054,train
41055,train
41056,train
41057,train
41058,train
41059,train
41060,train
41061,train
41062,train
41063,train
41064,train
41065,train
41066,train
41067,train
41068,test
41069,train
41070,test
41071,train
41072,train
41073,train
41074,test
41075,train
41076,test
41077,test
41078,train
41079,train
41080,test
41081,train
41082,test
41083,train
41084,train
41085,train
41086,train
41087,train
41088,train
41089,train
41090,train
41091,train
41092,test
41093,train
41094,train
41095,train
41096,train
41097,train
41098,train
41099,train
41100,test
41101,train
41102,train
41103,train
41104,train
41105,train
41106,train
41107,train
41108,train
41109,train
41110,test
41111,train
41112,train
41113,train
41114,train
41115,test
41116,train
41117,train
41118,train
41119,train
41120,train
41121,train
41122,train
41123,train
41124,train
41125,train
41126,train
41127,test
41128,train
41129,train
41130,train
41131,test
41132,train
41133,test
41134,test
41135,train
41136,test
41137,test
41138,train
41139,test
41140,train
41141,train
41142,train
41143,train
41144,train
41145,test
41146,train
41147,train
41148,train
41149,train
41150,train
41151,test
41152,train
41153,train
41154,test
41155,train
41156,train
41157,train
41158,train
41159,test
41160,train
41161,test
41162,train
41163,test
41164,train
41165,train
41166,train
41167,train
41168,test
41169,train
41170,train
41171,train
41172,train
41173,train
41174,test
41175,test
41176,train
41177,train
41178,train
41179,test
41180,train
41181,train
41182,train
41183,train
41184,train
41185,train
41186,train
41187,test
41188,train
41189,test
41190,train
41191,train
41192,train
41193,train
41194,train
41195,test
41196,train
41197,train
41198,train
41199,test
41200,train
41201,test
41202,train
41203,train
41204,train
41205,test
41206,train
41207,test
41208,train
41209,train
41210,test
41211,train
41212,train
41213,train
41214,test
41215,train
41216,train
41217,train
41218,train
41219,train
41220,test
41221,train
41222,train
41223,train
41224,train
41225,train
41226,test
41227,train
41228,test
41229,train
41230,train
41231,train
41232,test
41233,train
41234,train
41235,train
41236,train
41237,train
41238,train
41239,train
41240,train
41241,train
41242,train
41243,train
41244,train
41245,test
41246,test
41247,train
41248,train
41249,test
41250,test
41251,train
41252,train
41253,train
41254,test
41255,train
41256,train
41257,train
41258,test
41259,train
41260,train
41261,test
41262,train
41263,train
41264,train
41265,train
41266,train
41267,test
41268,train
41269,train
41270,train
41271,train
41272,train
41273,train
41274,train
41275,train
41276,test
41277,train
41278,train
41279,test
41280,test
41281,train
41282,train
41283,train
41284,test
41285,test
41286,test
41287,train
41288,train
41289,train
41290,train
41291,train
41292,test
41293,train
41294,train
41295,train
41296,train
41297,train
41298,test
41299,train
41300,train
41301,train
41302,train
41303,train
41304,test
41305,train
41306,train
41307,train
41308,test
41309,train
41310,test
41311,train
41312,train
41313,test
41314,train
41315,train
41316,test
41317,test
41318,train
41319,train
41320,train
41321,train
41322,train
41323,train
41324,train
41325,test
41326,train
41327,train
41328,train
41329,train
41330,train
41331,train
41332,train
41333,train
41334,train
41335,train
41336,train
41337,train
41338,train
41339,train
41340,test
41341,train
41342,train
41343,test
41344,train
41345,train
41346,train
41347,train
41348,train
41349,train
41350,train
41351,train
41352,test
41353,train
41354,train
41355,train
41356,train
41357,train
41358,train
41359,train
41360,train
41361,train
41362,train
41363,test
41364,train
41365,test
41366,train
41367,train
41368,train
41369,train
41370,train
41371,test
41372,test
41373,train
41374,train
41375,train
41376,train
41377,train
41378,test
41379,train
41380,train
41381,train
41382,train
41383,train
41384,train
41385,train
41386,test
41387,test
41388,train
41389,train
41390,train
41391,train
41392,train
41393,train
41394,train
41395,test
41396,train
41397,train
41398,train
41399,train
41400,train
41401,train
41402,train
41403,train
41404,train
41405,train
41406,train
41407,train
41408,train
41409,test
41410,train
41411,train
41412,test
41413,train
41414,test
41415,train
41416,train
41417,train
41418,train
41419,train
41420,train
41421,train
41422,train
41423,test
41424,test
41425,train
41426,train
41427,train
41428,train
41429,train
41430,train
41431,train
41432,test
41433,train
41434,train
41435,test
41436,train
41437,test
41438,train
41439,train
41440,train
41441,test
41442,train
41443,test
41444,test
41445,train
41446,train
41447,train
41448,train
41449,train
41450,train
41451,test
41452,train
41453,train
41454,train
41455,train
41456,test
41457,train
41458,train
41459,train
41460,train
41461,test
41462,test
41463,train
41464,train
41465,train
41466,test
41467,test
41468,train
41469,train
41470,train
41471,train
41472,train
41473,test
41474,train
41475,train
41476,test
41477,train
41478,test
41479,train
41480,train
41481,train
41482,train
41483,train
41484,train
41485,train
41486,train
41487,train
41488,train
41489,train
41490,train
41491,train
41492,test
41493,test
41494,train
41495,train
41496,train
41497,test
41498,train
41499,train
41500,test
41501,train
41502,test
41503,train
41504,train
41505,train
41506,train
41507,train
41508,test
41509,train
41510,train
41511,test
41512,train
41513,train
41514,train
41515,test
41516,train
41517,train
41518,train
41519,train
41520,train
41521,test
41522,test
41523,train
41524,train
41525,test
41526,train
41527,train
41528,test
41529,test
41530,train
41531,train
41532,test
41533,train
41534,train
41535,test
41536,train
41537,train
41538,train
41539,train
41540,test
41541,train
41542,train
41543,train
41544,train
41545,train
41546,train
41547,test
41548,train
41549,train
41550,train
41551,train
41552,train
41553,train
41554,train
41555,train
41556,train
41557,train
41558,train
41559,train
41560,train
41561,train
41562,train
41563,test
41564,train
41565,test
41566,test
41567,train
41568,train
41569,train
41570,test
41571,train
41572,test
41573,train
41574,train
41575,train
41576,train
41577,train
41578,train
41579,test
41580,test
41581,train
41582,train
41583,test
41584,train
41585,train
41586,train
41587,train
41588,train
41589,train
41590,train
41591,test
41592,train
41593,train
41594,train
41595,train
41596,train
41597,train
41598,train
41599,train
41600,test
41601,train
41602,test
41603,train
41604,train
41605,train
41606,train
41607,train
41608,test
41609,train
41610,train
41611,train
41612,test
41613,train
41614,train
41615,train
41616,test
41617,train
41618,test
41619,train
41620,test
41621,train
41622,train
41623,train
41624,train
41625,train
41626,train
41627,test
41628,train
41629,train
41630,train
41631,train
41632,train
41633,train
41634,train
41635,test
41636,train
41637,train
41638,train
41639,train
41640,test
41641,test
41642,train
41643,train
41644,train
41645,train
41646,train
41647,train
41648,train
41649,train
41650,test
41651,train
41652,train
41653,train
41654,train
41655,train
41656,test
41657,train
41658,train
41659,train
41660,train
41661,train
41662,test
41663,train
41664,train
41665,train
41666,train
41667,train
41668,train
41669,test
41670,train
41671,train
41672,train
41673,train
41674,train
41675,train
41676,train
41677,train
41678,train
41679,train
41680,train
41681,train
41682,test
41683,train
41684,train
41685,train
41686,test
41687,train
41688,test
41689,train
41690,train
41691,train
41692,train
41693,train
41694,train
41695,train
41696,train
41697,train
41698,train
41699,test
41700,train
41701,train
41702,test
41703,train
41704,train
41705,test
41706,test
41707,train
41708,test
41709,train
41710,train
41711,train
41712,train
41713,train
41714,train
41715,train
41716,train
41717,train
41718,train
41719,test
41720,train
41721,test
41722,train
41723,train
41724,train
41725,train
41726,test
41727,train
41728,train
41729,train
41730,train
41731,train
41732,train
41733,train
41734,train
41735,train
41736,train
41737,test
41738,train
41739,train
41740,train
41741,train
41742,train
41743,train
41744,train
41745,train
41746,train
41747,train
41748,test
41749,train
41750,train
41751,train
41752,train
41753,train
41754,train
41755,train
41756,train
41757,test
41758,train
41759,train
41760,train
41761,train
41762,train
41763,train
41764,train
41765,train
41766,train
41767,train
41768,test
41769,train
41770,train
41771,train
41772,train
41773,train
41774,train
41775,train
41776,train
41777,test
41778,train
41779,train
41780,train
41781,test
41782,test
41783,train
41784,train
41785,train
41786,test
41787,train
41788,train
41789,train
41790,test
41791,train
41792,train
41793,train
41794,test
41795,train
41796,train
41797,train
41798,train
41799,train
41800,train
41801,train
41802,train
41803,train
41804,train
41805,train
41806,train
41807,train
41808,test
41809,train
41810,train
41811,train
41812,train
41813,train
41814,train
41815,train
41816,train
41817,train
41818,train
41819,test
41820,train
41821,train
41822,train
41823,train
41824,train
41825,train
41826,train
41827,train
41828,test
41829,train
41830,train
41831,train
41832,train
41833,train
41834,train
41835,train
41836,test
41837,test
41838,train
41839,train
41840,test
41841,train
41842,train
41843,test
41844,train
41845,train
41846,train
41847,train
41848,train
41849,train
41850,train
41851,train
41852,train
41853,train
41854,test
41855,test
41856,train
41857,train
41858,train
41859,train
41860,train
41861,train
41862,train
41863,train
41864,test
41865,train
41866,train
41867,train
41868,train
41869,train
41870,train
41871,train
41872,train
41873,train
41874,train
41875,test
41876,test
41877,train
41878,train
41879,train
41880,train
41881,train
41882,train
41883,train
41884,train
41885,train
41886,train
41887,train
41888,train
41889,train
41890,train
41891,train
41892,train
41893,test
41894,train
41895,test
41896,train
41897,train
41898,train
41899,train
41900,train
41901,train
41902,test
41903,train
41904,train
41905,train
41906,test
41907,train
41908,train
41909,train
41910,test
41911,train
41912,train
41913,train
41914,test
41915,test
41916,train
41917,train
41918,train
41919,train
41920,train
41921,train
41922,train
41923,test
41924,train
41925,test
41926,train
41927,train
41928,train
41929,train
41930,train
41931,train
41932,train
41933,train
41934,train
41935,train
41936,train
41937,train
41938,test
41939,test
41940,test
41941,train
41942,train
41943,test
41944,train
41945,train
41946,test
41947,train
41948,train
41949,train
41950,train
41951,train
41952,test
41953,train
41954,train
41955,train
41956,train
41957,train
41958,test
41959,test
41960,train
41961,train
41962,train
41963,train
41964,train
41965,train
41966,train
41967,test
41968,train
41969,train
41970,test
41971,train
41972,train
41973,train
41974,train
41975,train
41976,test
41977,train
41978,train
41979,train
41980,train
41981,train
41982,train
41983,train
41984,train
41985,test
41986,train
41987,train
41988,train
41989,train
41990,test
41991,train
41992,train
41993,train
41994,train
41995,train
41996,train
41997,train
41998,train
41999,train
42000,train
42001,train
42002,train
42003,train
42004,train
42005,train
42006,train
42007,train
42008,train
42009,train
42010,train
42011,test
42012,test
42013,test
42014,train
42015,train
42016,test
42017,train
42018,train
42019,train
42020,train
42021,test
42022,train
42023,train
42024,train
42025,train
42026,train
42027,train
42028,test
42029,train
42030,test
42031,train
42032,train
42033,train
42034,train
42035,train
42036,train
42037,train
42038,train
42039,test
42040,test
42041,train
42042,test
42043,test
42044,train
42045,train
42046,train
42047,train
42048,train
42049,train
42050,train
42051,train
42052,train
42053,train
42054,test
42055,test
42056,train
42057,train
42058,test
42059,train
42060,test
42061,train
42062,train
42063,train
42064,train
42065,train
42066,train
42067,test
42068,train
42069,train
42070,train
42071,train
42072,train
42073,test
42074,train
42075,train
42076,test
42077,train
42078,train
42079,test
42080,train
42081,train
42082,train
42083,train
42084,train
42085,test
42086,train
42087,test
42088,train
42089,train
42090,train
42091,train
42092,train
42093,train
42094,train
42095,train
42096,test
42097,train
42098,train
42099,train
42100,train
42101,train
42102,test
42103,train
42104,train
42105,train
42106,train
42107,test
42108,train
42109,train
42110,train
42111,train
42112,train
42113,train
42114,train
42115,train
42116,train
42117,train
42118,train
42119,test
42120,train
42121,train
42122,train
42123,train
42124,train
42125,train
42126,train
42127,train
42128,train
42129,train
42130,train
42131,train
42132,test
42133,train
42134,train
42135,train
42136,train
42137,train
42138,test
42139,test
42140,train
42141,train
42142,train
42143,test
42144,train
42145,train
42146,test
42147,train
42148,train
42149,train
42150,train
42151,test
42152,train
42153,train
42154,train
42155,train
42156,train
42157,test
42158,train
42159,train
42160,train
42161,train
42162,train
42163,train
42164,train
42165,train
42166,train
42167,train
42168,train
42169,train
42170,train
42171,train
42172,train
42173,train
42174,train
42175,train
42176,test
42177,train
42178,train
42179,train
42180,test
42181,train
42182,train
42183,train
42184,train
42185,train
42186,train
42187,train
42188,train
42189,train
42190,train
42191,train
42192,train
42193,train
42194,train
42195,train
42196,train
42197,train
42198,train
42199,train
42200,train
42201,train
42202,train
42203,train
42204,test
42205,train
42206,train
42207,train
42208,train
42209,train
42210,train
42211,test
42212,train
42213,test
42214,train
42215,train
42216,train
42217,test
42218,train
42219,test
42220,test
42221,test
42222,test
42223,train
42224,test
42225,test
42226,train
42227,train
42228,train
42229,test
42230,train
42231,train
42232,test
42233,train
42234,train
42235,test
42236,train
42237,train
42238,train
42239,train
42240,train
42241,train
42242,train
42243,train
42244,train
42245,test
42246,train
42247,train
42248,train
42249,train
42250,train
42251,train
42252,test
42253,train
42254,train
42255,test
42256,train
42257,train
42258,train
42259,test
42260,train
42261,train
42262,train
42263,test
42264,train
42265,test
42266,train
42267,train
42268,train
42269,train
42270,train
42271,test
42272,test
42273,train
42274,train
42275,train
42276,train
42277,train
42278,test
42279,test
42280,train
42281,train
42282,train
42283,train
42284,train
42285,test
42286,train
42287,train
42288,test
42289,test
42290,test
42291,train
42292,test
42293,train
42294,train
42295,train
42296,train
42297,train
42298,train
42299,train
42300,train
42301,train
42302,train
42303,train
42304,train
42305,train
42306,test
42307,train
42308,test
42309,train
42310,train
42311,train
42312,train
42313,test
42314,train
42315,train
42316,train
42317,test
42318,train
42319,train
42320,train
42321,train
42322,train
42323,train
42324,test
42325,train
42326,train
42327,train
42328,train
42329,train
42330,train
42331,train
42332,train
42333,test
42334,train
42335,train
42336,train
42337,train
42338,train
42339,train
42340,train
42341,train
42342,test
42343,test
42344,train
42345,train
42346,train
42347,test
42348,train
42349,train
42350,train
42351,train
42352,train
42353,train
42354,train
42355,train
42356,test
42357,train
42358,train
42359,train
42360,train
42361,test
42362,train
42363,train
42364,train
42365,train
42366,train
42367,train
42368,train
42369,train
42370,train
42371,train
42372,train
42373,train
42374,train
42375,train
42376,train
42377,train
42378,train
42379,test
42380,test
42381,train
42382,train
42383,train
42384,train
42385,train
42386,train
42387,test
42388,train
42389,train
42390,test
42391,test
42392,train
42393,train
42394,train
42395,train
42396,test
42397,train
42398,train
42399,test
42400,train
42401,train
42402,train
42403,train
42404,test
42405,train
42406,train
42407,train
42408,train
42409,train
42410,train
42411,train
42412,train
42413,test
42414,train
42415,train
42416,train
42417,train
42418,test
42419,train
42420,train
42421,train
42422,train
42423,test
42424,train
42425,train
42426,train
42427,train
42428,train
42429,train
42430,train
42431,test
42432,train
42433,train
42434,test
42435,train
42436,train
42437,test
42438,train
42439,train
42440,train
42441,train
42442,test
42443,train
42444,train
42445,test
42446,test
42447,test
42448,train
42449,train
42450,train
42451,train
42452,test
42453,train
42454,train
42455,test
42456,train
42457,train
42458,test
42459,train
42460,train
42461,test
42462,test
42463,train
42464,test
42465,train
42466,test
42467,train
42468,train
42469,test
42470,test
42471,test
42472,train
42473,train
42474,test
42475,train
42476,train
42477,train
42478,train
42479,train
42480,train
42481,train
42482,train
42483,train
42484,train
42485,train
42486,train
42487,train
42488,train
42489,test
42490,train
42491,test
42492,train
42493,train
42494,test
42495,train
42496,train
42497,train
42498,train
42499,train
42500,test
42501,train
42502,train
42503,train
42504,train
42505,train
42506,train
42507,test
42508,test
42509,test
42510,test
42511,train
42512,test
42513,train
42514,train
42515,train
42516,train
42517,train
42518,train
42519,train
42520,train
42521,train
42522,train
42523,train
42524,train
42525,train
42526,train
42527,train
42528,test
42529,train
42530,train
42531,test
42532,train
42533,train
42534,train
42535,train
42536,train
42537,train
42538,train
42539,train
42540,train
42541,train
42542,test
42543,test
42544,train
42545,test
42546,train
42547,train
42548,train
42549,train
42550,train
42551,train
42552,train
42553,train
42554,train
42555,train
42556,train
42557,train
42558,train
42559,train
42560,train
42561,train
42562,train
42563,train
42564,train
42565,test
42566,train
42567,train
42568,train
42569,test
42570,train
42571,train
42572,train
42573,train
42574,train
42575,train
42576,train
42577,train
42578,test
42579,test
42580,train
42581,train
42582,train
42583,train
42584,train
42585,test
42586,train
42587,train
42588,train
42589,train
42590,train
42591,train
42592,train
42593,train
42594,train
42595,train
42596,test
42597,train
42598,test
42599,train
42600,train
42601,train
42602,train
42603,train
42604,train
42605,train
42606,train
42607,train
42608,train
42609,train
42610,test
42611,train
42612,train
42613,test
42614,train
42615,train
42616,train
42617,test
42618,train
42619,train
42620,test
42621,train
42622,train
42623,train
42624,train
42625,train
42626,train
42627,test
42628,train
42629,train
42630,test
42631,train
42632,train
42633,train
42634,train
42635,train
42636,train
42637,train
42638,train
42639,train
42640,train
42641,train
42642,train
42643,test
42644,train
42645,train
42646,test
42647,train
42648,test
42649,train
42650,train
42651,train
42652,test
42653,train
42654,test
42655,train
42656,test
42657,train
42658,train
42659,test
42660,train
42661,test
42662,train
42663,train
42664,train
42665,train
42666,train
42667,train
42668,train
42669,train
42670,train
42671,train
42672,train
42673,train
42674,train
42675,test
42676,train
42677,train
42678,train
42679,test
42680,train
42681,train
42682,train
42683,test
42684,train
42685,train
42686,train
42687,train
42688,train
42689,train
42690,train
42691,test
42692,test
42693,train
42694,train
42695,train
42696,train
42697,train
42698,train
42699,train
42700,train
42701,train
42702,train
42703,train
42704,train
42705,train
42706,train
42707,train
42708,train
42709,train
42710,train
42711,test
42712,train
42713,train
42714,train
42715,test
42716,train
42717,train
42718,train
42719,train
42720,train
42721,train
42722,train
42723,train
42724,train
42725,train
42726,train
42727,train
42728,train
42729,test
42730,test
42731,train
42732,train
42733,train
42734,train
42735,train
42736,train
42737,train
42738,train
42739,train
42740,train
42741,train
42742,test
42743,test
42744,train
42745,test
42746,train
42747,train
42748,train
42749,test
42750,train
42751,train
42752,train
42753,train
42754,train
42755,test
42756,train
42757,train
42758,train
42759,test
42760,train
42761,train
42762,train
42763,train
42764,train
42765,test
42766,train
42767,train
42768,train
42769,test
42770,test
42771,train
42772,train
42773,test
42774,train
42775,test
42776,train
42777,train
42778,train
42779,train
42780,train
42781,train
42782,train
42783,train
42784,train
42785,train
42786,test
42787,train
42788,train
42789,train
42790,train
42791,train
42792,train
42793,train
42794,train
42795,test
42796,test
42797,test
42798,test
42799,train
42800,train
42801,train
42802,train
42803,train
42804,train
42805,test
42806,train
42807,train
42808,train
42809,train
42810,train
42811,train
42812,train
42813,train
42814,train
42815,test
42816,train
42817,train
42818,train
42819,train
42820,train
42821,train
42822,train
42823,train
42824,train
42825,train
42826,train
42827,train
42828,train
42829,train
42830,train
42831,train
42832,train
42833,train
42834,train
42835,train
42836,test
42837,train
42838,test
42839,train
42840,train
42841,train
42842,train
42843,train
42844,train
42845,train
42846,test
42847,train
42848,test
42849,train
42850,train
42851,train
42852,train
42853,train
42854,train
42855,train
42856,train
42857,train
42858,train
42859,test
42860,train
42861,train
42862,train
42863,train
42864,train
42865,test
42866,train
42867,test
42868,test
42869,train
42870,test
42871,train
42872,train
42873,train
42874,train
42875,train
42876,train
42877,train
42878,test
42879,test
42880,train
42881,train
42882,train
42883,train
42884,train
42885,train
42886,train
42887,train
42888,train
42889,train
42890,train
42891,test
42892,train
42893,train
42894,train
42895,train
42896,train
42897,train
42898,train
42899,train
42900,test
42901,test
42902,train
42903,test
42904,train
42905,test
42906,train
42907,train
42908,train
42909,test
42910,train
42911,train
42912,train
42913,train
42914,train
42915,train
42916,train
42917,test
42918,test
42919,train
42920,train
42921,train
42922,train
42923,train
42924,train
42925,train
42926,test
42927,train
42928,train
42929,train
42930,train
42931,train
42932,test
42933,train
42934,train
42935,train
42936,test
42937,train
42938,train
42939,train
42940,train
42941,train
42942,train
42943,train
42944,train
42945,train
42946,test
42947,train
42948,train
42949,train
42950,train
42951,train
42952,train
42953,train
42954,train
42955,train
42956,train
42957,test
42958,train
42959,train
42960,train
42961,train
42962,train
42963,train
42964,train
42965,test
42966,train
42967,train
42968,train
42969,train
42970,train
42971,train
42972,train
42973,train
42974,train
42975,train
42976,train
42977,train
42978,train
42979,train
42980,train
42981,train
42982,train
42983,test
42984,train
42985,train
42986,train
42987,train
42988,test
42989,train
42990,train
42991,train
42992,train
42993,train
42994,train
42995,train
42996,test
42997,train
42998,train
42999,train
43000,train
43001,train
43002,train
43003,train
43004,train
43005,train
43006,train
43007,train
43008,train
43009,train
43010,train
43011,train
43012,test
43013,train
43014,train
43015,test
43016,train
43017,train
43018,train
43019,train
43020,test
43021,test
43022,train
43023,train
43024,test
43025,train
43026,train
43027,train
43028,train
43029,train
43030,train
43031,train
43032,train
43033,train
43034,train
43035,train
43036,train
43037,train
43038,test
43039,train
43040,train
43041,train
43042,train
43043,train
43044,train
43045,train
43046,train
43047,train
43048,train
43049,test
43050,train
43051,train
43052,train
43053,train
43054,train
43055,train
43056,train
43057,train
43058,train
43059,train
43060,train
43061,train
43062,train
43063,train
43064,test
43065,test
43066,train
43067,train
43068,train
43069,train
43070,train
43071,test
43072,test
43073,test
43074,train
43075,train
43076,test
43077,train
43078,train
43079,train
43080,train
43081,train
43082,train
43083,test
43084,test
43085,train
43086,train
43087,train
43088,train
43089,train
43090,train
43091,test
43092,train
43093,train
43094,train
43095,test
43096,train
43097,train
43098,train
43099,train
43100,train
43101,train
43102,train
43103,train
43104,train
43105,train
43106,train
43107,train
43108,train
43109,train
43110,train
43111,train
43112,test
43113,train
43114,train
43115,test
43116,train
43117,test
43118,train
43119,train
43120,train
43121,train
43122,train
43123,train
43124,test
43125,train
43126,train
43127,train
43128,train
43129,train
43130,train
43131,train
43132,train
43133,train
43134,train
43135,test
43136,train
43137,train
43138,train
43139,test
43140,test
43141,train
43142,train
43143,train
43144,train
43145,test
43146,train
43147,test
43148,test
43149,test
43150,train
43151,train
43152,train
43153,train
43154,train
43155,train
43156,train
43157,test
43158,train
43159,train
43160,train
43161,train
43162,test
43163,test
43164,train
43165,train
43166,train
43167,train
43168,train
43169,train
43170,train
43171,test
43172,train
43173,train
43174,train
43175,train
43176,train
43177,test
43178,test
43179,train
43180,train
43181,train
43182,test
43183,train
43184,test
43185,train
43186,test
43187,train
43188,train
43189,train
43190,train
43191,train
43192,train
43193,train
43194,train
43195,train
43196,train
43197,test
43198,train
43199,test
43200,test
43201,train
43202,train
43203,train
43204,train
43205,train
43206,train
43207,train
43208,train
43209,train
43210,train
43211,train
43212,test
43213,train
43214,test
43215,train
43216,train
43217,train
43218,train
43219,test
43220,test
43221,train
43222,train
43223,train
43224,train
43225,test
43226,train
43227,train
43228,train
43229,train
43230,train
43231,test
43232,train
43233,train
43234,train
43235,train
43236,train
43237,train
43238,train
43239,train
43240,test
43241,test
43242,train
43243,train
43244,train
43245,train
43246,test
43247,train
43248,train
43249,train
43250,train
43251,train
43252,test
43253,train
43254,train
43255,train
43256,train
43257,train
43258,train
43259,test
43260,train
43261,train
43262,train
43263,train
43264,train
43265,train
43266,train
43267,train
43268,train
43269,train
43270,train
43271,train
43272,train
43273,train
43274,train
43275,train
43276,test
43277,train
43278,train
43279,train
43280,test
43281,train
43282,test
43283,train
43284,train
43285,train
43286,train
43287,train
43288,train
43289,train
43290,train
43291,train
43292,train
43293,train
43294,train
43295,test
43296,train
43297,train
43298,train
43299,train
43300,train
43301,train
43302,train
43303,train
43304,train
43305,train
43306,train
43307,train
43308,test
43309,train
43310,test
43311,test
43312,train
43313,train
43314,train
43315,train
43316,train
43317,train
43318,train
43319,train
43320,train
43321,train
43322,test
43323,train
43324,train
43325,train
43326,train
43327,train
43328,train
43329,train
43330,train
43331,test
43332,train
43333,train
43334,test
43335,train
43336,train
43337,train
43338,test
43339,train
43340,train
43341,test
43342,train
43343,train
43344,train
43345,train
43346,train
43347,train
43348,test
43349,train
43350,test
43351,train
43352,train
43353,train
43354,train
43355,train
43356,train
43357,train
43358,train
43359,train
43360,train
43361,train
43362,train
43363,train
43364,train
43365,train
43366,train
43367,train
43368,test
43369,train
43370,test
43371,test
43372,test
43373,train
43374,train
43375,train
43376,train
43377,test
43378,train
43379,train
43380,test
43381,train
43382,train
43383,train
43384,train
43385,train
43386,train
43387,test
43388,test
43389,train
43390,train
43391,train
43392,train
43393,train
43394,train
43395,train
43396,train
43397,train
43398,train
43399,train
43400,train
43401,train
43402,train
43403,train
43404,train
43405,train
43406,train
43407,train
43408,train
43409,train
43410,test
43411,train
43412,train
43413,train
43414,train
43415,train
43416,test
43417,test
43418,train
43419,train
43420,test
43421,train
43422,train
43423,train
43424,train
43425,train
43426,test
43427,test
43428,train
43429,test
43430,train
43431,train
43432,train
43433,train
43434,train
43435,train
43436,train
43437,train
43438,train
43439,train
43440,train
43441,test
43442,train
43443,train
43444,train
43445,train
43446,train
43447,train
43448,train
43450,test
43451,train
43452,train
43453,train
43454,train
43457,train
43458,train
43459,test
43460,train
43461,train
43463,test
43465,test
43467,train
43469,train
43471,train
43472,train
43473,train
43474,train
43476,train
43477,train
43478,train
43479,train
43480,train
43482,train
43483,train
43484,test
43485,train
43486,train
43487,train
43488,train
43489,train
43490,train
43493,train
43494,train
43495,train
43496,train
43497,test
43499,test
43500,train
43501,train
43502,train
43503,train
43504,train
43506,train
43507,train
43509,train
43510,train
43511,train
43513,train
43514,train
43515,test
43516,train
43518,train
43519,train
43520,train
43521,train
43522,train
43523,test
43524,train
43525,test
43526,train
43527,train
43528,train
43529,train
43531,test
43532,train
43534,train
43535,train
43536,train
43537,train
43538,train
43540,train
43541,train
43542,train
43543,train
43544,train
43545,test
43546,train
43547,train
43548,train
43549,train
43550,train
43551,test
43552,train
43553,train
43554,train
43555,train
43556,train
43559,train
43560,train
43561,train
43562,train
43563,train
43565,train
43566,train
43568,train
43569,train
43570,train
43571,train
43572,train
43573,train
43574,train
43575,train
43576,train
43577,train
43578,train
43579,test
43580,train
43581,train
43582,train
43583,test
43584,train
43585,train
43586,test
43587,train
43588,train
43589,train
43590,train
43591,train
43592,train
43594,train
43595,train
43596,train
43597,train
43599,train
43600,train
43601,train
43602,train
43604,train
43605,train
43606,train
43607,train
43609,train
43610,train
43611,train
43612,train
43615,train
43616,train
43617,train
43618,train
43619,test
43620,train
43621,train
43622,train
43623,train
43624,test
43625,train
43626,test
43627,train
43628,test
43629,train
43630,train
43631,train
43632,train
43634,train
43635,test
43637,train
43638,train
43639,train
43640,train
43641,train
43642,test
43643,train
43644,train
43645,test
43646,train
43647,train
43648,train
43649,train
43650,test
43651,train
43652,train
43653,train
43654,train
43655,train
43656,test
43657,train
43658,train
43660,train
43661,train
43662,test
43663,test
43664,train
43665,train
43667,train
43668,train
43669,train
43670,train
43671,train
43672,train
43673,train
43674,train
43675,test
43677,train
43678,test
43679,train
43680,train
43681,train
43682,test
43683,train
43684,train
43686,train
43687,test
43688,train
43689,train
43690,train
43691,train
43692,test
43693,train
43694,test
43695,train
43696,train
43697,train
43698,train
43699,train
43700,train
43701,train
43702,train
43703,train
43704,train
43705,train
43706,train
43707,train
43708,train
43709,train
43710,test
43712,train
43713,train
43714,train
43715,train
43716,train
43717,train
43719,train
43720,train
43721,test
43722,test
43723,train
43724,train
43726,train
43727,test
43728,train
43729,train
43730,train
43731,train
43732,train
43733,train
43734,train
43735,train
43736,train
43737,test
43738,train
43741,train
43742,train
43743,train
43744,train
43745,train
43746,train
43747,train
43748,train
43749,test
43750,train
43751,train
43752,test
43753,train
43754,train
43755,test
43756,train
43757,train
43758,train
43759,train
43760,train
43761,train
43762,train
43763,test
43764,train
43765,test
43766,test
43767,train
43768,test
43769,train
43770,train
43771,train
43772,train
43773,train
43774,test
43775,train
43776,test
43777,train
43779,train
43780,train
43782,test
43783,train
43784,train
43785,train
43786,test
43788,train
43789,train
43790,train
43791,train
43792,train
43793,train
43794,test
43795,train
43796,train
43798,train
43799,test
43800,train
43801,train
43802,train
43803,train
43804,train
43805,train
43806,train
43807,train
43809,train
43810,train
43811,train
43812,train
43814,train
43815,train
43816,train
43817,train
43818,train
43819,train
43820,train
43821,test
43822,train
43823,train
43826,train
43827,test
43828,train
43830,test
43831,train
43832,train
43833,test
43834,train
43835,test
43837,train
43838,train
43839,train
43840,train
43841,test
43842,test
43843,train
43844,test
43845,train
43846,train
43847,test
43848,train
43850,train
43851,train
43852,train
43853,test
43854,train
43856,train
43857,train
43858,test
43859,train
43860,test
43861,train
43862,train
43863,train
43864,train
43865,test
43866,train
43867,train
43868,train
43869,test
43870,train
43871,train
43872,train
43873,train
43874,test
43875,train
43877,test
43879,train
43880,test
43881,train
43882,train
43883,train
43884,train
43885,train
43886,train
43887,train
43888,train
43889,train
43890,train
43891,test
43892,test
43893,train
43894,train
43895,train
43896,test
43897,train
43898,train
43899,train
43900,train
43901,train
43902,train
43905,train
43906,train
43907,train
43908,train
43909,train
43910,test
43911,train
43912,train
43913,train
43914,train
43916,train
43917,train
43918,train
43919,train
43920,train
43921,train
43922,test
43923,train
43924,train
43925,train
43926,test
43927,train
43928,train
43929,train
43931,train
43932,train
43933,test
43934,test
43935,train
43936,train
43937,train
43938,test
43939,train
43940,train
43941,train
43942,train
43943,train
43944,train
43945,train
43946,train
43948,train
43949,train
43950,train
43951,test
43953,train
43954,train
43955,train
43956,test
43957,train
43958,train
43959,train
43960,train
43961,train
43962,train
43963,test
43965,train
43966,train
43967,train
43969,train
43970,train
43971,test
43972,test
43973,train
43974,train
43975,test
43976,train
43977,train
43978,train
43979,train
43980,test
43981,train
43982,train
43983,train
43984,test
43985,train
43986,test
43987,train
43988,train
43989,test
43990,train
43992,train
43993,train
43994,test
43995,train
43996,test
43997,train
43998,train
43999,train
44000,train
44001,train
44002,train
44003,test
44004,test
44005,train
44007,test
44009,test
44010,train
44011,train
44012,train
44013,train
44014,train
44015,train
44016,train
44017,train
44018,train
44019,train
44021,train
44022,test
44023,train
44024,train
44025,train
44026,train
44027,train
44028,train
44029,train
44030,train
44031,train
44032,test
44033,test
44034,train
44035,test
44036,train
44037,train
44038,test
44039,test
44040,test
44041,test
44042,train
44043,train
44044,train
44045,train
44046,train
44047,train
44048,train
44049,test
44051,train
44052,train
44053,test
44054,test
44055,train
44056,train
44057,test
44058,test
44059,train
44060,train
44061,train
44062,test
44063,test
44064,train
44065,train
44066,train
44067,test
44068,test
44069,test
44070,train
44071,train
44072,train
44073,test
44074,test
44075,train
44076,train
44077,train
44078,train
44079,train
44080,train
44081,train
44082,train
44083,train
44084,train
44085,train
44086,train
44087,train
44088,train
44089,test
44090,train
44091,train
44092,train
44093,test
44094,train
44095,train
44096,train
44097,train
44099,train
44100,train
44101,train
44102,train
44103,train
44104,test
44105,test
44106,train
44107,train
44108,test
44109,test
44110,test
44111,train
44112,train
44113,train
44114,train
44115,train
44116,train
44117,train
44118,train
44119,test
44120,train
44121,train
44122,train
44123,train
44124,test
44125,train
44126,train
44127,train
44128,train
44129,train
44130,train
44131,train
44132,train
44133,train
44134,train
44135,train
44136,train
44137,test
44138,test
44139,test
44140,test
44141,train
44142,train
44143,train
44144,train
44145,test
44147,train
44148,train
44149,train
44150,test
44151,train
44152,train
44153,test
44154,train
44155,train
44156,train
44157,train
44158,train
44159,train
44160,test
44161,train
44163,train
44164,train
44165,train
44166,test
44167,train
44168,test
44169,train
44170,test
44171,train
44172,train
44173,train
44174,train
44175,train
44176,train
44177,train
44179,train
44180,test
44181,train
44182,train
44183,train
44184,train
44185,train
44186,train
44188,train
44189,train
44191,train
44192,train
44193,train
44194,train
44195,train
44196,test
44197,train
44199,train
44200,test
44201,test
44202,train
44203,train
44204,train
44205,train
44206,train
44207,test
44208,train
44209,train
44210,train
44212,test
44213,train
44214,test
44215,train
44216,train
44217,train
44218,train
44219,test
44220,train
44221,train
44222,train
44223,test
44224,test
44225,train
44226,train
44227,train
44228,train
44229,train
44230,test
44231,train
44232,train
44233,train
44234,train
44235,train
44236,test
44237,train
44238,test
44240,train
44241,test
44242,train
44244,test
44245,train
44246,test
44247,train
44248,test
44249,train
44250,train
44251,train
44252,train
44253,test
44254,train
44255,train
44256,test
44257,test
44258,train
44259,test
44260,train
44261,train
44262,train
44263,test
44264,test
44265,test
44268,train
44269,train
44270,train
44271,train
44272,train
44273,train
44274,train
44276,test
44277,train
44278,train
44279,train
44280,train
44281,train
44282,train
44283,train
44284,train
44285,train
44286,train
44287,train
44288,train
44289,test
44290,train
44291,train
44292,train
44293,train
44294,test
44295,train
44296,train
44297,train
44298,train
44300,train
44301,train
44302,train
44303,train
44304,train
44306,train
44307,train
44308,train
44309,train
44310,test
44311,train
44312,train
44313,test
44314,train
44315,train
44316,train
44317,train
44318,train
44320,train
44321,train
44322,train
44323,train
44324,test
44325,test
44326,test
44327,train
44328,train
44329,train
44330,train
44331,train
44332,test
44333,train
44334,train
44335,train
44336,test
44337,train
44338,test
44339,train
44340,train
44341,test
44342,test
44344,test
44345,train
44346,train
44347,train
44348,train
44349,train
44350,test
44351,test
44352,train
44353,train
44354,train
44356,train
44357,train
44358,test
44360,train
44361,train
44362,train
44363,test
44364,train
44365,test
44366,train
44368,train
44369,train
44370,train
44371,train
44372,test
44373,train
44375,train
44376,test
44378,test
44379,train
44380,test
44381,train
44382,train
44383,train
44384,train
44385,train
44386,train
44387,train
44388,train
44389,train
44390,test
44392,train
44393,train
44394,train
44396,train
44397,train
44398,train
44399,train
44401,train
44402,train
44403,train
44404,train
44405,train
44406,train
44407,train
44408,train
44409,train
44410,test
44411,train
44412,test
44413,train
44414,train
44415,train
44416,train
44417,train
44418,train
44419,train
44420,train
44421,train
44423,test
44424,train
44425,train
44426,train
44428,test
44429,test
44430,train
44431,train
44432,train
44433,train
44434,train
44435,train
44437,train
44438,train
44439,train
44440,train
44441,train
44442,test
44443,train
44444,train
44445,train
44447,train
44448,train
44449,train
44450,test
44451,train
44452,train
44453,train
44454,test
44455,test
44456,test
44457,train
44458,train
44459,train
44460,train
44461,test
44462,test
44463,test
44464,train
44465,train
44467,train
44468,test
44471,train
44472,test
44473,train
44474,train
44475,train
44476,train
44477,train
44478,train
44479,train
44481,train
44483,train
44484,train
44485,train
44486,train
44487,test
44488,train
44489,train
44490,train
44491,train
44492,train
44493,train
44496,train
44497,train
44498,train
44499,train
44500,test
44501,train
44502,train
44503,train
44504,train
44505,train
44507,train
44508,train
44509,train
44510,test
44511,train
44513,train
44514,train
44515,train
44516,train
44518,train
44519,train
44520,train
44521,train
44522,train
44523,train
44524,train
44525,train
44526,train
44528,train
44529,train
44530,train
44531,train
44532,train
44533,train
44534,train
44535,train
44536,test
44537,train
44538,train
44539,train
44541,train
44542,train
44543,train
44544,train
44545,train
44546,train
44547,train
44548,test
44549,train
44550,train
44551,train
44552,test
44553,train
44554,train
44555,train
44557,train
44558,train
44559,train
44561,train
44562,train
44563,test
44564,train
44565,train
44566,train
44567,train
44568,train
44569,train
44570,train
44571,train
44572,train
44573,test
44574,train
44575,train
44576,train
44577,test
44578,train
44579,test
44580,train
44581,train
44582,train
44583,train
44584,train
44585,train
44586,train
44587,train
44588,train
44589,test
44590,train
44591,train
44592,train
44593,train
44594,test
44595,train
44597,train
44598,train
44599,test
44600,test
44601,test
44602,train
44603,train
44604,test
44605,train
44606,train
44607,test
44608,train
44609,test
44610,train
44611,test
44612,train
44613,train
44614,test
44615,train
44616,train
44617,train
44618,train
44619,train
44620,train
44622,train
44624,train
44625,train
44626,train
44627,train
44628,train
44629,train
44630,train
44631,test
44632,train
44633,train
44634,test
44635,train
44636,train
44637,train
44638,train
44639,train
44641,train
44642,train
44643,train
44644,train
44645,test
44646,train
44647,train
44648,train
44649,train
44650,train
44651,train
44652,train
44653,train
44654,train
44655,train
44657,train
44658,train
44659,train
44660,train
44661,train
44662,test
44663,train
44664,train
44665,train
44666,train
44667,test
44669,train
44671,train
44672,train
44673,train
44674,train
44675,train
44676,train
44677,train
44678,train
44679,train
44680,train
44681,test
44682,train
44683,train
44684,train
44685,train
44686,train
44687,train
44688,train
44689,train
44690,test
44691,train
44692,test
44693,train
44694,test
44695,train
44696,train
44697,train
44698,train
44699,test
44700,train
44701,train
44702,test
44703,train
44704,train
44705,train
44706,train
44707,train
44708,train
44709,test
44710,train
44711,train
44712,train
44713,train
44714,train
44716,train
44717,test
44718,train
44719,test
44720,train
44722,train
44723,train
44724,train
44725,train
44726,test
44727,test
44728,train
44729,train
44730,train
44731,train
44732,train
44733,train
44734,test
44735,train
44736,test
44737,train
44738,train
44739,test
44740,train
44741,train
44742,train
44744,train
44745,train
44746,train
44747,test
44748,test
44749,train
44750,train
44751,train
44752,train
44753,train
44754,train
44756,train
44757,test
44758,train
44759,test
44760,train
44761,train
44762,train
44763,train
44764,train
44765,train
44766,train
44767,train
44768,test
44769,train
44770,train
44771,train
44772,train
44773,train
44774,train
44775,train
44776,train
44778,test
44779,test
44780,test
44781,train
44782,train
44783,train
44784,train
44785,train
44786,test
44787,train
44788,train
44789,train
44790,train
44791,test
44792,train
44793,train
44794,train
44795,train
44796,train
44797,test
44798,train
44799,train
44800,train
44801,test
44802,train
44803,train
44804,test
44805,train
44806,test
44807,train
44808,train
44809,train
44810,train
44811,test
44812,train
44814,train
44815,train
44817,test
44818,train
44820,train
44821,test
44822,test
44823,test
44824,test
44825,train
44826,train
44827,train
44828,train
44829,test
44830,train
44831,train
44832,test
44833,test
44834,train
44835,test
44836,train
44837,test
44838,train
44839,train
44840,train
44841,train
44842,test
44843,train
44845,train
44846,train
44847,test
44848,train
44849,train
44850,test
44853,train
44854,train
44855,train
44856,train
44857,train
44858,train
44859,train
44860,train
44861,train
44862,test
44863,train
44864,train
44865,train
44866,train
44867,train
44868,train
44869,train
44870,train
44871,test
44872,train
44873,train
44874,train
44875,test
44876,train
44877,train
44878,train
44880,train
44881,test
44882,train
44883,test
44884,train
44885,train
44886,test
44887,train
44889,train
44890,train
44892,test
44893,train
44894,train
44895,train
44896,test
44897,train
44898,train
44899,train
44901,train
44902,test
44903,train
44904,train
44905,test
44906,train
44907,test
44909,test
44910,train
44911,train
44913,train
44914,test
44915,train
44916,train
44917,test
44918,train
44919,train
44920,train
44921,train
44922,train
44923,train
44924,test
44925,train
44926,train
44927,test
44928,train
44929,train
44930,train
44931,train
44932,train
44933,test
44934,test
44935,train
44936,train
44937,train
44938,train
44939,train
44940,train
44941,test
44942,train
44943,train
44944,train
44945,train
44946,train
44948,test
44949,train
44950,train
44951,test
44952,train
44953,test
44954,train
44955,train
44956,test
44957,test
44958,test
44959,test
44960,train
44961,train
44962,train
44964,train
44965,train
44966,test
44967,train
44968,train
44969,train
44970,train
44971,train
44972,train
44973,test
44974,train
44975,test
44976,train
44977,train
44978,train
44979,train
44980,train
44981,test
44982,train
44983,test
44984,train
44985,train
44986,train
44987,train
44989,train
44990,test
44991,train
44992,test
44993,train
44994,train
44995,test
44996,train
44997,train
44998,test
44999,train
45000,train
45001,test
45002,train
45003,test
45004,train
45005,test
45006,test
45007,train
45008,test
45009,train
45010,train
45011,train
45012,train
45013,train
45014,train
45015,train
45016,train
45017,test
45018,train
45019,train
45020,train
45021,train
45022,train
45023,train
45024,train
45025,train
45026,train
45027,train
45028,train
45029,train
45030,train
45031,train
45032,train
45033,train
45034,train
45035,train
45036,test
45037,train
45038,test
45039,train
45040,train
45041,train
45042,train
45043,train
45044,test
45045,train
45046,train
45047,train
45048,test
45049,train
45050,train
45051,test
45052,train
45053,train
45054,train
45055,train
45056,train
45057,train
45058,train
45059,train
45060,train
45061,train
45062,train
45063,train
45064,train
45065,test
45066,train
45067,train
45068,test
45069,train
45070,train
45071,train
45072,train
45073,train
45074,train
45075,train
45076,train
45077,test
45078,train
45079,train
45080,train
45081,train
45082,train
45083,test
45084,train
45085,train
45086,train
45087,test
45088,train
45089,train
45090,train
45091,test
45092,train
45093,test
45094,train
45096,test
45097,train
45098,test
45099,train
45100,train
45101,train
45102,train
45103,test
45104,train
45105,train
45106,train
45107,train
45108,train
45109,test
45110,train
45111,train
45112,test
45113,test
45114,test
45115,test
45116,train
45117,train
45118,train
45119,test
45120,train
45121,train
45122,train
45123,train
45124,train
45125,train
45126,test
45127,test
45128,train
45129,train
45130,train
45131,test
45132,test
45133,train
45134,train
45135,test
45136,test
45137,train
45138,train
45139,train
45140,test
45141,train
45142,train
45143,train
45144,train
45145,test
45146,train
45147,test
45148,train
45149,train
45150,train
45151,test
45153,train
45154,test
45155,train
45156,test
45157,train
45158,train
45159,train
45160,train
45161,train
45162,train
45163,train
45164,train
45165,train
45166,train
45167,train
45168,train
45169,test
45170,train
45171,train
45172,train
45173,train
45175,train
45176,test
45177,test
45178,train
45179,train
45180,train
45181,train
45182,test
45183,train
45184,train
45185,train
45186,train
45187,train
45188,test
45189,test
45190,test
45191,train
45192,train
45193,train
45194,train
45195,train
45196,train
45197,train
45198,train
45199,train
45200,train
45201,train
45202,train
45203,test
45204,test
45205,test
45206,train
45207,train
45208,test
45209,train
45210,train
45211,train
45212,train
45213,train
45214,train
45215,test
45216,test
45217,train
45218,test
45219,train
45220,train
45221,test
45222,train
45223,train
45224,train
45225,train
45226,train
45227,train
45229,train
45230,test
45231,test
45232,train
45233,train
45234,train
45235,train
45236,train
45237,train
45238,train
45239,train
45240,train
45242,train
45243,train
45244,test
45245,train
45246,train
45247,train
45248,train
45249,train
45250,train
45251,train
45252,train
45253,train
45254,train
45255,train
45256,train
45257,train
45258,train
45259,train
45260,train
45261,train
45262,train
45263,train
45264,train
45265,train
45266,train
45267,train
45268,train
45269,test
45270,train
45271,test
45272,train
45273,train
45274,train
45275,train
45276,train
45277,test
45278,train
45279,test
45280,train
45281,train
45282,train
45284,train
45285,test
45286,train
45287,train
45288,train
45289,train
45290,train
45291,train
45293,train
45294,train
45295,train
45296,train
45298,train
45299,train
45300,train
45301,train
45302,train
45303,test
45304,train
45305,train
45306,train
45307,test
45308,train
45309,train
45310,test
45311,train
45312,train
45313,train
45314,train
45315,train
45316,train
45317,train
45319,train
45320,test
45321,train
45322,train
45323,train
45324,train
45325,train
45326,train
45327,train
45328,train
45329,train
45331,train
45332,test
45333,train
45334,test
45335,train
45336,test
45337,train
45338,train
45339,test
45340,train
45341,test
45342,test
45343,test
45345,train
45346,train
45347,train
45348,train
45349,train
45350,train
45351,train
45352,train
45353,train
45354,train
45355,train
45356,test
45357,train
45359,train
45360,train
45361,train
45362,train
45363,train
45364,test
45365,train
45366,train
45367,train
45368,train
45369,train
45370,test
45371,test
45372,train
45373,test
45374,train
45375,train
45376,test
45377,train
45378,train
45379,train
45380,train
45381,train
45382,train
45383,train
45384,train
45385,train
45386,train
45387,train
45388,train
45389,train
45390,train
45391,test
45393,train
45394,train
45395,train
45396,train
45397,train
45398,train
45399,train
45401,train
45402,test
45403,train
45404,train
45405,train
45406,train
45407,train
45408,train
45409,train
45410,train
45411,train
45412,train
45413,train
45414,test
45415,train
45416,train
45417,train
45418,train
45419,train
45420,train
45421,train
45422,train
45423,train
45424,train
45425,test
45426,train
45427,train
45428,test
45429,train
45430,train
45431,train
45432,train
45433,train
45434,train
45435,train
45436,train
45437,train
45438,train
45439,train
45440,train
45441,train
45442,train
45443,train
45444,train
45445,test
45446,train
45447,test
45448,train
45449,train
45450,train
45451,train
45452,train
45453,train
45454,train
45455,train
45456,train
45457,train
45458,train
45459,train
45460,train
45461,train
45462,train
45463,test
45464,train
45465,test
45466,train
45467,train
45468,train
45469,train
45470,train
45472,train
45473,train
45474,train
45475,train
45476,train
45477,train
45478,test
45479,train
45480,train
45481,train
45483,test
45484,train
45485,test
45486,test
45487,train
45488,test
45489,train
45490,train
45491,train
45492,train
45493,test
45494,train
45495,test
45496,train
45497,train
45498,test
45499,train
45500,train
45501,train
45502,train
45503,test
45504,train
45505,test
45506,test
45507,train
45508,test
45509,train
45510,train
45511,train
45512,train
45513,train
45514,train
45515,train
45516,train
45517,train
45519,test
45520,test
45521,train
45522,train
45523,train
45524,train
45525,train
45526,test
45527,train
45528,train
45529,train
45530,train
45531,train
45532,test
45533,train
45534,train
45535,test
45537,train
45538,test
45539,test
45540,train
45541,train
45542,train
45543,test
45545,train
45546,train
45547,train
45548,train
45549,train
45550,train
45551,train
45552,train
45553,test
45554,train
45555,train
45556,train
45557,train
45558,test
45559,train
45560,train
45561,train
45562,train
45563,train
45564,train
45565,test
45566,train
45567,train
45568,train
45569,train
45570,train
45571,train
45572,train
45573,train
45574,train
45575,test
45576,train
45577,train
45578,train
45579,train
45580,train
45581,train
45582,train
45583,train
45584,train
45585,train
45586,train
45587,train
45588,test
45589,train
45590,train
45591,train
45592,train
45593,train
45594,train
45595,train
45596,test
45597,train
45599,train
45600,train
45601,train
45602,train
45603,train
45604,train
45605,train
45606,train
45607,train
45608,test
45609,test
45610,train
45611,train
45612,train
45613,test
45614,train
45615,train
45616,train
45617,train
45618,train
45619,train
45620,train
45621,test
45622,test
45623,train
45624,train
45625,train
45626,train
45627,test
45628,train
45629,train
45630,train
45631,train
45632,train
45633,test
45634,train
45635,train
45636,train
45637,train
45638,test
45639,train
45640,test
45642,train
45643,train
45644,train
45645,train
45646,train
45647,test
45648,train
45649,train
45650,train
45651,train
45652,train
45653,train
45654,test
45655,train
45656,train
45657,train
45658,test
45659,train
45660,train
45661,train
45662,test
45663,train
45664,train
45665,test
45666,train
45667,train
45668,train
45669,train
45670,test
45671,train
45672,train
45673,test
45674,train
45675,train
45676,train
45677,train
45678,train
45679,test
45680,test
45681,train
45682,train
45683,train
45684,train
45685,train
45687,train
45688,test
45689,train
45691,train
45692,train
45693,train
45694,train
45695,train
45696,test
45697,test
45698,train
45699,train
45700,train
45701,train
45702,train
45703,train
45704,train
45705,train
45706,train
45707,train
45708,test
45709,train
45710,train
45711,train
45712,train
45713,train
45714,train
45715,train
45716,test
45717,test
45718,train
45719,train
45720,train
45721,train
45722,test
45723,train
45724,test
45725,train
45726,test
45727,train
45728,train
45729,train
45730,train
45731,train
45732,train
45733,train
45734,train
45735,train
45736,train
45737,train
45738,train
45739,train
45740,train
45741,train
45742,test
45743,train
45744,train
45746,train
45747,train
45748,train
45749,train
45750,test
45751,train
45752,test
45753,train
45754,train
45755,train
45756,train
45757,train
45758,test
45759,train
45760,train
45761,test
45762,train
45763,train
45764,train
45765,test
45766,test
45767,train
45768,test
45769,train
45770,train
45771,train
45772,test
45773,train
45774,train
45775,test
45776,test
45777,train
45778,train
45779,train
45780,train
45781,train
45782,train
45783,train
45784,train
45785,train
45786,test
45787,train
45788,train
45789,train
45790,train
45791,train
45792,test
45793,train
45794,train
45795,train
45796,train
45799,test
45800,train
45801,train
45802,train
45803,train
45804,test
45805,train
45806,train
45807,train
45808,train
45809,train
45810,test
45811,train
45812,train
45813,train
45814,train
45815,test
45816,test
45818,train
45820,train
45821,train
45822,test
45823,train
45824,train
45825,train
45826,train
45827,train
45828,train
45829,train
45830,train
45831,test
45832,train
45833,train
45834,train
45835,train
45836,train
45837,test
45838,train
45839,test
45840,test
45841,train
45842,train
45844,train
45845,train
45846,train
45847,train
45848,train
45849,test
45850,train
45851,train
45852,train
45853,train
45854,test
45855,train
45856,test
45857,train
45858,train
45859,train
45860,train
45861,train
45862,train
45863,train
45864,train
45865,test
45866,train
45867,test
45868,train
45869,train
45870,train
45871,test
45872,train
45873,train
45875,test
45876,train
45877,train
45878,train
45879,train
45880,train
45881,train
45882,train
45883,test
45884,test
45885,train
45886,train
45887,train
45888,train
45889,train
45890,train
45891,train
45892,train
45893,test
45894,test
45895,train
45896,train
45897,train
45899,train
45901,train
45902,train
45903,train
45904,test
45905,train
45906,test
45907,test
45908,train
45910,train
45911,train
45912,train
45913,train
45914,train
45915,train
45916,train
45917,train
45918,train
45919,train
45920,test
45921,train
45922,train
45923,train
45924,train
45925,train
45926,train
45927,train
45928,train
45929,train
45930,train
45931,test
45932,train
45933,test
45934,train
45935,train
45936,train
45937,train
45938,train
45939,train
45940,train
45941,train
45942,test
45943,train
45944,train
45945,train
45946,train
45947,test
45949,train
45950,train
45951,train
45952,test
45953,train
45954,train
45955,train
45956,test
45957,train
45958,train
45959,test
45960,test
45961,train
45962,train
45963,train
45964,train
45966,train
45967,train
45968,test
45969,train
45970,train
45971,train
45972,train
45973,train
45974,train
45975,train
45976,test
45977,train
45978,train
45979,train
45980,test
45981,train
45982,train
45983,train
45984,train
45985,train
45986,test
45987,train
45988,train
45989,train
45990,train
45991,train
45992,train
45993,train
45994,train
45995,train
45996,train
45997,train
45998,train
45999,test
46002,train
46003,test
46004,train
46005,test
46006,train
46007,train
46008,train
46009,test
46011,train
46012,test
46013,test
46014,train
46015,train
46016,train
46017,test
46019,train
46020,train
46021,test
46022,train
46023,test
46024,train
46025,train
46026,train
46027,train
46028,train
46029,train
46030,train
46031,train
46032,train
46033,test
46034,train
46035,train
46036,train
46037,train
46038,train
46039,train
46040,train
46041,train
46042,train
46043,test
46044,train
46045,train
46046,train
46047,train
46048,train
46049,train
46050,test
46051,train
46052,train
46053,test
46054,train
46055,train
46056,train
46057,train
46058,train
46059,train
46061,test
46062,train
46063,train
46064,train
46065,train
46066,train
46067,train
46068,test
46070,train
46071,train
46072,train
46073,train
46074,train
46075,train
46076,train
46077,train
46078,train
46080,train
46081,train
46082,train
46083,train
46084,train
46085,train
46086,train
46087,train
46088,train
46089,train
46090,train
46091,test
46092,test
46093,train
46094,train
46095,test
46096,train
46097,train
46098,train
46099,train
46100,train
46101,test
46102,train
46103,train
46104,train
46105,train
46106,train
46107,test
46108,train
46109,train
46110,test
46111,test
46112,train
46113,train
46114,train
46115,train
46116,train
46117,train
46118,train
46119,train
46120,train
46121,train
46122,train
46123,train
46124,train
46125,train
46126,test
46127,train
46128,test
46129,train
46130,train
46131,train
46132,test
46133,train
46134,train
46135,train
46136,train
46137,train
46138,train
46139,train
46140,test
46141,train
46143,train
46144,train
46145,train
46146,train
46147,train
46148,train
46149,test
46150,test
46151,train
46152,train
46153,train
46154,train
46155,train
46156,train
46157,train
46158,train
46159,test
46160,train
46161,train
46162,train
46163,train
46164,train
46165,train
46166,train
46167,train
46168,test
46169,train
46170,train
46171,train
46172,test
46173,train
46174,train
46175,train
46176,test
46177,train
46178,train
46179,train
46180,train
46181,train
46182,train
46184,train
46185,test
46187,train
46189,train
46190,train
46191,test
46192,train
46193,train
46194,train
46195,train
46196,train
46197,test
46198,train
46199,test
46200,train
46201,train
46202,train
46203,train
46204,train
46205,train
46206,train
46207,test
46208,train
46209,train
46210,test
46211,train
46212,train
46213,train
46214,test
46215,train
46216,train
46217,train
46218,train
46219,train
46220,train
46221,test
46222,train
46224,train
46225,train
46226,train
46227,train
46228,train
46229,train
46230,train
46231,train
46232,train
46233,train
46234,train
46235,train
46236,train
46237,train
46238,train
46240,train
46241,train
46242,train
46243,train
46244,train
46245,train
46246,train
46247,train
46248,train
46249,train
46250,test
46251,train
46252,train
46253,train
46254,train
46255,train
46256,train
46257,test
46259,train
46260,test
46261,train
46262,train
46263,train
46264,test
46266,test
46267,train
46268,test
46269,test
46270,train
46271,train
46272,train
46273,train
46274,train
46275,train
46276,test
46277,train
46279,train
46280,train
46281,train
46282,train
46283,train
46284,train
46285,train
46287,test
46288,train
46289,train
46290,train
46291,train
46292,train
46294,train
46295,train
46296,test
46297,test
46298,train
46300,train
46301,train
46302,train
46303,train
46304,test
46305,train
46306,train
46307,test
46308,train
46309,train
46310,train
46311,train
46312,train
46313,train
46314,train
46315,train
46316,train
46317,train
46318,train
46319,train
46320,train
46321,test
46322,train
46323,test
46324,train
46325,train
46326,train
46327,train
46329,test
46330,test
46331,train
46332,train
46333,train
46334,train
46336,train
46337,test
46338,train
46339,train
46340,train
46341,train
46342,train
46344,train
46345,train
46346,train
46347,test
46348,test
46349,train
46350,test
46351,train
46352,train
46353,train
46354,train
46355,train
46356,test
46357,train
46358,train
46359,train
46360,test
46361,train
46362,train
46363,test
46364,train
46365,train
46366,train
46367,train
46368,train
46369,test
46370,train
46371,train
46372,train
46373,train
46374,train
46375,train
46376,train
46377,train
46379,train
46380,train
46381,train
46382,train
46383,train
46384,test
46385,train
46386,train
46387,train
46388,train
46389,test
46390,train
46391,test
46392,train
46393,train
46394,train
46395,train
46396,train
46397,test
46398,train
46399,train
46400,train
46401,test
46402,train
46403,train
46404,train
46405,train
46406,train
46407,train
46409,train
46410,train
46411,train
46412,train
46413,train
46414,train
46415,train
46416,test
46417,train
46419,train
46420,test
46421,train
46422,train
46423,train
46424,train
46425,test
46426,train
46427,train
46428,train
46429,train
46430,train
46431,train
46432,train
46433,train
46435,train
46436,train
46437,train
46438,train
46439,train
46440,train
46443,train
46445,test
46446,train
46447,train
46448,train
46449,train
46450,train
46451,test
46452,train
46453,train
46454,train
46455,train
46456,test
46457,train
46458,train
46459,train
46460,test
46461,train
46462,test
46463,train
46464,train
46465,train
46466,test
46467,train
46468,train
46469,train
46470,train
46471,test
46472,train
46473,train
46474,train
46475,train
46476,train
46477,train
46478,train
46479,train
46480,train
46481,train
46482,train
46484,test
46485,train
46487,train
46488,train
46490,train
46492,train
46493,test
46494,train
46495,train
46496,train
46497,train
46498,train
46499,test
46500,train
46501,train
46502,train
46503,train
46504,train
46506,train
46507,train
46508,train
46509,train
46510,train
46511,test
46512,train
46513,train
46514,train
46517,train
46518,test
46519,test
46520,train
46521,train
46522,train
46524,train
46525,train
46526,test
46527,test
46528,train
46529,train
46530,train
46531,train
46532,test
46534,train
46535,train
46536,train
46537,train
46538,test
46539,train
46540,train
46541,test
46542,train
46544,train
46545,test
46546,train
46547,train
46548,train
46549,train
46550,train
46551,train
46552,train
46553,train
46554,train
46555,train
46557,train
46558,train
46560,train
46561,train
46562,train
46563,train
46564,train
46565,train
46566,train
46567,train
46568,train
46569,test
46570,train
46571,train
46572,train
46573,train
46574,train
46575,train
46576,train
46577,test
46578,train
46580,train
46581,train
46582,train
46583,train
46584,train
46585,train
46586,train
46587,train
46588,train
46589,train
46590,test
46591,train
46593,train
46594,train
46595,train
46596,train
46597,train
46598,train
46599,train
46600,train
46601,train
46602,train
46603,train
46604,test
46605,train
46606,test
46607,test
46608,test
46609,train
46610,test
46611,train
46612,train
46613,train
46615,train
46616,test
46617,train
46618,test
46620,train
46621,train
46622,train
46624,train
46625,train
46626,train
46627,train
46628,train
46629,train
46630,test
46631,train
46632,train
46633,test
46634,train
46635,train
46637,test
46638,test
46639,test
46640,train
46641,test
46642,test
46643,train
46645,train
46647,train
46648,train
46650,train
46651,train
46652,train
46653,test
46654,test
46655,test
46656,train
46657,train
46659,train
46660,train
46661,train
46662,train
46663,train
46664,train
46665,train
46666,test
46667,train
46669,train
46670,test
46671,test
46672,train
46673,train
46674,train
46675,train
46676,train
46677,train
46678,train
46680,train
46681,test
46682,train
46683,train
46685,test
46687,test
46688,test
46689,train
46690,train
46691,train
46692,train
46693,train
46694,test
46695,train
46696,train
46698,test
46699,train
46700,train
46702,train
46703,train
46704,train
46705,train
46706,train
46707,train
46708,train
46710,train
46711,train
46712,test
46713,test
46714,train
46716,train
46717,train
46718,train
46719,train
46720,train
46722,train
46723,train
46724,train
46725,test
46726,test
46727,test
46728,train
46729,train
46730,test
46731,test
46733,train
46735,train
46736,test
46737,train
46738,train
46739,train
46740,train
46741,test
46742,test
46743,train
46744,train
46745,train
46746,train
46747,train
46748,train
46749,train
46750,train
46752,train
46753,train
46754,train
46755,train
46756,test
46757,train
46758,train
46759,test
46760,train
46761,train
46762,test
46763,test
46764,train
46766,train
46767,train
46768,train
46769,test
46770,train
46771,train
46772,train
46773,train
46774,train
46776,train
46777,train
46778,train
46779,train
46781,train
46782,test
46784,train
46785,train
46786,train
46787,train
46788,train
46789,train
46790,train
46791,train
46792,train
46793,train
46794,train
46795,train
46796,train
46797,train
46798,train
46801,test
46802,train
46803,train
46804,train
46805,train
46806,test
46807,train
46808,train
46809,train
46810,train
46812,train
46813,test
46814,train
46815,train
46816,train
46817,train
46818,train
46819,test
46820,train
46821,train
46822,train
46823,test
46824,train
46825,test
46826,train
46828,train
46829,train
46831,train
46833,train
46834,train
46835,train
46836,train
46837,train
46838,train
46839,train
46840,train
46841,test
46842,train
46845,train
46846,train
46847,train
46849,train
46850,train
46852,test
46853,test
46854,train
46855,train
46857,train
46859,train
46860,train
46861,train
46862,train
46863,train
46864,train
46865,train
46866,train
46867,train
46868,train
46869,test
46871,test
46872,train
46873,train
46874,train
46875,train
46876,train
46877,train
46879,train
46881,train
46882,train
46883,train
46885,train
46886,train
46887,train
46888,train
46890,train
46891,train
46892,train
46893,train
46894,test
46895,train
46896,train
46897,test
46898,train
46899,train
46900,train
46901,train
46902,train
46903,train
46904,train
46906,train
46907,train
46908,train
46909,train
46910,train
46911,train
46912,test
46913,train
46916,train
46917,train
46918,train
46921,train
46923,test
46924,train
46925,train
46926,train
46927,train
46928,train
46929,test
46931,train
46933,train
46935,train
46937,test
46938,train
46939,train
46940,test
46941,train
46942,train
46943,test
46944,test
46945,test
46946,train
46947,train
46948,train
46949,train
46950,train
46951,test
46952,train
46953,train
46954,train
46956,train
46957,train
46958,train
46959,train
46960,train
46961,train
46962,train
46964,train
46965,train
46966,test
46967,test
46968,test
46969,train
46971,train
46972,train
46973,train
46975,train
46976,test
46977,train
46978,train
46979,train
46980,train
46981,test
46983,train
46984,train
46986,train
46987,test
46988,train
46989,train
46990,train
46991,train
46992,train
46994,train
46995,train
46996,train
46997,train
46998,test
46999,train
47000,train
47001,test
47002,train
47003,train
47004,test
47005,train
47006,test
47007,train
47008,test
47009,train
47011,test
47013,train
47014,train
47016,train
47017,test
47018,train
47019,train
47020,test
47021,train
47023,train
47024,test
47025,train
47026,train
47027,train
47028,train
47029,train
47030,test
47031,test
47032,test
47033,train
47034,train
47036,train
47037,train
47039,train
47040,train
47041,train
47042,test
47043,train
47044,test
47045,train
47046,train
47047,train
47051,train
47052,train
47053,train
47055,test
47057,train
47058,train
47059,train
47060,train
47061,train
47062,train
47063,train
47064,train
47065,test
47066,train
47068,train
47069,train
47070,train
47073,train
47075,train
47076,test
47077,train
47078,train
47079,train
47080,train
47081,train
47082,train
47083,test
47084,train
47085,train
47086,train
47087,train
47088,train
47089,test
47090,train
47091,train
47092,train
47094,train
47095,train
47096,train
47097,test
47098,test
47099,train
47100,train
47101,train
47102,test
47103,test
47105,train
47106,train
47108,train
47109,train
47110,train
47112,train
47114,train
47115,train
47116,test
47117,test
47118,train
47119,train
47120,train
47121,train
47123,test
47124,train
47126,train
47127,test
47128,test
47130,train
47131,test
47132,test
47134,train
47135,train
47136,train
47137,train
47138,train
47139,train
47140,test
47141,train
47142,train
47143,train
47144,train
47145,train
47146,train
47147,train
47150,test
47151,train
47153,test
47154,test
47155,train
47157,train
47158,train
47159,train
47160,test
47161,train
47162,test
47163,train
47164,train
47165,train
47166,train
47167,train
47168,test
47169,train
47171,train
47172,test
47173,train
47174,train
47176,train
47177,train
47178,train
47179,train
47180,train
47181,test
47182,test
47183,train
47184,train
47185,train
47186,train
47187,train
47188,train
47189,test
47191,test
47193,train
47194,train
47195,train
47196,train
47197,train
47198,test
47199,train
47200,train
47201,test
47202,train
47204,train
47205,train
47206,train
47208,train
47210,train
47211,train
47212,train
47213,train
47214,train
47215,train
47217,test
47218,train
47219,train
47221,train
47222,train
47224,train
47225,train
47226,train
47228,train
47229,train
47230,train
47231,test
47232,test
47233,test
47234,train
47235,train
47236,test
47239,test
47240,train
47241,train
47242,train
47243,train
47244,train
47245,train
47246,train
47247,train
47248,train
47249,train
47250,test
47252,train
47253,train
47254,train
47255,train
47257,train
47258,train
47259,test
47260,train
47261,train
47262,test
47264,test
47265,train
47267,train
47268,test
47269,train
47270,train
47271,train
47272,train
47273,train
47274,train
47275,train
47276,test
47277,train
47279,train
47280,train
47281,train
47282,test
47283,train
47286,train
47287,train
47288,train
47289,train
47290,train
47291,train
47292,train
47293,train
47294,train
47295,test
47296,test
47297,train
47299,train
47300,train
47301,train
47302,train
47304,train
47305,train
47306,train
47307,train
47309,test
47310,test
47311,train
47312,train
47313,test
47314,train
47315,train
47316,train
47317,train
47318,train
47319,train
47320,train
47322,train
47323,train
47324,test
47325,train
47326,test
47327,train
47328,train
47329,train
47330,test
47331,train
47333,test
47334,train
47335,train
47336,train
47337,train
47338,train
47339,test
47340,train
47342,test
47343,train
47344,test
47345,train
47346,train
47347,test
47348,train
47349,train
47350,test
47351,train
47352,train
47353,train
47354,test
47355,test
47356,train
47357,train
47359,test
47360,train
47362,train
47363,train
47364,train
47365,train
47366,train
47367,train
47368,train
47369,train
47371,train
47373,train
47374,train
47375,train
47376,train
47377,train
47378,test
47379,test
47380,train
47381,test
47384,train
47385,train
47387,train
47388,train
47389,train
47392,train
47393,train
47394,train
47395,test
47396,train
47398,train
47399,train
47401,train
47402,test
47403,train
47404,train
47405,train
47406,train
47408,train
47409,train
47410,test
47411,train
47412,train
47413,train
47414,train
47415,train
47416,test
47417,train
47418,train
47419,train
47420,train
47421,train
47422,test
47423,test
47424,train
47425,train
47426,test
47427,train
47429,train
47431,train
47432,train
47433,train
47434,train
47435,train
47436,train
47437,test
47438,test
47439,train
47440,train
47441,train
47442,test
47443,train
47444,train
47445,test
47446,train
47448,train
47449,train
47451,train
47452,train
47453,train
47455,test
47456,test
47458,test
47459,train
47460,train
47461,train
47462,train
47463,train
47464,train
47465,train
47466,train
47467,train
47468,train
47469,train
47470,train
47471,test
47472,test
47473,train
47474,train
47476,train
47477,train
47479,test
47480,train
47481,test
47482,train
47483,train
47484,train
47485,train
47486,train
47487,train
47488,test
47489,train
47490,train
47491,train
47492,train
47493,train
47494,train
47495,train
47496,train
47497,train
47498,train
47499,train
47501,test
47503,train
47504,test
47505,train
47506,train
47507,train
47508,train
47510,train
47511,train
47513,test
47514,train
47515,train
47516,train
47517,test
47518,test
47519,train
47520,test
47521,train
47523,train
47524,train
47525,train
47527,train
47528,train
47529,train
47531,train
47532,test
47534,train
47535,train
47536,test
47537,test
47538,train
47539,test
47540,train
47541,train
47542,train
47543,train
47544,test
47545,test
47546,train
47547,train
47548,train
47549,train
47551,train
47553,train
47554,train
47555,train
47556,train
47558,train
47559,train
47560,train
47561,test
47562,train
47565,train
47566,train
47567,train
47568,train
47569,train
47570,test
47571,train
47572,test
47574,test
47576,train
47577,train
47579,train
47581,train
47583,train
47584,train
47586,train
47587,train
47588,train
47589,train
47590,train
47591,test
47592,train
47593,train
47594,train
47595,test
47596,train
47597,train
47598,train
47599,train
47600,train
47601,train
47602,train
47603,train
47604,train
47606,train
47607,train
47608,train
47609,train
47611,train
47612,train
47614,train
47615,test
47616,test
47617,train
47618,train
47619,train
47620,train
47621,train
47622,train
47623,train
47624,test
47625,test
47626,train
47627,train
47628,train
47629,test
47630,train
47631,test
47632,train
47633,test
47634,train
47635,test
47637,train
47638,train
47640,test
47641,train
47642,train
47643,test
47644,train
47645,train
47646,train
47647,train
47648,train
47650,train
47651,train
47652,train
47653,train
47654,test
47655,train
47656,train
47658,train
47659,train
47660,train
47661,train
47662,test
47663,train
47664,train
47665,train
47666,train
47667,train
47668,train
47669,train
47670,train
47671,test
47672,train
47674,train
47675,train
47676,test
47677,train
47678,train
47679,train
47680,train
47682,train
47683,train
47684,train
47685,train
47686,train
47687,train
47688,train
47689,train
47690,train
47691,train
47692,train
47693,train
47694,train
47696,test
47697,train
47699,train
47700,train
47701,train
47703,train
47704,train
47705,train
47706,train
47707,test
47708,test
47709,train
47710,test
47711,train
47713,train
47714,train
47715,train
47716,train
47717,train
47718,train
47719,test
47720,train
47721,train
47722,train
47723,train
47724,test
47726,train
47727,train
47728,train
47729,train
47730,train
47732,train
47733,train
47734,train
47735,train
47736,train
47737,train
47738,train
47739,train
47740,train
47741,train
47742,train
47743,train
47745,train
47746,test
47747,test
47748,train
47749,train
47750,test
47751,train
47752,train
47753,train
47754,test
47755,train
47756,train
47757,test
47758,test
47759,train
47760,train
47761,train
47762,test
47763,train
47764,test
47765,test
47766,train
47767,train
47768,train
47769,test
47771,train
47772,train
47773,train
47774,train
47775,train
47776,train
47777,test
47778,train
47779,train
47780,train
47781,train
47782,train
47783,train
47784,train
47785,test
47786,test
47787,train
47788,train
47789,test
47790,test
47792,test
47795,train
47796,train
47797,train
47798,train
47800,train
47801,train
47802,test
47803,train
47804,test
47805,train
47806,train
47807,train
47808,train
47810,train
47812,test
47813,train
47815,test
47817,train
47818,train
47819,train
47820,train
47821,train
47822,train
47823,train
47824,train
47825,train
47826,test
47827,train
47828,test
47829,train
47830,train
47831,train
47832,train
47833,train
47834,test
47835,train
47837,train
47838,train
47839,train
47840,test
47841,test
47842,train
47843,train
47844,train
47845,test
47846,train
47847,train
47848,train
47849,train
47850,test
47851,train
47852,test
47854,test
47855,train
47856,train
47857,train
47858,train
47859,train
47860,train
47861,train
47862,train
47863,train
47864,train
47865,train
47866,train
47867,train
47868,test
47869,train
47870,train
47871,train
47872,train
47873,train
47874,train
47877,train
47878,train
47879,train
47880,train
47881,train
47882,train
47884,test
47885,train
47886,train
47887,train
47888,test
47889,train
47891,test
47893,train
47894,train
47895,train
47896,train
47897,test
47898,train
47899,train
47900,train
47901,train
47902,train
47904,train
47907,train
47908,train
47909,test
47910,train
47911,train
47912,test
47913,train
47914,train
47915,train
47917,train
47918,train
47919,test
47920,train
47921,test
47922,test
47923,train
47924,train
47925,train
47926,test
47929,test
47930,train
47931,train
47932,train
47933,train
47934,test
47936,train
47937,train
47938,train
47939,test
47940,train
47941,train
47942,test
47944,train
47946,train
47947,test
47948,train
47949,train
47950,train
47952,train
47953,test
47954,test
47955,train
47956,train
47957,test
47958,test
47959,train
47960,train
47961,train
47962,train
47963,train
47965,train
47966,train
47967,test
47968,test
47969,train
47970,train
47971,train
47972,train
47973,test
47974,train
47975,train
47977,train
47978,train
47980,train
47981,train
47982,train
47984,train
47986,train
47987,train
47988,train
47989,train
47990,train
47992,train
47994,train
47996,test
47997,train
47999,train
48000,train
48001,train
48002,train
48003,train
48005,train
48006,train
48007,train
48008,train
48009,train
48010,train
48011,train
48012,train
48014,train
48015,train
48016,test
48017,train
48018,test
48019,train
48021,train
48022,train
48024,train
48025,train
48026,train
48027,train
48028,train
48029,train
48030,test
48032,train
48033,train
48034,train
48036,train
48038,train
48039,test
48040,train
48041,train
48043,train
48044,train
48045,train
48046,test
48047,train
48050,test
48051,train
48052,test
48054,train
48056,train
48057,train
48059,train
48060,train
48061,train
48062,train
48063,train
48064,train
48065,train
48066,train
48067,train
48068,train
48069,test
48070,train
48071,train
48073,train
48074,train
48075,train
48076,test
48077,train
48078,train
48079,train
48081,test
48083,train
48084,train
48085,train
48086,train
48087,train
48088,train
48089,train
48090,train
48091,train
48092,train
48093,train
48095,train
48096,train
48097,test
48098,test
48099,test
48100,train
48101,train
48102,train
48103,train
48104,train
48105,train
48106,train
48107,train
48108,train
48110,train
48111,train
48112,train
48113,test
48114,train
48115,train
48116,test
48117,train
48118,train
48119,train
48120,test
48121,train
48122,test
48123,train
48124,train
48125,train
48126,train
48127,train
48128,train
48129,test
48130,train
48132,train
48134,train
48135,train
48136,train
48138,train
48139,train
48140,test
48141,train
48142,test
48143,train
48144,train
48145,train
48146,train
48147,train
48148,test
48150,train
48151,train
48152,train
48153,train
48154,train
48157,train
48159,train
48160,train
48161,train
48162,test
48163,train
48164,train
48165,test
48166,test
48167,train
48168,test
48170,test
48171,train
48172,train
48173,train
48175,train
48176,train
48177,train
48178,train
48179,train
48180,train
48181,train
48183,train
48184,train
48185,train
48187,train
48189,train
48190,train
48191,train
48192,train
48193,train
48195,train
48196,train
48197,test
48198,train
48199,test
48200,train
48202,train
48203,train
48204,train
48206,train
48207,train
48208,train
48209,train
48210,train
48212,test
48214,train
48216,train
48217,train
48218,train
48219,train
48220,train
48221,train
48223,train
48224,train
48225,train
48227,train
48231,train
48234,test
48235,train
48236,train
48237,train
48238,train
48239,train
48240,train
48241,train
48242,train
48243,train
48245,train
48246,train
48247,train
48248,train
48249,train
48250,test
48251,train
48252,train
48253,train
48254,train
48255,train
48256,train
48257,train
48258,train
48259,test
48260,train
48261,train
48262,train
48263,train
48265,train
48266,train
48267,train
48268,test
48269,train
48270,test
48271,train
48272,train
48274,train
48276,train
48277,test
48279,train
48280,train
48281,train
48282,train
48283,train
48284,test
48286,test
48287,train
48288,train
48289,train
48290,train
48291,train
48293,train
48294,train
48296,train
48297,train
48298,train
48299,train
48300,train
48301,train
48302,train
48303,train
48304,test
48305,train
48306,train
48307,train
48310,train
48311,train
48312,train
48313,train
48314,test
48315,test
48316,train
48317,train
48318,train
48319,train
48321,test
48323,train
48325,test
48326,train
48327,test
48329,train
48330,test
48331,train
48332,train
48333,train
48335,train
48336,train
48337,train
48338,train
48340,train
48341,train
48342,train
48343,train
48344,train
48345,train
48346,train
48348,train
48349,train
48350,train
48351,test
48353,train
48355,train
48356,test
48357,train
48360,train
48361,train
48362,train
48363,train
48364,train
48365,train
48366,train
48368,test
48369,train
48370,train
48371,train
48372,train
48373,train
48374,train
48375,train
48376,train
48377,train
48378,train
48379,train
48380,train
48381,test
48382,train
48384,train
48385,train
48386,train
48387,test
48388,train
48389,train
48390,train
48392,train
48393,train
48394,train
48395,train
48396,train
48397,train
48398,test
48399,test
48400,test
48401,train
48402,train
48403,test
48404,train
48406,test
48407,train
48408,test
48409,train
48411,train
48412,train
48413,train
48414,train
48415,train
48416,train
48417,test
48418,train
48419,train
48421,train
48422,train
48423,train
48424,train
48425,train
48426,test
48427,train
48428,test
48429,train
48430,train
48431,train
48432,train
48435,train
48436,train
48437,test
48438,train
48439,test
48440,train
48441,train
48442,train
48443,train
48444,train
48446,train
48447,train
48449,train
48450,train
48452,train
48453,train
48454,train
48455,train
48456,train
48457,train
48458,train
48460,train
48462,train
48464,train
48465,train
48466,train
48468,train
48469,train
48470,train
48471,train
48472,test
48473,train
48474,train
48475,train
48476,test
48477,train
48478,train
48480,test
48481,train
48482,test
48483,train
48484,train
48485,test
48486,train
48487,train
48488,train
48489,train
48490,train
48491,train
48492,train
48493,test
48496,train
48497,train
48498,train
48499,train
48500,train
48501,train
48502,train
48503,train
48504,train
48505,train
48508,train
48509,test
48510,train
48511,train
48512,train
48514,test
48515,train
48516,train
48517,train
48518,train
48520,train
48521,train
48522,train
48523,train
48525,test
48527,train
48528,train
48529,train
48530,train
48531,train
48533,train
48534,train
48535,train
48536,train
48537,train
48538,train
48539,train
48541,train
48542,train
48543,train
48544,train
48545,train
48546,train
48548,train
48549,train
48552,train
48553,train
48554,train
48555,train
48556,train
48557,test
48558,train
48559,train
48560,train
48561,train
48562,train
48563,train
48564,train
48565,test
48566,train
48567,train
48568,test
48569,test
48570,test
48571,train
48572,test
48573,train
48574,train
48575,train
48576,train
48581,train
48582,test
48583,train
48585,test
48586,train
48587,train
48588,train
48589,train
48592,train
48593,train
48594,train
48595,train
48596,train
48598,train
48599,train
48600,train
48601,train
48602,test
48603,test
48604,train
48605,train
48607,train
48608,train
48609,train
48610,train
48611,train
48612,test
48613,test
48614,test
48615,test
48616,test
48617,train
48619,train
48621,test
48622,train
48623,train
48624,train
48625,train
48626,train
48628,test
48629,train
48630,train
48631,train
48633,test
48634,test
48635,test
48636,train
48637,train
48638,train
48639,train
48640,train
48641,test
48643,train
48644,train
48645,train
48646,train
48647,train
48648,train
48649,train
48651,train
48652,train
48654,train
48656,train
48657,train
48658,train
48659,train
48660,train
48661,train
48662,test
48663,test
48664,train
48665,train
48666,train
48667,train
48668,train
48669,train
48670,test
48671,train
48673,train
48674,train
48675,train
48676,train
48677,train
48678,train
48680,train
48681,test
48682,train
48684,train
48685,train
48686,train
48687,train
48688,train
48689,train
48690,train
48691,train
48693,train
48694,test
48695,train
48696,train
48697,train
48698,test
48700,train
48701,test
48702,train
48703,train
48705,test
48706,train
48707,train
48708,train
48709,train
48710,test
48711,train
48712,train
48713,train
48714,train
48715,train
48716,train
48717,train
48719,train
48720,train
48722,test
48723,train
48724,train
48725,train
48726,test
48727,train
48728,test
48730,train
48731,train
48733,train
48734,train
48735,train
48736,test
48737,train
48738,train
48739,train
48740,train
48741,train
48742,train
48743,train
48744,train
48745,train
48746,train
48747,train
48748,train
48749,train
48750,train
48751,train
48752,train
48755,train
48756,train
48757,train
48760,test
48761,train
48762,train
48763,test
48764,train
48765,train
48766,test
48769,train
48770,train
48771,test
48772,train
48773,test
48774,train
48775,train
48776,test
48777,train
48779,train
48781,train
48782,test
48783,train
48784,train
48785,train
48786,train
48787,train
48788,test
48789,train
48790,train
48791,test
48793,train
48794,train
48795,train
48797,train
48798,train
48800,test
48801,train
48802,train
48803,test
48804,train
48805,train
48806,test
48807,test
48808,test
48809,train
48810,train
48811,train
48812,train
48813,train
48814,train
48815,train
48816,train
48818,train
48819,train
48820,test
48821,train
48822,train
48823,train
48824,train
48825,train
48826,train
48828,train
48829,train
48831,train
48832,train
48833,train
48834,test
48836,train
48838,train
48839,train
48840,train
48841,train
48842,train
48843,test
48844,train
48845,train
48846,train
48847,train
48848,train
48849,train
48851,test
48852,train
48853,train
48854,train
48855,test
48856,train
48857,train
48858,train
48859,test
48860,train
48861,train
48862,train
48864,test
48865,train
48867,test
48868,train
48869,train
48870,test
48871,train
48873,train
48874,train
48875,train
48876,train
48877,train
48878,train
48879,train
48881,train
48883,train
48884,train
48885,train
48886,train
48887,train
48888,train
48889,train
48890,train
48891,train
48892,train
48893,train
48894,train
48895,train
48896,train
48897,test
48898,train
48899,train
48900,test
48901,train
48902,test
48904,train
48905,train
48906,train
48907,test
48908,train
48909,test
48910,train
48911,train
48912,train
48913,test
48915,train
48916,train
48917,train
48918,train
48919,test
48920,train
48921,train
48923,train
48924,train
48925,train
48926,train
48927,train
48928,test
48929,train
48930,test
48931,train
48932,train
48933,test
48934,train
48937,test
48938,train
48939,train
48940,test
48941,train
48943,train
48944,train
48945,test
48946,train
48947,test
48948,train
48949,train
48951,train
48952,train
48953,train
48954,train
48955,train
48956,train
48957,train
48958,train
48959,train
48960,train
48962,train
48963,train
48964,train
48965,train
48966,test
48967,train
48968,train
48969,train
48970,test
48971,train
48973,train
48974,train
48975,train
48976,train
48977,train
48978,train
48979,train
48980,train
48981,train
48983,train
48984,train
48985,test
48986,train
48987,train
48988,train
48989,test
48990,train
48991,train
48992,test
48993,test
48995,train
48996,train
48997,train
48998,train
48999,train
49000,train
49001,train
49002,train
49003,train
49005,train
49006,test
49008,train
49009,test
49010,train
49011,train
49012,train
49013,test
49014,train
49016,train
49017,train
49018,train
49019,train
49020,train
49021,train
49022,train
49023,train
49024,train
49025,train
49026,train
49027,train
49028,train
49029,train
49031,train
49032,train
49033,test
49034,train
49035,train
49036,train
49037,train
49038,train
49040,train
49041,train
49042,train
49043,train
49045,train
49046,train
49047,train
49048,test
49049,train
49050,train
49051,train
49053,test
49054,train
49055,train
49056,train
49057,train
49058,train
49059,train
49060,train
49061,test
49062,train
49063,train
49064,train
49065,train
49066,train
49067,train
49068,train
49069,test
49070,train
49071,train
49072,train
49073,train
49074,train
49075,train
49076,test
49077,train
49078,train
49079,test
49080,train
49081,train
49082,train
49083,train
49085,train
49086,train
49087,train
49088,train
49089,test
49090,train
49091,train
49093,train
49094,train
49095,train
49096,train
49097,test
49098,train
49099,train
49101,train
49102,test
49103,train
49104,train
49105,train
49108,train
49109,train
49110,train
49111,train
49112,train
49113,train
49114,train
49115,train
49116,train
49117,train
49118,test
49119,train
49120,test
49121,train
49122,train
49124,train
49125,train
49127,train
49128,train
49129,train
49130,train
49131,train
49132,train
49133,train
49134,test
49135,test
49136,train
49137,train
49138,test
49139,train
49140,train
49141,train
49142,train
49143,train
49145,train
49146,train
49147,train
49148,train
49149,train
49150,train
49151,train
49152,train
49153,train
49155,train
49156,train
49157,train
49158,train
49159,train
49160,train
49162,train
49163,train
49164,train
49166,train
49167,train
49168,train
49169,train
49170,train
49171,train
49172,train
49173,train
49174,test
49175,train
49176,train
49178,train
49179,train
49180,train
49181,train
49182,train
49184,train
49185,train
49189,train
49190,test
49192,test
49193,train
49195,train
49196,train
49197,train
49198,train
49199,train
49200,test
49201,train
49202,test
49203,train
49204,train
49205,train
49206,test
49207,train
49208,test
49209,train
49210,train
49211,train
49212,train
49213,train
49214,train
49215,train
49216,train
49217,train
49218,train
49219,test
49220,train
49221,train
49222,train
49223,test
49225,train
49226,train
49227,train
49228,train
49229,train
49230,train
49231,train
49233,train
49234,test
49235,train
49236,test
49237,test
49238,train
49240,train
49241,train
49242,train
49243,train
49244,train
49245,test
49247,train
49248,train
49249,train
49251,test
49252,test
49253,train
49254,test
49255,test
49256,train
49257,train
49258,train
49259,train
49260,train
49261,train
49262,train
49264,train
49266,train
49267,train
49268,test
49269,train
49270,train
49271,train
49272,test
49275,train
49276,test
49277,train
49278,train
49279,train
49280,train
49281,train
49282,train
49284,test
49285,test
49286,train
49287,train
49288,train
49291,test
49292,train
49293,train
49294,train
49295,train
49296,train
49297,train
49298,test
49299,train
49300,train
49301,train
49302,train
49303,train
49304,train
49305,train
49306,train
49307,train
49308,train
49309,train
49310,train
49311,train
49312,train
49313,train
49314,train
49315,train
49316,train
49317,train
49318,train
49319,train
49321,train
49322,train
49323,train
49324,train
49325,train
49327,test
49328,train
49329,train
49330,train
49331,train
49332,train
49333,test
49334,train
49335,train
49336,train
49337,train
49338,train
49339,train
49340,train
49341,train
49342,test
49343,train
49344,train
49345,train
49346,train
49347,train
49348,train
49349,train
49350,train
49351,train
49352,train
49353,test
49354,test
49356,train
49357,train
49358,train
49360,test
49361,train
49362,train
49363,train
49364,test
49365,test
49366,test
49367,test
49369,test
49370,train
49371,train
49372,train
49373,train
49374,train
49375,train
49376,test
49378,train
49379,train
49380,train
49381,test
49382,test
49383,train
49385,test
49386,train
49387,train
49389,train
49390,train
49391,test
49392,train
49393,train
49394,train
49395,train
49396,train
49397,train
49398,train
49399,test
49400,train
49402,train
49403,train
49404,test
49405,train
49406,test
49407,train
49408,test
49409,test
49410,train
49411,train
49412,train
49413,train
49414,train
49415,test
49416,train
49417,train
49418,train
49419,test
49420,test
49422,train
49423,test
49425,test
49426,test
49427,train
49428,train
49431,train
49432,train
49433,train
49434,test
49435,train
49436,test
49437,train
49438,train
49439,train
49440,train
49441,test
49442,test
49444,train
49445,train
49446,train
49448,train
49449,train
49450,train
49451,train
49452,train
49453,test
49456,train
49457,train
49458,train
49459,train
49460,test
49461,test
49462,train
49463,train
49464,train
49465,train
49466,train
49467,train
49468,train
49469,train
49471,train
49472,train
49473,train
49475,train
49476,train
49477,train
49478,train
49479,train
49480,test
49481,train
49482,train
49484,train
49486,test
49487,test
49488,train
49489,train
49490,train
49491,train
49492,train
49493,test
49494,test
49495,train
49496,train
49498,train
49499,train
49500,train
49501,train
49502,train
49503,train
49504,train
49505,train
49506,test
49507,train
49508,test
49509,train
49510,train
49511,test
49512,train
49513,train
49514,train
49515,train
49516,train
49517,train
49518,train
49519,train
49521,train
49522,train
49524,train
49525,test
49526,train
49527,train
49528,train
49530,train
49531,train
49532,train
49533,train
49534,train
49535,train
49536,train
49538,train
49540,train
49541,test
49542,train
49543,test
49544,train
49545,train
49546,train
49547,train
49548,train
49549,test
49550,train
49551,test
49552,train
49553,train
49554,train
49555,train
49556,train
49557,train
49558,train
49559,train
49560,train
49561,train
49562,train
49563,test
49564,train
49565,train
49567,train
49568,train
49569,train
49570,train
49571,test
49573,train
49574,train
49575,train
49576,train
49577,test
49578,train
49580,train
49581,test
49582,train
49584,test
49585,test
49586,test
49587,train
49589,test
49590,train
49591,train
49592,test
49593,train
49594,train
49595,train
49596,test
49597,train
49598,train
49600,train
49601,train
49602,train
49603,train
49604,train
49605,train
49606,train
49608,train
49609,train
49611,train
49612,train
49613,train
49614,train
49615,train
49616,train
49617,test
49619,train
49620,test
49622,train
49623,train
49624,test
49625,test
49626,train
49627,train
49630,train
49631,train
49632,train
49634,train
49635,train
49636,train
49637,train
49638,train
49639,test
49641,train
49642,train
49643,train
49644,train
49645,train
49646,train
49647,test
49648,train
49649,test
49650,test
49651,train
49653,train
49654,train
49655,train
49656,train
49657,train
49658,train
49659,train
49661,train
49662,train
49663,test
49664,train
49665,test
49666,train
49667,train
49669,train
49670,test
49671,train
49672,train
49674,train
49675,train
49676,train
49677,train
49678,test
49679,test
49680,train
49681,train
49682,train
49683,train
49685,train
49686,train
49687,train
49688,train
49689,train
49690,train
49691,train
49692,train
49693,train
49694,train
49695,train
49696,train
49697,train
49698,train
49699,train
49700,test
49702,train
49703,test
49704,train
49705,train
49706,train
49707,train
49708,test
49709,train
49710,train
49711,train
49712,train
49713,train
49714,test
49715,train
49716,train
49717,test
49718,train
49719,train
49720,train
49721,train
49722,train
49723,train
49724,train
49725,train
49726,train
49727,test
49728,train
49729,train
49731,test
49732,train
49733,train
49734,train
49735,test
49736,train
49737,test
49738,train
49739,train
49740,train
49741,train
49742,test
49743,train
49744,test
49746,test
49747,test
49748,train
49749,train
49750,train
49751,test
49753,train
49754,train
49755,test
49756,train
49757,train
49758,train
49760,train
49762,train
49763,train
49765,train
49766,test
49768,train
49769,test
49771,train
49772,train
49773,train
49775,test
49776,train
49777,train
49779,train
49780,train
49781,train
49782,train
49784,train
49785,train
49786,train
49788,train
49789,test
49790,train
49792,train
49793,train
49794,train
49795,train
49796,train
49798,train
49799,train
49800,train
49801,train
49802,train
49803,train
49804,train
49805,train
49806,train
49808,test
49809,train
49810,train
49811,train
49812,test
49813,train
49815,train
49816,train
49817,train
49818,test
49819,train
49820,test
49821,train
49822,train
49824,train
49827,test
49828,test
49830,test
49831,train
49832,train
49833,train
49834,train
49835,train
49836,train
49837,train
49838,train
49839,train
49841,train
49843,test
49845,test
49847,train
49848,train
49849,train
49850,train
49851,train
49852,test
49853,train
49854,test
49855,train
49856,train
49857,train
49860,test
49861,train
49862,train
49864,test
49865,train
49866,test
49867,train
49868,train
49869,train
49870,test
49871,test
49872,train
49873,train
49874,train
49875,train
49876,train
49877,train
49878,train
49879,train
49880,train
49881,test
49882,test
49883,test
49884,train
49885,train
49886,train
49887,test
49888,train
49889,test
49890,train
49891,test
49892,test
49893,train
49894,train
49895,test
49896,train
49897,test
49898,train
49899,train
49900,train
49901,train
49902,train
49903,train
49904,test
49905,test
49906,train
49907,train
49908,train
49909,train
49910,test
49911,train
49912,train
49913,train
49914,test
49915,test
49916,train
49917,train
49918,test
49919,train
49920,train
49921,train
49922,train
49923,test
49924,test
49925,train
49926,test
49927,train
49928,train
49929,train
49930,train
49931,test
49932,train
49933,train
49934,train
49935,train
49936,train
49937,train
49938,test
49939,test
49940,test
49941,test
49942,train
49943,train
49944,train
49945,train
49946,train
49947,test
49948,train
49949,train
49950,train
49951,train
49952,test
49953,train
49954,test
49955,train
49956,train
49957,test
49958,train
49959,train
49960,train
49961,train
49962,train
49963,test
49964,train
49965,test
49966,train
49967,test
49968,train
49969,train
49970,train
49971,train
49972,train
49973,train
49974,train
49975,test
49976,train
49977,train
49978,test
49979,train
49980,train
49981,train
49982,train
49983,test
49984,test
49985,train
49986,train
49987,train
49988,train
49989,train
49990,train
49991,train
49992,train
49993,train
49994,train
49995,train
49996,train
49997,train
49998,train
49999,test
50000,test
50001,test
50002,train
50003,test
50004,train
50005,train
50006,test
50007,train
50008,test
50009,train
50010,train
50011,train
50012,train
50013,train
50014,test
50015,train
50016,test
50017,train
50018,train
50019,train
50020,train
50021,test
50022,train
50023,train
50024,train
50025,train
50026,test
50027,train
50028,test
50029,train
50030,train
50031,train
50032,train
50033,train
50034,train
50035,test
50036,test
50037,test
50038,train
50039,train
50040,train
50041,train
50042,train
50043,train
50044,test
50045,train
50046,test
50047,train
50048,train
50049,train
50050,train
50051,train
50052,train
50053,test
50054,train
50055,train
50056,train
50057,train
50058,train
50059,train
50060,train
50061,train
50062,train
50063,train
50064,train
50065,test
50066,train
50067,train
50068,train
50069,train
50070,test
50071,test
50072,test
50073,test
50074,train
50075,test
50076,test
50077,train
50078,train
50079,test
50080,train
50081,train
50082,train
50083,train
50084,train
50085,train
50086,train
50087,test
50088,train
50089,train
50090,train
50091,test
50092,test
50093,train
50094,train
50095,train
50096,test
50097,train
50098,test
50099,train
50100,test
50101,test
50102,train
50103,train
50104,train
50105,train
50106,test
50107,train
50108,train
50109,train
50110,train
50111,train
50112,train
50113,train
50114,train
50115,train
50116,test
50117,train
50118,train
50119,test
50120,train
50121,train
50122,train
50123,train
50124,train
50125,train
50126,train
50127,test
50128,test
50129,train
50130,train
50131,train
50132,test
50133,train
50134,train
50135,train
50136,train
50137,train
50138,test
50139,test
50140,test
50141,train
50142,train
50143,train
50144,test
50145,test
50146,train
50147,train
50148,train
50149,train
50150,train
50151,train
50152,train
50153,test
50154,train
50155,train
50156,train
50157,train
50158,test
50159,train
50160,train
50161,train
50162,train
50163,train
50164,test
50165,train
50166,train
50167,test
50168,test
50169,train
50170,test
50171,train
50172,train
50173,train
50174,train
50175,train
50176,train
50177,train
50178,test
50179,train
50180,train
50181,train
50182,train
50183,train
50184,train
50185,train
50186,train
50187,train
50188,train
50189,train
50190,test
50191,train
50192,test
50193,train
50194,train
50195,train
50196,train
50197,train
50198,train
50199,test
50200,train
50201,test
50202,train
50203,train
50204,train
50205,train
50206,test
50207,train
50208,train
50209,train
50210,test
50211,train
50212,train
50213,train
50214,test
50215,train
50216,train
50217,train
50218,train
50219,train
50220,train
50221,train
50222,train
50223,train
50224,train
50225,test
50226,train
50227,train
50228,train
50229,train
50230,train
50231,train
50232,train
50233,train
50234,test
50235,train
50236,train
50237,train
50238,train
50239,train
50240,train
50241,train
50242,train
50243,train
50244,train
50245,train
50246,train
50247,train
50248,train
50249,train
50250,train
50251,train
50252,test
50253,train
50254,test
50255,train
50256,train
50257,train
50258,train
50259,train
50260,train
50261,train
50262,train
50263,train
50264,train
50265,train
50266,train
50267,test
50268,train
50269,train
50270,train
50271,train
50272,train
50273,test
50274,test
50275,test
50276,train
50277,train
50278,train
50279,test
50280,train
50281,train
50282,train
50283,test
50284,train
50285,train
50286,train
50287,train
50288,train
50289,train
50290,train
50291,test
50292,train
50293,train
50294,train
50295,train
50296,test
50297,train
50298,test
50299,train
50300,train
50301,train
50302,train
50303,train
50304,train
50305,train
50306,train
50307,train
50308,train
50309,train
50310,train
50311,train
50312,train
50313,test
50314,test
50315,train
50316,train
50317,train
50318,test
50319,train
50320,train
50321,train
50322,train
50323,train
50324,train
50325,test
50326,train
50327,train
50328,train
50329,test
50330,train
50331,train
50332,test
50333,train
50334,test
50335,train
50336,train
50337,train
50338,train
50339,train
50340,train
50341,train
50342,test
50343,train
50344,train
50345,train
50346,train
50347,test
50348,train
50349,test
50350,train
50351,train
50352,test
50353,test
50354,test
50355,train
50356,train
50357,train
50358,train
50359,train
50360,train
50361,train
50362,train
50363,train
50364,train
50365,train
50366,train
50367,train
50368,test
50369,test
50370,train
50371,test
50372,train
50373,train
50374,test
50375,train
50376,train
50377,train
50378,train
50379,train
50380,train
50381,train
50382,train
50383,train
50384,train
50385,train
50386,train
50387,train
50388,test
50389,train
50390,train
50391,train
50392,train
50393,train
50394,train
50395,train
50396,train
50397,test
50398,train
50399,train
50400,test
50401,test
50402,train
50403,train
50404,train
50405,test
50406,test
50407,train
50408,train
50409,test
50410,train
50411,train
50412,train
50413,test
50414,train
50415,test
50416,train
50417,train
50418,test
50419,train
50420,train
50421,train
50422,train
50423,train
50424,test
50425,test
50426,test
50427,train
50428,test
50429,test
50430,test
50431,train
50432,train
50433,train
50434,test
50435,test
50436,train
50437,train
50438,train
50439,test
50440,train
50441,train
50442,train
50443,train
50444,train
50445,train
50446,train
50447,train
50448,train
50449,train
50450,train
50451,train
50452,train
50453,train
50454,train
50455,train
50456,test
50457,train
50458,train
50459,train
50460,test
50461,train
50462,train
50463,test
50464,train
50465,train
50466,test
50467,train
50468,train
50469,train
50470,train
50471,test
50472,train
50473,train
50474,train
50475,train
50476,test
50477,train
50478,train
50479,train
50480,test
50481,train
50482,train
50483,train
50484,train
50485,train
50486,train
50487,train
50488,train
50489,train
50490,test
50491,train
50492,train
50493,train
50494,train
50495,train
50496,train
50497,test
50498,train
50499,train
50500,train
50501,train
50502,train
50503,train
50504,test
50505,train
50506,train
50507,train
50508,train
50509,train
50510,train
50511,train
50512,train
50513,train
50514,train
50515,train
50516,train
50517,train
50518,test
50519,train
50520,train
50521,train
50522,train
50523,test
50524,train
50525,train
50526,test
50527,train
50528,train
50529,test
50530,train
50531,train
50532,train
50533,train
50534,train
50535,test
50536,train
50537,train
50538,train
50539,test
50540,train
50541,test
50542,train
50543,train
50544,test
50545,train
50546,train
50547,train
50548,train
50549,train
50550,train
50551,train
50552,train
50553,train
50554,train
50555,train
50556,train
50557,train
50558,test
50559,train
50560,train
50561,train
50562,train
50563,train
50564,test
50565,test
50566,test
50567,train
50568,train
50569,train
50570,train
50571,test
50572,train
50573,train
50574,test
50575,train
50576,train
50577,train
50578,train
50579,train
50580,train
50581,test
50582,train
50583,train
50584,train
50585,train
50586,train
50587,train
50588,train
50589,train
50590,train
50591,train
50592,train
50593,train
50594,train
50595,train
50596,train
50597,train
50598,train
50599,train
50600,train
50601,train
50602,train
50603,train
50604,train
50605,test
50606,test
50607,train
50608,test
50609,train
50610,train
50611,train
50612,train
50613,train
50614,test
50615,train
50616,train
50617,train
50618,train
50619,train
50620,train
50621,train
50622,train
50623,train
50624,test
50625,train
50626,train
50627,train
50628,test
50629,train
50630,train
50631,train
50632,train
50633,train
50634,train
50635,test
50636,train
50637,train
50638,train
50639,train
50640,train
50641,train
50642,train
50643,train
50644,train
50645,train
50646,train
50647,train
50648,train
50649,train
50650,test
50651,train
50652,train
50653,train
50654,train
50655,train
50656,train
50657,train
50658,test
50659,train
50660,test
50661,train
50662,train
50663,train
50664,train
50665,test
50666,test
50667,test
50668,train
50669,train
50670,train
50671,train
50672,train
50673,train
50674,train
50675,test
50676,train
50677,train
50678,test
50679,test
50680,train
50681,train
50682,train
50683,train
50684,test
50685,train
50686,train
50687,train
50688,train
50689,train
50690,train
50691,train
50692,train
50693,train
50694,train
50695,train
50696,train
50697,train
50698,train
50699,test
50700,train
50701,train
50702,train
50703,train
50704,train
50705,test
50706,train
50707,test
50708,train
50709,train
50710,train
50711,test
50712,train
50713,train
50714,test
50715,train
50716,train
50717,train
50718,train
50719,train
50720,train
50721,test
50722,train
50723,test
50724,train
50725,train
50726,train
50727,train
50728,train
50729,test
50730,train
50731,train
50732,train
50733,train
50734,train
50735,train
50736,train
50737,train
50738,test
50739,train
50740,train
50741,train
50742,train
50743,test
50744,test
50745,test
50746,test
50747,test
50748,train
50749,train
50750,train
50751,train
50752,train
50753,test
50754,train
50755,test
50756,train
50757,train
50758,train
50759,train
50760,train
50761,train
50762,train
50763,train
50764,test
50765,train
50766,train
50767,train
50768,train
50769,train
50770,train
50771,train
50772,train
50773,train
50774,train
50775,train
50776,train
50777,train
50778,train
50779,test
50780,train
50781,train
50782,train
50783,train
50784,train
50785,train
50786,train
50787,train
50788,train
50789,test
50790,train
50791,train
50792,train
50793,train
50794,train
50795,test
50796,train
50797,test
50798,train
50799,train
50800,test
50801,train
50802,train
50803,train
50804,train
50805,train
50806,test
50807,train
50808,test
50809,train
50810,train
50811,train
50812,train
50813,test
50814,train
50815,train
50816,train
50817,test
50818,train
50819,test
50820,train
50821,train
50822,train
50823,train
50824,train
50825,train
50826,train
50827,train
50828,train
50829,train
50830,train
50831,train
50832,test
50833,train
50834,train
50835,test
50836,train
50837,train
50838,test
50839,test
50840,train
50841,train
50842,train
50843,train
50844,train
50845,test
50846,train
50847,train
50848,train
50849,train
50850,train
50851,train
50852,train
50853,train
50854,test
50855,train
50856,train
50857,train
50858,train
50859,train
50860,train
50861,train
50862,train
50863,train
50864,train
50865,train
50866,train
50867,train
50868,train
50869,train
50870,train
50871,train
50872,train
50873,train
50874,train
50875,train
50876,train
50877,train
50878,train
50879,train
50880,train
50881,test
50882,train
50883,test
50884,train
50885,train
50886,train
50887,train
50888,train
50889,train
50890,train
50891,train
50892,train
50893,train
50894,train
50895,train
50896,train
50897,train
50898,train
50899,train
50900,test
50901,train
50902,test
50903,test
50904,train
50905,train
50906,train
50907,train
50908,train
50909,train
50910,train
50911,train
50912,train
50913,train
50914,train
50915,train
50916,train
50917,test
50918,train
50919,train
50920,train
50921,train
50922,test
50923,test
50924,test
50925,train
50926,train
50927,train
50928,train
50929,train
50930,train
50931,test
50932,train
50933,train
50934,train
50935,train
50936,test
50937,train
50938,train
50939,train
50940,train
50941,train
50942,train
50943,train
50944,train
50945,train
50946,train
50947,train
50948,train
50949,train
50950,test
50951,test
50952,test
50953,train
50954,train
50955,test
50956,train
50957,train
50958,train
50959,train
50960,train
50961,train
50962,train
50963,train
50964,train
50965,test
50966,train
50967,test
50968,train
50969,train
50970,train
50971,train
50972,train
50973,test
50974,train
50975,train
50976,train
50977,test
50978,train
50979,train
50980,test
50981,train
50982,test
50983,train
50984,train
50985,test
50986,test
50987,train
50988,train
50989,train
50990,train
50991,train
50992,test
50993,train
50994,test
50995,test
50996,train
50997,train
50998,test
50999,train
51000,test
51001,train
51002,train
51003,train
51004,train
51005,train
51006,train
51007,train
51008,train
51009,train
51010,train
51011,train
51012,train
51013,train
51014,train
51015,train
51016,train
51017,train
51018,train
51019,train
51020,test
51021,train
51022,train
51023,train
51024,train
51025,train
51026,train
51027,train
51028,train
51029,train
51030,train
51031,train
51032,train
51033,test
51034,train
51035,train
51036,train
51037,train
51038,train
51039,train
51040,train
51041,train
51042,train
51043,train
51044,train
51045,train
51046,test
51047,train
51048,train
51049,test
51050,train
51051,train
51052,train
51053,test
51054,test
51055,train
51056,train
51057,train
51058,train
51059,train
51060,train
51061,train
51062,train
51063,train
51064,test
51065,train
51066,train
51067,train
51068,train
51069,test
51070,train
51071,test
51072,test
51073,train
51074,test
51075,test
51076,test
51077,train
51078,train
51079,train
51080,train
51081,train
51082,train
51083,train
51084,test
51085,train
51086,train
51087,train
51088,train
51089,train
51090,test
51091,train
51092,train
51093,train
51094,train
51095,train
51096,train
51097,train
51098,test
51099,train
51100,train
51101,train
51102,train
51103,train
51104,train
51105,train
51106,test
51107,test
51108,train
51109,train
51110,train
51111,train
51112,train
51113,train
51114,train
51115,test
51116,train
51117,train
51118,test
51119,train
51120,train
51121,train
51122,train
51123,train
51124,test
51125,train
51126,train
51127,train
51128,train
51129,train
51130,train
51131,train
51132,train
51133,train
51134,train
51135,train
51136,test
51137,train
51138,train
51139,train
51140,train
51141,train
51142,train
51143,train
51144,train
51145,train
51146,train
51147,train
51148,train
51149,test
51150,test
51151,test
51152,train
51153,train
51154,train
51155,test
51156,test
51157,test
51158,train
51159,train
51160,test
51161,test
51162,train
51163,test
51164,train
51165,train
51166,train
51167,train
51168,train
51169,train
51170,train
51171,test
51172,train
51173,train
51174,train
51175,train
51176,train
51177,train
51178,train
51179,train
51180,train
51181,train
51182,train
51183,train
51184,train
51185,train
51186,train
51187,train
51188,train
51189,test
51190,train
51191,train
51192,train
51193,train
51194,train
51195,train
51196,train
51197,train
51198,train
51199,train
51200,train
51201,train
51202,train
51203,test
51204,train
51205,train
51206,train
51207,train
51208,train
51209,train
51210,train
51211,test
51212,test
51213,train
51214,train
51215,train
51216,train
51217,test
51218,train
51219,train
51220,train
51221,train
51222,train
51223,train
51224,train
51225,test
51226,test
51227,train
51228,train
51229,train
51230,test
51231,train
51232,train
51233,train
51234,test
51235,test
51236,test
51237,train
51238,train
51239,test
51240,train
51241,train
51242,train
51243,train
51244,train
51245,test
51246,train
51247,train
51248,test
51249,train
51250,train
51251,train
51252,test
51253,train
51254,train
51255,train
51256,train
51257,test
51258,test
51259,test
51260,train
51261,train
51262,train
51263,train
51264,train
51265,train
51266,train
51267,train
51268,train
51269,train
51270,train
51271,test
51272,train
51273,train
51274,train
51275,train
51276,train
51277,train
51278,train
51279,test
51280,train
51281,train
51282,train
51283,train
51284,train
51285,train
51286,train
51287,train
51288,train
51289,test
51290,train
51291,train
51292,test
51293,train
51294,train
51295,train
51296,train
51297,train
51298,train
51299,test
51300,test
51301,train
51302,test
51303,train
51304,train
51305,train
51306,train
51307,train
51308,train
51309,train
51310,test
51311,train
51312,train
51313,train
51314,train
51315,train
51316,train
51317,train
51318,train
51319,train
51320,test
51321,train
51322,test
51323,test
51324,test
51325,train
51326,train
51327,train
51328,train
51329,train
51330,train
51331,train
51332,train
51333,train
51334,train
51335,train
51336,train
51337,train
51338,train
51339,train
51340,test
51341,train
51342,train
51343,train
51344,test
51345,train
51346,train
51347,train
51348,train
51349,train
51350,train
51351,train
51352,train
51353,train
51354,train
51355,test
51356,test
51357,train
51358,test
51359,train
51360,test
51361,train
51362,train
51363,train
51364,test
51365,train
51366,train
51367,train
51368,train
51369,train
51370,train
51371,train
51372,train
51373,test
51374,train
51375,train
51376,train
51377,train
51378,train
51379,train
51380,test
51381,test
51382,train
51383,test
51384,test
51385,train
51386,train
51387,train
51388,train
51389,test
51390,test
51391,train
51392,train
51393,test
51394,train
51395,train
51396,train
51397,train
51398,train
51399,test
51400,train
51401,train
51402,train
51403,train
51404,train
51405,train
51406,train
51407,train
51408,train
51409,train
51410,test
51411,train
51412,train
51413,train
51414,train
51415,test
51416,train
51417,train
51418,train
51419,train
51420,train
51421,train
51422,train
51423,train
51424,train
51425,train
51426,train
51427,train
51428,test
51429,test
51430,train
51431,train
51432,test
51433,train
51434,test
51435,train
51436,train
51437,train
51438,train
51439,train
51440,train
51441,train
51442,test
51443,train
51444,train
51445,train
51446,test
51447,train
51448,test
51449,train
51450,train
51451,train
51452,train
51453,train
51454,train
51455,train
51456,train
51457,train
51458,test
51459,train
51460,train
51461,train
51462,train
51463,train
51464,test
51465,test
51466,train
51467,test
51468,train
51469,train
51470,train
51471,train
51472,train
51473,train
51474,train
51475,train
51476,train
51477,train
51478,train
51479,train
51480,test
51481,train
51482,train
51483,train
51484,train
51485,train
51486,train
51487,test
51488,train
51489,train
51490,train
51491,train
51492,test
51493,train
51494,train
51495,train
51496,train
51497,train
51498,train
51499,train
51500,train
51501,train
51502,train
51503,train
51504,test
51505,train
51506,train
51507,train
51508,train
51509,train
51510,train
51511,test
51512,train
51513,test
51514,train
51515,train
51516,train
51517,train
51518,test
51519,test
51520,train
51521,train
51522,train
51523,train
51524,train
51525,train
51526,train
51527,train
51528,train
51529,train
51530,train
51531,train
51532,train
51533,train
51534,train
51535,train
51536,train
51537,train
51538,train
51539,train
51540,train
51541,train
51542,test
51543,train
51544,train
51545,train
51546,train
51547,train
51548,train
51549,test
51550,train
51551,train
51552,train
51553,test
51554,train
51555,train
51556,train
51557,train
51558,train
51559,test
51560,train
51561,train
51562,train
51563,train
51564,train
51565,train
51566,test
51567,train
51568,train
51569,train
51570,train
51571,train
51572,train
51573,test
51574,train
51575,test
51576,train
51577,train
51578,train
51579,train
51580,train
51581,test
51582,train
51583,train
51584,train
51585,train
51586,train
51587,train
51588,train
51589,train
51590,test
51591,train
51592,test
51593,test
51594,train
51595,train
51596,train
51597,test
51598,test
51599,train
51600,train
51601,train
51602,train
51603,train
51604,train
51605,test
51606,train
51607,train
51608,train
51609,train
51610,train
51611,train
51612,test
51613,train
51614,train
51615,test
51616,train
51617,test
51618,train
51619,train
51620,train
51621,test
51622,train
51623,train
51624,test
51625,train
51626,train
51627,train
51628,train
51629,train
51630,train
51631,train
51632,test
51633,train
51634,train
51635,train
51636,test
51637,train
51638,train
51639,test
51640,test
51641,train
51642,train
51643,train
51644,train
51645,train
51646,train
51647,train
51648,train
51649,test
51650,test
51651,train
51652,train
51653,test
51654,train
51655,train
51656,train
51657,train
51658,test
51659,train
51660,train
51661,train
51662,test
51663,train
51664,train
51665,test
51666,train
51667,test
51668,train
51669,train
51670,train
51671,train
51672,train
51673,train
51674,train
51675,train
51676,train
51677,test
51678,train
51679,test
51680,test
51681,train
51682,train
51683,train
51684,test
51685,train
51686,test
51687,train
51688,train
51689,train
51690,train
51691,train
51692,train
51693,train
51694,train
51695,train
51696,train
51697,train
51698,test
51699,train
51700,train
51701,train
51702,train
51703,test
51704,train
51705,train
51706,train
51707,train
51708,test
51709,train
51710,train
51711,train
51712,train
51713,train
51714,train
51715,test
51716,train
51717,train
51718,train
51719,train
51720,train
51721,test
51722,train
51723,train
51724,train
51725,train
51726,train
51727,train
51728,train
51729,train
51730,train
51731,train
51732,train
51733,train
51734,train
51735,train
51736,train
51737,train
51738,test
51739,train
51740,train
51741,train
51742,test
51743,test
51744,test
51745,train
51746,train
51747,train
51748,test
51749,test
51750,train
51751,train
51752,train
51753,train
51754,train
51755,train
51756,train
51757,train
51758,test
51759,test
51760,test
51761,test
51762,train
51763,train
51764,test
51765,train
51766,train
51767,train
51768,test
51769,test
51770,train
51771,test
51772,train
51773,train
51774,train
51775,train
51776,train
51777,train
51778,test
51779,test
51780,train
51781,test
51782,train
51783,train
51784,test
51785,train
51786,train
51787,train
51788,train
51789,test
51790,train
51791,train
51792,train
51793,train
51794,train
51795,train
51796,train
51797,test
51798,test
51799,train
51800,train
51801,train
51802,train
51803,train
51804,train
51805,test
51806,train
51807,train
51808,train
51809,test
51810,train
51811,train
51812,train
51813,train
51814,train
51815,train
51816,train
51817,train
51818,train
51819,test
51820,train
51821,train
51822,train
51823,train
51824,train
51825,train
51826,train
51827,train
51828,train
51829,train
51830,train
51831,train
51832,train
51833,train
51834,test
51835,train
51836,test
51837,train
51838,train
51839,train
51840,train
51841,train
51842,train
51843,train
51844,train
51845,train
51846,train
51847,train
51848,train
51849,train
51850,train
51851,test
51852,train
51853,test
51854,train
51855,train
51856,train
51857,train
51858,train
51859,train
51860,train
51861,train
51862,train
51863,train
51864,train
51865,train
51866,test
51867,test
51868,train
51869,test
51870,train
51871,train
51872,train
51873,train
51874,train
51875,train
51876,train
51877,test
51878,test
51879,train
51880,train
51881,train
51882,train
51883,train
51884,train
51885,test
51886,train
51887,train
51888,train
51889,train
51890,train
51891,test
51892,train
51893,test
51894,test
51895,test
51896,train
51897,train
51898,train
51899,test
51900,train
51901,train
51902,train
51903,train
51904,test
51905,train
51906,train
51907,train
51908,train
51909,train
51910,train
51911,test
51912,train
51913,train
51914,test
51915,test
51916,test
51917,test
51918,train
51919,train
51920,train
51921,test
51922,train
51923,train
51924,train
51925,test
51926,train
51927,train
51928,train
51929,test
51930,test
51931,train
51932,train
51933,test
51934,train
51935,train
51936,train
51937,train
51938,train
51939,train
51940,test
51941,train
51942,train
51943,train
51944,train
51945,train
51946,test
51947,train
51948,test
51949,train
51950,test
51951,train
51952,train
51953,train
51954,test
51955,train
51956,train
51957,train
51958,train
51959,train
51960,train
51961,test
51962,train
51963,train
51964,train
51965,train
51966,test
51967,train
51968,train
51969,train
51970,test
51971,train
51972,train
51973,train
51974,test
51975,train
51976,train
51977,train
51978,train
51979,train
51980,train
51981,train
51982,test
51983,train
51984,train
51985,train
51986,train
51987,test
51988,train
51989,train
51990,train
51991,test
51992,train
51993,train
51994,test
51995,train
51996,train
51997,test
51998,test
51999,train
52000,train
52001,train
52002,train
52003,train
52004,train
52005,train
52006,train
52007,train
52008,train
52009,train
52010,test
52011,train
52012,train
52013,train
52014,train
52015,train
52016,train
52017,train
52018,train
52019,train
52020,train
52021,train
52022,train
52023,train
52024,train
52025,test
52026,train
52027,test
52028,train
52029,train
52030,test
52031,train
52032,train
52033,train
52034,test
52035,test
52036,test
52037,train
52038,train
52039,test
52040,train
52041,train
52042,test
52043,train
52044,train
52045,train
52046,train
52047,train
52048,train
52049,test
52050,train
52051,train
52052,test
52053,train
52054,train
52055,test
52056,train
52057,test
52058,train
52059,train
52060,train
52061,train
52062,test
52063,train
52064,train
52065,test
52066,test
52067,train
52068,train
52069,test
52070,train
52071,train
52072,train
52073,test
52074,train
52075,train
52076,train
52077,train
52078,train
52079,train
52080,train
52081,train
52082,test
52083,train
52084,train
52085,train
52086,train
52087,train
52088,train
52089,train
52090,train
52091,train
52092,train
52093,train
52094,train
52095,train
52096,train
52097,test
52098,train
52099,test
52100,train
52101,train
52102,train
52103,train
52104,train
52105,train
52106,train
52107,train
52108,train
52109,train
52110,train
52111,train
52112,train
52113,train
52114,train
52115,train
52116,train
52117,train
52118,test
52119,train
52120,test
52121,train
52122,test
52123,test
52124,train
52125,train
52126,train
52127,train
52128,train
52129,train
52130,train
52131,train
52132,test
52133,train
52134,train
52135,train
52136,train
52137,train
52138,train
52139,train
52140,train
52141,test
52142,test
52143,test
52144,test
52145,train
52146,train
52147,train
52148,test
52149,train
52150,test
52151,train
52152,test
52153,train
52154,train
52155,test
52156,train
52157,train
52158,train
52159,train
52160,train
52161,train
52162,train
52163,train
52164,train
52165,train
52166,train
52167,train
52168,train
52169,train
52170,train
52171,train
52172,train
52173,train
52174,train
52175,train
52176,train
52177,train
52178,train
52179,train
52180,train
52181,test
52182,train
52183,train
52184,train
52185,train
52186,train
52187,train
52188,train
52189,train
52190,train
52191,train
52192,test
52193,train
52194,train
52195,train
52196,train
52197,train
52198,train
52199,train
52200,train
52201,train
52202,test
52203,train
52204,train
52205,test
52206,train
52207,test
52208,test
52209,train
52210,train
52211,train
52212,train
52213,train
52214,test
52215,train
52216,train
52217,train
52218,test
52219,train
52220,train
52221,train
52222,train
52223,train
52224,train
52225,train
52226,test
52227,train
52228,train
52229,train
52230,train
52231,train
52232,train
52233,train
52234,train
52235,train
52236,train
52237,train
52238,test
52239,train
52240,train
52241,train
52242,test
52243,train
52244,train
52245,train
52246,train
52247,train
52248,train
52249,train
52250,test
52251,train
52252,train
52253,train
52254,test
52255,train
52256,test
52257,train
52258,train
52259,test
52260,train
52261,train
52262,test
52263,train
52264,train
52265,train
52266,test
52267,test
52268,train
52269,train
52270,train
52271,train
52272,train
52273,test
52274,train
52275,train
52276,train
52277,train
52278,train
52279,train
52280,train
52281,test
52282,train
52283,train
52284,train
52285,test
52286,train
52287,train
52288,train
52289,train
52290,train
52291,train
52292,train
52293,train
52294,train
52295,train
52296,train
52297,train
52298,train
52299,train
52300,train
52301,train
52302,train
52303,train
52304,train
52305,train
52306,train
52307,train
52308,test
52309,train
52310,test
52311,train
52312,train
52313,test
52314,train
52315,train
52316,train
52317,test
52318,test
52319,train
52320,train
52321,train
52322,train
52323,train
52324,train
52325,test
52326,test
52327,test
52328,train
52329,test
52330,test
52331,test
52332,train
52333,train
52334,train
52335,test
52336,train
52337,test
52338,train
52339,train
52340,train
52341,train
52342,test
52343,test
52344,train
52345,test
52346,train
52347,train
52348,train
52349,test
52350,test
52351,train
52352,test
52353,train
52354,test
52355,train
52356,train
52357,train
52358,train
52359,train
52360,train
52361,train
52362,train
52363,train
52364,train
52365,test
52366,train
52367,train
52368,test
52369,train
52370,test
52371,train
52372,train
52373,train
52374,train
52375,train
52376,train
52377,test
52378,train
52379,train
52380,train
52381,train
52382,train
52383,test
52384,train
52385,train
52386,train
52387,train
52388,train
52389,test
52390,train
52391,train
52392,test
52393,train
52394,train
52395,test
52396,train
52397,train
52398,train
52399,test
52400,train
52401,train
52402,test
52403,train
52404,test
52405,test
52406,train
52407,test
52408,train
52409,train
52410,train
52411,train
52412,train
52413,train
52414,train
52415,train
52416,test
52417,test
52418,train
52419,train
52420,train
52421,train
52422,test
52423,test
52424,train
52425,train
52426,train
52427,train
52428,train
52429,train
52430,train
52431,test
52432,train
52433,train
52434,train
52435,train
52436,test
52437,train
52438,train
52439,test
52440,test
52441,train
52442,train
52443,train
52444,train
52445,train
52446,test
52447,test
52448,train
52449,train
52450,test
52451,test
52452,train
52453,train
52454,train
52455,train
52456,train
52457,train
52458,train
52460,train
52461,train
52462,test
52463,train
52464,train
52465,train
52466,test
52467,train
52468,test
52469,test
52470,train
52471,train
52472,train
52473,train
52475,train
52476,train
52478,test
52479,train
52480,train
52482,test
52483,train
52484,train
52485,train
52486,test
52487,test
52488,train
52489,train
52490,test
52492,train
52493,train
52494,train
52495,train
52496,train
52498,test
52505,test
52506,test
52507,train
52508,train
52510,train
52511,train
52513,train
52514,train
52515,train
52516,train
52517,train
52518,train
52519,test
52520,train
52521,train
52522,train
52523,train
52524,train
52525,train
52526,train
52527,train
52528,train
52529,train
52530,test
52531,train
52532,train
52533,train
52534,train
52535,train
52537,test
52538,train
52539,train
52540,train
52541,train
52542,train
52543,train
52545,train
52546,train
52547,test
52548,train
52549,train
52550,train
52552,train
52553,train
52554,train
52555,train
52556,train
52557,train
52558,train
52560,train
52561,test
52563,train
52564,train
52565,train
52566,train
52567,train
52568,train
52569,train
52570,train
52571,train
52573,train
52574,train
52575,test
52577,train
52578,train
52580,test
52581,train
52582,train
52583,train
52584,train
52585,train
52586,train
52587,train
52588,train
52589,train
52590,train
52591,train
52592,train
52593,test
52597,test
52598,train
52599,train
52600,test
52601,train
52602,train
52603,train
52604,test
52605,test
52606,train
52607,train
52608,train
52612,train
52613,train
52614,train
52615,train
52616,train
52618,test
52619,train
52624,train
52625,test
52626,train
52627,test
52628,train
52630,test
52633,train
52634,train
52636,test
52637,test
52638,test
52639,train
52640,test
52642,test
52643,train
52644,train
52645,train
52646,test
52649,test
52650,train
52651,train
52652,train
52653,train
52654,train
52655,train
52657,train
52658,train
52659,train
52660,test
52661,train
52662,train
52663,test
52664,train
52666,train
52667,train
52668,train
52669,train
52670,test
52672,test
52673,train
52674,train
52675,train
52677,test
52678,train
52679,train
52680,train
52681,test
52682,train
52684,train
52685,train
52686,train
52687,train
52688,test
52689,train
52690,train
52691,train
52692,train
52693,test
52694,train
52696,train
52697,train
52698,train
52699,train
52700,train
52701,train
52702,train
52703,train
52704,train
52705,train
52706,train
52707,train
52708,train
52709,train
52710,train
52711,train
52713,train
52714,test
52715,train
52716,test
52717,train
52719,test
52720,train
52721,train
52722,train
52723,train
52725,train
52726,train
52727,test
52729,train
52730,train
52731,train
52732,train
52733,train
52734,train
52735,test
52736,train
52737,train
52738,test
52740,train
52741,train
52742,test
52743,train
52744,test
52745,train
52746,train
52747,train
52748,train
52749,train
52751,train
52754,train
52755,train
52756,test
52757,test
52758,train
52759,train
52761,train
52762,train
52763,test
52764,test
52765,test
52766,train
52767,train
52768,test
52769,train
52770,train
52771,train
52772,train
52773,train
52774,train
52777,train
52778,train
52779,train
52780,train
52781,train
52782,train
52783,train
52784,train
52786,train
52787,train
52789,train
52790,train
52791,test
52792,test
52794,train
52795,train
52796,train
52797,train
52798,test
52799,test
52800,train
52801,train
52803,train
52804,train
52805,train
52806,train
52807,test
52808,train
52809,train
52810,train
52811,train
52812,train
52813,train
52814,train
52815,train
52816,train
52817,train
52819,train
52820,train
52821,train
52822,train
52823,train
52824,train
52826,train
52827,train
52828,train
52829,train
52830,train
52831,train
52832,test
52833,train
52834,test
52835,train
52836,train
52837,test
52838,train
52839,train
52840,train
52841,train
52842,train
52843,train
52844,train
52845,train
52846,train
52847,train
52848,train
52849,train
52850,train
52851,train
52852,train
52853,train
52854,test
52855,train
52856,train
52857,train
52858,train
52859,test
52860,train
52861,test
52862,train
52863,test
52865,train
52866,train
52867,train
52868,train
52869,train
52870,train
52871,train
52872,test
52873,test
52874,train
52875,train
52877,train
52878,train
52879,train
52880,test
52882,test
52883,train
52885,train
52886,train
52887,test
52888,train
52889,train
52890,train
52891,train
52892,test
52894,train
52895,test
52896,train
52897,test
52898,test
52899,train
52900,train
52901,train
52902,test
52903,train
52904,train
52906,train
52907,train
52908,train
52909,train
52910,train
52911,train
52912,train
52913,train
52917,test
52918,train
52919,train
52920,test
52921,train
52922,train
52923,train
52924,train
52926,train
52927,train
52928,train
52929,test
52930,test
52931,train
52932,train
52933,train
52934,train
52935,train
52936,test
52938,train
52939,test
52940,train
52942,train
52943,train
52944,test
52948,train
52949,test
52950,train
52951,train
52953,train
52954,train
52955,train
52956,train
52957,train
52958,train
52959,train
52960,train
52961,train
52962,train
52963,test
52964,train
52965,train
52966,train
52967,train
52968,train
52969,train
52970,train
52971,train
52972,train
52973,train
52974,test
52975,train
52976,test
52977,train
52979,train
52980,train
52982,train
52983,train
52984,train
52985,train
52986,train
52987,train
52988,train
52989,test
52990,train
52991,train
52992,test
52993,train
52994,train
52995,test
52996,train
52998,train
52999,train
53000,train
53001,train
53002,train
53004,train
53005,train
53006,train
53007,train
53009,train
53010,train
53011,train
53012,test
53013,train
53014,train
53015,train
53016,test
53017,train
53018,train
53019,test
53020,train
53021,train
53022,train
53023,train
53024,train
53025,train
53026,train
53027,train
53028,train
53029,train
53030,train
53032,train
53033,train
53034,train
53035,train
53037,test
53038,train
53039,train
53040,train
53042,test
53046,train
53048,train
53049,train
53051,train
53052,train
53053,train
53054,train
53055,train
53056,train
53057,train
53058,test
53059,train
53060,train
53061,train
53063,train
53064,train
53066,train
53067,test
53068,train
53069,train
53070,train
53072,train
53073,train
53075,train
53077,train
53078,train
53080,train
53081,train
53082,test
53083,test
53084,train
53085,train
53086,train
53087,train
53088,train
53090,train
53091,train
53092,train
53093,train
53096,train
53097,train
53099,test
53100,train
53101,train
53102,train
53103,test
53104,train
53106,train
53107,train
53108,train
53109,train
53110,train
53111,train
53113,train
53114,train
53115,train
53116,train
53117,train
53118,train
53119,train
53120,train
53121,test
53122,train
53123,train
53124,train
53125,train
53128,test
53129,train
53131,train
53132,train
53133,train
53134,test
53135,train
53136,train
53137,train
53139,test
53140,train
53141,train
53142,train
53143,train
53144,train
53145,train
53146,train
53147,train
53148,test
53149,test
53150,train
53151,train
53152,test
53153,train
53154,train
53155,train
53156,train
53157,train
53158,train
53159,train
53160,train
53161,train
53163,train
53164,train
53166,test
53167,train
53168,train
53170,train
53171,train
53172,train
53173,train
53176,train
53177,test
53178,train
53179,test
53180,train
53182,train
53183,train
53184,train
53185,train
53186,train
53188,train
53189,train
53190,train
53191,test
53192,train
53193,test
53194,train
53195,test
53196,train
53197,test
53198,train
53199,train
53201,test
53202,test
53203,train
53204,train
53205,test
53206,train
53208,train
53209,train
53211,test
53212,train
53213,train
53214,train
53215,test
53216,train
53217,train
53218,train
53220,train
53222,train
53223,train
53224,test
53225,train
53227,train
53228,train
53229,train
53230,train
53231,train
53232,train
53233,train
53234,train
53235,train
53236,train
53237,test
53238,train
53239,train
53240,train
53242,train
53243,train
53244,train
53246,train
53247,train
53248,test
53249,train
53250,test
53251,train
53252,train
53254,train
53255,train
53256,train
53257,train
53258,train
53259,train
53260,test
53261,train
53263,train
53264,train
53266,train
53267,test
53269,train
53270,train
53271,train
53273,train
53275,train
53276,train
53277,train
53279,train
53281,train
53282,train
53283,train
53284,train
53285,train
53286,train
53287,train
53288,train
53289,train
53290,train
53291,train
53292,test
53293,train
53295,train
53296,train
53297,test
53298,train
53299,train
53300,train
53301,train
53302,train
53303,train
53305,test
53306,test
53307,train
53308,train
53309,train
53310,train
53311,train
53312,train
53313,train
53314,test
53315,test
53316,test
53318,train
53319,train
53320,train
53321,train
53322,train
53323,train
53324,test
53325,test
53326,train
53328,train
53329,test
53330,train
53331,train
53332,train
53333,test
53334,train
53335,train
53336,train
53337,train
53338,train
53339,train
53340,train
53341,train
53342,train
53343,train
53344,train
53345,train
53346,train
53348,test
53349,train
53350,train
53351,train
53353,train
53354,train
53355,train
53356,test
53359,train
53360,train
53361,train
53362,train
53363,train
53364,train
53365,train
53367,train
53368,train
53369,test
53370,train
53371,test
53372,train
53373,train
53374,train
53377,train
53378,test
53379,train
53380,test
53382,train
53383,train
53384,train
53387,train
53388,train
53389,train
53391,train
53392,train
53393,train
53395,train
53396,train
53397,test
53398,train
53399,train
53400,train
53402,train
53403,train
53404,train
53405,train
53406,train
53407,train
53408,train
53409,train
53410,test
53411,train
53412,train
53413,train
53414,train
53415,train
53416,train
53417,test
53418,train
53419,train
53420,train
53421,train
53422,train
53424,train
53425,test
53426,train
53427,train
53428,train
53429,test
53430,train
53431,train
53432,train
53433,train
53434,train
53435,train
53436,train
53438,train
53439,test
53440,test
53441,train
53442,train
53443,train
53444,train
53445,train
53446,train
53447,test
53448,train
53449,train
53450,test
53451,test
53452,train
53454,train
53456,train
53457,test
53458,train
53459,train
53460,train
53461,test
53462,train
53463,train
53464,test
53465,train
53466,train
53467,train
53468,train
53469,train
53470,train
53471,train
53472,train
53473,train
53476,train
53477,train
53478,test
53479,train
53480,train
53481,train
53482,train
53483,train
53484,train
53486,train
53487,train
53488,train
53489,train
53490,train
53491,train
53492,test
53493,train
53494,train
53495,train
53496,test
53497,train
53498,train
53499,test
53500,train
53501,train
53503,test
53504,train
53505,test
53506,train
53507,train
53508,train
53509,train
53510,train
53511,train
53512,train
53513,train
53515,train
53516,train
53517,train
53518,train
53519,train
53520,train
53522,train
53523,train
53524,train
53525,train
53527,test
53528,train
53529,train
53530,train
53531,train
53532,train
53533,train
53534,train
53535,train
53536,test
53537,train
53538,train
53539,train
53540,train
53541,train
53542,train
53543,train
53544,test
53545,train
53546,train
53547,train
53548,train
53549,test
53550,train
53551,test
53552,test
53553,train
53556,test
53557,train
53558,train
53559,train
53560,train
53561,train
53562,train
53563,train
53564,train
53565,train
53567,train
53568,train
53569,train
53570,train
53573,train
53575,train
53576,test
53577,test
53578,train
53579,train
53580,train
53581,train
53582,test
53583,train
53584,train
53585,train
53586,train
53587,train
53588,train
53589,test
53590,test
53591,train
53592,train
53593,train
53594,train
53595,train
53596,train
53597,train
53598,train
53599,train
53600,train
53601,train
53602,train
53603,test
53604,test
53605,train
53606,train
53608,train
53609,test
53610,train
53611,train
53612,train
53614,train
53615,test
53616,train
53617,train
53618,train
53619,train
53620,train
53621,train
53622,train
53624,train
53625,train
53626,train
53627,train
53628,train
53630,train
53631,train
53632,train
53634,test
53635,train
53637,train
53638,train
53639,train
53640,test
53641,test
53642,train
53643,test
53644,test
53645,train
53646,train
53649,test
53650,test
53651,train
53652,test
53653,train
53654,train
53656,train
53657,train
53658,test
53659,train
53660,train
53662,train
53663,train
53664,train
53665,test
53666,train
53667,train
53668,train
53670,test
53671,test
53672,train
53673,train
53674,train
53675,test
53676,test
53677,train
53678,train
53680,train
53681,train
53683,train
53684,test
53685,train
53686,train
53687,train
53688,train
53690,test
53691,test
53692,train
53693,test
53694,train
53695,train
53696,train
53697,train
53698,train
53699,train
53700,train
53703,test
53704,train
53705,test
53706,train
53707,train
53708,train
53709,train
53710,test
53711,train
53712,train
53713,train
53714,train
53715,train
53718,test
53719,test
53720,train
53721,train
53722,train
53723,test
53724,train
53725,train
53726,train
53727,train
53728,train
53729,train
53731,train
53733,train
53734,test
53735,train
53736,train
53737,train
53738,train
53739,test
53740,train
53741,test
53742,train
53743,train
53744,train
53745,train
53746,train
53747,test
53748,train
53749,train
53750,train
53751,test
53752,test
53754,train
53755,train
53756,train
53757,train
53758,test
53760,train
53761,test
53762,train
53763,train
53764,train
53765,train
53766,train
53767,train
53769,test
53770,test
53771,test
53772,train
53773,train
53774,train
53775,test
53776,test
53777,train
53778,train
53779,test
53780,test
53782,train
53783,train
53784,train
53786,train
53787,train
53788,train
53789,train
53791,train
53792,train
53793,train
53794,train
53795,test
53796,train
53797,train
53798,train
53799,train
53800,train
53801,test
53804,test
53805,train
53806,test
53808,train
53809,train
53810,train
53811,train
53812,test
53813,test
53814,train
53815,train
53816,test
53818,test
53819,test
53821,train
53822,train
53823,train
53824,train
53825,train
53826,train
53827,train
53828,test
53830,train
53831,train
53832,train
53833,train
53835,train
53836,train
53837,train
53838,train
53840,test
53842,train
53844,test
53845,train
53846,train
53847,train
53848,train
53849,train
53850,train
53851,test
53852,test
53853,train
53854,train
53856,train
53857,train
53858,train
53859,train
53860,train
53861,train
53862,train
53863,train
53864,train
53865,train
53866,test
53867,train
53868,train
53870,train
53871,train
53874,train
53875,train
53876,train
53877,train
53878,train
53879,train
53880,train
53881,train
53882,test
53883,train
53884,train
53885,train
53886,train
53887,train
53888,test
53889,train
53890,train
53892,test
53893,train
53894,train
53895,train
53896,test
53898,train
53899,train
53900,train
53901,train
53902,train
53903,train
53904,train
53905,test
53906,train
53907,train
53908,test
53909,train
53910,test
53911,train
53912,train
53913,train
53914,train
53916,train
53917,train
53918,train
53920,train
53921,train
53922,train
53923,train
53924,train
53925,train
53926,train
53927,test
53928,train
53929,train
53931,train
53932,train
53937,train
53938,train
53939,test
53940,train
53942,test
53943,train
53944,test
53945,test
53947,train
53948,train
53949,train
53950,test
53951,train
53952,train
53953,train
53954,test
53955,test
53956,train
53958,test
53959,train
53960,train
53961,train
53962,test
53963,test
53965,train
53967,train
53969,train
53970,test
53971,train
53972,test
53973,train
53975,test
53976,train
53977,train
53978,train
53979,train
53980,train
53981,train
53982,test
53983,test
53985,train
53986,train
53987,train
53988,test
53989,train
53991,train
53992,train
53994,train
53995,train
53997,test
53998,train
53999,train
54000,train
54001,train
54002,train
54003,train
54006,train
54007,train
54008,train
54009,train
54010,train
54011,train
54012,train
54013,train
54014,train
54015,train
54016,train
54018,train
54019,test
54020,test
54021,train
54022,train
54023,train
54024,train
54025,train
54026,train
54027,train
54028,train
54031,train
54032,train
54033,train
54034,train
54036,train
54037,train
54038,train
54039,train
54040,train
54041,train
54042,test
54043,test
54044,train
54045,test
54047,train
54048,test
54049,train
54050,test
54051,train
54053,train
54054,train
54055,train
54056,test
54059,train
54060,train
54061,train
54062,train
54063,train
54064,train
54065,train
54067,train
54068,train
54069,train
54070,train
54072,train
54073,train
54074,train
54075,train
54076,test
54078,test
54079,test
54081,test
54082,train
54083,train
54085,test
54086,train
54087,train
54088,train
54089,train
54090,train
54091,train
54092,test
54094,train
54095,train
54096,train
54097,train
54098,train
54100,train
54102,test
54104,train
54105,train
54106,test
54107,train
54108,train
54109,train
54110,train
54111,test
54112,test
54113,test
54114,train
54115,train
54116,train
54117,train
54118,train
54119,train
54120,test
54121,test
54122,train
54123,train
54125,train
54126,train
54127,train
54128,train
54129,train
54130,train
54131,train
54132,train
54133,train
54134,train
54135,train
54136,train
54137,train
54138,test
54139,train
54140,train
54141,train
54142,train
54144,train
54145,train
54148,train
54150,train
54151,train
54153,train
54155,train
54156,test
54158,train
54160,train
54162,train
54163,test
54166,train
54167,train
54170,train
54172,train
54173,train
54174,test
54176,train
54177,train
54179,train
54180,train
54181,test
54182,train
54183,train
54184,train
54185,train
54186,train
54187,train
54188,test
54189,train
54190,train
54192,train
54193,train
54194,train
54195,train
54197,train
54198,test
54199,train
54201,train
54202,train
54203,train
54204,train
54205,train
54206,train
54208,train
54209,train
54210,train
54211,train
54212,train
54213,test
54215,train
54216,train
54217,train
54219,train
54220,test
54222,train
54224,train
54225,train
54226,train
54227,test
54228,train
54229,train
54230,train
54232,train
54233,train
54234,train
54235,train
54237,train
54238,train
54240,train
54241,train
54242,train
54244,train
54245,train
54247,train
54248,train
54249,train
54251,train
54252,test
54253,train
54254,train
54256,train
54257,train
54258,train
54259,train
54260,train
54261,train
54262,train
54263,train
54264,test
54265,test
54266,train
54269,train
54270,test
54271,train
54272,train
54274,train
54275,train
54276,train
54277,train
54278,train
54279,train
54281,train
54282,train
54283,train
54284,train
54285,test
54286,train
54287,train
54288,train
54289,train
54291,train
54292,train
54293,test
54295,train
54296,train
54297,test
54298,train
54299,train
54300,train
54301,train
54304,train
54305,train
54306,test
54307,train
54308,train
54309,train
54310,train
54311,test
54313,test
54314,train
54315,train
54316,test
54318,train
54319,train
54320,test
54321,train
54322,test
54324,train
54325,test
54328,train
54330,train
54331,train
54332,train
54333,test
54334,train
54335,train
54336,train
54337,train
54338,train
54339,test
54340,train
54341,train
54342,train
54343,train
54345,train
54346,test
54347,train
54348,train
54350,train
54351,test
54353,train
54354,train
54355,train
54356,train
54357,train
54358,train
54359,train
54360,train
54361,train
54362,train
54363,train
54364,train
54365,train
54366,train
54367,train
54368,test
54369,train
54370,test
54371,train
54372,train
54373,train
54374,test
54375,train
54376,test
54377,train
54378,train
54379,test
54381,train
54382,train
54383,train
54385,train
54386,train
54387,train
54388,test
54389,train
54392,train
54393,train
54394,train
54395,train
54396,train
54397,train
54398,train
54402,test
54403,train
54404,train
54405,train
54406,train
54407,train
54408,train
54409,train
54410,train
54411,train
54412,test
54413,train
54415,train
54416,test
54417,test
54419,test
54420,train
54422,train
54423,train
54424,train
54425,train
54426,train
54427,train
54428,train
54430,train
54431,train
54432,train
54434,train
54436,test
54437,test
54439,test
54443,train
54444,train
54445,train
54446,train
54447,train
54448,train
54449,test
54450,train
54451,test
54452,train
54453,train
54455,train
54457,train
54458,test
54459,train
54460,test
54461,train
54462,train
54463,train
54464,train
54466,train
54467,train
54468,train
54469,train
54470,train
54472,test
54473,train
54475,train
54477,test
54478,test
54479,train
54480,train
54481,train
54482,test
54483,train
54484,train
54485,train
54486,test
54487,train
54488,train
54489,train
54490,train
54491,train
54492,train
54493,train
54494,train
54495,train
54496,train
54497,train
54498,train
54500,test
54501,train
54502,test
54503,test
54506,train
54507,train
54508,train
54509,train
54510,train
54511,train
54512,train
54513,train
54515,train
54517,train
54519,train
54522,test
54523,train
54524,train
54525,train
54526,train
54528,train
54530,train
54531,train
54532,train
54533,train
54534,test
54535,train
54536,train
54537,test
54538,train
54539,train
54540,train
54541,test
54542,train
54544,train
54545,train
54547,test
54549,train
54551,train
54552,train
54553,test
54554,test
54555,train
54558,train
54559,test
54560,train
54561,train
54562,train
54563,train
54564,train
54566,train
54567,test
54568,train
54569,train
54570,train
54571,train
54572,train
54576,train
54577,train
54578,train
54579,train
54580,train
54581,train
54582,train
54583,train
54584,train
54585,test
54586,test
54587,train
54588,train
54589,test
54590,train
54591,train
54592,test
54594,train
54595,test
54596,train
54597,train
54598,train
54599,train
54600,train
54602,train
54603,train
54604,train
54605,test
54606,train
54607,train
54608,test
54611,train
54612,train
54613,test
54614,test
54615,test
54616,train
54618,train
54619,train
54620,train
54621,train
54622,train
54623,train
54624,train
54626,train
54628,train
54629,train
54632,train
54633,train
54634,test
54635,train
54636,train
54637,train
54638,train
54639,train
54642,train
54643,train
54644,train
54646,train
54647,test
54648,train
54649,train
54653,train
54654,train
54655,train
54656,train
54658,train
54659,train
54660,train
54663,train
54666,train
54668,train
54670,test
54671,train
54672,train
54673,train
54674,train
54675,test
54676,train
54677,train
54678,train
54679,train
54680,train
54681,test
54682,train
54683,train
54685,train
54689,train
54690,train
54692,train
54693,test
54694,train
54695,train
54696,train
54697,train
54698,test
54700,test
54701,train
54704,train
54705,train
54706,train
54707,test
54708,test
54709,train
54710,test
54712,test
54713,train
54714,train
54719,train
54720,train
54722,train
54723,train
54724,test
54725,train
54726,train
54727,train
54728,train
54729,train
54731,train
54732,train
54733,test
54735,train
54736,train
54738,test
54739,train
54740,train
54741,train
54743,test
54745,train
54746,test
54747,test
54748,train
54750,test
54751,train
54752,test
54753,train
54754,train
54756,train
54757,train
54758,train
54759,test
54760,train
54761,train
54762,train
54764,train
54765,train
54767,test
54769,train
54770,train
54771,train
54772,test
54773,train
54774,train
54775,test
54776,train
54777,train
54780,train
54781,train
54782,train
54783,train
54785,train
54786,train
54787,test
54790,test
54792,test
54793,train
54794,train
54795,train
54797,test
54798,train
54799,train
54800,train
54801,train
54802,train
54803,train
54804,train
54805,test
54806,test
54807,train
54808,train
54809,train
54811,train
54812,train
54814,train
54815,train
54816,train
54817,train
54818,train
54819,train
54820,test
54821,train
54823,train
54824,train
54825,train
54826,train
54827,train
54828,train
54829,test
54830,test
54831,train
54832,train
54833,train
54834,train
54835,train
54836,test
54837,train
54838,train
54840,train
54841,test
54842,train
54843,train
54845,train
54846,test
54847,train
54848,train
54849,train
54850,train
54851,train
54852,train
54853,test
54854,train
54856,train
54857,train
54858,train
54859,train
54861,train
54862,train
54863,train
54864,test
54865,train
54866,train
54867,train
54868,train
54869,train
54870,train
54871,train
54872,test
54873,train
54874,train
54875,train
54876,test
54878,train
54879,train
54880,train
54881,train
54882,train
54883,train
54884,train
54885,train
54886,train
54888,train
54889,train
54890,train
54892,train
54893,test
54895,test
54896,train
54899,train
54900,train
54901,train
54904,train
54905,train
54907,train
54908,train
54909,train
54910,train
54911,test
54912,test
54914,test
54915,train
54917,test
54918,train
54919,train
54920,train
54921,train
54922,train
54923,train
54924,train
54925,train
54926,train
54927,train
54928,train
54929,train
54930,test
54931,train
54932,test
54934,train
54935,train
54938,train
54939,test
54940,train
54941,train
54942,test
54943,train
54944,train
54945,train
54946,test
54948,test
54949,train
54950,train
54951,train
54953,train
54954,train
54955,train
54956,test
54957,train
54959,train
54960,train
54961,test
54962,train
54963,train
54965,train
54966,train
54967,train
54968,test
54969,train
54970,train
54971,train
54972,train
54973,test
54974,train
54975,train
54976,train
54978,train
54979,train
54980,train
54981,train
54983,train
54984,test
54985,train
54987,train
54988,train
54989,train
54990,test
54991,train
54992,train
54994,train
54996,train
54997,train
54999,train
55000,test
55001,train
55002,train
55003,train
55005,train
55006,train
55007,train
55008,train
55009,train
55011,train
55013,train
55014,train
55015,train
55016,test
55017,train
55018,train
55019,test
55020,train
55021,train
55022,train
55023,train
55024,train
55026,train
55027,train
55028,train
55029,test
55030,train
55032,train
55033,train
55034,train
55035,test
55037,train
55038,train
55039,train
55040,test
55041,train
55042,train
55043,train
55044,test
55045,train
55046,train
55048,train
55049,train
55051,train
55052,train
55053,train
55054,train
55056,test
55057,train
55058,train
55059,train
55060,train
55061,train
55062,train
55066,test
55067,test
55068,train
55069,train
55070,train
55071,train
55073,train
55074,train
55075,train
55076,train
55077,train
55078,train
55079,train
55080,test
55081,train
55082,train
55083,train
55084,train
55085,train
55086,train
55087,train
55088,train
55089,train
55090,test
55091,train
55094,test
55095,train
55096,train
55097,test
55101,train
55102,train
55104,test
55105,train
55106,train
55107,train
55108,test
55111,train
55112,train
55113,train
55114,test
55115,train
55116,train
55117,test
55118,test
55119,test
55121,train
55123,test
55125,train
55126,train
55130,train
55131,train
55132,train
55133,train
55134,train
55135,train
55137,train
55138,train
55139,train
55140,train
55141,test
55143,train
55144,train
55146,test
55147,train
55148,train
55149,train
55150,train
55151,train
55152,train
55153,train
55154,test
55157,train
55158,train
55159,train
55160,train
55161,train
55163,train
55164,train
55165,train
55166,train
55167,test
55168,test
55169,train
55171,test
55172,train
55173,train
55175,test
55176,train
55177,train
55178,train
55180,test
55182,train
55183,train
55184,train
55185,train
55186,train
55187,train
55188,train
55189,test
55190,train
55191,train
55192,test
55194,test
55195,train
55196,train
55198,train
55199,train
55200,train
55201,train
55202,train
55203,train
55204,train
55205,test
55206,train
55207,test
55208,train
55209,train
55210,train
55211,train
55212,train
55213,train
55215,train
55217,train
55218,train
55219,train
55220,test
55221,train
55222,test
55223,train
55224,train
55225,train
55226,test
55228,test
55230,train
55231,train
55232,train
55233,train
55234,train
55235,train
55236,train
55237,train
55238,train
55239,train
55240,train
55241,train
55242,test
55243,train
55244,train
55245,train
55246,test
55247,test
55248,train
55249,test
55250,train
55251,train
55252,train
55253,train
55254,train
55256,train
55257,train
55258,train
55259,train
55260,test
55261,train
55263,train
55264,train
55265,train
55266,test
55268,train
55269,train
55270,train
55271,train
55272,train
55273,test
55274,train
55275,train
55277,train
55278,train
55279,test
55280,train
55281,train
55282,train
55284,train
55286,test
55287,test
55288,test
55289,train
55290,train
55291,test
55293,test
55294,train
55295,train
55297,train
55298,train
55299,train
55300,test
55301,train
55302,train
55303,train
55304,test
55305,train
55306,test
55307,train
55309,train
55310,train
55311,train
55312,train
55313,train
55314,train
55315,test
55316,train
55318,train
55319,test
55320,train
55321,train
55322,train
55323,train
55324,train
55326,test
55327,test
55328,train
55329,train
55333,train
55334,test
55337,train
55338,train
55339,train
55341,train
55342,train
55343,train
55344,test
55345,test
55346,train
55347,train
55348,test
55349,test
55350,train
55354,train
55355,test
55357,test
55358,test
55359,test
55361,train
55362,train
55363,train
55364,train
55366,train
55367,train
55368,test
55369,train
55370,train
55371,train
55373,test
55374,train
55375,train
55376,train
55377,train
55378,train
55379,train
55380,train
55382,train
55383,train
55384,train
55385,train
55386,test
55389,train
55390,train
55391,train
55392,train
55393,test
55394,train
55395,train
55396,train
55397,train
55399,train
55400,train
55401,train
55402,train
55403,train
55404,train
55405,train
55406,train
55407,train
55408,test
55409,train
55410,train
55411,train
55412,train
55414,train
55416,train
55417,train
55418,train
55419,test
55420,train
55421,train
55422,train
55423,train
55425,train
55426,test
55427,test
55428,test
55429,train
55430,train
55431,train
55432,train
55433,test
55434,test
55435,train
55436,train
55437,train
55438,train
55440,train
55441,train
55442,test
55443,train
55444,train
55445,train
55446,train
55447,train
55448,train
55449,train
55450,train
55452,test
55453,train
55454,train
55455,train
55456,train
55457,train
55459,train
55460,train
55461,train
55462,train
55463,train
55465,train
55467,test
55468,train
55469,train
55470,train
55471,train
55472,train
55473,train
55474,train
55475,train
55476,train
55477,train
55478,train
55479,test
55480,train
55481,train
55482,train
55483,train
55484,train
55485,train
55486,train
55488,train
55489,train
55490,train
55491,train
55492,train
55493,train
55494,train
55495,test
55497,train
55498,train
55499,train
55500,train
55501,train
55502,train
55503,train
55504,test
55505,train
55506,train
55507,train
55508,train
55509,train
55510,train
55511,test
55512,train
55513,train
55514,train
55516,train
55517,train
55518,test
55519,train
55521,test
55522,train
55523,train
55525,train
55527,train
55528,train
55529,train
55532,test
55534,train
55535,test
55536,test
55537,train
55538,train
55539,test
55540,train
55541,train
55542,train
55543,train
55545,test
55547,train
55548,train
55549,test
55550,train
55551,train
55552,train
55554,train
55555,train
55556,train
55557,train
55558,train
55559,train
55560,train
55561,train
55562,train
55563,train
55564,train
55567,train
55568,test
55569,train
55570,train
55571,train
55572,train
55573,train
55574,train
55576,train
55577,train
55578,test
55579,train
55580,train
55581,test
55582,test
55583,train
55584,test
55585,train
55586,train
55587,test
55588,train
55589,train
55590,train
55591,train
55592,train
55593,train
55594,train
55595,test
55596,train
55597,train
55598,train
55599,train
55600,train
55601,train
55602,train
55603,train
55605,train
55606,train
55608,train
55609,train
55610,train
55611,train
55612,train
55613,train
55617,test
55618,train
55619,train
55620,train
55621,train
55622,train
55623,test
55624,train
55625,train
55626,train
55627,train
55628,train
55629,train
55630,train
55632,train
55633,train
55634,train
55635,test
55636,train
55637,train
55638,train
55639,train
55640,train
55641,train
55642,train
55643,train
55644,train
55645,train
55646,train
55647,train
55648,train
55650,train
55651,train
55652,train
55653,train
55656,train
55657,train
55659,train
55660,train
55662,test
55663,test
55664,train
55665,train
55666,train
55667,train
55668,train
55669,train
55670,train
55671,train
55672,test
55673,train
55674,test
55676,train
55678,train
55679,test
55680,train
55681,train
55682,train
55684,train
55685,train
55686,test
55687,train
55688,train
55690,train
55691,train
55692,test
55693,train
55694,train
55695,train
55696,train
55697,train
55698,train
55701,train
55703,train
55705,train
55706,train
55707,test
55709,test
55710,train
55711,train
55712,test
55715,train
55716,train
55717,train
55718,train
55719,train
55720,train
55721,test
55722,test
55723,train
55725,train
55726,train
55727,train
55728,train
55729,test
55730,train
55731,train
55732,test
55734,train
55735,train
55736,train
55737,test
55738,train
55739,train
55741,test
55743,test
55744,train
55745,train
55746,train
55747,test
55748,train
55749,test
55750,test
55751,train
55752,train
55753,test
55754,train
55755,train
55756,train
55757,train
55758,train
55759,train
55760,train
55761,train
55762,train
55763,train
55764,train
55766,test
55767,train
55769,train
55770,train
55771,test
55774,test
55775,train
55776,train
55778,train
55779,test
55780,train
55781,train
55782,test
55783,train
55784,test
55785,train
55786,train
55787,test
55788,test
55789,train
55790,test
55791,train
55792,train
55793,test
55794,test
55795,test
55796,train
55797,train
55798,train
55800,train
55801,train
55802,test
55804,train
55805,train
55806,train
55807,test
55808,train
55809,train
55810,train
55812,train
55814,train
55816,train
55818,train
55819,train
55820,train
55821,train
55823,train
55825,test
55826,train
55827,train
55828,train
55829,train
55830,train
55831,train
55832,test
55833,test
55834,train
55835,train
55836,test
55837,train
55838,train
55839,train
55840,train
55841,train
55842,train
55843,train
55844,train
55845,test
55846,train
55847,train
55848,train
55850,train
55851,train
55852,train
55853,train
55854,test
55855,train
55856,test
55859,train
55860,train
55864,train
55865,train
55866,train
55867,train
55869,train
55870,train
55871,train
55873,train
55875,train
55876,train
55877,train
55879,train
55882,train
55883,train
55884,test
55885,train
55886,train
55887,train
55888,test
55889,train
55890,train
55891,train
55892,test
55893,train
55894,train
55895,train
55896,train
55897,train
55898,train
55899,train
55901,train
55902,train
55904,train
55905,train
55906,train
55907,train
55908,train
55909,train
55910,test
55911,train
55912,train
55913,train
55914,train
55915,train
55916,test
55917,train
55918,train
55919,train
55920,train
55921,test
55922,train
55923,train
55925,test
55926,train
55927,test
55928,train
55929,train
55930,train
55931,train
55932,train
55934,train
55935,train
55936,train
55937,train
55938,test
55939,train
55940,train
55941,test
55942,train
55943,train
55944,train
55945,train
55946,train
55947,train
55948,train
55949,train
55950,train
55951,train
55952,train
55953,train
55954,train
55955,train
55956,train
55958,test
55959,test
55960,train
55961,train
55962,train
55963,test
55964,train
55965,train
55966,train
55968,test
55970,train
55971,train
55973,train
55974,test
55976,train
55977,test
55978,train
55979,train
55980,train
55981,train
55982,test
55983,test
55984,train
55985,train
55986,train
55987,train
55988,test
55989,train
55992,train
55993,train
55994,train
55995,train
55997,train
55998,train
56000,train
56001,test
56003,train
56005,train
56006,train
56007,train
56008,train
56009,test
56010,train
56011,test
56012,train
56013,train
56014,test
56015,train
56016,train
56017,test
56018,train
56019,test
56020,train
56021,train
56022,test
56023,train
56024,train
56025,train
56026,train
56028,train
56030,train
56031,train
56032,train
56033,train
56034,train
56035,train
56036,test
56037,train
56040,train
56041,train
56042,test
56043,train
56046,train
56047,test
56048,train
56049,train
56050,train
56051,train
56052,train
56053,train
56054,test
56055,train
56056,train
56057,test
56059,test
56061,test
56062,train
56063,train
56064,train
56066,train
56067,train
56068,train
56069,test
56070,train
56072,test
56073,train
56074,train
56075,test
56076,train
56077,train
56078,train
56079,train
56081,train
56082,train
56083,train
56084,train
56085,train
56086,train
56087,train
56091,train
56092,train
56093,train
56094,train
56095,train
56096,train
56097,train
56098,train
56099,train
56100,train
56101,train
56104,test
56106,train
56107,test
56108,train
56109,train
56111,train
56112,train
56114,train
56115,test
56117,train
56118,train
56119,train
56120,test
56121,test
56122,train
56123,train
56124,train
56125,train
56126,train
56129,test
56131,test
56132,test
56133,train
56135,train
56136,test
56137,train
56138,train
56139,train
56140,train
56141,train
56142,train
56144,train
56145,test
56146,train
56147,test
56148,test
56149,test
56150,train
56152,train
56153,train
56154,train
56155,train
56157,train
56158,train
56159,train
56160,test
56161,train
56162,test
56163,train
56164,train
56165,train
56167,train
56168,train
56169,test
56170,test
56171,train
56172,train
56173,train
56174,test
56175,test
56176,train
56177,train
56178,test
56179,train
56180,train
56182,train
56183,train
56184,train
56185,train
56186,train
56190,train
56191,test
56192,test
56194,train
56195,train
56196,train
56200,train
56201,train
56202,test
56203,test
56204,train
56207,train
56208,train
56209,train
56210,train
56211,train
56212,test
56213,train
56214,train
56215,train
56218,test
56219,train
56220,train
56221,train
56223,train
56224,train
56225,train
56226,test
56227,train
56230,train
56232,train
56233,test
56234,train
56235,train
56236,train
56237,train
56239,train
56240,test
56242,train
56243,train
56244,test
56246,train
56247,test
56248,train
56250,train
56251,train
56252,test
56253,train
56254,train
56255,train
56256,train
56257,train
56259,test
56262,train
56263,train
56264,train
56265,test
56266,test
56268,train
56269,train
56270,train
56272,train
56273,train
56274,train
56276,train
56277,train
56278,test
56279,train
56280,train
56283,test
56284,test
56285,train
56286,train
56287,train
56288,train
56289,train
56291,train
56292,test
56294,train
56296,train
56297,test
56298,test
56299,test
56300,train
56301,train
56302,train
56303,test
56305,test
56307,train
56309,train
56310,train
56311,train
56312,train
56315,train
56317,train
56318,train
56319,train
56320,train
56321,train
56324,train
56325,train
56326,train
56327,train
56328,test
56330,train
56331,train
56332,train
56333,train
56334,train
56335,train
56336,test
56337,train
56338,test
56339,train
56340,train
56341,train
56342,train
56343,train
56344,train
56345,train
56347,train
56348,train
56352,train
56353,train
56354,train
56355,train
56356,train
56357,train
56358,train
56359,test
56361,train
56362,test
56363,train
56364,train
56365,train
56366,test
56367,train
56368,train
56371,train
56372,train
56373,train
56374,train
56375,train
56376,test
56377,train
56378,train
56379,train
56380,train
56381,train
56382,train
56383,train
56384,train
56386,train
56387,train
56388,test
56389,train
56390,test
56391,train
56393,train
56394,train
56397,train
56398,train
56400,train
56401,train
56403,train
56404,train
56405,train
56408,train
56409,train
56410,train
56411,train
56412,train
56413,test
56414,train
56415,test
56416,train
56417,train
56418,train
56419,train
56420,train
56421,train
56422,train
56423,train
56425,train
56426,train
56427,train
56428,train
56429,train
56430,train
56431,test
56432,train
56433,train
56435,train
56436,train
56438,train
56439,train
56440,train
56441,train
56442,train
56443,train
56444,test
56446,train
56447,train
56449,train
56450,train
56451,train
56453,test
56454,train
56455,test
56456,train
56458,train
56459,train
56460,train
56462,train
56463,train
56464,train
56465,train
56466,train
56468,train
56469,test
56470,train
56471,train
56472,train
56474,test
56475,test
56476,train
56477,test
56478,train
56479,train
56480,train
56482,train
56483,train
56484,train
56485,train
56486,train
56487,train
56488,test
56489,train
56491,train
56492,train
56493,train
56494,test
56495,train
56496,test
56497,train
56499,train
56500,train
56501,train
56502,train
56503,test
56504,train
56506,train
56507,train
56508,train
56509,test
56510,train
56511,train
56512,train
56516,train
56517,train
56518,train
56520,test
56521,train
56523,train
56524,train
56525,train
56526,train
56527,train
56528,test
56529,train
56530,test
56531,train
56532,test
56533,train
56535,train
56536,train
56537,train
56538,train
56541,train
56542,train
56543,train
56544,test
56545,train
56546,train
56547,train
56548,train
56549,train
56550,test
56552,train
56553,train
56555,train
56556,test
56557,train
56559,train
56560,train
56561,train
56562,train
56564,train
56565,train
56566,train
56567,train
56568,test
56569,train
56570,test
56571,test
56572,test
56573,train
56574,train
56575,test
56577,test
56578,train
56580,train
56581,train
56582,train
56584,train
56586,test
56588,train
56589,train
56591,train
56592,train
56594,train
56595,train
56596,train
56598,train
56601,train
56602,test
56603,train
56604,train
56605,train
56606,train
56609,test
56610,train
56611,train
56612,train
56614,train
56615,test
56617,train
56619,train
56620,test
56621,test
56622,train
56624,train
56625,train
56626,train
56627,test
56629,train
56630,train
56631,train
56632,train
56633,train
56634,train
56636,test
56637,train
56638,train
56639,train
56640,test
56641,train
56642,train
56643,train
56644,train
56645,train
56646,train
56647,train
56648,train
56650,train
56651,test
56654,train
56655,train
56656,train
56657,test
56658,train
56659,train
56661,train
56662,train
56663,train
56664,train
56665,test
56666,train
56670,test
56671,train
56672,train
56674,train
56675,train
56676,train
56677,train
56678,train
56680,train
56682,train
56683,train
56684,train
56685,train
56686,train
56687,train
56688,train
56689,test
56690,train
56691,test
56692,train
56693,train
56694,test
56695,train
56697,train
56698,train
56701,test
56702,train
56704,train
56705,train
56706,train
56707,test
56708,train
56709,train
56710,train
56711,test
56714,train
56715,train
56716,train
56717,train
56718,train
56719,train
56721,train
56722,test
56723,train
56725,train
56726,train
56728,train
56729,train
56730,train
56732,train
56733,train
56734,train
56735,train
56736,train
56737,train
56740,train
56741,train
56742,test
56743,train
56744,train
56745,train
56746,test
56747,train
56748,test
56749,train
56750,train
56751,train
56752,train
56753,train
56754,train
56756,train
56757,train
56758,train
56760,train
56761,test
56762,train
56763,train
56764,test
56765,train
56766,train
56767,train
56768,test
56769,train
56770,train
56771,train
56772,train
56773,train
56775,test
56776,train
56780,test
56782,test
56783,train
56785,train
56786,train
56787,train
56788,test
56789,test
56790,test
56791,test
56792,train
56793,train
56794,train
56795,test
56796,test
56797,train
56800,train
56801,train
56802,train
56803,train
56804,train
56807,train
56808,train
56809,train
56810,train
56811,train
56813,train
56814,train
56815,test
56816,train
56817,train
56819,train
56820,train
56821,train
56822,train
56823,train
56824,train
56825,train
56826,train
56827,train
56828,test
56829,train
56830,train
56832,train
56833,train
56834,train
56835,train
56836,train
56837,train
56838,test
56840,train
56841,test
56842,train
56843,test
56844,train
56845,train
56846,train
56849,train
56851,train
56854,train
56856,train
56857,train
56858,train
56859,train
56860,train
56861,train
56862,train
56864,train
56866,train
56867,test
56868,train
56869,test
56871,train
56873,train
56875,train
56876,test
56877,train
56878,train
56879,train
56880,train
56881,test
56882,train
56883,train
56884,train
56885,test
56886,test
56887,test
56890,test
56891,train
56892,train
56893,train
56894,train
56895,train
56896,train
56897,train
56898,train
56899,train
56900,train
56902,train
56904,train
56905,train
56906,train
56907,train
56908,test
56909,train
56910,test
56911,train
56912,train
56913,train
56914,test
56916,test
56918,train
56919,train
56920,train
56921,train
56922,train
56923,test
56926,train
56927,train
56928,train
56929,train
56931,train
56932,train
56934,train
56935,train
56936,train
56937,train
56938,train
56941,train
56943,train
56944,test
56945,test
56946,train
56947,train
56948,train
56949,train
56951,test
56952,train
56954,train
56955,train
56956,train
56957,train
56959,train
56960,train
56961,test
56962,train
56963,train
56964,train
56965,train
56966,test
56967,train
56968,train
56969,test
56970,test
56971,train
56972,train
56973,test
56975,train
56977,train
56978,train
56980,train
56982,train
56983,train
56984,test
56985,test
56986,train
56987,train
56988,train
56990,test
56992,train
56993,train
56994,train
56995,train
56996,train
56997,train
56999,train
57000,train
57001,train
57002,train
57003,test
57004,train
57005,test
57006,train
57008,train
57009,train
57012,train
57013,train
57014,test
57015,train
57018,train
57019,train
57020,train
57021,train
57022,train
57023,train
57024,train
57025,train
57026,train
57027,train
57028,train
57030,train
57031,train
57032,test
57033,train
57034,train
57036,test
57037,train
57038,train
57039,train
57040,train
57042,train
57043,train
57044,train
57045,train
57046,train
57047,train
57048,train
57049,train
57050,train
57051,train
57052,train
57053,train
57054,train
57055,test
57056,train
57057,test
57058,train
57059,test
57060,train
57061,test
57062,train
57065,train
57066,train
57067,train
57068,train
57070,train
57071,test
57072,train
57073,train
57074,test
57077,train
57078,train
57079,test
57081,train
57082,train
57084,train
57086,train
57088,train
57089,test
57092,train
57093,train
57094,test
57095,train
57096,train
57097,train
57098,train
57099,train
57100,train
57101,train
57102,train
57103,train
57104,test
57105,train
57106,test
57107,test
57109,test
57111,test
57112,train
57114,train
57115,train
57116,train
57118,test
57119,test
57120,train
57122,test
57123,train
57124,train
57125,train
57126,train
57127,train
57128,train
57129,train
57130,train
57132,train
57133,train
57134,test
57135,train
57136,train
57137,train
57138,train
57140,train
57141,train
57143,train
57144,test
57146,test
57147,test
57148,train
57149,train
57150,test
57151,train
57152,train
57154,train
57155,train
57156,train
57157,train
57158,train
57159,train
57160,test
57161,test
57162,train
57163,train
57164,train
57165,test
57166,train
57167,train
57168,train
57169,train
57170,train
57173,train
57174,test
57175,train
57176,train
57177,train
57178,train
57180,train
57181,train
57182,train
57183,train
57185,train
57187,train
57188,train
57189,train
57190,train
57191,train
57193,train
57194,test
57195,train
57196,train
57197,train
57198,train
57199,train
57200,train
57201,test
57202,train
57203,train
57204,train
57205,train
57206,train
57208,train
57209,test
57210,train
57211,train
57212,train
57213,train
57214,train
57215,train
57216,train
57217,train
57218,train
57219,train
57220,train
57221,train
57222,train
57223,test
57225,train
57226,train
57227,train
57228,test
57229,train
57230,train
57231,train
57232,test
57234,train
57236,train
57239,train
57240,train
57241,train
57243,train
57244,train
57245,test
57246,train
57247,train
57251,train
57252,train
57253,test
57254,train
57255,train
57256,train
57259,train
57260,train
57261,test
57262,train
57263,train
57264,train
57265,train
57266,train
57267,train
57268,train
57269,train
57271,test
57272,test
57274,test
57275,train
57276,train
57277,train
57278,test
57279,train
57280,train
57281,train
57282,train
57283,test
57284,train
57285,train
57286,train
57287,train
57288,train
57289,train
57290,test
57291,test
57292,train
57293,test
57294,train
57296,train
57297,train
57298,train
57300,train
57301,train
57302,train
57303,train
57304,train
57305,train
57306,train
57308,train
57309,test
57311,train
57312,train
57313,train
57314,train
57316,train
57317,test
57318,train
57319,train
57320,train
57321,train
57322,train
57323,train
57324,train
57326,train
57328,train
57330,test
57332,train
57333,train
57334,train
57335,train
57336,test
57337,train
57338,train
57339,train
57340,train
57341,test
57342,train
57343,train
57344,train
57345,train
57348,train
57350,train
57351,train
57352,train
57353,train
57354,test
57355,train
57356,train
57358,train
57359,train
57360,train
57362,train
57363,test
57364,train
57365,train
57366,train
57367,test
57368,test
57369,train
57370,train
57371,test
57372,train
57374,train
57375,train
57376,train
57377,train
57378,train
57379,train
57380,train
57381,train
57382,train
57383,test
57385,train
57386,train
57387,test
57388,train
57389,train
57390,train
57391,train
57392,train
57393,test
57394,train
57395,train
57396,train
57397,train
57398,train
57399,train
57400,train
57401,train
57402,train
57403,train
57404,train
57405,test
57406,train
57407,train
57408,train
57409,train
57410,train
57411,train
57412,train
57413,test
57414,train
57415,train
57416,train
57417,train
57418,train
57419,train
57420,train
57421,train
57422,train
57423,train
57424,train
57425,train
57426,test
57427,test
57429,test
57430,test
57431,test
57433,train
57434,train
57435,train
57436,train
57437,train
57438,train
57439,test
57440,train
57441,train
57442,train
57444,train
57445,train
57446,train
57447,train
57448,train
57449,train
57450,train
57451,train
57452,train
57453,train
57454,train
57455,train
57456,test
57458,train
57459,test
57460,train
57461,test
57462,train
57463,train
57464,test
57465,test
57466,train
57468,test
57469,train
57471,train
57472,train
57473,test
57475,test
57476,test
57477,train
57478,train
57479,train
57480,train
57481,train
57482,test
57483,train
57484,test
57485,train
57486,train
57487,train
57488,train
57489,test
57490,train
57491,train
57492,train
57494,train
57495,train
57497,train
57499,test
57500,train
57501,train
57502,train
57503,train
57505,train
57506,train
57507,train
57508,train
57509,train
57510,train
57513,train
57514,train
57515,train
57516,train
57517,train
57518,test
57519,train
57521,train
57522,train
57523,train
57524,train
57525,train
57526,test
57527,train
57528,train
57529,train
57530,train
57531,train
57532,test
57533,train
57534,train
57535,train
57536,train
57538,train
57539,train
57541,train
57542,train
57543,train
57544,test
57545,train
57546,train
57547,train
57548,train
57549,train
57550,train
57551,test
57552,train
57553,train
57557,train
57558,train
57559,train
57560,train
57562,train
57565,test
57566,train
57567,train
57568,train
57570,train
57572,train
57573,train
57574,test
57575,test
57576,train
57577,train
57578,test
57579,train
57580,train
57581,train
57582,test
57583,train
57584,train
57585,train
57586,train
57587,train
57588,train
57589,train
57590,test
57591,train
57592,test
57593,train
57594,train
57595,train
57596,train
57597,train
57598,train
57600,train
57601,train
57602,train
57603,train
57604,train
57605,test
57606,train
57607,train
57609,train
57610,train
57611,train
57612,train
57613,train
57614,train
57615,test
57616,train
57617,train
57618,train
57619,train
57620,train
57621,train
57622,test
57623,train
57624,train
57625,train
57626,train
57627,test
57628,train
57629,train
57630,train
57631,train
57632,train
57633,test
57634,train
57635,train
57637,train
57638,train
57639,train
57640,train
57641,train
57642,train
57645,test
57647,test
57648,train
57649,test
57650,train
57651,train
57652,train
57653,test
57655,test
57656,train
57657,train
57658,train
57659,train
57660,train
57661,train
57662,train
57664,train
57665,train
57666,train
57667,train
57668,train
57669,train
57670,test
57671,test
57672,train
57673,train
57674,train
57676,train
57677,train
57678,train
57679,train
57680,train
57682,train
57683,train
57684,train
57685,train
57686,train
57689,train
57691,train
57692,test
57693,train
57694,train
57696,train
57697,train
57698,train
57699,train
57700,train
57701,train
57702,train
57703,train
57704,train
57705,train
57706,train
57707,test
57708,train
57709,train
57710,test
57711,train
57713,test
57714,train
57715,train
57719,train
57720,train
57721,test
57722,train
57723,train
57724,train
57725,train
57727,train
57728,train
57729,test
57730,train
57731,train
57732,test
57733,train
57734,train
57735,train
57736,train
57737,train
57738,train
57739,train
57740,test
57742,train
57743,train
57744,train
57745,train
57746,train
57747,train
57748,train
57749,train
57750,train
57752,test
57753,test
57754,train
57755,train
57757,test
57758,train
57759,train
57760,train
57761,train
57762,train
57763,train
57764,train
57765,train
57766,test
57767,test
57768,train
57769,train
57770,test
57771,test
57772,test
57773,train
57774,train
57775,test
57776,train
57777,train
57778,train
57779,train
57780,test
57781,train
57782,test
57783,train
57784,train
57785,train
57786,test
57787,train
57788,test
57789,train
57790,train
57791,test
57792,train
57793,train
57794,train
57795,train
57797,train
57798,train
57799,train
57800,train
57801,train
57802,train
57803,train
57804,train
57805,train
57806,train
57807,test
57808,train
57809,train
57810,test
57811,test
57812,train
57814,test
57815,train
57816,train
57817,train
57818,train
57819,train
57820,train
57821,train
57823,train
57824,test
57826,train
57827,train
57828,train
57829,train
57830,train
57832,train
57833,train
57834,train
57835,train
57836,train
57837,train
57838,test
57839,test
57840,train
57841,train
57842,train
57843,train
57844,test
57845,train
57846,train
57847,train
57848,test
57850,train
57851,train
57852,train
57853,train
57854,test
57855,train
57856,train
57857,train
57858,train
57859,train
57860,train
57862,train
57863,train
57864,train
57865,train
57866,train
57868,train
57871,train
57872,train
57873,test
57874,train
57876,test
57877,train
57878,train
57880,test
57881,train
57882,train
57883,train
57884,train
57886,train
57887,train
57888,train
57889,train
57890,train
57891,train
57892,train
57893,train
57894,train
57895,test
57896,train
57897,train
57898,train
57899,train
57900,train
57902,train
57903,train
57904,train
57905,train
57906,train
57907,train
57909,train
57910,train
57911,train
57912,train
57913,test
57914,train
57915,train
57916,train
57917,train
57918,train
57919,train
57920,test
57921,train
57922,train
57923,train
57924,train
57925,train
57926,test
57927,train
57928,train
57930,test
57931,train
57932,train
57933,train
57934,train
57935,train
57938,test
57939,train
57940,train
57941,train
57942,train
57943,test
57944,train
57945,train
57946,train
57947,train
57948,train
57949,train
57950,train
57951,test
57952,test
57953,train
57954,test
57955,test
57956,test
57957,train
57958,train
57959,train
57960,train
57961,test
57963,train
57965,train
57966,train
57967,test
57968,train
57969,test
57970,train
57971,train
57973,train
57976,test
57977,train
57978,train
57979,train
57980,train
57981,train
57982,train
57983,train
57984,train
57985,train
57986,train
57987,train
57988,train
57989,train
57990,test
57991,train
57992,train
57994,train
57995,train
57996,train
57997,train
57999,test
58000,train
58001,train
58002,test
58003,train
58004,train
58005,train
58006,test
58007,train
58008,test
58009,train
58010,train
58011,train
58012,test
58013,train
58014,train
58015,train
58016,train
58017,train
58018,train
58019,train
58020,train
58021,test
58022,test
58023,train
58024,train
58025,train
58026,train
58027,train
58028,train
58029,test
58030,train
58032,train
58033,train
58035,train
58036,train
58037,train
58038,train
58039,train
58040,train
58041,train
58042,train
58043,train
58044,train
58045,train
58046,train
58047,test
58049,train
58051,train
58052,test
58053,train
58054,train
58055,train
58056,test
58057,train
58058,train
58060,train
58061,test
58063,train
58064,train
58065,test
58067,train
58071,train
58073,train
58074,train
58075,train
58078,train
58079,train
58080,test
58081,test
58082,train
58083,train
58085,train
58087,train
58089,train
58090,train
58091,train
58092,train
58093,train
58094,train
58096,train
58097,train
58098,train
58099,train
58100,train
58103,train
58104,test
58105,train
58106,test
58107,train
58108,train
58109,train
58110,train
58111,train
58112,train
58113,train
58114,train
58115,test
58116,train
58117,train
58118,train
58119,test
58120,train
58121,train
58122,train
58123,train
58126,train
58127,train
58130,test
58131,train
58132,train
58133,test
58135,train
58136,train
58137,test
58138,train
58139,train
58140,train
58142,train
58144,test
58145,test
58146,train
58147,train
58148,train
58149,train
58152,train
58153,test
58155,test
58156,train
58157,train
58158,train
58160,train
58161,test
58162,test
58163,train
58164,train
58165,test
58166,train
58167,train
58168,train
58169,train
58170,train
58171,train
58172,train
58173,test
58174,train
58175,train
58176,train
58177,train
58179,train
58180,train
58181,train
58182,train
58183,train
58184,train
58185,train
58186,train
58188,train
58189,test
58191,train
58192,test
58194,test
58195,train
58196,train
58198,train
58203,train
58204,train
58205,train
58206,train
58207,train
58208,train
58209,train
58211,train
58212,train
58214,train
58215,train
58216,train
58217,train
58218,test
58219,train
58220,train
58221,train
58222,train
58223,test
58224,train
58225,train
58226,train
58228,train
58229,train
58231,test
58233,train
58234,train
58237,train
58239,test
58240,train
58241,train
58242,test
58243,train
58244,test
58245,train
58246,train
58248,train
58249,train
58250,train
58251,test
58252,train
58253,train
58255,test
58256,train
58257,train
58258,train
58259,train
58261,train
58262,train
58263,train
58264,train
58265,train
58266,train
58267,train
58268,train
58269,train
58270,test
58271,train
58272,train
58273,test
58274,train
58277,train
58278,train
58279,train
58280,test
58281,train
58282,train
58283,train
58284,train
58285,train
58286,train
58287,train
58288,train
58289,train
58290,test
58291,train
58292,train
58293,train
58295,test
58296,train
58297,train
58298,train
58299,train
58300,test
58301,test
58302,train
58304,train
58305,train
58306,train
58307,train
58308,train
58310,train
58312,train
58314,train
58316,train
58317,test
58318,train
58320,train
58321,train
58322,train
58323,train
58324,train
58325,train
58326,train
58328,train
58329,train
58330,train
58331,test
58332,train
58333,train
58335,train
58336,train
58337,train
58338,train
58339,train
58340,train
58341,train
58343,train
58344,test
58345,train
58347,test
58348,train
58349,train
58350,train
58352,train
58353,train
58354,test
58355,train
58356,train
58357,test
58358,test
58359,train
58360,train
58362,train
58363,train
58364,train
58365,test
58367,test
58368,train
58369,train
58370,train
58371,train
58372,train
58374,train
58376,test
58377,test
58379,train
58380,train
58381,train
58382,test
58384,train
58385,train
58387,train
58388,test
58389,train
58390,train
58391,test
58392,train
58393,train
58396,train
58397,test
58398,train
58399,train
58400,train
58401,train
58402,train
58403,train
58404,train
58405,test
58406,train
58408,train
58410,train
58411,train
58412,test
58414,train
58415,test
58416,train
58417,test
58418,train
58420,train
58421,train
58425,train
58426,train
58428,train
58430,test
58431,train
58432,train
58433,train
58434,train
58435,test
58436,test
58437,train
58438,train
58439,test
58440,train
58441,train
58442,test
58443,test
58444,train
58445,train
58447,train
58449,train
58450,test
58452,train
58454,train
58456,train
58458,train
58459,train
58462,train
58463,train
58464,train
58465,test
58466,train
58467,train
58468,train
58469,train
58470,train
58471,train
58472,test
58473,test
58474,train
58475,test
58476,train
58477,train
58478,train
58479,train
58480,train
58483,train
58484,train
58485,test
58486,train
58488,train
58489,train
58490,train
58491,test
58492,train
58493,train
58494,train
58495,train
58496,train
58497,train
58498,test
58499,train
58500,train
58501,train
58503,train
58505,train
58506,train
58507,train
58508,train
58509,test
58510,train
58512,test
58513,train
58514,train
58515,train
58516,train
58517,test
58518,train
58520,train
58521,train
58522,train
58524,train
58525,test
58527,train
58528,train
58529,train
58530,train
58531,train
58532,train
58533,train
58534,train
58535,train
58536,test
58537,train
58539,train
58540,train
58541,train
58542,train
58543,test
58545,train
58546,test
58548,train
58549,train
58550,train
58551,train
58552,test
58553,train
58554,test
58555,train
58557,test
58558,train
58559,train
58561,train
58562,test
58563,test
58564,train
58566,test
58567,train
58568,train
58569,train
58570,train
58571,test
58572,train
58573,train
58574,test
58576,test
58578,test
58580,train
58581,train
58582,train
58583,train
58584,test
58585,train
58586,test
58587,train
58589,train
58590,train
58591,test
58592,train
58594,train
58595,train
58596,train
58597,test
58598,train
58599,train
58600,train
58602,train
58603,test
58604,train
58605,train
58607,train
58608,train
58609,train
58610,train
58611,train
58612,train
58613,train
58614,test
58615,train
58616,train
58617,train
58618,test
58619,train
58620,train
58621,train
58624,train
58625,test
58626,train
58627,train
58628,train
58629,train
58630,test
58631,train
58632,train
58633,train
58634,train
58635,train
58636,train
58637,train
58638,train
58640,train
58641,train
58643,train
58644,train
58646,train
58647,test
58648,train
58649,test
58651,test
58652,train
58653,train
58654,test
58655,train
58656,train
58657,test
58659,test
58662,test
58663,test
58664,train
58665,train
58666,train
58667,test
58669,train
58670,train
58671,test
58672,train
58673,train
58675,train
58676,test
58677,train
58678,test
58679,train
58680,train
58681,train
58682,train
58683,train
58684,test
58685,train
58686,test
58687,train
58688,test
58689,train
58692,test
58693,train
58694,test
58695,train
58696,train
58697,train
58699,train
58700,train
58702,train
58703,test
58704,train
58706,train
58707,train
58710,train
58711,test
58713,train
58714,train
58715,test
58716,train
58718,train
58719,train
58721,train
58722,train
58723,train
58725,train
58726,test
58727,train
58728,train
58729,train
58730,train
58731,train
58732,train
58734,test
58735,train
58736,train
58737,test
58738,test
58739,train
58740,train
58741,test
58742,train
58743,test
58744,train
58745,train
58746,train
58747,train
58749,train
58750,train
58751,test
58752,train
58753,train
58754,train
58755,train
58757,train
58758,train
58759,train
58761,train
58763,train
58764,train
58765,test
58766,train
58768,train
58769,train
58770,test
58771,test
58772,test
58774,train
58775,train
58776,test
58778,test
58779,train
58780,train
58781,train
58782,test
58783,test
58784,train
58785,test
58787,train
58788,train
58789,train
58790,train
58794,train
58796,train
58797,train
58799,train
58802,test
58803,test
58806,train
58807,train
58808,test
58810,train
58811,train
58812,train
58813,train
58814,train
58815,train
58816,train
58818,train
58819,train
58821,test
58822,train
58823,test
58824,train
58825,train
58826,train
58827,test
58829,train
58830,test
58831,train
58832,test
58833,train
58834,test
58835,test
58836,test
58837,train
58838,train
58840,train
58841,test
58842,train
58843,train
58844,train
58845,train
58847,train
58848,train
58850,train
58851,train
58852,train
58853,train
58854,train
58855,train
58857,train
58858,train
58863,train
58864,train
58865,train
58866,train
58867,train
58868,train
58869,train
58870,train
58871,train
58872,train
58873,train
58874,train
58875,train
58876,train
58877,test
58879,train
58880,train
58881,test
58882,train
58883,train
58885,train
58886,train
58887,train
58888,test
58889,train
58890,train
58891,train
58892,train
58893,train
58894,test
58895,train
58896,train
58898,train
58899,test
58900,train
58901,train
58905,train
58906,train
58907,train
58908,train
58909,train
58910,test
58912,train
58913,train
58916,test
58919,test
58920,train
58921,test
58922,train
58924,train
58927,train
58929,train
58930,test
58934,train
58935,train
58936,train
58937,train
58938,train
58940,train
58941,train
58942,train
58943,train
58944,train
58945,train
58946,train
58947,train
58948,train
58949,test
58950,train
58952,train
58953,test
58954,test
58955,train
58956,train
58957,test
58959,test
58960,test
58961,train
58962,train
58963,test
58964,train
58966,train
58967,train
58968,train
58971,train
58972,test
58973,train
58974,train
58976,train
58977,train
58978,train
58979,train
58980,test
58981,test
58982,train
58983,test
58984,train
58986,train
58987,train
58988,train
58989,test
58990,train
58991,train
58992,train
58993,train
58994,test
58996,test
58997,train
58998,train
59001,train
59002,train
59003,train
59004,train
59005,train
59006,train
59007,train
59008,train
59009,train
59010,train
59011,test
59014,train
59015,train
59016,train
59017,train
59018,train
59019,train
59021,train
59022,train
59023,train
59025,test
59027,train
59031,train
59032,train
59035,test
59036,train
59037,train
59038,train
59039,train
59040,test
59041,train
59042,train
59044,train
59045,test
59046,train
59049,train
59050,train
59051,train
59052,train
59053,test
59054,test
59057,test
59058,test
59060,train
59061,train
59062,test
59066,train
59067,test
59068,train
59070,train
59071,train
59072,train
59073,train
59076,train
59077,train
59078,train
59079,train
59080,train
59081,train
59084,test
59085,train
59086,train
59087,train
59091,train
59092,train
59093,train
59094,test
59095,test
59096,test
59097,train
59098,train
59099,train
59100,train
59101,train
59103,train
59105,train
59107,train
59108,train
59111,train
59112,train
59113,train
59114,train
59115,train
59116,train
59117,test
59118,test
59121,train
59122,train
59123,train
59124,train
59126,train
59127,train
59128,test
59129,test
59131,train
59132,train
59133,train
59134,train
59136,test
59139,train
59140,train
59141,train
59142,test
59144,train
59145,train
59146,train
59147,train
59148,train
59149,train
59150,train
59153,train
59155,test
59157,train
59158,train
59160,train
59161,train
59163,train
59164,train
59165,test
59167,train
59169,train
59171,train
59172,train
59173,train
59174,train
59175,train
59176,train
59178,train
59181,test
59182,train
59183,train
59185,train
59186,train
59188,train
59189,train
59190,train
59191,train
59192,train
59194,train
59195,test
59199,test
59200,train
59202,train
59203,train
59205,train
59206,test
59207,test
59208,train
59210,train
59212,train
59213,train
59214,train
59215,train
59216,train
59217,train
59218,train
59221,test
59222,train
59224,train
59227,test
59228,test
59229,test
59230,train
59231,test
59232,train
59233,test
59235,test
59236,train
59237,train
59238,train
59239,train
59240,train
59241,train
59242,train
59243,train
59244,train
59245,train
59246,test
59247,train
59248,train
59249,train
59250,test
59251,train
59252,train
59253,train
59254,train
59255,test
59256,train
59258,train
59259,test
59260,test
59262,train
59263,test
59264,train
59267,train
59268,train
59269,test
59270,test
59271,train
59274,train
59275,train
59276,train
59277,train
59279,train
59280,train
59281,train
59282,train
59283,train
59284,train
59285,test
59287,train
59289,train
59290,train
59292,train
59293,train
59294,test
59295,train
59296,train
59297,test
59299,train
59300,train
59301,train
59302,train
59303,test
59304,train
59306,train
59308,train
59309,train
59311,train
59312,test
59313,train
59314,train
59315,train
59316,train
59318,train
59319,train
59320,train
59321,train
59323,train
59324,train
59326,test
59327,train
59328,train
59329,test
59330,train
59331,train
59332,train
59335,train
59336,train
59337,train
59338,train
59339,train
59340,train
59341,train
59342,train
59344,test
59345,train
59347,train
59348,train
59352,test
59353,train
59354,train
59355,train
59356,train
59357,train
59359,train
59360,train
59363,train
59364,test
59366,train
59368,train
59369,train
59371,train
59372,train
59373,test
59374,train
59375,test
59376,train
59377,train
59380,train
59382,test
59383,train
59384,train
59386,train
59388,test
59389,test
59394,train
59395,train
59396,train
59398,train
59401,train
59402,train
59404,train
59405,train
59406,train
59407,train
59408,train
59409,train
59410,test
59411,train
59412,train
59413,train
59414,train
59415,train
59416,train
59417,test
59418,test
59419,test
59420,train
59421,train
59422,train
59424,train
59425,train
59426,train
59427,test
59428,train
59429,train
59430,test
59431,train
59432,train
59434,train
59435,train
59436,test
59437,train
59440,train
59442,train
59443,test
59444,train
59445,train
59450,train
59451,test
59452,train
59453,train
59454,train
59455,train
59457,train
59458,test
59459,train
59460,test
59461,test
59462,train
59463,train
59464,train
59465,train
59467,test
59468,train
59469,train
59470,test
59471,train
59472,train
59474,train
59475,train
59476,train
59477,train
59478,train
59480,test
59483,train
59487,train
59489,train
59490,train
59491,test
59495,train
59496,test
59498,test
59499,train
59500,train
59501,test
59502,train
59504,train
59505,train
59508,train
59511,train
59512,train
59514,train
59515,train
59518,test
59519,test
59522,train
59524,train
59525,train
59526,train
59529,train
59530,train
59531,train
59532,train
59533,train
59534,train
59535,test
59536,train
59537,train
59538,train
59539,train
59540,train
59544,train
59545,train
59546,train
59549,train
59550,train
59551,train
59552,train
59553,train
59555,train
59556,test
59558,train
59559,test
59561,train
59563,train
59565,test
59566,test
59568,train
59570,train
59571,test
59572,train
59574,train
59577,train
59578,train
59579,train
59580,train
59581,train
59582,train
59584,test
59586,train
59588,test
59589,train
59591,test
59596,train
59597,train
59601,test
59602,train
59605,train
59606,test
59607,test
59608,test
59609,test
59612,train
59613,test
59614,train
59616,train
59617,test
59618,train
59620,test
59621,train
59623,test
59624,train
59625,train
59626,train
59627,test
59628,test
59630,train
59631,train
59632,train
59633,train
59634,train
59636,train
59637,train
59638,train
59639,train
59641,train
59642,train
59643,train
59644,train
59645,train
59646,train
59647,train
59650,train
59654,train
59655,train
59657,train
59660,test
59662,test
59664,train
59667,train
59668,train
59669,train
59671,test
59673,test
59674,train
59675,test
59676,train
59677,train
59678,train
59679,train
59682,train
59684,train
59685,train
59686,train
59687,train
59689,train
59690,test
59691,train
59693,train
59694,train
59695,train
59698,train
59700,train
59701,test
59702,train
59703,train
59704,test
59706,train
59707,train
59710,train
59711,train
59712,train
59713,train
59714,train
59715,train
59716,train
59717,train
59718,train
59721,train
59723,train
59724,train
59725,train
59726,train
59727,train
59729,train
59730,train
59731,train
59732,train
59733,train
59738,train
59740,test
59741,train
59744,train
59748,train
59749,train
59752,test
59755,train
59758,train
59759,train
59760,train
59762,train
59763,train
59764,train
59765,train
59766,train
59770,train
59772,train
59773,train
59774,train
59775,train
59777,train
59780,train
59781,train
59783,train
59784,train
59785,train
59786,train
59787,test
59790,train
59791,train
59792,test
59793,test
59794,train
59795,test
59796,train
59798,train
59799,train
59800,test
59801,test
59802,train
59803,train
59805,train
59806,train
59807,train
59808,train
59809,train
59810,test
59811,test
59813,train
59814,train
59815,train
59816,train
59817,train
59818,test
59819,train
59820,train
59821,train
59822,train
59823,train
59824,train
59825,train
59826,train
59827,train
59828,test
59829,test
59830,test
59832,test
59835,train
59836,test
59837,test
59838,train
59839,test
59840,train
59842,train
59845,test
59846,train
59847,train
59850,train
59851,train
59852,train
59854,test
59856,train
59857,train
59867,train
59868,train
59870,train
59871,train
59873,train
59875,train
59878,test
59880,train
59881,train
59885,train
59886,train
59888,test
59889,train
59890,train
59891,train
59892,train
59894,train
59895,train
59896,train
59897,train
59902,train
59903,train
59906,train
59907,test
59909,train
59911,train
59912,train
59913,train
59916,train
59920,train
59921,train
59928,test
59930,train
59931,train
59932,train
59933,train
59934,train
59935,train
59936,test
59937,train
59938,train
59939,train
59940,test
59941,train
59942,train
59948,train
59949,train
59950,train
59951,train
59953,train
59954,train
59955,train
59956,train
59958,test
59959,train
59960,test
59961,train
59964,train
59966,test
59967,train
59968,train
59970,train
59973,train
59975,train
59977,train
59978,train
59979,train
59980,train
59981,test
59984,test
59985,train
59987,train
59988,train
59989,train
59990,test
59992,train
59994,train
59996,test
59997,test
59998,train
59999,train
60002,train
60005,train
60010,train
60011,train
60012,train
60013,train
60014,test
60018,train
60019,test
60020,test
60021,train
60022,train
60023,train
60024,train
60025,train
60026,train
60027,train
60029,train
60031,train
60032,test
60033,train
60034,train
60035,test
60040,train
60041,train
60042,train
60045,test
60046,train
60047,test
60048,train
60049,train
60050,train
60051,train
60052,train
60055,train
60056,train
60057,train
60058,train
60059,train
60062,train
60069,test
60070,train
60071,train
60073,train
60074,train
60075,train
60076,train
60077,train
60078,train
60079,train
60080,test
60081,train
60082,train
60083,train
60084,train
60085,train
60086,train
60089,test
60091,train
60093,train
60094,train
60095,train
60096,train
60098,train
60099,train
60100,test
60101,train
60102,train
60103,train
60104,train
60105,train
60106,train
60108,train
60109,test
60110,train
60111,train
60112,train
60115,train
60116,test
60117,train
60118,test
60119,train
60120,test
60121,test
60123,train
60125,train
60126,train
60127,train
60128,train
60130,train
60131,train
60132,train
60133,train
60135,test
60137,train
60138,train
60141,train
60143,train
60144,train
60148,train
60149,train
60150,train
60151,train
60152,train
60153,train
60154,train
60156,train
60157,train
60160,train
60161,train
60162,train
60163,train
60165,test
60167,train
60168,test
60170,train
60171,train
60172,train
60173,train
60174,train
60175,test
60176,train
60178,train
60183,train
60185,test
60186,train
60188,test
60189,train
60192,train
60193,test
60194,test
60195,test
60196,train
60197,train
60199,train
60200,train
60201,train
60202,train
60203,train
60204,test
60206,test
60207,train
60210,train
60211,train
60212,train
60213,train
60215,train
60216,train
60218,test
60219,train
60221,train
60223,test
60225,test
60226,train
60227,train
60229,test
60231,train
60235,train
60238,train
60239,train
60240,train
60241,train
60242,train
60243,train
60244,train
60245,train
60246,test
60248,test
60249,test
60251,train
60253,train
60254,train
60255,train
60256,train
60257,train
60259,test
60260,train
60262,test
60263,train
60265,train
60266,train
60267,train
60268,train
60270,test
60271,train
60272,train
60273,train
60275,train
60276,train
60278,train
60279,train
60280,train
60281,train
60282,train
60286,test
60287,train
60288,train
60290,train
60291,train
60293,train
60294,train
60295,test
60297,train
60298,train
60301,train
60302,test
60303,train
60306,train
60307,test
60308,train
60310,test
60312,train
60313,train
60315,train
60316,train
60317,train
60318,train
60319,train
60320,train
60321,train
60323,train
60325,train
60327,train
60328,train
60329,train
60330,train
60332,train
60333,train
60334,train
60337,train
60338,train
60341,test
60343,train
60344,test
60345,test
60346,train
60348,train
60349,train
60351,train
60352,train
60353,train
60354,train
60355,train
60357,train
60358,train
60359,test
60360,train
60362,train
60363,train
60365,train
60366,train
60367,train
60368,train
60369,train
60370,test
60374,train
60375,test
60377,train
60378,train
60382,train
60384,train
60385,train
60386,train
60387,train
60388,train
60389,train
60390,train
60392,train
60394,train
60395,train
60397,train
60398,train
60400,train
60401,test
60402,train
60403,train
60404,test
60405,train
60406,train
60407,train
60408,train
60414,train
60415,test
60416,train
60417,train
60419,test
60420,train
60421,train
60422,train
60423,train
60424,test
60425,train
60426,train
60427,train
60428,train
60430,test
60431,train
60432,train
60434,train
60435,train
60436,test
60437,train
60439,test
60440,test
60441,train
60442,train
60443,train
60445,train
60447,train
60449,train
60451,train
60454,train
60455,train
60458,train
60460,train
60461,train
60463,train
60464,train
60465,train
60469,train
60470,train
60471,train
60472,train
60473,train
60474,train
60475,test
60476,train
60477,test
60481,train
60483,train
60484,test
60485,train
60487,train
60488,test
60493,train
60494,test
60496,train
60498,train
60500,train
60501,train
60502,train
60503,train
60504,train
60508,train
60509,train
60510,test
60511,train
60513,train
60515,train
60517,test
60520,train
60522,train
60525,test
60526,test
60527,train
60528,train
60530,train
60532,train
60535,test
60536,train
60539,train
60540,train
60544,train
60546,test
60548,train
60549,test
60550,train
60553,train
60554,train
60555,train
60556,train
60559,test
60562,train
60563,test
60564,train
60565,train
60566,test
60568,train
60571,train
60572,test
60575,test
60576,train
60577,train
60579,train
60580,train
60581,train
60583,train
60586,train
60588,train
60592,train
60597,train
60598,train
60599,test
60603,test
60604,train
60609,train
60610,train
60613,test
60617,train
60619,train
60622,test
60623,train
60624,train
60628,train
60629,train
60630,train
60633,test
60634,train
60635,train
60636,train
60637,train
60639,train
60640,train
60642,train
60643,train
60644,train
60646,train
60647,train
60648,train
60649,test
60650,train
60651,train
60652,train
60654,train
60655,train
60656,train
60658,train
60659,test
60661,test
60663,test
60666,train
60667,test
60668,train
60669,train
60670,test
60672,train
60673,train
60674,train
60677,train
60678,train
60679,test
60680,train
60682,train
60684,train
60686,train
60689,train
60690,train
60691,train
60692,train
60693,test
60694,train
60695,train
60696,train
60698,train
60699,train
60700,test
60702,train
60703,train
60704,train
60706,train
60708,train
60709,train
60710,train
60711,train
60712,test
60713,train
60714,train
60716,train
60717,train
60718,train
60720,train
60721,train
60722,train
60723,test
60726,train
60728,train
60730,train
60731,train
60733,train
60734,train
60736,train
60737,train
60740,test
60742,train
60744,train
60749,test
60750,test
60751,test
60752,test
60756,test
60758,train
60762,train
60763,train
60764,test
60765,train
60766,train
60767,train
60769,test
60770,train
60772,test
60773,train
60774,train
60775,test
60776,train
60777,test
60780,train
60782,train
60783,test
60786,train
60787,train
60788,train
60791,train
60796,train
60799,train
60800,test
60802,test
60803,train
60804,train
60806,train
60808,train
60809,train
60813,train
60814,train
60815,train
60818,train
60822,test
60823,train
60825,train
60826,test
60827,train
60828,test
60829,test
60830,train
60831,train
60832,test
60835,train
60836,train
60838,train
60840,train
60841,test
60843,train
60844,train
60845,train
60847,train
60849,train
60850,test
60852,train
60853,train
60855,train
60856,train
60861,train
60863,train
60864,train
60865,train
60867,test
60868,train
60869,train
60870,train
60871,train
60872,train
60873,train
60874,train
60875,train
60876,train
60877,train
60878,train
60879,train
60880,test
60881,train
60882,train
60883,test
60884,train
60885,train
60886,train
60887,train
60888,test
60889,train
60890,train
60891,test
60892,train
60893,train
60895,train
60896,train
60897,test
60900,train
60901,train
60902,train
60904,train
60906,train
60907,train
60908,train
60909,test
60910,train
60912,train
60913,test
60915,test
60916,test
60918,train
60919,train
60921,test
60926,train
60927,train
60928,train
60930,train
60931,train
60933,train
60934,train
60935,train
60940,test
60941,test
60942,train
60944,test
60945,train
60946,train
60947,train
60949,train
60951,train
60952,train
60953,train
60954,train
60955,train
60956,test
60957,train
60959,train
60960,train
60961,train
60962,test
60964,train
60966,train
60967,train
60968,train
60969,test
60970,train
60972,test
60974,train
60975,train
60976,test
60977,train
60978,train
60979,train
60982,train
60983,train
60985,test
60988,train
60989,train
60990,train
60991,train
60993,train
60994,train
60996,train
60997,test
60998,train
61002,train
61003,train
61004,train
61007,train
61009,train
61010,test
61011,test
61012,train
61017,test
61019,train
61020,train
61021,train
61023,train
61024,test
61025,train
61027,test
61034,train
61035,train
61036,train
61038,train
61039,test
61041,test
61044,train
61045,train
61047,train
61048,test
61049,train
61050,train
61052,train
61054,train
61056,train
61057,train
61061,train
61063,train
61064,train
61066,train
61071,train
61074,train
61075,train
61076,train
61079,test
61081,train
61082,train
61084,train
61085,train
61086,train
61087,train
61088,train
61089,train
61090,train
61092,train
61095,test
61096,train
61098,test
61100,train
61101,train
61104,train
61105,train
61108,test
61109,train
61110,train
61112,train
61113,test
61114,test
61115,train
61116,test
61117,train
61118,test
61119,train
61121,train
61122,train
61124,train
61125,train
61127,train
61128,train
61130,train
61131,train
61133,train
61134,train
61135,train
61136,train
61137,test
61138,test
61140,train
61141,train
61142,train
61143,train
61144,test
61145,test
61150,train
61152,train
61153,test
61154,train
61155,train
61156,test
61157,train
61158,train
61160,train
61162,train
61163,train
61165,train
61168,train
61169,train
61170,train
61172,train
61174,test
61175,train
61179,test
61180,test
61182,train
61183,train
61184,test
61185,test
61186,train
61187,train
61188,train
61189,train
61190,train
61192,train
61193,train
61194,train
61195,train
61196,train
61198,test
61199,train
61200,train
61201,train
61202,train
61204,train
61206,train
61207,train
61211,train
61212,train
61214,train
61215,train
61216,train
61217,train
61219,train
61221,train
61226,train
61227,train
61229,train
61232,train
61233,test
61234,train
61236,train
61237,train
61239,train
61244,train
61246,test
61249,train
61252,train
61253,train
61254,test
61256,train
61258,test
61259,train
61261,train
61263,train
61265,test
61266,train
61267,train
61268,train
61269,test
61273,train
61274,train
61275,train
61280,train
61283,train
61285,train
61287,test
61289,train
61290,train
61292,train
61293,test
61294,test
61295,train
61298,test
61299,train
61301,train
61303,train
61304,train
61306,train
61307,test
61309,train
61312,train
61313,test
61315,train
61317,test
61318,train
61319,train
61322,train
61323,train
61324,train
61325,train
61326,train
61328,train
61329,test
61330,train
61331,train
61333,test
61337,test
61338,train
61339,train
61340,train
61342,train
61343,train
61344,train
61345,train
61346,train
61347,test
61351,test
61352,train
61353,train
61355,train
61356,train
61358,train
61361,test
61363,train
61364,train
61365,train
61366,test
61369,train
61371,test
61372,train
61373,test
61374,train
61375,train
61376,test
61377,test
61379,train
61382,train
61383,train
61384,train
61385,train
61386,train
61387,train
61389,train
61390,train
61393,train
61394,test
61395,train
61398,train
61399,train
61400,train
61401,train
61402,test
61405,train
61406,test
61407,train
61408,train
61409,train
61410,train
61411,train
61412,train
61413,train
61414,test
61415,test
61417,train
61418,train
61419,train
61421,train
61423,train
61424,train
61427,test
61429,train
61431,train
61432,train
61433,test
61434,train
61436,train
61438,test
61439,train
61440,train
61441,train
61442,test
61443,train
61444,test
61447,train
61448,train
61449,train
61450,train
61453,train
61454,train
61456,train
61459,test
61461,train
61464,train
61466,train
61467,train
61472,train
61473,train
61474,train
61475,train
61478,train
61480,train
61481,test
61482,train
61487,train
61488,train
61489,train
61490,train
61492,train
61493,train
61495,train
61499,train
61500,train
61502,train
61504,test
61506,train
61507,train
61508,train
61510,train
61511,train
61512,train
61513,test
61514,test
61517,train
61518,train
61519,train
61520,train
61521,test
61522,train
61523,test
61524,train
61525,test
61528,train
61530,train
61531,train
61533,train
61534,train
61535,train
61536,test
61538,train
61541,train
61543,test
61544,train
61545,train
61547,train
61548,train
61551,train
61552,train
61554,train
61555,train
61556,test
61560,train
61562,train
61564,train
61565,train
61566,train
61569,train
61570,test
61571,train
61572,train
61575,train
61576,test
61577,train
61578,train
61580,test
61581,test
61583,train
61584,train
61585,train
61586,test
61588,train
61589,train
61590,train
61591,test
61592,train
61594,train
61596,train
61597,train
61598,test
61599,train
61600,train
61601,train
61607,test
61610,train
61612,train
61613,train
61615,train
61617,test
61619,train
61620,train
61623,train
61626,train
61629,train
61632,train
61634,train
61635,train
61636,test
61637,test
61639,train
61640,train
61641,test
61645,train
61646,train
61647,train
61648,train
61649,train
61650,test
61652,train
61653,train
61654,train
61655,test
61656,train
61657,train
61658,train
61659,train
61661,train
61662,test
61663,train
61664,train
61667,train
61671,test
61672,train
61673,train
61674,train
61676,train
61677,test
61678,train
61679,train
61682,train
61683,test
61684,train
61685,train
61686,train
61687,train
61689,train
61690,train
61691,train
61693,train
61695,train
61697,train
61700,train
61702,train
61703,test
61704,test
61705,train
61706,train
61707,train
61711,train
61713,train
61714,train
61716,train
61717,train
61718,train
61720,test
61721,train
61722,train
61726,train
61729,train
61731,train
61732,train
61733,train
61735,train
61736,train
61739,train
61742,train
61743,train
61744,test
61746,train
61748,train
61751,test
61753,train
61754,test
61757,train
61759,train
61760,train
61761,train
61766,train
61767,train
61770,train
61772,test
61773,train
61774,train
61776,train
61777,test
61782,train
61783,train
61785,train
61786,test
61788,train
61789,train
61790,train
61793,test
61796,test
61798,train
61799,train
61800,train
61802,train
61804,train
61807,test
61809,train
61810,train
61811,train
61814,train
61819,train
61820,train
61821,train
61823,test
61828,test
61832,train
61833,train
61835,train
61840,train
61843,train
61844,train
61845,train
61847,test
61848,train
61851,train
61853,train
61854,train
61855,train
61856,train
61859,test
61860,train
61863,test
61864,train
61865,train
61867,train
61870,train
61871,train
61872,test
61875,train
61876,train
61880,train
61884,train
61885,test
61886,train
61887,test
61889,train
61891,test
61895,train
61896,train
61897,train
61901,train
61902,train
61903,train
61904,test
61905,train
61909,train
61910,test
61911,train
61913,train
61914,test
61919,train
61920,train
61921,train
61922,train
61924,train
61925,train
61926,test
61928,train
61929,test
61930,train
61931,train
61932,train
61935,train
61939,train
61940,train
61942,train
61943,train
61944,test
61950,train
61952,train
61955,train
61957,train
61958,train
61961,train
61963,train
61965,train
61966,test
61967,train
61969,train
61970,train
61971,train
61973,train
61974,train
61975,train
61976,test
61979,train
61980,train
61983,train
61984,test
61985,train
61986,test
61989,test
61990,test
61992,test
61999,train
62000,train
62003,train
62005,train
62006,train
62008,train
62010,test
62011,train
62012,train
62013,test
62015,train
62016,train
62018,train
62019,train
62020,train
62021,train
62023,test
62024,test
62025,train
62026,train
62027,train
62028,train
62029,train
62030,train
62033,train
62035,train
62036,train
62038,train
62039,train
62040,test
62042,train
62043,train
62045,test
62050,train
62052,test
62053,train
62054,train
62055,train
62059,test
62064,train
62065,train
62066,test
62071,train
62072,train
62073,train
62076,train
62077,train
62078,train
62079,train
62081,train
62082,train
62084,test
62086,train
62087,train
62088,train
62091,train
62092,train
62093,train
62095,train
62096,test
62097,test
62098,train
62101,train
62103,test
62104,test
62105,test
62106,test
62107,test
62109,train
62111,train
62112,train
62116,test
62118,train
62119,test
62120,train
62122,train
62123,train
62128,train
62129,train
62132,train
62133,train
62134,train
62135,train
62137,test
62139,train
62140,train
62141,train
62142,train
62144,train
62146,train
62151,test
62153,train
62154,train
62155,train
62156,train
62157,train
62159,train
62161,train
62166,train
62169,train
62170,test
62172,train
62173,test
62175,train
62176,train
62178,train
62180,train
62181,train
62182,train
62185,train
62187,train
62189,train
62190,train
62192,train
62194,train
62195,train
62197,test
62199,train
62200,train
62203,train
62206,train
62207,train
62208,train
62209,train
62210,train
62212,train
62214,train
62218,test
62219,test
62220,train
62223,train
62226,train
62227,test
62228,train
62229,test
62231,train
62235,train
62238,train
62239,train
62240,test
62241,train
62243,test
62246,train
62247,train
62249,train
62250,train
62251,train
62252,test
62253,train
62255,train
62256,train
62257,train
62258,train
62259,train
62260,train
62262,train
62266,train
62267,test
62268,train
62270,train
62271,train
62272,train
62280,train
62283,train
62286,train
62288,train
62289,test
62290,train
62291,train
62293,train
62295,train
62297,train
62299,train
62300,train
62301,train
62302,test
62304,train
62305,train
62308,train
62311,train
62312,train
62314,train
62316,train
62319,train
62321,train
62323,train
62324,train
62326,train
62328,train
62329,train
62330,train
62331,train
62332,train
62333,train
62334,train
62336,train
62337,train
62338,train
62339,train
62341,train
62342,train
62349,train
62351,train
62354,train
62357,train
62360,train
62361,train
62362,train
62363,test
62368,train
62369,train
62370,train
62371,train
62372,train
62374,train
62376,train
62377,train
62381,train
62385,train
62386,train
62388,test
62390,train
62392,train
62394,train
62395,train
62397,test
62398,test
62399,train
62401,train
62403,test
62404,test
62405,train
62406,test
62407,test
62409,train
62411,train
62413,train
62414,train
62422,test
62426,train
62427,train
62429,train
62430,test
62431,train
62432,train
62433,train
62434,train
62436,train
62437,train
62440,train
62441,test
62443,train
62444,train
62446,train
62449,test
62450,test
62452,train
62453,train
62454,test
62455,train
62460,train
62461,test
62462,train
62463,train
62465,test
62466,train
62467,train
62470,train
62471,train
62473,test
62476,train
62479,train
62481,train
62482,train
62483,train
62490,train
62491,train
62494,train
62495,train
62496,train
62497,train
62498,train
62500,test
62501,train
62503,train
62504,train
62506,train
62507,train
62509,train
62513,train
62516,train
62517,test
62518,train
62519,train
62520,train
62522,train
62523,test
62525,test
62526,test
62527,train
62531,train
62533,train
62534,train
62541,train
62542,test
62544,test
62550,test
62552,train
62554,train
62556,test
62564,test
62567,train
62570,train
62571,test
62572,train
62573,train
62574,train
62575,train
62578,test
62579,test
62580,train
62582,train
62585,train
62587,train
62588,train
62592,train
62593,train
62594,train
62595,train
62596,train
62598,train
62599,train
62600,test
62601,train
62602,train
62605,train
62609,train
62610,train
62611,train
62613,train
62614,test
62615,train
62616,train
62617,train
62621,test
62626,train
62627,test
62628,test
62630,test
62631,test
62632,train
62633,train
62634,train
62636,train
62637,train
62638,train
62642,train
62643,train
62645,train
62648,test
62649,train
62651,test
62652,train
62653,train
62654,train
62657,test
62660,train
62664,train
62667,test
62670,train
62671,train
62674,test
62680,train
62681,train
62683,train
62685,train
62687,train
62692,test
62696,train
62697,train
62698,train
62700,train
62701,train
62702,train
62705,train
62706,train
62707,train
62710,test
62713,train
62715,train
62716,train
62717,train
62720,train
62721,train
62722,train
62725,train
62726,train
62727,train
62730,train
62731,train
62732,train
62733,train
62734,train
62735,train
62736,train
62741,train
62742,train
62744,test
62745,train
62746,train
62747,train
62749,train
62753,train
62754,train
62756,train
62757,train
62759,train
62760,train
62763,test
62765,train
62766,train
62767,train
62769,train
62770,train
62771,train
62774,train
62775,train
62776,train
62779,train
62780,train
62783,train
62784,train
62785,train
62786,test
62788,train
62790,train
62791,train
62795,test
62796,train
62798,train
62799,test
62800,train
62801,train
62803,test
62805,test
62806,train
62807,train
62808,train
62809,train
62810,train
62811,train
62815,train
62816,train
62817,train
62819,train
62821,train
62822,train
62823,train
62824,train
62825,train
62828,test
62838,train
62839,test
62840,test
62844,train
62845,train
62847,train
62848,train
62849,test
62852,test
62854,train
62855,test
62856,train
62859,train
62860,train
62861,train
62863,test
62864,train
62867,train
62869,train
62875,train
62876,train
62877,train
62879,train
62880,train
62883,train
62884,train
62887,train
62888,train
62892,train
62894,test
62895,train
62897,train
62900,train
62904,train
62905,train
62906,train
62909,train
62912,train
62913,train
62916,train
62922,train
62925,train
62928,train
62929,train
62930,test
62931,train
62933,train
62937,train
62938,test
62942,train
62946,test
62949,train
62950,train
62951,test
62952,test
62953,test
62954,test
62956,train
62957,train
62958,train
62961,test
62962,train
62963,train
62966,test
62970,test
62971,train
62974,train
62975,train
62976,train
62977,test
62979,test
62980,train
62981,test
62983,train
62984,train
62986,train
62988,train
62989,train
62992,train
62994,test
62995,train
62996,test
62997,test
62998,train
63000,train
63001,test
63003,train
63004,train
63005,train
63006,test
63007,train
63011,train
63012,train
63013,train
63014,train
63015,train
63018,train
63020,test
63021,train
63022,train
63024,train
63025,train
63026,train
63030,train
63031,train
63034,train
63039,train
63040,train
63042,train
63044,train
63045,train
63046,train
63055,train
63056,train
63059,train
63060,train
63063,train
63064,test
63066,train
63070,train
63074,train
63075,test
63076,train
63079,test
63081,train
63089,train
63091,train
63092,train
63093,train
63096,test
63097,train
63100,train
63104,train
63106,train
63109,train
63112,test
63116,train
63117,test
63119,train
63120,test
63121,test
63124,train
63125,train
63126,train
63127,train
63128,train
63130,train
63131,train
63133,train
63137,train
63138,train
63140,train
63141,test
63142,test
63143,train
63144,train
63146,train
63147,test
63148,train
63149,train
63151,train
63152,train
63154,train
63156,train
63157,train
63159,train
63160,test
63165,test
63166,train
63170,train
63171,train
63173,train
63182,train
63183,train
63184,train
63187,train
63188,train
63189,train
63191,train
63193,train
63194,train
63196,train
63197,test
63198,train
63201,train
63204,train
63206,train
63208,test
63213,train
63214,train
63215,test
63217,train
63219,train
63222,train
63230,train
63232,train
63234,train
63235,train
63236,train
63237,train
63239,test
63240,train
63241,train
63242,train
63245,train
63247,train
63248,train
63249,train
63250,test
63252,train
63253,train
63255,train
63260,train
63262,train
63263,train
63265,train
63266,train
63268,train
63269,train
63271,train
63273,train
63275,train
63277,train
63281,train
63282,train
63285,train
63286,train
63289,test
63292,train
63293,test
63294,train
63298,train
63299,test
63300,train
63302,test
63303,test
63307,test
63309,train
63310,train
63315,train
63317,train
63320,test
63322,train
63323,test
63324,train
63325,train
63327,train
63329,train
63330,train
63331,train
63332,train
63333,test
63335,train
63337,train
63340,train
63344,test
63346,train
63347,train
63353,train
63355,train
63357,train
63360,train
63361,train
63368,test
63369,train
63370,train
63373,train
63375,train
63376,train
63379,train
63382,train
63383,train
63384,train
63385,train
63387,train
63388,test
63390,train
63391,train
63394,train
63395,train
63396,train
63397,train
63398,train
63400,train
63401,train
63403,train
63405,train
63409,test
63410,train
63412,train
63413,train
63418,train
63422,test
63426,train
63427,train
63431,test
63432,train
63434,train
63436,train
63438,train
63439,train
63440,train
63442,train
63445,train
63448,train
63449,test
63451,train
63453,test
63456,train
63463,train
63466,train
63467,train
63468,train
63469,test
63471,train
63472,train
63475,train
63477,test
63480,train
63482,train
63483,train
63486,train
63487,train
63489,train
63490,train
63493,test
63496,train
63497,train
63499,test
63500,train
63502,train
63503,train
63504,test
63505,train
63506,train
63508,train
63509,train
63510,train
63513,train
63514,train
63516,train
63518,train
63519,train
63521,train
63522,train
63523,train
63525,train
63526,train
63529,train
63532,train
63534,train
63535,train
63536,train
63537,train
63539,train
63540,test
63542,test
63544,train
63545,train
63546,train
63548,train
63549,train
63550,train
63551,train
63554,train
63557,train
63559,test
63560,train
63561,train
63562,train
63563,test
63564,train
63565,train
63568,test
63570,train
63571,test
63572,train
63578,train
63579,test
63580,test
63581,train
63584,test
63586,train
63589,train
63590,train
63591,test
63592,train
63594,train
63596,train
63597,train
63601,test
63604,train
63606,train
63607,train
63608,train
63610,train
63618,test
63620,train
63621,test
63622,train
63623,train
63629,train
63630,train
63635,train
63638,test
63643,train
63645,test
63649,train
63654,train
63656,train
63657,train
63658,train
63660,train
63662,train
63663,train
63664,train
63666,test
63667,train
63668,train
63674,train
63675,train
63676,train
63681,train
63682,train
63683,train
63685,train
63687,test
63688,train
63689,train
63690,train
63691,train
63692,train
63693,test
63695,train
63697,train
63698,train
63705,train
63707,train
63708,train
63710,train
63711,train
63712,train
63716,train
63718,train
63719,train
63720,train
63722,train
63727,train
63729,train
63734,train
63738,train
63740,train
63741,train
63742,train
63746,train
63750,train
63751,train
63752,train
63755,train
63762,test
63767,train
63771,test
63772,test
63773,train
63776,train
63777,test
63778,train
63779,test
63780,train
63781,train
63782,train
63783,train
63785,train
63789,train
63794,train
63797,train
63798,train
63800,train
63803,train
63805,train
63807,train
63808,test
63809,test
63810,test
63811,train
63819,train
63820,train
63822,test
63823,test
63825,train
63826,train
63827,train
63831,train
63833,train
63836,train
63837,train
63841,test
63843,train
63847,train
63850,train
63851,train
63852,train
63853,test
63856,train
63858,train
63859,test
63863,train
63865,train
63866,test
63867,train
63868,train
63869,train
63871,train
63874,train
63875,train
63882,train
63885,test
63887,train
63889,train
63893,train
63894,train
63895,train
63896,test
63900,train
63901,train
63902,train
63905,train
63906,train
63907,train
63909,train
63912,train
63913,train
63918,train
63921,train
63923,train
63926,train
63929,train
63930,train
63933,train
63934,train
63935,test
63936,train
63937,train
63938,train
63940,train
63942,train
63943,train
63945,train
63947,train
63954,test
63955,train
63956,train
63957,train
63959,test
63962,train
63967,test
63970,train
63976,train
63977,train
63979,train
63980,train
63983,train
63985,train
63987,test
63988,train
63993,train
63995,train
63996,train
63997,train
63998,test
64000,train
64001,train
64004,train
64007,train
64008,train
64010,train
64011,test
64014,train
64015,test
64018,test
64021,test
64022,train
64024,train
64026,train
64027,train
64031,train
64034,test
64035,test
64036,train
64039,train
64041,test
64043,train
64047,train
64048,train
64051,train
64053,train
64054,test
64055,train
64057,train
64058,train
64059,train
64065,train
64066,test
64072,train
64073,train
64074,train
64075,train
64076,train
64078,train
64079,train
64080,test
64082,test
64084,train
64086,train
64088,train
64091,train
64092,train
64094,train
64095,train
64098,train
64099,train
64101,train
64102,train
64103,train
64104,train
64107,train
64110,train
64111,train
64112,train
64113,train
64115,test
64116,train
64118,train
64121,train
64122,train
64124,train
64125,train
64126,train
64129,train
64130,test
64131,train
64133,train
64134,test
64135,train
64136,train
64138,train
64139,test
64140,train
64143,train
64145,train
64149,train
64151,test
64153,train
64154,train
64156,train
64157,train
64158,test
64162,train
64164,train
64167,test
64169,train
64172,train
64174,test
64175,train
64178,train
64179,train
64180,train
64182,train
64186,train
64187,train
64188,train
64194,train
64195,train
64197,train
64198,test
64199,test
64202,train
64204,test
64205,train
64206,train
64207,test
64208,train
64211,train
64212,test
64213,test
64214,test
64217,test
64218,train
64219,train
64220,train
64223,train
64225,train
64227,train
64228,train
64229,train
64230,train
64234,train
64237,train
64239,train
64243,test
64244,train
64245,train
64246,test
64250,train
64255,test
64256,train
64260,train
64261,test
64262,train
64263,train
64265,train
64267,train
64269,train
64271,train
64273,train
64280,train
64281,train
64285,test
64287,train
64288,train
64290,train
64291,train
64294,train
64295,train
64298,train
64301,train
64302,train
64303,train
64304,train
64305,test
64306,train
64307,test
64309,train
64311,train
64313,test
64315,train
64316,test
64319,train
64320,test
64324,train
64327,train
64328,train
64331,train
64332,test
64334,test
64335,train
64336,train
64337,train
64338,test
64339,train
64346,train
64349,train
64351,train
64352,train
64354,train
64355,train
64356,train
64358,train
64359,train
64362,train
64363,train
64364,test
64366,test
64369,train
64370,train
64372,train
64374,train
64376,train
64377,train
64378,train
64379,train
64383,train
64387,train
64388,train
64391,train
64392,test
64394,train
64395,test
64396,test
64397,test
64399,train
64400,test
64402,train
64405,train
64406,test
64407,train
64409,train
64411,train
64414,train
64420,train
64423,test
64425,test
64426,train
64427,train
64428,train
64429,train
64430,test
64431,train
64434,train
64436,test
64440,train
64444,train
64445,test
64447,train
64449,test
64450,train
64451,train
64452,train
64453,train
64456,train
64458,train
64465,train
64467,test
64473,train
64475,train
64476,train
64477,train
64478,train
64479,test
64480,test
64483,train
64484,train
64485,train
64489,train
64490,test
64491,train
64496,test
64500,train
64501,train
64503,train
64504,test
64505,test
64509,train
64510,train
64514,train
64515,train
64516,test
64517,train
64518,train
64520,test
64521,train
64522,train
64525,train
64528,train
64531,test
64532,train
64535,train
64536,test
64541,train
64543,train
64546,train
64547,train
64549,train
64550,train
64553,train
64555,test
64556,train
64560,train
64563,train
64564,train
64567,train
64568,train
64570,test
64575,train
64576,train
64578,test
64579,test
64582,train
64584,train
64586,train
64588,train
64590,train
64592,train
64594,train
64595,train
64598,test
64599,test
64600,train
64603,train
64604,train
64605,train
64608,train
64610,test
64613,train
64621,train
64622,train
64623,test
64624,train
64626,train
64627,train
64631,train
64632,train
64633,train
64637,train
64638,test
64640,train
64642,train
64648,train
64649,test
64651,train
64652,train
64655,test
64656,train
64658,test
64659,train
64660,train
64661,train
64664,train
64665,train
64670,train
64672,train
64673,train
64674,test
64676,train
64677,train
64678,train
64680,test
64681,train
64684,train
64685,train
64686,train
64687,train
64689,train
64691,train
64695,train
64696,train
64698,test
64700,train
64701,train
64702,train
64703,train
64705,train
64706,train
64710,train
64712,train
64713,train
64714,train
64716,train
64717,test
64718,train
64720,train
64721,train
64724,train
64725,test
64726,train
64728,train
64729,train
64730,train
64731,test
64736,train
64737,test
64741,train
64743,test
64744,train
64745,train
64750,train
64752,train
64754,train
64756,train
64759,train
64760,train
64764,train
64765,train
64768,train
64771,train
64772,train
64774,train
64775,train
64777,train
64778,test
64780,train
64785,train
64788,train
64789,train
64791,train
64795,train
64796,train
64797,train
64798,train
64802,train
64803,train
64805,train
64807,train
64811,train
64812,train
64814,train
64816,train
64817,train
64818,train
64819,train
64822,train
64823,train
64828,train
64829,test
64834,train
64835,train
64838,train
64839,train
64841,train
64844,train
64846,train
64848,test
64850,train
64851,train
64854,test
64855,train
64856,test
64857,train
64858,train
64859,train
64861,train
64864,train
64865,train
64867,train
64871,test
64872,train
64873,train
64876,train
64877,test
64881,train
64882,train
64887,test
64888,train
64889,test
64890,train
64895,test
64898,train
64900,train
64903,train
64904,train
64905,train
64907,train
64909,train
64910,train
64911,train
64912,test
64913,train
64917,train
64920,test
64921,train
64923,train
64924,test
64926,train
64930,test
64931,test
64932,train
64935,train
64937,test
64940,test
64944,test
64945,test
64946,train
64947,train
64948,train
64951,train
64955,test
64956,train
64957,train
64961,train
64963,train
64965,test
64969,train
64970,train
64972,test
64977,train
64978,test
64981,train
64982,train
64983,train
64985,train
64987,train
64990,train
64992,test
64993,train
64995,train
64996,train
64997,train
64998,train
65000,test
65001,train
65002,train
65003,test
65004,test
65005,test
65008,train
65009,train
65010,test
65011,train
65012,train
65013,train
65016,train
65022,test
65023,train
65025,train
65028,train
65030,test
65033,train
65034,train
65037,train
65038,test
65043,test
65044,train
65048,train
65049,train
65050,test
65052,train
65053,train
65056,train
65057,train
65058,train
65059,train
65060,train
65062,train
65064,train
65065,test
65066,train
65067,test
65069,test
65074,train
65077,train
65078,train
65079,train
65080,train
65081,train
65082,train
65084,train
65085,train
65087,train
65088,train
65089,train
65090,train
65091,train
65092,train
65093,train
65094,train
65095,train
65096,train
65097,train
65098,train
65104,train
65106,train
65107,train
65111,train
65113,train
65114,train
65115,train
65117,train
65118,train
65120,test
65121,train
65122,train
65123,train
65124,test
65125,train
65126,train
65127,train
65128,train
65129,train
65130,train
65133,train
65134,test
65135,test
65137,test
65138,train
65139,test
65143,test
65145,train
65146,test
65147,train
65148,train
65149,train
65152,train
65153,train
65154,test
65158,train
65160,test
65162,test
65164,train
65167,train
65168,train
65169,train
65171,train
65172,train
65175,train
65177,train
65178,train
65179,train
65182,train
65186,train
65192,train
65193,train
65194,train
65196,test
65199,test
65206,train
65207,train
65209,test
65210,test
65211,train
65214,train
65215,train
65216,train
65217,train
65219,train
65220,test
65221,train
65224,train
65225,train
65228,train
65232,test
65242,test
65243,train
65246,train
65247,train
65250,test
65251,test
65252,train
65255,train
65256,train
65257,test
65259,train
65262,train
65263,train
65264,test
65266,train
65268,test
65269,train
65270,test
65271,test
65273,train
65274,train
65275,train
65278,train
65280,test
65283,test
65284,train
65285,train
65286,train
65288,test
65289,train
65292,test
65293,train
65296,train
65297,train
65301,train
65305,train
65306,test
65308,train
65309,test
65310,train
65315,test
65319,train
65321,train
65327,train
65333,train
65334,train
65335,train
65336,train
65338,train
65339,train
65341,train
65346,test
65348,train
65349,train
65351,train
65352,train
65353,train
65354,test
65358,train
65359,train
65365,test
65368,train
65369,train
65370,train
65371,train
65372,train
65377,train
65379,train
65381,train
65385,train
65389,train
65391,train
65393,test
65394,test
65400,train
65401,train
65404,test
65408,train
65409,train
65412,train
65413,train
65414,train
65415,train
65417,train
65418,train
65421,test
65422,train
65424,train
65426,train
65427,train
65428,train
65429,test
65430,test
65431,train
65432,train
65433,train
65436,test
